date,代码,名称,action,price,shares,amount,cost,profit
2023-01-03,sz.002235,安妮股份,BUY,8.15,24000,195600.0,16.626,0.0
2023-01-03,sh.601872,招商轮船,BUY,5.0241632,39000,195942.3648,16.655101008000003,0.0
2023-01-03,sz.002756,永兴材料,BUY,60.569856,3200,193823.5392,16.475000832000003,0.0
2023-01-03,sh.600026,中远海能,BUY,11.17147214,17500,195500.76245,16.617564808250002,0.0
2023-01-03,sh.600734,实达集团,BUY,3.65,53600,195640.0,16.6294,0.0
2023-01-04,sz.002235,安妮股份,SELL,8.97,24000,215280.00000000003,125.93880000000001,19537.435200000036
2023-01-04,sz.002756,永兴材料,SELL,61.15478625,3200,195695.316,114.48175986,1740.8200393080187
2023-01-04,sh.600026,中远海能,SELL,11.49676459,17500,201193.380325,117.698127490125,5558.302182701649
2023-01-04,sh.601872,招商轮船,SELL,5.158739,39000,201190.821,117.696630285,5114.104468706995
2023-01-04,sh.603613,国联股份,BUY,61.15726239,3300,201818.965887,17.154612100395003,0.0
2023-01-04,sh.600246,万通发展,BUY,6.46,31700,204782.0,17.406470000000002,0.0
2023-01-04,sh.600522,中天科技,BUY,16.18008768,12600,203869.104768,17.328873905280002,0.0
2023-01-04,sh.603399,永杉锂业,BUY,13.82740236,14800,204645.554928,17.394872168880003,0.0
2023-01-05,sh.600522,中天科技,SELL,15.56662464,12600,196139.470464,114.74159022144,-7861.704768126685
2023-01-05,sh.600734,实达集团,SELL,4.25,53600,227800.0,133.263,32010.107600000018
2023-01-05,sh.603613,国联股份,SELL,61.65882921,3300,203474.136393,119.032369789905,1518.9835241097317
2023-01-05,sh.603399,永杉锂业,SELL,13.48991346,14800,199650.719208,116.79567073668,-5129.026262905536
2023-01-05,sh.600246,万通发展,SELL,6.5,31700,206050.0,120.53925000000001,1130.0542800000112
2023-01-06,sh.603029,天鹅股份,BUY,28.05075917,12200,342219.261874,29.088637259290003,0.0
2023-01-06,sz.002095,生意宝,BUY,24.1671626,14200,343173.70892,29.1697652582,0.0
2023-01-06,sz.000610,西安旅游,BUY,16.58,20700,343205.99999999994,29.172509999999996,0.0
2023-01-09,sz.000610,西安旅游,SELL,16.66,20700,344862.0,201.74427,1425.0832200000877
2023-01-09,sz.002095,生意宝,SELL,23.4038847,14200,332335.16274,194.41607020290002,-11062.132015461044
2023-01-09,sh.603029,天鹅股份,SELL,27.55385444,12200,336157.024168,196.65185913828,-6287.978202397586
2023-01-10,sh.603029,天鹅股份,BUY,27.281044,7400,201879.7256,17.159776676000003,0.0
2023-01-10,sz.002875,安奈儿,BUY,25.35,8000,202800.0,17.238,0.0
2023-01-10,sz.000610,西安旅游,BUY,16.86,12000,202320.0,17.197200000000002,0.0
2023-01-10,sz.002719,麦趣尔,BUY,14.0,14500,203000.0,17.255000000000003,0.0
2023-01-10,sz.000815,美利云,BUY,15.05,13500,203175.0,17.269875000000003,0.0
2023-01-11,sz.000815,美利云,SELL,15.22,13500,205470.0,120.19995,2157.5301750000217
2023-01-11,sz.002875,安奈儿,SELL,26.87,8000,214960.0,125.75160000000001,12017.010400000028
2023-01-11,sh.603029,天鹅股份,SELL,27.75846227,7400,205412.620798,120.16638316683,3395.5690381571767
2023-01-11,sz.000610,西安旅游,SELL,17.31,12000,207719.99999999997,121.51619999999998,5261.286599999992
2023-01-11,sz.002719,麦趣尔,SELL,14.64,14500,212280.0,124.1838,9138.561200000026
2023-01-16,sh.601828,美凯龙,BUY,5.06693565,206800,1047842.29242,89.0665948557,0.0
2023-01-17,sh.601828,美凯龙,SELL,5.57854857,206800,1153643.844276,674.88164890146,105037.60361224308
2023-01-20,sh.600016,民生银行,BUY,2.87405892,80100,230212.119492,19.56803015682,0.0
2023-01-20,sh.600651,飞乐音响,BUY,3.38,68100,230178.0,19.56513,0.0
2023-01-20,sz.002109,兴化股份,BUY,5.032976,45700,230007.00319999998,19.550595272,0.0
2023-01-20,sz.002936,郑州银行,BUY,2.19724196,104700,230051.233212,19.554354823020002,0.0
2023-01-20,sz.000980,众泰汽车,BUY,4.26,54000,230040.0,19.5534,0.0
2023-01-30,sz.002936,郑州银行,SELL,2.21525214,104700,231936.899058,135.68308594893,1730.4284052281
2023-01-30,sz.002109,兴化股份,SELL,5.1200852,45700,233987.89364,136.8829177794,3824.4569269486237
2023-01-30,sh.600016,民生银行,SELL,2.90709408,80100,232858.235808,136.22206794768,2490.326217895519
2023-01-30,sh.600651,飞乐音响,SELL,3.4,68100,231540.0,135.4509,1206.9839700000302
2023-01-30,sz.000980,众泰汽车,SELL,4.47,54000,241380.0,141.2073,11179.239300000016
2023-01-31,sz.001236,弘业期货,BUY,20.86285752,56100,1170406.306872,99.48453608412001,0.0
2023-02-01,sz.001236,弘业期货,SELL,21.3824306,56100,1199554.35666,701.7392986461,28346.825953270076
2023-02-01,sh.603393,新天然气,BUY,22.1409432,10800,239122.18655999997,20.3253858576,0.0
2023-02-01,sz.000980,众泰汽车,BUY,4.51,53100,239481.0,20.355885,0.0
2023-02-01,sh.603612,索通发展,BUY,27.15028974,8800,238922.549712,20.30841672552,0.0
2023-02-01,sh.605060,联德股份,BUY,25.94345536,9200,238679.789312,20.28778209152,0.0
2023-02-01,sz.002453,华软科技,BUY,11.05,21700,239785.00000000003,20.381725000000003,0.0
2023-02-02,sz.000980,众泰汽车,SELL,4.72,53100,250632.0,146.61972,10984.024395000044
2023-02-02,sh.603612,索通发展,SELL,26.55069742,8800,233646.137296,136.68299031816,-5433.403823043656
2023-02-02,sh.603393,新天然气,SELL,22.66583625,10800,244791.0315,143.2027534275,5505.316800714965
2023-02-02,sh.605060,联德股份,SELL,25.1294688,9200,231191.11296000003,135.2468010816,-7644.210935173091
2023-02-02,sz.002157,正邦科技,BUY,3.77,64100,241657.0,20.540845,0.0
2023-02-02,sh.600523,贵航股份,BUY,16.817676,14300,240492.76679999998,20.441885178,0.0
2023-02-02,sz.000915,华特达因,BUY,38.04374314,6300,239675.58178199996,20.37242445147,0.0
2023-02-02,sz.002678,珠江钢琴,BUY,6.98412078,34600,241650.578988,20.540299213980003,0.0
2023-02-03,sz.002453,华软科技,SELL,11.17,21700,242389.0,141.797565,2441.82071
2023-02-03,sz.000915,华特达因,SELL,37.65802302,6300,237245.545026,138.78864384021,-2589.197824291594
2023-02-03,sh.600523,贵航股份,SELL,15.9233256,14300,227703.55608,133.20658030680002,-12942.859185484762
2023-02-03,sz.002157,正邦科技,SELL,3.68,64100,235888.0,137.99448,-5927.535324999975
2023-02-03,sz.002678,珠江钢琴,SELL,6.75529631,34600,233733.25232600002,136.73395261071002,-8074.600913824659
2023-02-03,sz.002052,同洲电子,BUY,1.74,135100,235074.0,19.98129,0.0
2023-02-03,sz.002317,众生药业,BUY,22.99228778,10200,234521.33535600003,19.934313505260004,0.0
2023-02-03,sz.002186,全聚德,BUY,15.66,15000,234900.0,19.9665,0.0
2023-02-03,sz.002603,以岭药业,BUY,28.2590581,8300,234550.18223,19.93676548955,0.0
2023-02-03,sz.000153,丰原药业,BUY,7.0567749,33300,234990.60416999998,19.97420135445,0.0
2023-02-06,sz.002603,以岭药业,SELL,27.62582837,8300,229294.375471,134.137209650535,-5409.880734140053
2023-02-06,sz.002317,众生药业,SELL,22.4361774,10200,228849.00947999998,133.87667054579998,-5826.136860051105
2023-02-06,sz.002052,同洲电子,SELL,1.71,135100,231021.0,135.147285,-4208.128574999981
2023-02-06,sz.002186,全聚德,SELL,15.0,15000,225000.0,131.625,-10051.59149999998
2023-02-06,sz.000153,丰原药业,SELL,6.89313954,33300,229541.546682,134.28180480897,-5603.313494163391
2023-02-06,sz.002813,路畅科技,BUY,31.19,36700,1144673.0,97.297205,0.0
2023-02-07,sz.002813,路畅科技,SELL,34.31,36700,1259177.0,736.618545,113670.08425000007
2023-02-28,sh.600666,奥瑞德,BUY,2.51,500600,1256506.0,106.80301000000001,0.0
2023-03-02,sh.600666,奥瑞德,SELL,2.77,500600,1386662.0,811.19727,129237.9997200002
2023-03-16,sh.603556,海兴电力,BUY,19.6513625,14000,275119.075,23.385121375000004,0.0
2023-03-16,sh.603611,诺力股份,BUY,18.8891664,14600,275781.82944,23.4414555024,0.0
2023-03-16,sz.001212,中旗新材,BUY,23.5783647,11700,275866.86699,23.448683694150002,0.0
2023-03-16,sz.001319,铭科精技,BUY,21.31594952,12900,274975.748808,23.37293864868,0.0
2023-03-16,sz.002292,奥飞娱乐,BUY,5.09,54300,276387.0,23.492895,0.0
2023-03-17,sz.002292,奥飞娱乐,SELL,5.12,54300,278016.0,162.63936,1442.8677450000541
2023-03-17,sh.603556,海兴电力,SELL,19.4294177,14000,272011.8478,159.126930963,-3289.7392523380113
2023-03-17,sh.603611,诺力股份,SELL,18.69845847,14600,272997.493662,159.70353379227,-2967.480767294648
2023-03-17,sz.001212,中旗新材,SELL,22.5870821,11700,264268.86057,154.59728343345,-11776.052387127536
2023-03-17,sz.001319,铭科精技,SELL,21.12579832,12900,272522.798328,159.42583702188,-2635.7492556705256
2023-06-19,sh.601138,工业富联,BUY,22.686265,60100,1363444.5265,115.8927847525,0.0
2023-06-20,sh.601138,工业富联,SELL,23.9548439,60100,1439686.11839,842.21637925815,75283.48272598954
2023-06-29,sz.000007,全新好,BUY,4.26,337600,1438176.0,122.24496,0.0
2023-06-30,sz.000007,全新好,SELL,4.47,337600,1509072.0,882.80712,69890.94792000018
2023-07-03,sh.603030,全筑股份,BUY,2.40411236,125300,301235.278708,25.604998690180004,0.0
2023-07-03,sz.000006,深振业A,BUY,4.39,68600,301154.0,25.598090000000003,0.0
2023-07-03,sz.000014,沙河股份,BUY,11.18956696,26900,300999.35122400004,25.584944854040007,0.0
2023-07-03,sz.000016,深康佳A,BUY,4.73,63700,301301.0,25.610585,0.0
2023-07-03,sz.000099,中信海直,BUY,9.20526603,32700,301012.199181,25.586036930385003,0.0
2023-07-04,sz.000016,深康佳A,SELL,4.73,63700,301301.0,176.261085,-201.87166999996407
2023-07-04,sh.603030,全筑股份,SELL,2.5238902,125300,316243.44206,185.0024136051,14797.555939704704
2023-07-04,sz.000006,深振业A,SELL,4.41,68600,302526.0,176.97771,1169.4242000000086
2023-07-04,sz.000099,中信海直,SELL,9.35262888,32700,305830.964376,178.91111415996,4614.268043909688
2023-07-04,sz.000014,沙河股份,SELL,11.17000478,26900,300473.128582,175.77678022047,-727.584367074538
2023-08-29,sh.600587,新华医疗,BUY,17.73516544,17200,305044.845568,25.92881187328,0.0
2023-08-29,sh.603061,金海通,BUY,83.56614,3600,300838.104,25.57123884,0.0
2023-08-29,sh.603309,维力医疗,BUY,10.97475248,27800,305098.118944,25.93334011024,0.0
2023-08-29,sz.002436,兴森科技,BUY,10.8251933,28100,304187.93173,25.855974197050003,0.0
2023-08-29,sz.002756,永兴材料,BUY,43.47680175,7000,304337.61225,25.86869704125,0.0
2023-08-30,sz.002756,永兴材料,SELL,45.31880955,7000,317231.66685,185.58052510725,12682.605377851462
2023-08-30,sh.603061,金海通,SELL,91.2263695,3600,328414.9302,192.122734167,27359.132226993097
2023-08-30,sh.603309,维力医疗,SELL,11.43809054,27800,317978.917012,186.01766645202,12668.84706143773
2023-08-30,sh.600587,新华医疗,SELL,18.61025584,17200,320096.400448,187.25639426208,14838.369673864683
2023-08-30,sz.002436,兴森科技,SELL,11.84812441,28100,332932.295921,194.76539311378502,28523.742823689186
2023-10-19,sz.000628,高新发展,BUY,17.86791908,90600,1618833.468648,137.60084483508,0.0
2023-10-20,sz.000628,高新发展,SELL,19.65869048,90600,1781077.357488,1041.93025413048,161064.35774103482
2023-10-20,sh.600666,奥瑞德,BUY,2.32,766400,1778047.9999999998,151.13407999999998,0.0
2023-10-23,sh.600666,奥瑞德,SELL,2.44,766400,1870016.0,1093.95936,90722.9065600005
2023-10-23,sz.002941,新疆交建,BUY,14.28126172,26100,372740.930892,31.68297912582,0.0
2023-10-23,sz.000977,浪潮信息,BUY,29.12039361,12800,372741.038208,31.682988247680004,0.0
2023-10-23,sh.603129,春风动力,BUY,107.16788876,3400,364370.82178399997,30.97151985164,0.0
2023-10-23,sh.603666,亿嘉和,BUY,29.72,12500,371500.0,31.5775,0.0
2023-10-23,sz.002099,海翔药业,BUY,6.84,54500,372780.0,31.686300000000003,0.0
2023-10-24,sz.002941,新疆交建,SELL,13.60304712,26100,355039.529832,207.69812495172,-17940.782164077507
2023-10-24,sh.603129,春风动力,SELL,102.43038688,3400,348263.315392,203.73403950432,-16342.211951355857
2023-10-24,sz.002099,海翔药业,SELL,6.84,54500,372780.0,218.0763,-249.76259999995818
2023-10-24,sz.000977,浪潮信息,SELL,28.4149866,12800,363711.82847999997,212.77141966079998,-9273.664135908533
2023-10-24,sh.603666,亿嘉和,SELL,28.33,12500,354125.0,207.163125,-17613.740624999977
2023-10-27,sh.603879,永悦科技,BUY,6.23,58000,361340.0,30.713900000000002,0.0
2023-10-27,sz.002517,恺英网络,BUY,9.71924256,37100,360583.89897599997,30.649631412959998,0.0
2023-10-27,sz.000721,西安饮食,BUY,10.39,34700,360533.0,30.645305,0.0
2023-10-27,sz.002472,双环传动,BUY,23.7098692,15200,360390.01184,30.633151006400002,0.0
2023-10-27,sz.002905,金逸影视,BUY,9.17,39400,361298.0,30.710330000000003,0.0
2023-10-30,sz.002472,双环传动,SELL,25.17574908,15200,382671.386016,223.86276081936,22026.878264174273
2023-10-30,sz.002905,金逸影视,SELL,9.25,39400,364450.0,213.20325,2908.086420000007
2023-10-30,sz.000721,西安饮食,SELL,10.56,34700,366432.0,214.36272,5653.99197500007
2023-10-30,sh.603879,永悦科技,SELL,6.27,58000,363660.0,212.74110000000002,2076.545000000042
2023-10-30,sz.002517,恺英网络,SELL,10.2743496,37100,381178.37016000005,222.98934654360002,20340.83220604353
2023-11-01,sh.600816,建元信托,BUY,3.33,111600,371628.0,31.58838,0.0
2023-11-01,sh.603444,吉比特,BUY,245.21789086,1500,367826.83629,31.265281084650002,0.0
2023-11-01,sh.603617,君禾股份,BUY,8.0126712,46300,370986.67656,31.5338675076,0.0
2023-11-01,sh.600078,澄星股份,BUY,7.11407125,52200,371354.51925,31.565134136250002,0.0
2023-11-01,sz.002850,科达利,BUY,87.85000436,4200,368970.018312,31.36245155652,0.0
2023-11-02,sh.600816,建元信托,SELL,3.5,111600,390600.0,228.501,18711.91062000004
2023-11-02,sh.603617,君禾股份,SELL,8.45454645,46300,391445.500635,228.99561787147502,20198.294589621015
2023-11-02,sz.002850,科达利,SELL,89.06879984,4200,374088.95932799997,218.84204120688,4868.736523236614
2023-11-02,sh.600078,澄星股份,SELL,7.16382,52200,373951.40400000004,218.76157134000002,2346.558044523874
2023-11-02,sh.603444,吉比特,SELL,258.1045356,1500,387156.80340000003,226.48672998900003,19072.21509892639
2023-11-03,sz.002313,日海智能,BUY,8.36,229900,1921963.9999999998,163.36694,0.0
2023-11-06,sz.002313,日海智能,SELL,9.2,229900,2115080.0,1237.3218,191715.31126000034
2023-11-10,sh.603444,吉比特,BUY,277.801498,3700,1027865.5425999999,87.368571121,0.0
2023-11-10,sz.002129,TCL中环,BUY,18.61350543,56600,1053524.407338,89.54957462373,0.0
2023-11-13,sz.002129,TCL中环,SELL,18.34248195,56600,1038184.47837,607.3379198464501,-16036.81646246987
2023-11-13,sh.603444,吉比特,SELL,275.943294,3700,1020990.1878,597.279259863,-7560.002630983829
2023-11-15,sz.002786,银宝山新,BUY,10.87,192000,2087039.9999999998,177.39839999999998,0.0
2023-11-16,sz.002786,银宝山新,SELL,12.21,192000,2344320.0,1371.4272,255731.1744000006
2023-11-20,sh.603488,展鹏科技,BUY,9.46799844,123400,1168351.007496,99.30983563716,0.0
2023-11-20,sz.000863,三湘印象,BUY,4.22,277000,1168940.0,99.35990000000001,0.0
2023-11-21,sz.000863,三湘印象,SELL,4.64,277000,1285280.0,751.8888000000001,115488.75130000012
2023-11-21,sh.603488,展鹏科技,SELL,10.41673448,123400,1285425.034832,751.97364537672,116222.74385498627
2023-11-23,sz.000670,盈方微,BUY,7.95,322600,2564670.0,217.99695000000003,0.0
2023-11-24,sz.000670,盈方微,SELL,8.75,322600,2822750.0,1651.3087500000001,256210.69430000056
2023-11-27,sh.603726,朗迪集团,BUY,16.18140412,34800,563112.863376,47.86459338696,0.0
2023-11-27,sh.603220,中贝通信,BUY,33.41689728,16800,561403.874304,47.71932931584001,0.0
2023-11-27,sh.603108,润达医疗,BUY,23.4006883,24000,561616.5192,47.737404132,0.0
2023-11-27,sh.603929,亚翔集成,BUY,21.11175924,26600,561572.7957840001,47.73368764164001,0.0
2023-11-27,sz.002988,豪美新材,BUY,23.22999375,24200,562165.84875,47.78409714375,0.0
2023-11-28,sh.603108,润达医疗,SELL,21.34990825,24000,512397.79799999995,299.75271182999995,-49566.21131596196
2023-11-28,sh.603929,亚翔集成,SELL,21.77263335,26600,579152.04711,338.80394755935004,17192.71369079908
2023-11-28,sh.603220,中贝通信,SELL,32.12402688,16800,539683.6515840001,315.71493617664004,-22083.656985492446
2023-11-28,sz.002988,豪美新材,SELL,24.3939387,24200,590333.31654,345.3449901759,27774.338702680427
2023-11-28,sh.603726,朗迪集团,SELL,15.9161352,34800,553881.5049599999,324.0206804016,-9603.243689788505
2023-12-06,sz.002510,天汽模,BUY,5.28194265,526400,2780414.61096,236.33524193160002,0.0
2023-12-07,sz.002510,天汽模,SELL,5.81507331,526400,3061054.590384,1790.7169353746401,278612.9272466935
2023-12-11,sz.002021,中捷资源,BUY,2.08611863,1463700,3053451.838731,259.54340629213505,0.0
2023-12-12,sz.002021,中捷资源,SELL,2.18923476,1463700,3204382.9182120003,1874.5640071540201,148796.97206755402
2024-01-02,sh.600088,中视传媒,BUY,13.2180984,48400,639755.96256,54.3792568176,0.0
2024-01-02,sh.600589,大位科技,BUY,3.35,191000,639850.0,54.38725,0.0
2024-01-02,sh.603949,雪龙集团,BUY,18.18178152,35100,638180.5313520001,54.24534516492001,0.0
2024-01-02,sh.603110,东方材料,BUY,24.23344781,26400,639763.022184,54.37985688564,0.0
2024-01-02,sh.603363,傲农生物,BUY,6.04,105900,639636.0,54.369060000000005,0.0
2024-01-03,sh.600088,中视传媒,SELL,15.3413676,48400,742522.19184,434.3754822264,102277.47454095609
2024-01-03,sh.603110,东方材料,SELL,24.47269205,26400,646079.0701199999,377.9562560202,5883.7118230941705
2024-01-03,sh.600589,大位科技,SELL,3.52,191000,672320.0,393.3072,32022.30555000005
2024-01-03,sh.603363,傲农生物,SELL,6.06,105900,641754.0,375.42609,1688.2048500000965
2024-01-03,sh.603949,雪龙集团,SELL,17.996948,35100,631692.8748,369.540331758,-6911.44222892297
2024-01-04,sh.600589,大位科技,BUY,3.7,450200,1665740.0,141.58790000000002,0.0
2024-01-04,sz.000564,供销大集,BUY,1.58,1054300,1665794.0,141.59249,0.0
2024-01-08,sh.600589,大位科技,SELL,3.86,450200,1737772.0,1016.59662,70873.8154800001
2024-01-09,sz.002021,中捷资源,BUY,1.98,223300,442134.0,37.581390000000006,0.0
2024-01-09,sz.002022,科华生物,BUY,9.75,45300,441675.0,37.542375,0.0
2024-01-09,sz.002120,韵达股份,BUY,6.43695312,68600,441574.984032,37.53387364272,0.0
2024-01-09,sh.600678,四川金顶,BUY,7.15,61800,441870.0,37.55895,0.0
2024-01-10,sz.002021,中捷资源,SELL,2.0,223300,446600.0,261.261,4167.157610000053
2024-01-10,sz.002120,韵达股份,SELL,6.53217432,68600,448107.158352,262.14268763592,6232.497758721409
2024-01-10,sz.002022,科华生物,SELL,9.84,45300,445752.0,260.76492,3778.6927050000522
2024-01-10,sh.600678,四川金顶,SELL,7.15,61800,441870.0,258.49395,-296.0528999999515
2024-01-10,sz.000620,盈新发展,BUY,1.83,486900,891027.0,75.737295,0.0
2024-01-10,sh.601825,沪农商行,BUY,5.2653634,169200,890899.48728,75.72645641880001,0.0
2024-01-11,sz.000620,盈新发展,SELL,1.91,486900,929979.0,544.037715,38332.22499000013
2024-01-11,sz.000564,供销大集,SELL,2.02,1054300,2129686.0,1245.86631,462504.5412000003
2024-01-11,sh.601825,沪农商行,SELL,5.2653634,169200,890899.48728,521.1762000588,-596.9026564775268
2024-01-16,sh.603958,哈森股份,BUY,9.98,78200,780436.0,66.33706000000001,0.0
2024-01-16,sh.603396,金辰股份,BUY,55.08759016,14100,776735.0212559999,66.02247680676,0.0
2024-01-16,sz.002641,公元股份,BUY,6.48306957,120400,780561.576228,66.34773397938001,0.0
2024-01-16,sh.601086,国芳集团,BUY,5.83538846,133800,780774.975948,66.36587295558,0.0
2024-01-16,sh.600744,华银电力,BUY,3.8,205500,780900.0,66.37650000000001,0.0
2024-01-17,sh.603396,金辰股份,SELL,55.324696,14100,780078.2136,456.345754956,2820.824112237431
2024-01-17,sh.603958,哈森股份,SELL,10.98,78200,858636.0,502.30206000000004,77631.36088000005
2024-01-17,sh.600744,华银电力,SELL,3.67,205500,754185.0,441.19822500000004,-27222.57472499984
2024-01-17,sh.601086,国芳集团,SELL,5.84489235,133800,782046.59643,457.49725891155003,747.757350132917
2024-01-17,sz.002641,公元股份,SELL,5.8761849,120400,707492.66196,413.8832072466,-73549.14520922583
2024-01-17,sh.603667,五洲新春,BUY,18.0662175,43000,776847.3525,66.0320249625,0.0
2024-01-17,sh.603037,凯众股份,BUY,9.0409206,85900,776615.07954,66.0122817609,0.0
2024-01-17,sz.002241,歌尔股份,BUY,18.43340981,42100,776046.5530010001,65.963957005085,0.0
2024-01-17,sz.002022,科华生物,BUY,9.57,81200,777084.0,66.05214000000001,0.0
2024-01-17,sh.603662,柯力传感,BUY,28.30684105,27400,775607.44477,65.92663280545,0.0
2024-01-18,sh.603037,凯众股份,SELL,8.76386013,85900,752815.585167,440.397117322695,-24305.90377208346
2024-01-18,sz.002022,科华生物,SELL,9.16,81200,743792.0,435.11832000000004,-33793.170459999936
2024-01-18,sh.603662,柯力传感,SELL,27.0803748,27400,742002.2695200001,434.07132766920006,-34105.17321047443
2024-01-18,sh.603667,五洲新春,SELL,17.28630975,43000,743311.3192500001,434.83712176125005,-34036.90239672363
2024-01-18,sz.002241,歌尔股份,SELL,17.22338185,42100,725104.375885,424.186059892725,-51432.3271328978
2024-01-23,sh.600449,宁夏建材,BUY,11.99814451,61800,741485.330718,63.02625311103,0.0
2024-01-23,sh.603949,雪龙集团,BUY,14.4461988,51300,741089.99844,62.992649867400004,0.0
2024-01-23,sh.603023,威帝股份,BUY,3.77,196900,742313.0,63.096605000000004,0.0
2024-01-23,sh.603773,沃格光电,BUY,19.0050584,39000,741197.2776,63.001768596000005,0.0
2024-01-23,sh.603345,安井食品,BUY,74.8038429,9900,740558.04471,62.947433800350005,0.0
2024-01-24,sh.603345,安井食品,SELL,74.37219396,9900,736284.720204,430.72656131934,-4766.9985011196695
2024-01-24,sh.603023,威帝股份,SELL,3.75,196900,738375.0,431.94937500000003,-4433.045979999937
2024-01-24,sh.603773,沃格光电,SELL,18.84412847,39000,734921.0103300001,429.92879104305007,-6769.197829638841
2024-01-24,sh.603949,雪龙集团,SELL,14.75749736,51300,757059.614568,442.87987452228,15463.743603610317
2024-01-24,sh.600449,宁夏建材,SELL,12.27806904,61800,758784.666672,443.88903000312,16792.420670885942
2024-01-24,sh.600486,扬农化工,BUY,53.78165961,13800,742186.9026179999,63.08588672253,0.0
2024-01-24,sz.001331,胜通能源,BUY,8.98838408,82900,745137.0402319999,63.33664841972,0.0
2024-01-24,sz.002251,步步高,BUY,3.86,193100,745366.0,63.35611,0.0
2024-01-24,sh.603013,亚普股份,BUY,14.05024857,53000,744663.1742100001,63.29636980785001,0.0
2024-01-24,sz.000757,浩物股份,BUY,4.17,178700,745179.0,63.34021500000001,0.0
2024-01-25,sz.001331,胜通能源,SELL,9.10059124,82900,754439.013796,441.34682307066004,8797.290092509822
2024-01-25,sh.603013,亚普股份,SELL,14.30674398,53000,758257.43094,443.5805970999,13087.379763092264
2024-01-25,sz.000757,浩物股份,SELL,4.26,178700,761262.0,445.33827,15574.321515000076
2024-01-25,sz.002251,步步高,SELL,3.68,193100,710608.0,415.70568000000003,-35237.06178999995
2024-01-25,sh.600486,扬农化工,SELL,52.5503146,13800,725194.34148,424.23868976579996,-17479.88571448822
2024-01-25,sz.002052,同洲电子,BUY,2.46,301800,742428.0,63.10638,0.0
2024-01-25,sh.603679,华体科技,BUY,12.41883895,59700,741404.685315,63.01939825177501,0.0
2024-01-25,sz.003036,泰坦股份,BUY,9.9712725,74400,741862.674,63.05832729,0.0
2024-01-25,sh.600448,华纺股份,BUY,3.08,241000,742280.0,63.0938,0.0
2024-01-25,sz.000628,高新发展,BUY,44.75933627,16500,738529.0484549999,62.774969118674996,0.0
2024-01-26,sh.600448,华纺股份,SELL,3.22,241000,776020.0,453.9717,33222.93450000009
2024-01-26,sz.002052,同洲电子,SELL,2.58,301800,778644.0,455.50674000000004,35697.38688000012
2024-01-26,sz.000628,高新发展,SELL,46.18200466,16500,762003.0768899999,445.77179998065,22965.481665900676
2024-01-26,sz.003036,泰坦股份,SELL,10.60753465,74400,789200.57796,461.6823381066,46813.16329460358
2024-01-26,sh.603679,华体科技,SELL,12.89231335,59700,769671.106995,450.25759759207506,27753.144684156287
2024-01-29,sh.600675,中华企业,BUY,4.2408795,182700,774808.6846500001,65.85873819525001,0.0
2024-01-29,sz.002423,中粮资本,BUY,8.249437,93900,774622.1343,65.8428814155,0.0
2024-01-29,sh.603329,上海雅仕,BUY,14.43937593,53600,773950.549848,65.78579673708,0.0
2024-01-29,sh.601998,中信银行,BUY,5.35867407,144600,774864.270522,65.86346299437001,0.0
2024-01-29,sh.601857,中国石油,BUY,7.55434761,102600,775076.064786,65.88146550681,0.0
2024-01-30,sh.601857,中国石油,SELL,7.49131968,102600,768609.399168,449.63649851328,-6982.183582019992
2024-01-30,sh.603329,上海雅仕,SELL,12.90181455,53600,691537.2598799999,404.54929702979996,-82883.62506176694
2024-01-30,sz.002423,中粮资本,SELL,7.56036638,93900,709918.403082,415.30226580297,-65184.87636521843
2024-01-30,sh.601998,中信银行,SELL,5.56306794,144600,804419.624124,470.58548011254,29018.904658893007
2024-01-30,sh.600675,中华企业,SELL,4.250765,182700,776614.7655000001,454.31963781750005,1285.9024739874294
2024-01-30,sh.605289,罗曼股份,BUY,37.4547348,20000,749094.696,63.673049160000005,0.0
2024-01-30,sh.600605,汇通能源,BUY,22.27509856,33700,750670.821472,63.80701982512,0.0
2024-01-30,sh.603536,惠发食品,BUY,11.96550443,62700,750237.127761,63.770155859685,0.0
2024-01-30,sz.002395,双象股份,BUY,14.770455,50800,750339.1140000001,63.77882469000001,0.0
2024-01-30,sz.001300,三柏硕,BUY,15.26867752,49100,749692.066232,63.723825629720004,0.0
2024-01-31,sh.605289,罗曼股份,SELL,36.48368612,20000,729673.7224000001,426.85912760400004,-19911.505776763894
2024-01-31,sz.001300,三柏硕,SELL,14.87896651,49100,730557.255641,427.375994549985,-19625.910411179648
2024-01-31,sh.600605,汇通能源,SELL,20.55189382,33700,692598.821734,405.17031071439,-58540.977068539476
2024-01-31,sz.002395,双象股份,SELL,14.41596408,50800,732330.975264,428.41362052944004,-18500.33118121943
2024-01-31,sh.603536,惠发食品,SELL,11.69605604,62700,733342.713708,429.00548751918,-17387.189696378773
2024-01-31,sh.601877,正泰电器,BUY,17.7915492,40700,724116.05244,61.549864457400005,0.0
2024-01-31,sh.603556,海兴电力,BUY,28.0424345,25800,723494.8101,61.497058858500004,0.0
2024-01-31,sh.603992,松霖科技,BUY,16.01439612,45200,723850.704624,61.527309893040005,0.0
2024-01-31,sh.603063,禾望电气,BUY,20.9827791,34500,723905.8789499999,61.53199971075,0.0
2024-01-31,sh.600821,金开新能,BUY,5.09680672,142100,724256.234912,61.56177996752,0.0
2024-02-01,sh.603992,松霖科技,SELL,15.4297892,45200,697426.47184,407.9944860264,-26893.754579919274
2024-02-01,sh.603556,海兴电力,SELL,27.0918435,25800,698969.5623,408.8971939455,-24995.642052803887
2024-02-01,sh.601877,正泰电器,SELL,17.51710509,40700,712946.1771630001,417.0735136403551,-11648.49865509756
2024-02-01,sh.600821,金开新能,SELL,4.93753151,142100,701623.227571,410.449588129035,-23105.018709096476
2024-02-01,sh.603063,禾望电气,SELL,20.52962988,34500,708272.23086,414.33925505310003,-16109.519344763714
2024-02-01,sh.603399,永杉锂业,BUY,6.92,101700,703764.0,59.81994,0.0
2024-02-01,sh.603955,大千生态,BUY,11.95289487,58900,704025.507843,59.84216816665501,0.0
2024-02-01,sh.605399,晨光新材,BUY,10.44999504,67300,703284.6661919999,59.779196626319994,0.0
2024-02-01,sz.001339,智微智能,BUY,24.258236,29000,703488.844,59.796551740000005,0.0
2024-02-01,sz.002584,西陇科学,BUY,7.12107192,98900,704274.012888,59.86329109548,0.0
2024-02-02,sh.605399,晨光新材,SELL,10.60743376,67300,713880.2920479999,417.61997084807996,10118.22668852564
2024-02-02,sz.001339,智微智能,SELL,24.457074,29000,709255.146,414.91426041,5291.59118784999
2024-02-02,sz.002584,西陇科学,SELL,7.19059424,98900,711149.770336,416.02261564656004,6399.871541258064
2024-02-02,sh.603955,大千生态,SELL,11.7831378,58900,694026.81642,406.0056876057,-10464.539278772194
2024-02-02,sh.603399,永杉锂业,SELL,6.82,101700,693594.0,405.75249,-10635.572429999942
2024-02-05,sh.600353,旭光电子,BUY,5.85944486,120200,704305.272172,59.865948134620005,0.0
2024-02-05,sz.003031,中瓷电子,BUY,38.343366,18300,701683.5978000001,59.64310581300001,0.0
2024-02-05,sh.603203,快克智能,BUY,17.2179144,40900,704212.6989600001,59.85807941160001,0.0
2024-02-05,sz.002655,共达电声,BUY,8.554979,82300,704074.7716999999,59.8463555945,0.0
2024-02-05,sh.603088,宁波精达,BUY,5.545116,127000,704229.7320000001,59.85952722000001,0.0
2024-02-06,sz.002655,共达电声,SELL,7.70942875,82300,634485.9861249999,371.174301883125,-70019.80623247754
2024-02-06,sh.603088,宁波精达,SELL,5.132979,127000,651888.333,381.354674805,-52782.61320202495
2024-02-06,sz.003031,中瓷电子,SELL,35.87391252,18300,656492.599116,384.04817048286003,-45634.68996029592
2024-02-06,sh.600353,旭光电子,SELL,5.5333712,120200,665111.2182400001,389.0900626704001,-39643.00994280493
2024-02-06,sh.603203,快克智能,SELL,16.3939548,40900,670512.7513199999,392.24995952219996,-34152.05567893386
2024-02-06,sz.002423,中粮资本,BUY,6.56072872,100100,656728.944872,55.821960314120005,0.0
2024-02-06,sh.600373,中文传媒,BUY,11.903541,55100,655885.1091,55.750234273500006,0.0
2024-02-06,sz.000521,长虹美菱,BUY,6.27931052,104600,656815.880392,55.82934983332,0.0
2024-02-06,sh.603661,恒林股份,BUY,34.04049632,19300,656981.5789760001,55.84343421296001,0.0
2024-02-06,sh.600970,中材国际,BUY,9.27643666,70800,656771.715528,55.82559581988001,0.0
2024-02-07,sz.002423,中粮资本,SELL,7.33714632,100100,734448.3466320001,429.65228277972005,77233.92751690629
2024-02-07,sh.600373,中文传媒,SELL,12.77341515,55100,703815.174765,411.731877237525,47462.583553489065
2024-02-07,sh.600970,中材国际,SELL,9.94035658,70800,703777.2458639999,411.70968883044,46537.99505134963
2024-02-07,sz.000521,长虹美菱,SELL,6.76020028,104600,707116.949288,413.66341533348003,49831.57613083336
2024-02-07,sh.603661,恒林股份,SELL,39.69156352,19300,766047.1759360001,448.1375979225601,108561.61592786456
2024-02-07,sh.605118,力鼎光电,BUY,12.2977082,58600,720645.7005200001,61.25488454420001,0.0
2024-02-07,sh.603110,东方材料,BUY,14.24500079,50600,720797.0399740001,61.26774839779001,0.0
2024-02-07,sh.603159,上海亚虹,BUY,10.09912,71400,721077.168,61.29155928,0.0
2024-02-07,sh.600423,柳化股份,BUY,2.28,316400,721391.9999999999,61.31831999999999,0.0
2024-02-07,sh.600397,江钨装备,BUY,2.1,343600,721560.0,61.332600000000006,0.0
2024-02-08,sh.605118,力鼎光电,SELL,11.4981668,58600,673792.57448,394.16865607079995,-47308.54958061513
2024-02-08,sh.600423,柳化股份,SELL,2.02,316400,639128.0,373.88988,-82699.20819999988
2024-02-08,sh.603110,东方材料,SELL,13.08865363,50600,662285.873678,387.43723610163,-58959.871280499385
2024-02-08,sh.600397,江钨装备,SELL,1.95,343600,670020.0,391.9617,-51993.29429999995
2024-02-08,sh.603159,上海亚虹,SELL,9.2813376,71400,662687.50464,387.6721902144,-58838.62710949418
2024-02-08,sh.600373,中文传媒,BUY,13.2770265,49900,662523.62235,56.31450789975,0.0
2024-02-08,sh.603661,恒林股份,BUY,40.227936,16400,659738.1504,56.07774278400001,0.0
2024-02-08,sz.002423,中粮资本,BUY,7.278915,91000,662381.265,56.30240752500001,0.0
2024-02-08,sh.600707,彩虹股份,BUY,6.18,107200,662496.0,56.312160000000006,0.0
2024-02-08,sh.600312,平高电气,BUY,12.62030217,52500,662565.8639250001,56.31809843362501,0.0
2024-02-19,sh.600707,彩虹股份,SELL,6.42,107200,688224.0,402.61104,25269.07680000004
2024-02-19,sz.002423,中粮资本,SELL,7.3274411,91000,666797.1401,390.0763269585,3969.496365516563
2024-02-19,sh.600373,中文传媒,SELL,13.35027906,49900,666178.925094,389.71467117999,3209.273564920295
2024-02-19,sh.600312,平高电气,SELL,12.75507275,52500,669641.319375,391.74017183437496,6627.397179731983
2024-02-19,sh.603661,恒林股份,SELL,42.8140176,16400,702149.88864,410.7576848544,41944.9028123616
2024-02-19,sz.000017,深中华A,BUY,9.35,72500,677875.0,57.619375000000005,0.0
2024-02-19,sh.600088,中视传媒,BUY,18.9100548,35800,676979.96184,57.543296756400004,0.0
2024-02-19,sh.600423,柳化股份,BUY,2.28,297600,678528.0,57.67488,0.0
2024-02-19,sh.605118,力鼎光电,BUY,12.47855685,54300,677585.636955,57.594779141175,0.0
2024-02-19,sh.603983,丸美生物,BUY,28.15251663,24100,678475.650783,57.670430316555006,0.0
2024-02-20,sh.605118,力鼎光电,SELL,13.2114698,54300,717382.81014,419.6689439319,39319.9094619269
2024-02-20,sh.600423,柳化股份,SELL,2.4,297600,714240.0,417.8304,35236.494720000075
2024-02-20,sh.600088,中视传媒,SELL,20.9037348,35800,748353.70584,437.7869179164,70878.41378532723
2024-02-20,sh.603983,丸美生物,SELL,28.24824093,24100,680782.606413,398.257824751605,1851.0273749319604
2024-02-20,sz.000017,深中华A,SELL,9.88,72500,716300.0,419.0355,37948.34512500011
2024-02-21,sh.605100,华丰股份,BUY,10.56548976,338300,3574305.185808,303.81594079368006,0.0
2024-02-22,sh.605100,华丰股份,SELL,11.84984832,338300,4008803.6866559996,2345.15015669376,431849.5347505128
2024-02-22,sh.600543,莫高股份,BUY,5.16,154900,799284.0,67.93914000000001,0.0
2024-02-22,sz.002160,常铝股份,BUY,3.12,256300,799656.0,67.97076,0.0
2024-02-22,sz.000926,福星股份,BUY,2.3826741,335600,799625.42796,67.96816137660001,0.0
2024-02-22,sh.600697,欧亚集团,BUY,10.11470798,79000,799061.93042,67.9202640857,0.0
2024-02-22,sh.600981,苏豪汇鸿,BUY,2.3319855,342900,799637.8279500001,67.96921537575001,0.0
2024-02-23,sz.000926,福星股份,SELL,2.40401148,335600,806786.252688,471.96995782248,6620.886608800967
2024-02-23,sh.600697,欧亚集团,SELL,10.34035132,79000,816887.75428,477.87933625380003,17280.02425966051
2024-02-23,sz.002160,常铝股份,SELL,3.17,256300,812471.0,475.29553500000003,12271.73370500002
2024-02-23,sh.600543,莫高股份,SELL,5.14,154900,796186.0,465.76881000000003,-3631.7079499999527
2024-02-23,sh.600981,苏豪汇鸿,SELL,2.3718485,342900,813306.85065,475.78450763025006,13125.268976993975
2024-02-23,sz.002309,中利集团,BUY,2.25,359300,808425.0,68.716125,0.0
2024-02-23,sh.603001,奥康国际,BUY,4.11975015,196200,808294.97943,68.70507325155,0.0
2024-02-23,sz.002951,金时科技,BUY,4.98591136,162100,808216.231456,68.69837967376,0.0
2024-02-23,sh.600303,曙光股份,BUY,3.11,260000,808600.0,68.73100000000001,0.0
2024-02-23,sh.600881,亚泰集团,BUY,1.52,531900,808488.0,68.72148,0.0
2024-02-26,sh.603001,奥康国际,SELL,4.22392774,196200,828734.6225879999,484.80975421397994,19886.12833053444
2024-02-26,sh.600303,曙光股份,SELL,3.16,260000,821600.0,480.636,12450.63300000003
2024-02-26,sh.600881,亚泰集团,SELL,1.56,531900,829764.0,485.41194,20721.86658000003
2024-02-26,sz.002951,金时科技,SELL,5.25590656,162100,851982.4533759999,498.40973522496,43199.11380510137
2024-02-26,sz.002309,中利集团,SELL,2.36,359300,847948.0,496.04958,38958.23429500009
2024-02-27,sh.603037,凯众股份,BUY,8.10280357,103000,834588.76771,70.94004525535001,0.0
2024-02-27,sz.001211,双枪科技,BUY,16.7916531,49700,834545.15907,70.93633852095002,0.0
2024-02-27,sh.603903,中持股份,BUY,8.06552656,103500,834781.99896,70.95646991160001,0.0
2024-02-27,sz.002982,湘佳股份,BUY,11.12117654,75000,834088.2405000001,70.89750044250002,0.0
2024-02-27,sh.600965,福成股份,BUY,4.8377173,172600,834990.0059800001,70.97415050830001,0.0
2024-02-28,sh.603037,凯众股份,SELL,8.37986404,103000,863125.9961199999,504.92870773019996,27961.35965701437
2024-02-28,sh.600965,福成股份,SELL,5.02378335,172600,867105.00621,507.25642863285003,31536.769650858827
2024-02-28,sz.002982,湘佳股份,SELL,11.57080086,75000,867810.0645,507.6688877325,33143.2576118249
2024-02-28,sh.603903,中持股份,SELL,8.2510532,103500,853984.0062,499.580643627,18631.47012646147
2024-02-28,sz.001211,双枪科技,SELL,17.0888505,49700,849315.86985,496.84978386225004,14202.92465761688
2024-02-28,sh.600689,上海三毛,BUY,9.18251934,93600,859483.810224,73.05612386904001,0.0
2024-02-28,sh.603669,灵康药业,BUY,4.05,212200,859410.0,73.04985,0.0
2024-02-28,sz.002453,华软科技,BUY,7.6,113100,859560.0,73.0626,0.0
2024-02-28,sz.002524,光正眼科,BUY,4.87,176500,859555.0,73.06217500000001,0.0
2024-02-28,sh.603701,德宏股份,BUY,11.30245485,76000,858986.5686,73.01385833100001,0.0
2024-02-29,sz.002453,华软科技,SELL,6.81,113100,770211.0,450.573435,-89872.63603499997
2024-02-29,sh.603669,灵康药业,SELL,3.67,212200,778774.0,455.58279,-81164.63263999997
2024-02-29,sz.002524,光正眼科,SELL,4.37,176500,771305.0,451.21342500000003,-88774.27559999982
2024-02-29,sh.603701,德宏股份,SELL,9.90831945,76000,753032.2782000001,440.5238827470001,-106467.82814107789
2024-02-29,sh.600689,上海三毛,SELL,8.2932438,93600,776247.6196800001,454.1048575128001,-83763.35152538156
2024-02-29,sz.000692,惠天热电,BUY,2.63,293300,771379.0,65.567215,0.0
2024-02-29,sh.600529,山东药玻,BUY,24.29288415,31700,770084.427555,65.457176342175,0.0
2024-02-29,sz.000750,国海证券,BUY,3.36008955,229600,771476.56068,65.5755076578,0.0
2024-02-29,sh.601016,节能风电,BUY,2.80968805,274500,771259.369725,65.557046426625,0.0
2024-02-29,sh.603001,奥康国际,BUY,4.03451394,191200,771399.065328,65.56892055288,0.0
2024-03-01,sh.603001,奥康国际,SELL,4.15763291,191200,794939.4123920001,465.03955624932007,23009.738587197964
2024-03-01,sz.000692,惠天热电,SELL,2.73,293300,800709.0,468.414765,28796.018020000076
2024-03-01,sh.600529,山东药玻,SELL,24.99373149,31700,792301.288233,463.496253616305,21687.907248041593
2024-03-01,sz.000750,国海证券,SELL,3.46722284,229600,796074.364064,465.70350297744,24066.524373364868
2024-03-01,sh.601016,节能风电,SELL,2.8566728,274500,784156.6836,458.731659906,12373.025168667431
2024-03-01,sz.000637,茂化实华,BUY,3.33,238100,792873.0,67.394205,0.0
2024-03-01,sh.600491,龙元建设,BUY,3.02,262500,792750.0,67.38375,0.0
2024-03-01,sh.600493,凤竹纺织,BUY,5.06730008,156500,793032.46252,67.4077593142,0.0
2024-03-01,sh.605598,上海港湾,BUY,17.8398849,44400,792090.88956,67.3277256126,0.0
2024-03-01,sz.002836,新宏泽,BUY,5.9433696,133400,792845.5046399999,67.3918678944,0.0
2024-03-04,sz.000637,茂化实华,SELL,3.45,238100,821445.0,480.545325,28024.060470000142
2024-03-04,sz.002836,新宏泽,SELL,5.8475088,133400,780057.67392,456.3337392432,-13311.556327137514
2024-03-04,sh.600491,龙元建设,SELL,2.98,262500,782250.0,457.61625000000004,-11024.999999999884
2024-03-04,sh.600493,凤竹纺织,SELL,4.98993672,156500,780925.0966800001,456.84118155780004,-12631.61478087178
2024-03-04,sh.605598,上海港湾,SELL,18.28341795,44400,811783.7569800001,474.89349783330005,19150.646196554182
2024-03-04,sh.600715,文投控股,BUY,1.84310178,2156800,3975201.919104,337.89216312384,0.0
2024-03-05,sh.600715,文投控股,SELL,2.02481604,2156800,4367123.235072,2554.76709251712,389028.6567123588
2024-03-06,sh.603069,海汽集团,BUY,18.58,234400,4355152.0,370.18792,0.0
2024-03-07,sh.603069,海汽集团,SELL,20.44,234400,4791136.0,2802.8145600000003,432810.9975200007
2024-03-07,sz.000550,江铃汽车,BUY,25.1835312,37900,954455.83248,81.1287457608,0.0
2024-03-07,sz.002779,中坚科技,BUY,24.38933007,39200,956061.738744,81.26524779324001,0.0
2024-03-07,sh.601595,上海电影,BUY,30.3474412,31500,955944.3977999999,81.255273813,0.0
2024-03-07,sh.603529,爱玛科技,BUY,31.60656772,30200,954518.345144,81.13405933724,0.0
2024-03-07,sz.000526,学大教育,BUY,64.39,14800,952972.0,81.00262000000001,0.0
2024-03-08,sh.601595,上海电影,SELL,29.56651356,31500,931345.17714,544.8369286269001,-25225.312862439663
2024-03-08,sz.000550,江铃汽车,SELL,24.666705,37900,934868.1195,546.8978499075,-20215.73957566812
2024-03-08,sh.603529,爱玛科技,SELL,30.2266552,30200,912844.98704,534.0143174184001,-42288.50648075552
2024-03-08,sz.000526,学大教育,SELL,62.12,14800,919376.0,537.83496,-34214.837579999934
2024-03-08,sz.002779,中坚科技,SELL,22.71464811,39200,890414.2059119999,520.89231045852,-66249.6903902517
2024-03-08,sz.002873,新天药业,BUY,10.34637445,444200,4595859.53069,390.64806010865004,0.0
2024-03-11,sz.002873,新天药业,SELL,11.38591539,444200,5057623.616238,2958.70981549923,458414.7276723916
2024-03-14,sh.600331,宏达股份,BUY,6.61,152600,1008686.0,85.73831000000001,0.0
2024-03-14,sh.600133,东湖高新,BUY,12.573405,80200,1008387.0809999999,85.712901885,0.0
2024-03-14,sh.600733,北汽蓝谷,BUY,7.73,130500,1008765.0,85.74502500000001,0.0
2024-03-14,sz.000801,四川九洲,BUY,11.22713193,89800,1008196.4473140001,85.69669802169001,0.0
2024-03-14,sz.002042,华孚时尚,BUY,4.92531472,204800,1008704.454656,85.73987864576,0.0
2024-03-15,sz.000801,四川九洲,SELL,11.27633058,89800,1012614.486084,592.37947435914,3739.96259761916
2024-03-15,sh.600331,宏达股份,SELL,6.51,152600,993426.0,581.15421,-15926.892519999878
2024-03-15,sh.600733,北汽蓝谷,SELL,7.35,130500,959175.0,561.117375,-50236.86239999987
2024-03-15,sh.600133,东湖高新,SELL,12.09948435,80200,970378.6448700001,567.6715072489501,-38661.82053913374
2024-03-15,sz.002042,华孚时尚,SELL,4.94517486,204800,1012771.8113279999,592.47150962688,3389.145283727441
2024-03-20,sz.001216,华瓷股份,BUY,13.18097575,75100,989891.278825,84.140758700125,0.0
2024-03-20,sh.600678,四川金顶,BUY,7.09,139600,989764.0,84.12994,0.0
2024-03-20,sz.002771,真视通,BUY,22.57594902,43800,988826.5670759999,84.05025820146,0.0
2024-03-20,sh.603729,龙韵股份,BUY,24.07593144,41100,989520.782184,84.10926648564,0.0
2024-03-20,sz.001314,亿道信息,BUY,52.7666802,18700,986736.91974,83.87263817790001,0.0
2024-03-21,sh.600678,四川金顶,SELL,7.17,139600,1000932.0,585.54522,10498.324840000132
2024-03-21,sh.603729,龙韵股份,SELL,24.9854,41100,1026899.94,600.7364649,36694.312084614416
2024-03-21,sz.001216,华瓷股份,SELL,13.27614525,75100,997038.508275,583.2675273408751,6479.821163959103
2024-03-21,sz.001314,亿道信息,SELL,54.1526718,18700,1012654.96266,592.4031531561,25241.767128666048
2024-03-21,sz.002771,真视通,SELL,22.42604232,43800,982260.653616,574.62248236536,-7224.586200566613
2024-03-25,sz.002951,金时科技,BUY,6.1648904,162800,1003644.15712,85.3097533552,0.0
2024-03-25,sz.000796,凯撒旅业,BUY,3.32,302400,1003968.0,85.33728,0.0
2024-03-25,sz.000798,中水渔业,BUY,7.36,136400,1003904.0,85.33184,0.0
2024-03-25,sz.000809,和展能源,BUY,2.19,458400,1003896.0,85.33116000000001,0.0
2024-03-25,sz.002887,绿茵生态,BUY,6.70162692,149800,1003903.712616,85.33181557236,0.0
2024-03-26,sz.000809,和展能源,SELL,2.12,458400,971808.0,568.50768,-32741.838839999982
2024-03-26,sz.000798,中水渔业,SELL,7.14,136400,973896.0,569.72916,-30663.06099999987
2024-03-26,sz.002887,绿茵生态,SELL,6.59881256,149800,988502.1214879999,578.27374107048,-16065.196684642811
2024-03-26,sz.000796,凯撒旅业,SELL,3.26,302400,985823.9999999999,576.7070399999999,-18806.044319999986
2024-03-26,sh.605577,龙版传媒,BUY,20.84694843,47200,983975.965896,83.63795710116001,0.0
2024-03-26,sh.605289,罗曼股份,BUY,36.662042,26800,982542.7256,83.516131676,0.0
2024-03-26,sh.603895,天永智能,BUY,21.51,45700,983007.0000000001,83.55559500000001,0.0
2024-03-26,sz.002729,好利科技,BUY,14.4020235,68300,983658.20505,83.61094742925,0.0
2024-03-27,sh.605289,罗曼股份,SELL,35.0271131,26800,938726.6310800001,549.1550791818,-44448.765730857616
2024-03-27,sh.605577,龙版传媒,SELL,19.8542366,47200,937119.9675200001,548.2151809992,-47487.85151410033
2024-03-27,sz.002951,金时科技,SELL,6.7948792,162800,1106206.3337599998,647.1307052495999,101829.73618139524
2024-03-27,sz.002729,好利科技,SELL,13.66702368,68300,933457.717344,546.07276464624,-50830.17141807533
2024-03-27,sh.603895,天永智能,SELL,22.0,45700,1005400.0,588.159,21721.285404999973
2024-03-27,sz.002875,安奈儿,BUY,14.02,69900,979998.0,83.29983,0.0
2024-03-27,sh.600520,三佳科技,BUY,22.55,43500,980925.0,83.378625,0.0
2024-03-27,sz.002952,亚世光电,BUY,27.76484991,35300,980099.201823,83.308432154955,0.0
2024-03-27,sh.603083,剑桥科技,BUY,41.16049938,23800,979619.8852439999,83.26769024574,0.0
2024-03-27,sh.600775,南京熊猫,BUY,10.6,92500,980500.0,83.3425,0.0
2024-03-28,sh.600775,南京熊猫,SELL,9.8,92500,906500.0000000001,530.3025000000001,-74613.64499999979
2024-03-28,sz.002875,安奈儿,SELL,13.64,69900,953436.0,557.7600600000001,-27203.059889999917
2024-03-28,sh.603083,剑桥科技,SELL,38.38874858,23800,913652.2162039999,534.48654647934,-66585.42327672488
2024-03-28,sz.002952,亚世光电,SELL,25.99537505,35300,917636.739265,536.8174924700251,-63082.58848262485
2024-03-28,sh.600520,三佳科技,SELL,20.81,43500,905235.0,529.5624750000001,-76302.94109999994
2024-04-01,sh.600620,天宸股份,BUY,6.23704458,147600,920587.780008,78.24996130068,0.0
2024-04-01,sh.603062,麦加芯彩,BUY,39.7226592,23100,917593.42752,77.99544133920001,0.0
2024-04-01,sh.605376,博迁新材,BUY,17.8448424,51500,919009.3836000001,78.11579760600002,0.0
2024-04-01,sz.002092,中泰化学,BUY,4.58,201000,920580.0,78.2493,0.0
2024-04-01,sz.002541,鸿路钢构,BUY,14.44879844,63700,920388.460628,78.23301915338,0.0
2024-04-02,sh.600620,天宸股份,SELL,6.58576113,147600,972058.342788,568.6541305309801,50823.65868816839
2024-04-02,sz.002092,中泰化学,SELL,4.8,201000,964800.0,564.408,43577.34270000004
2024-04-02,sh.605376,博迁新材,SELL,18.64444736,51500,960189.0390400001,561.7105878384001,40539.82905455562
2024-04-02,sz.002541,鸿路钢构,SELL,15.92803474,63700,1014615.812938,593.55025056873,93555.56904027797
2024-04-02,sh.603062,麦加芯彩,SELL,41.37777,23100,955826.487,559.158494895,37595.90554376587
2024-04-02,sz.002251,步步高,BUY,3.89,1250300,4863667.0,413.411695,0.0
2024-04-03,sz.002251,步步高,SELL,4.08,1250300,5101224.0,2984.2160400000002,234159.3722649999
2024-04-15,sz.000949,新乡化纤,BUY,4.64704344,219200,1018631.922048,86.58371337408,0.0
2024-04-15,sz.000612,焦作万方,BUY,7.6041292,133900,1018192.89988,86.5463964898,0.0
2024-04-15,sh.600490,鹏欣资源,BUY,3.52,289300,1018336.0,86.55856,0.0
2024-04-15,sh.603900,莱绅通灵,BUY,9.51151783,107100,1018683.5595930001,86.58810256540501,0.0
2024-04-15,sz.002455,百川股份,BUY,7.31875338,139100,1018038.595158,86.53328058843,0.0
2024-04-16,sz.000612,焦作万方,SELL,7.34424124,133900,983393.9020359999,575.28543269106,-35460.82967318094
2024-04-16,sz.002455,百川股份,SELL,5.96012301,139100,829053.110691,484.996069754235,-189557.01381734258
2024-04-16,sz.000949,新乡化纤,SELL,4.3193673,219200,946805.31216,553.8811076136,-72467.07470898761
2024-04-16,sh.600490,鹏欣资源,SELL,3.34,289300,966262.0,565.26327,-52725.82182999991
2024-04-16,sh.603178,圣龙股份,BUY,25.99417626,36000,935790.34536,79.54217935560001,0.0
2024-04-16,sz.002952,亚世光电,BUY,23.51015755,39800,935704.2704899999,79.53486299165,0.0
2024-04-16,sh.600630,龙头股份,BUY,8.38116501,111900,937852.364619,79.717450992615,0.0
2024-04-16,sh.605289,罗曼股份,BUY,26.13904508,35800,935777.8138639999,79.54111417844,0.0
2024-04-17,sh.605289,罗曼股份,SELL,24.43475556,35800,874764.249048,511.73708569308,-61604.84301587136
2024-04-17,sz.002952,亚世光电,SELL,21.11440788,39800,840353.433624,491.60675867004005,-95921.97848766146
2024-04-17,sh.603178,圣龙股份,SELL,24.11400048,36000,868104.01728,507.84085010880005,-68273.71110946429
2024-04-17,sh.600630,龙头股份,SELL,7.52614699,111900,842175.848181,492.672871185885,-96248.9067601785
2024-04-17,sh.600581,八一钢铁,BUY,2.93,293100,858783.0,72.996555,0.0
2024-04-17,sh.600628,新世界,BUY,5.69962944,150700,858934.1566079999,73.00940331168,0.0
2024-04-17,sh.603520,司太立,BUY,10.79404986,79500,858126.96387,72.94079192895,0.0
2024-04-17,sh.600509,天富能源,BUY,5.293167,162200,858551.6874,72.97689342900001,0.0
2024-04-18,sh.600581,八一钢铁,SELL,3.02,293100,885162.0,517.8197700000001,25788.183675000095
2024-04-18,sh.600628,新世界,SELL,5.89753324,150700,888758.2592679999,519.92358167178,29231.16967501666
2024-04-18,sh.600509,天富能源,SELL,5.49526974,162200,891332.7518280001,521.42965981938,32186.65787475172
2024-04-18,sh.603520,司太立,SELL,10.99993092,79500,874494.50814,511.57928726190005,15783.024190809228
2024-04-19,sh.603900,莱绅通灵,SELL,6.94737518,107100,744063.881778,435.27737084013006,-275141.5432884054
2024-04-19,sh.600066,宇通客车,BUY,21.058536,40500,852870.708,72.49401018,0.0
2024-04-19,sh.600894,广日股份,BUY,9.7596136,87400,852990.22864,72.5041694344,0.0
2024-04-19,sz.000528,柳工,BUY,10.4173044,81900,853177.23036,72.5200645806,0.0
2024-04-19,sz.002073,软控股份,BUY,9.4896242,89900,853117.21558,72.5149633243,0.0
2024-04-19,sh.601567,三星医疗,BUY,31.963146,26600,850219.6836,72.26867310600001,0.0
2024-04-22,sh.600894,广日股份,SELL,9.9278828,87400,867696.95672,507.6027196812,14126.6211908845
2024-04-22,sz.000528,柳工,SELL,10.37907576,81900,850046.304744,497.27708827524,-3700.7227688558633
2024-04-22,sh.601567,三星医疗,SELL,32.82476124,26600,873138.648984,510.78610965564,22335.910601238487
2024-04-22,sz.002073,软控股份,SELL,8.95704325,89900,805238.188175,471.064340082375,-48422.60670840647
2024-04-22,sh.600066,宇通客车,SELL,21.13750551,40500,856068.973155,500.800349295675,2624.970795524423
2024-04-22,sh.600605,汇通能源,BUY,24.3910604,34800,848808.90192,72.1487566632,0.0
2024-04-22,sh.603536,惠发食品,BUY,9.23110225,92100,850184.517225,72.265683964125,0.0
2024-04-22,sz.000856,冀东装备,BUY,6.8,125000,850000.0,72.25,0.0
2024-04-22,sz.002702,海欣食品,BUY,3.9773478,213800,850356.95964,72.28034156940001,0.0
2024-04-22,sz.002709,天赐材料,BUY,20.68768571,41100,850263.882681,72.27243002788501,0.0
2024-04-23,sz.002702,海欣食品,SELL,3.7893637,213800,810165.95906,473.94708605010004,-40737.228007619386
2024-04-23,sz.000856,冀东装备,SELL,6.71,125000,838750.0,490.66875,-11812.918749999837
2024-04-23,sh.600605,汇通能源,SELL,22.6481304,34800,788154.9379199999,461.0706386832,-61187.18339534628
2024-04-23,sz.002709,天赐材料,SELL,20.10024551,41100,826120.090461,483.280252919685,-24699.344902947545
2024-04-23,sh.603536,惠发食品,SELL,9.07142913,92100,835478.622873,488.754994380705,-15266.915030344739
2024-04-25,sh.600438,通威股份,BUY,20.92167553,39200,820129.680776,69.71102286596,0.0
2024-04-25,sh.600800,渤海化学,BUY,2.36,347600,820336.0,69.72856,0.0
2024-04-25,sh.603955,大千生态,BUY,11.24390946,72900,819680.999634,69.67288496889,0.0
2024-04-25,sz.000002,万科A,BUY,6.5,126200,820300.0,69.72550000000001,0.0
2024-04-25,sz.002583,海能达,BUY,3.81,215300,820293.0,69.724905,0.0
2024-04-26,sh.600438,通威股份,SELL,20.23163401,39200,793080.053192,463.95183111732,-27583.290437983116
2024-04-26,sh.600800,渤海化学,SELL,2.43,347600,844668.0,494.13078,23768.140660000034
2024-04-26,sh.603955,大千生态,SELL,11.41366653,72900,832056.2900370001,486.75292967164506,11818.864588359604
2024-04-26,sz.000002,万科A,SELL,6.56,126200,827872.0,484.30512,7017.969380000024
2024-04-26,sz.002583,海能达,SELL,3.75,215300,807375.0,472.31437500000004,-13460.03927999991
2024-04-29,sh.600768,宁波富邦,BUY,8.23116404,99700,820647.054788,69.75499965698,0.0
2024-04-29,sh.603679,华体科技,BUY,13.01068195,63000,819672.96285,69.67220184225,0.0
2024-04-29,sz.000701,厦门信达,BUY,4.33,189500,820535.0,69.745475,0.0
2024-04-29,sz.002769,普路通,BUY,6.05,135600,820380.0,69.73230000000001,0.0
2024-04-29,sz.002796,世嘉科技,BUY,9.0,91200,820800.0,69.768,0.0
2024-04-30,sh.600768,宁波富邦,SELL,8.5659243,99700,854022.65271,499.60325183535,32806.23967050784
2024-04-30,sz.002769,普路通,SELL,6.19,135600,839364.0,491.02794,18423.239760000026
2024-04-30,sz.000701,厦门信达,SELL,4.45,189500,843275.0,493.315875,22176.938650000142
2024-04-30,sz.002796,世嘉科技,SELL,9.15,91200,834480.0,488.1708,13122.061200000113
2024-04-30,sh.603679,华体科技,SELL,12.9613617,63000,816565.7871,477.6909854535,-3654.538937295787
2024-04-30,sh.600990,四创电子,BUY,19.19,43600,836684.0,71.11814000000001,0.0
2024-04-30,sh.600749,西藏旅游,BUY,11.84,70600,835904.0,71.05184,0.0
2024-04-30,sz.002097,山河智能,BUY,8.39666943,99600,836308.2752279999,71.08620339438,0.0
2024-04-30,sh.600686,金龙汽车,BUY,8.0512709,103900,836527.04651,71.10479895335001,0.0
2024-04-30,sz.002882,金龙羽,BUY,17.8519824,46800,835472.7763200001,71.01518598720001,0.0
2024-05-06,sh.600686,金龙汽车,SELL,7.76478396,103900,806761.053444,471.95521626474,-30309.053081218037
2024-05-06,sh.600990,四创电子,SELL,18.5,43600,806600.0,471.861,-30626.979139999952
2024-05-06,sz.002882,金龙羽,SELL,17.7738128,46800,831814.4390400001,486.61144683840007,-4215.963912825449
2024-05-06,sz.002097,山河智能,SELL,8.06040705,99600,802816.54218,469.64767717530003,-34032.4669285696
2024-05-06,sz.002295,精艺股份,BUY,6.22287152,131300,817063.030576,69.45035759896001,0.0
2024-05-06,sz.002207,准油股份,BUY,5.36,152400,816864.0,69.43344,0.0
2024-05-06,sh.605169,洪通燃气,BUY,7.9272636,103000,816508.1508,69.403192818,0.0
2024-05-06,sz.002796,世嘉科技,BUY,9.01,90600,816306.0,69.38601,0.0
2024-05-07,sh.605169,洪通燃气,SELL,8.62448076,103000,888321.5182800001,519.6680881938,71224.29619898845
2024-05-07,sz.002207,准油股份,SELL,5.53,152400,842772.0,493.02162000000004,25345.54494000005
2024-05-07,sz.002295,精艺股份,SELL,6.38066224,131300,837780.9521120001,490.10185698552004,20158.369321415783
2024-05-07,sh.600749,西藏旅游,SELL,10.66,70600,752596.0,440.26866,-83819.3204999998
2024-05-07,sz.002796,世嘉科技,SELL,8.98,90600,813588.0,475.94898,-3263.3349899998866
2024-05-07,sz.000889,中嘉博创,BUY,1.52,2708600,4117072.0,349.95112,0.0
2024-05-08,sz.000889,中嘉博创,SELL,1.6,2708600,4333760.0,2535.2496,213802.79928000085
2024-05-08,sz.000809,和展能源,BUY,1.98,437000,865260.0,73.5471,0.0
2024-05-08,sh.600686,金龙汽车,BUY,8.38715214,103100,864715.385634,73.50080777889,0.0
2024-05-08,sz.002023,海特高新,BUY,10.88342926,79500,865232.62617,73.54477322445,0.0
2024-05-08,sz.002715,登云股份,BUY,15.7734402,54800,864384.52296,73.4726844516,0.0
2024-05-08,sz.000777,中核科技,BUY,18.22472405,47400,863851.9199699999,73.42741319745,0.0
2024-05-09,sz.000809,和展能源,SELL,2.08,437000,908960.0,531.7416000000001,43094.7113000002
2024-05-09,sz.002715,登云股份,SELL,15.16446561,54800,831012.7154280001,486.14243852538004,-33931.42265497672
2024-05-09,sz.000777,中核科技,SELL,17.62863388,47400,835597.245912,488.82438885851997,-28816.92586005584
2024-05-09,sz.002023,海特高新,SELL,10.5451874,79500,838342.3983,490.43030300550004,-27454.202946229838
2024-05-09,sh.600686,金龙汽车,SELL,8.16981722,103100,842308.155382,492.75027089847003,-22973.48133067717
2024-05-15,sh.601456,国联民生,BUY,11.28825985,75400,851134.7926899999,72.34645737865,0.0
2024-05-15,sh.603363,傲农生物,BUY,4.0,212800,851200.0,72.352,0.0
2024-05-15,sz.002310,东方新能,BUY,1.12,760300,851536.0000000001,72.38056000000002,0.0
2024-05-15,sh.603408,建霖家居,BUY,15.66533416,54300,850627.644888,72.30334981548,0.0
2024-05-15,sh.601918,新集能源,BUY,9.29918708,91500,850875.6178199999,72.3244275147,0.0
2024-05-16,sh.603363,傲农生物,SELL,4.2,212800,893760.0,522.8496,41964.79840000009
2024-05-16,sh.601456,国联民生,SELL,12.4161051,75400,936174.32454,547.6619798559,84419.52341276559
2024-05-16,sh.601918,新集能源,SELL,9.28963966,91500,850002.0288900001,497.25118690065005,-1443.1645444150781
2024-05-16,sh.603408,建霖家居,SELL,15.5209532,54300,842787.75876,493.0308388746,-8405.220316690044
2024-05-16,sz.002217,合力泰,BUY,1.32,2679900,3537468.0,300.68478000000005,0.0
2024-05-17,sz.002217,合力泰,SELL,1.39,2679900,3725060.9999999995,2179.160685,185113.15453499975
2024-05-17,sh.600715,文投控股,BUY,1.6008161,2323100,3718855.88191,316.10274996235,0.0
2024-05-20,sh.600715,文投控股,SELL,1.6440814,2323100,3819365.50034,2234.3288176989,97959.1868623388
2024-05-20,sz.002141,贤丰控股,BUY,1.05,908300,953715.0,81.065775,0.0
2024-05-20,sh.600123,兰花科创,BUY,9.36899092,101700,952826.376564,80.99024200794001,0.0
2024-05-20,sz.002124,天邦食品,BUY,2.35,405800,953630.0,81.05855000000001,0.0
2024-05-20,sz.002476,宝莫股份,BUY,4.1199624,231400,953359.2993600001,81.0355404456,0.0
2024-05-21,sh.600123,兰花科创,SELL,9.54502624,101700,970729.168608,567.87656363568,17253.92523835646
2024-05-21,sz.002141,贤丰控股,SELL,1.1,908300,999130.0000000001,584.4910500000001,44749.443175000255
2024-05-21,sz.002124,天邦食品,SELL,2.38,405800,965804.0,564.99534,11527.946110000135
2024-05-21,sz.002310,东方新能,SELL,1.28,760300,973184.0,569.31264,121006.3067999999
2024-05-21,sz.002476,宝莫股份,SELL,4.1995752,231400,971781.70128,568.4922952488,17772.874084305717
2024-05-21,sz.000620,盈新发展,BUY,2.02,2404700,4857494.0,412.88699,0.0
2024-05-22,sz.000620,盈新发展,SELL,2.22,2404700,5338434.000000001,3122.9838900000004,477404.12912000157
2024-05-24,sh.600383,金地集团,BUY,5.15105934,516900,2662582.572846,226.31951869191002,0.0
2024-05-24,sz.000099,中信海直,BUY,19.94966297,133400,2661285.0401979997,226.20922841683,0.0
2024-05-27,sh.600383,金地集团,SELL,4.91240022,516900,2539219.6737180003,1485.4435091250302,-125074.66215581633
2024-05-27,sz.000099,中信海直,SELL,18.4517022,133400,2461457.07348,1439.9523879858,-201494.1283344021
2024-05-28,sh.600727,鲁北化工,BUY,7.18067086,139400,1000985.517884,85.08376902014001,0.0
2024-05-28,sh.601101,昊华能源,BUY,9.3551667,107000,1001002.8369,85.0852411365,0.0
2024-05-28,sz.000422,湖北宜化,BUY,11.95892952,83700,1000962.400824,85.08180407004001,0.0
2024-05-28,sh.600894,广日股份,BUY,11.45913252,87300,1000382.268996,85.03249286466001,0.0
2024-05-28,sh.600649,城投控股,BUY,4.443948,225200,1000777.0896,85.06605261600001,0.0
2024-05-29,sh.600894,广日股份,SELL,11.24879602,87300,982019.8925460001,574.48163713941,-19021.890580003965
2024-05-29,sh.600649,城投控股,SELL,4.1223465,225200,928352.4318,543.086172603,-73052.81002521876
2024-05-29,sh.601101,昊华能源,SELL,9.29183385,107000,994226.2219499999,581.62233984075,-7443.322530977195
2024-05-29,sz.000422,湖北宜化,SELL,11.61368376,83700,972065.330712,568.65821846652,-29550.81013453647
2024-05-29,sh.600727,鲁北化工,SELL,7.07378672,139400,986085.868768,576.8602332292801,-15561.593118249206
2024-05-30,sh.603023,威帝股份,BUY,1.92,506600,972672.0,82.67712,0.0
2024-05-30,sh.603882,金域医学,BUY,32.0724813,30300,971796.18339,82.60267558815,0.0
2024-05-30,sh.603608,天创时尚,BUY,2.37,410400,972648.0,82.67508000000001,0.0
2024-05-30,sh.605198,安德利,BUY,31.08313403,31200,969793.781736,82.43247144756,0.0
2024-05-30,sh.600234,科新发展,BUY,2.18,446200,972716.0000000001,82.68086000000001,0.0
2024-05-31,sh.603023,威帝股份,SELL,1.8,506600,911880.0,533.4498,-61408.126919999835
2024-05-31,sh.605198,安德利,SELL,30.4813977,31200,951019.60824,556.3464708204,-19412.95243826788
2024-05-31,sh.603882,金域医学,SELL,32.00778177,30300,969835.787631,567.353935764135,-2610.352370352135
2024-05-31,sh.600234,科新发展,SELL,2.07,446200,923633.9999999999,540.32589,-49705.00675000006
2024-05-31,sh.603608,天创时尚,SELL,2.44,410400,1001376.0,585.80496,28059.51996000018
2024-06-06,sh.600818,中路股份,BUY,14.55736781,65400,952051.854774,80.92440765579,0.0
2024-06-06,sz.002269,美邦服饰,BUY,1.11,857700,952047.0000000001,80.92399500000002,0.0
2024-06-06,sz.002629,仁智股份,BUY,1.85,514600,952010.0,80.92085,0.0
2024-06-06,sz.002343,慈文传媒,BUY,5.69,167300,951937.0000000001,80.91464500000002,0.0
2024-06-06,sz.002453,华软科技,BUY,4.24,224500,951880.0,80.9098,0.0
2024-06-07,sz.002453,华软科技,SELL,4.07,224500,913715.0000000001,534.5232750000001,-38780.43307499983
2024-06-07,sz.002269,美邦服饰,SELL,1.13,857700,969200.9999999999,566.982585,16506.093419999932
2024-06-07,sz.002629,仁智股份,SELL,1.75,514600,900550.0,526.8217500000001,-52067.74259999988
2024-06-07,sh.600818,中路股份,SELL,14.10775796,65400,922647.370584,539.7487117916401,-30025.1573094473
2024-06-07,sz.002343,慈文传媒,SELL,5.37,167300,898401.0,525.564585,-54142.479230000055
2024-06-07,sz.001979,招商蛇口,BUY,9.3183409,98800,920652.0809200001,78.25542687820001,0.0
2024-06-07,sh.600097,开创国际,BUY,7.82805561,117600,920579.3397359999,78.24924387756,0.0
2024-06-07,sz.000544,中原环保,BUY,7.83818195,117500,920986.379125,78.28384222562501,0.0
2024-06-07,sh.600325,华发股份,BUY,6.69059,137600,920625.184,78.25314064000001,0.0
2024-06-07,sz.000031,大悦城,BUY,2.58,357000,921060.0,78.29010000000001,0.0
2024-06-11,sh.600325,华发股份,SELL,6.8659296,137600,944751.91296,552.6798690816,23495.795950278523
2024-06-11,sh.600097,开创国际,SELL,8.22491521,117600,967250.0286960001,565.8412667871601,46026.59844933555
2024-06-11,sz.000544,中原环保,SELL,8.02773895,117500,943259.326625,551.806706075625,21642.856951698777
2024-06-11,sz.000031,大悦城,SELL,2.64,357000,942480.0,551.3508,20790.359100000118
2024-06-11,sz.001979,招商蛇口,SELL,9.38449545,98800,927188.1504599999,542.4050680191,5915.409045102657
2024-06-11,sh.601919,中远海控,BUY,14.77329491,63900,944013.544749,80.241151303665,0.0
2024-06-11,sh.603009,北特科技,BUY,21.17300976,44500,942198.93432,80.0869094172,0.0
2024-06-11,sh.600962,国投中鲁,BUY,11.56,81600,943296.0,80.18016,0.0
2024-06-11,sz.002970,锐明技术,BUY,34.20232501,27600,943984.170276,80.23865447346002,0.0
2024-06-11,sh.600575,淮河能源,BUY,3.75999936,251100,944135.8392960001,80.25154634016002,0.0
2024-06-12,sh.603009,北特科技,SELL,20.5640736,44500,915101.2752,535.334245992,-27713.08027540904
2024-06-12,sz.002970,锐明技术,SELL,34.60059122,27600,954976.3176719999,558.66114583812,10353.247595688445
2024-06-12,sh.600575,淮河能源,SELL,3.65340144,251100,917369.101584,536.66092442664,-27383.650182766723
2024-06-12,sh.601919,中远海控,SELL,12.97271921,63900,828956.757519,484.939703148615,-115621.96808445209
2024-06-12,sh.600962,国投中鲁,SELL,11.64,81600,949824.0,555.6470400000001,5892.172800000175
2024-06-19,sz.002197,证通电子,BUY,3.58,1276300,4569154.0,388.37809000000004,0.0
2024-06-20,sz.002197,证通电子,SELL,3.76,1276300,4798888.0,2807.34948,226538.2724299999
2024-06-20,sh.603863,松炀资源,BUY,18.41,130100,2395141.0,203.58698500000003,0.0
2024-06-20,sz.000679,大连友谊,BUY,2.57,932200,2395754.0,203.63909,0.0
2024-06-21,sz.002640,跨境通,BUY,1.52,31500,47880.0,4.0698,0.0
2024-06-21,sh.603959,百利科技,BUY,1.64,29200,47888.0,4.07048,0.0
2024-06-24,sh.603863,松炀资源,SELL,15.64,130100,2034764.0,1190.3369400000001,-361770.923925
2024-06-24,sz.000679,大连友谊,SELL,2.45,932200,2283890.0,1336.07565,-113403.71473999973
2024-06-24,sh.603959,百利科技,SELL,1.7,29200,49640.0,29.0394,1718.8901200000037
2024-06-24,sz.002640,跨境通,SELL,1.31,31500,41265.0,24.140025,-6643.209824999998
2024-06-24,sz.002629,仁智股份,BUY,1.67,517400,864058.0,73.44493,0.0
2024-06-24,sh.600501,航天晨光,BUY,13.27374022,65100,864120.488322,73.45024150737001,0.0
2024-06-24,sh.600589,大位科技,BUY,3.3,261800,863940.0,73.4349,0.0
2024-06-24,sz.000889,中嘉博创,BUY,1.7,508300,864110.0,73.44935000000001,0.0
2024-06-24,sh.601020,华钰矿业,BUY,12.84623751,67200,863267.160672,73.37770865712001,0.0
2024-06-25,sz.002629,仁智股份,SELL,1.49,517400,770926.0,450.99171,-93656.43663999985
2024-06-25,sh.601020,华钰矿业,SELL,12.1397442,67200,815790.81024,477.23762399040004,-48026.965764647466
2024-06-25,sh.600589,大位科技,SELL,3.14,261800,822052.0,480.90042,-42442.33531999984
2024-06-25,sz.000889,中嘉博创,SELL,1.58,508300,803114.0,469.82169,-61539.271039999905
2024-06-25,sh.600501,航天晨光,SELL,12.52746547,65100,815538.0020969999,477.08973122674496,-49133.02619773417
2024-06-25,sh.603863,松炀资源,BUY,17.23,46800,806364.0,68.54094,0.0
2024-06-25,sz.002640,跨境通,BUY,1.22,661000,806420.0,68.54570000000001,0.0
2024-06-25,sh.600881,亚泰集团,BUY,0.83,971500,806345.0,68.539325,0.0
2024-06-25,sz.002229,鸿博股份,BUY,10.86,74200,805812.0,68.49402,0.0
2024-06-25,sz.000679,大连友谊,BUY,2.32,347500,806200.0,68.527,0.0
2024-06-26,sz.000679,大连友谊,SELL,2.34,347500,813150.0,475.69275,6405.780250000069
2024-06-26,sz.002629,仁智股份,BUY,1.48,593000,877640.0,74.5994,0.0
2024-06-27,sz.002229,鸿博股份,SELL,11.19,74200,830298.0,485.72433,23931.781650000135
2024-06-27,sz.002629,仁智股份,SELL,1.6,593000,948800.0,555.048,70530.3526000001
2024-06-27,sh.600881,亚泰集团,SELL,0.85,971500,825775.0,483.078375,18878.382300000056
2024-06-27,sz.002640,跨境通,SELL,1.36,661000,898960.0000000001,525.8916,91945.56270000024
2024-06-27,sh.603959,百利科技,BUY,1.54,559900,862246.0,73.29091000000001,0.0
2024-06-27,sz.000679,大连友谊,BUY,2.47,349100,862277.0000000001,73.29354500000001,0.0
2024-06-27,sz.002269,美邦服饰,BUY,1.01,853700,862237.0,73.29014500000001,0.0
2024-06-27,sh.600518,康美药业,BUY,1.85,466100,862285.0,73.29422500000001,0.0
2024-06-28,sh.603959,百利科技,SELL,1.47,559900,823053.0,481.48600500000003,-39747.77691499982
2024-06-28,sz.000679,大连友谊,SELL,2.41,349100,841331.0,492.178635,-21511.47218000004
2024-06-28,sz.002269,美邦服饰,SELL,1.02,853700,870774.0,509.40279000000004,7954.3070650001755
2024-06-28,sh.600518,康美药业,SELL,1.91,466100,890251.0,520.796835,27371.908939999994
2024-06-28,sz.000882,华联股份,BUY,0.86,995300,855958.0,72.75643000000001,0.0
2024-06-28,sh.600881,亚泰集团,BUY,0.78,1097300,855894.0,72.75099,0.0
2024-06-28,sz.002640,跨境通,BUY,1.35,634000,855900.0,72.75150000000001,0.0
2024-06-28,sz.002229,鸿博股份,BUY,11.05,77400,855270.0,72.69795,0.0
2024-07-01,sz.002229,鸿博股份,SELL,11.02,77400,852948.0,498.97458,-2893.6725299999816
2024-07-01,sh.600881,亚泰集团,SELL,0.94,1097300,1031461.9999999999,603.40527,174891.84374000004
2024-07-01,sz.002197,证通电子,BUY,3.39,282300,956997.0,81.344745,0.0
2024-07-01,sh.603959,百利科技,BUY,1.46,655700,957322.0,81.37237,0.0
2024-07-02,sh.603959,百利科技,SELL,1.51,655700,990107.0,579.212595,32124.41503500007
2024-07-02,sz.002197,证通电子,SELL,3.47,282300,979581.0,573.054885,21929.600370000117
2024-07-02,sh.600881,亚泰集团,BUY,1.03,955100,983753.0,83.619005,0.0
2024-07-02,sz.002622,皓宸医疗,BUY,1.16,848100,983795.9999999999,83.62266,0.0
2024-07-03,sz.000882,华联股份,SELL,1.09,995300,1084877.0,634.653045,228211.590525
2024-07-03,sh.600881,亚泰集团,SELL,1.13,955100,1079263.0,631.368855,94795.01214000012
2024-07-03,sz.002622,皓宸医疗,SELL,1.3,848100,1102530.0,644.98005,118005.39729000034
2024-07-03,sz.002607,中公教育,BUY,1.61,670500,1079505.0,91.757925,0.0
2024-07-03,sh.603879,永悦科技,BUY,2.22,486200,1079364.0,91.74594,0.0
2024-07-03,sh.603959,百利科技,BUY,1.55,696500,1079575.0,91.76387500000001,0.0
2024-07-04,sh.603863,松炀资源,SELL,20.1,46800,940680.0000000001,550.2978,133697.1612600003
2024-07-04,sh.603959,百利科技,SELL,1.62,696500,1128330.0,660.07305,48003.16307500005
2024-07-04,sh.603879,永悦科技,SELL,2.34,486200,1137708.0,665.55918,57586.69488000008
2024-07-04,sz.002640,跨境通,SELL,1.48,634000,938320.0,548.9172,81798.33130000008
2024-07-05,sz.002607,中公教育,SELL,1.56,670500,1045980.0,611.8983000000001,-34228.65622499981
2024-07-05,sh.603863,松炀资源,BUY,19.1,53900,1029490.0000000001,87.50665000000002,0.0
2024-07-05,sz.002640,跨境通,BUY,1.36,757200,1029792.0000000001,87.53232000000001,0.0
2024-07-05,sz.002622,皓宸医疗,BUY,1.23,837200,1029756.0,87.52926000000001,0.0
2024-07-05,sh.600227,赤天化,BUY,1.24,830400,1029696.0,87.52416000000001,0.0
2024-07-05,sh.603959,百利科技,BUY,1.5,686500,1029750.0,87.52875,0.0
2024-07-08,sh.603959,百利科技,SELL,1.54,686500,1057210.0,618.46785,26754.00340000016
2024-07-08,sh.600227,赤天化,SELL,1.27,830400,1054608.0,616.94568,24207.5301600002
2024-07-08,sz.002622,皓宸医疗,SELL,1.28,837200,1071616.0,626.89536,41145.57538000017
2024-07-08,sh.603863,松炀资源,SELL,19.14,53900,1031646.0,603.51291,1464.9804399999557
2024-07-08,sz.002640,跨境通,SELL,1.39,757200,1052508.0,615.71718,22012.750500000082
2024-07-09,sh.603863,松炀资源,BUY,18.61,56500,1051465.0,89.374525,0.0
2024-07-09,sh.603959,百利科技,BUY,1.47,715900,1052373.0,89.451705,0.0
2024-07-09,sz.002622,皓宸医疗,BUY,1.2,877000,1052400.0,89.45400000000001,0.0
2024-07-09,sz.002607,中公教育,BUY,1.48,711100,1052428.0,89.45638000000001,0.0
2024-07-09,sz.002640,跨境通,BUY,1.33,791300,1052429.0,89.45646500000001,0.0
2024-07-10,sz.002640,跨境通,SELL,1.33,791300,1052429.0,615.670965,-705.1274299998768
2024-07-10,sz.002607,中公教育,SELL,1.43,711100,1016873.0,594.870705,-36239.32708499988
2024-07-10,sz.002490,山东墨龙,BUY,1.6,666400,1066240.0,90.63040000000001,0.0
2024-07-10,sz.000506,招金黄金,BUY,0.94,1134400,1066336.0,90.63856000000001,0.0
2024-07-11,sh.603863,松炀资源,SELL,18.5,56500,1045250.0,611.47125,-6915.84577499982
2024-07-11,sh.603959,百利科技,SELL,1.37,715900,980783.0000000001,573.7580550000001,-72253.20975999977
2024-07-11,sz.002490,山东墨龙,SELL,1.66,666400,1106224.0,647.14104,39246.22856000019
2024-07-11,sz.002640,跨境通,BUY,1.29,803700,1036773.0,88.12570500000001,0.0
2024-07-11,sz.002607,中公教育,BUY,1.39,745900,1036800.9999999999,88.128085,0.0
2024-07-11,sz.002629,仁智股份,BUY,1.5,691200,1036800.0,88.128,0.0
2024-07-12,sz.002629,仁智股份,SELL,1.57,691200,1085184.0,634.83264,47661.03936000017
2024-07-12,sz.002607,中公教育,SELL,1.48,745900,1103932.0,645.80022,66397.07169500017
2024-07-12,sh.603863,松炀资源,BUY,18.21,121100,2205231.0,187.444635,0.0
2024-07-16,sh.603863,松炀资源,SELL,17.8,121100,2155580.0,1261.0143,-51099.45893499954
2024-07-16,sz.002640,跨境通,SELL,1.38,803700,1109106.0,648.82701,71596.04728500021
2024-07-16,sz.002622,皓宸医疗,SELL,1.24,877000,1087480.0,636.1758,34354.370200000005
2024-07-17,sh.603863,松炀资源,BUY,17.75,121300,2153075.0,183.01137500000002,0.0
2024-07-17,sz.002052,同洲电子,BUY,1.34,1607200,2153648.0,183.06008,0.0
2024-07-18,sz.002052,同洲电子,SELL,1.42,1607200,2282224.0,1335.10104,127057.83888000017
2024-07-18,sh.603863,松炀资源,SELL,17.09,121300,2073017.0,1212.714945,-81453.72631999967
2024-07-19,sh.600831,广电网络,BUY,1.78,814900,1450522.0,123.29437000000001,0.0
2024-07-19,sz.002607,中公教育,BUY,1.58,918100,1450598.0,123.30083,0.0
2024-07-19,sh.605186,健麾信息,BUY,21.1828287,68400,1448905.4830800002,123.15696606180002,0.0
2024-07-22,sh.605186,健麾信息,SELL,21.1828287,68400,1448905.4830800002,847.6097076018001,-970.7666736633983
2024-07-22,sh.600831,广电网络,SELL,1.8,814900,1466820.0,858.0897,15316.61593000032
2024-07-22,sz.002607,中公教育,SELL,1.53,918100,1404693.0,821.745405,-46850.04623499978
2024-07-23,sz.000506,招金黄金,SELL,1.28,1134400,1452032.0,849.43872,384755.92272000015
2024-07-24,sz.002607,中公教育,BUY,1.45,1980100,2871145.0,244.04732500000003,0.0
2024-07-24,sh.600831,广电网络,BUY,1.95,1472400,2871180.0,244.05030000000002,0.0
2024-07-25,sh.600831,广电网络,SELL,1.9,1472400,2797560.0,1636.5726,-75500.62289999984
2024-07-25,sz.002607,中公教育,SELL,1.42,1980100,2811742.0,1644.86907,-61291.91639499972
2024-07-26,sz.000981,山子高科,BUY,0.77,2427800,1869406.0,158.89951000000002,0.0
2024-07-26,sz.002951,金时科技,BUY,3.59093616,520500,1869082.27128,158.8719930588,0.0
2024-07-26,sz.000921,海信家电,BUY,25.2933905,73900,1869181.55795,158.88043242575,0.0
2024-07-29,sz.002951,金时科技,SELL,3.61793568,520500,1883135.52144,1101.6342800424,12792.74388689897
2024-07-29,sz.000981,山子高科,SELL,0.95,2427800,2306410.0,1349.2498500000002,435495.8506400003
2024-07-29,sz.000921,海信家电,SELL,27.260146,73900,2014524.7894,1178.497001799,144005.85401577526
2024-07-30,sz.002951,金时科技,BUY,3.58193632,863800,3094076.593216,262.99651042336,0.0
2024-07-30,sh.600831,广电网络,BUY,1.85,1672600,3094310.0,263.01635000000005,0.0
2024-07-31,sz.002951,金时科技,SELL,3.74393344,863800,3234009.705472,1891.8956777011201,137778.22006787546
2024-07-31,sh.600831,广电网络,SELL,2.01,1672600,3361925.9999999995,1966.7267099999997,265386.25693999976
2024-07-31,sz.001212,中旗新材,BUY,15.57176064,84500,1315813.7740800001,111.84417079680001,0.0
2024-07-31,sh.605266,健之佳,BUY,19.557164,67300,1316197.1372,111.876756662,0.0
2024-07-31,sh.600398,海澜之家,BUY,5.883768,223700,1316198.9016,111.876906636,0.0
2024-07-31,sh.600817,宇通重工,BUY,10.00366647,131600,1316482.5074520002,111.90101313342002,0.0
2024-07-31,sh.600818,中路股份,BUY,12.11948329,108600,1316175.885294,111.87495024999001,0.0
2024-08-01,sh.600817,宇通重工,SELL,9.84991175,131600,1296248.3863000001,758.3053059855001,-21104.327471118886
2024-08-01,sz.001212,中旗新材,SELL,15.8866308,84500,1342420.3026,785.315877021,25709.368472182192
2024-08-01,sh.600818,中路股份,SELL,12.36926654,108600,1343302.346244,785.8318725527399,26228.754127197433
2024-08-01,sh.605266,健之佳,SELL,20.24404976,67300,1362424.548848,797.0183610760799,45318.51653026207
2024-08-01,sh.600398,海澜之家,SELL,6.137136,223700,1372877.3232,803.133234072,55763.41145929205
2024-08-06,sz.002951,金时科技,BUY,3.70793408,362000,1342272.13696,114.09313164160001,0.0
2024-08-06,sh.600337,美克家居,BUY,1.5810165,849200,1342599.2118,114.120933003,0.0
2024-08-06,sh.600785,新华百货,BUY,9.87475473,135900,1341979.167807,114.068229263595,0.0
2024-08-06,sh.601515,衢州东峰,BUY,2.71,495400,1342534.0,114.11539,0.0
2024-08-06,sh.603883,老百姓,BUY,13.6569216,98300,1342475.39328,114.1104084288,0.0
2024-08-07,sh.603883,老百姓,SELL,13.45352064,98300,1322481.0789120002,773.6514311635201,-20882.07620759192
2024-08-07,sh.600785,新华百货,SELL,10.04952915,135900,1365731.011485,798.952641718725,22838.822807017714
2024-08-07,sz.002951,金时科技,SELL,3.68093456,362000,1332498.31072,779.5115117712,-10667.430883412715
2024-08-07,sh.601515,衢州东峰,SELL,2.68,495400,1327672.0,776.68812,-15752.803509999998
2024-08-07,sh.600337,美克家居,SELL,1.551186,849200,1317267.1512,770.601283452,-26216.782816454768
2024-08-29,sh.600733,北汽蓝谷,BUY,6.36,209500,1332420.0,113.2557,0.0
2024-08-29,sh.600153,建发股份,BUY,6.44305484,206800,1332423.740912,113.25601797752,0.0
2024-08-29,sh.601138,工业富联,BUY,18.533455,71900,1332555.4145,113.2672102325,0.0
2024-08-29,sh.603801,志邦家居,BUY,8.91159434,149500,1332283.3538300002,113.24408507555002,0.0
2024-08-29,sh.605289,罗曼股份,BUY,18.25,73000,1332250.0,113.24125000000001,0.0
2024-08-30,sh.605289,罗曼股份,SELL,18.34,73000,1338820.0,783.2097,5673.549050000031
2024-08-30,sh.600153,建发股份,SELL,6.45218098,206800,1334311.026664,780.57195059844,993.4577834242955
2024-08-30,sh.603801,志邦家居,SELL,8.8550726,149500,1323833.3536999999,774.4425119145,-9337.686726990156
2024-08-30,sh.600733,北汽蓝谷,SELL,6.44,209500,1349180.0,789.2703,15857.474000000162
2024-08-30,sh.601138,工业富联,SELL,18.6114906,71900,1338166.17414,782.8272118719,4714.665217895759
2024-08-30,sh.603665,康隆达,BUY,13.57,98400,1335288.0,113.49948,0.0
2024-08-30,sh.603477,巨星农牧,BUY,17.39266998,76800,1335757.054464,113.53934962944001,0.0
2024-08-30,sh.600719,大连热电,BUY,5.04,265100,1336104.0,113.56884000000001,0.0
2024-08-30,sz.002840,华统股份,BUY,11.4,117200,1336080.0,113.56680000000001,0.0
2024-08-30,sz.002154,报喜鸟,BUY,3.2656208,409100,1335965.46928,113.55706488880001,0.0
2024-09-02,sh.603665,康隆达,SELL,13.8,98400,1357920.0,794.3832,21724.117320000194
2024-09-02,sz.002840,华统股份,SELL,11.41,117200,1337252.0,782.29242,276.1407800000161
2024-09-02,sz.002154,报喜鸟,SELL,3.3525752,409100,1371538.51432,802.3500308772001,34657.13794423407
2024-09-02,sh.600719,大连热电,SELL,5.12,265100,1357312.0,794.02752,20300.40364000015
2024-09-02,sh.603477,巨星农牧,SELL,17.7597714,76800,1363950.4435200002,797.9110094592002,27281.93869691156
2024-09-19,sz.000906,浙商中拓,BUY,4.2468699,319400,1356450.24606,115.2982709151,0.0
2024-09-19,sh.600671,天目药业,BUY,6.18,219500,1356510.0,115.30335000000001,0.0
2024-09-19,sh.603477,巨星农牧,BUY,15.7754394,85900,1355110.24446,115.1843707791,0.0
2024-09-19,sz.002840,华统股份,BUY,9.93,136600,1356438.0,115.29723000000001,0.0
2024-09-19,sh.603018,华设集团,BUY,6.08162632,223000,1356202.66936,115.27722689560001,0.0
2024-09-20,sh.600671,天目药业,SELL,6.6,219500,1448700.0,847.4895,91227.20715000015
2024-09-20,sz.002840,华统股份,SELL,10.16,136600,1387856.0,811.89576,30490.807010000106
2024-09-20,sh.603477,巨星农牧,SELL,15.86473434,85900,1362780.679806,797.2266976865101,6758.024277534569
2024-09-20,sz.000906,浙商中拓,SELL,4.3632225,319400,1393613.2665,815.2637609024999,36232.45840818249
2024-09-20,sh.603018,华设集团,SELL,6.20009956,223000,1382622.20188,808.8339880998001,25495.42130500474
2024-09-24,sz.000906,浙商中拓,BUY,4.3244383,322300,1393766.46409,118.47014944765,0.0
2024-09-24,sh.603172,万丰股份,BUY,11.98864098,116200,1393080.081876,118.41180695946001,0.0
2024-09-24,sh.600106,重庆路桥,BUY,4.5104219,309000,1393720.3671,118.4662312035,0.0
2024-09-24,sh.600133,东湖高新,BUY,8.105262,171900,1393294.5378,118.43003571300001,0.0
2024-09-24,sh.603477,巨星农牧,BUY,15.54724122,89600,1393032.813312,118.40778913152,0.0
2024-09-25,sh.603172,万丰股份,SELL,12.41609667,116200,1442750.433054,844.00900333659,48707.93036770425
2024-09-25,sh.603477,巨星农牧,SELL,16.77752706,89600,1503266.424576,879.41085837696,109235.7926164919
2024-09-25,sh.600133,东湖高新,SELL,8.47859528,171900,1457470.528632,852.6202592497201,63204.94053703733
2024-09-25,sz.000906,浙商中拓,SELL,5.20677885,322300,1678144.823355,981.7147216626751,283278.17439388996
2024-09-25,sh.600106,重庆路桥,SELL,4.768728,309000,1473536.952,862.0191169200001,78836.09955187677
2024-09-27,sh.600611,大众交通,BUY,7.0221918,214700,1507664.57946,128.1514892541,0.0
2024-09-27,sh.600671,天目药业,BUY,6.81,221400,1507734.0,128.15739000000002,0.0
2024-09-27,sh.603883,老百姓,BUY,14.84827008,101500,1507099.4131200002,128.10345011520002,0.0
2024-09-27,sz.002036,联创电子,BUY,7.8,193300,1507740.0,128.1579,0.0
2024-09-27,sz.002520,日发精机,BUY,4.32,349100,1508112.0,128.18952000000002,0.0
2024-09-30,sh.600671,天目药业,SELL,7.0,221400,1549800.0,906.633,41031.20961000025
2024-09-30,sz.002036,联创电子,SELL,8.58,193300,1658514.0,970.23069,149675.61141000013
2024-09-30,sh.603883,老百姓,SELL,16.83385088,101500,1708635.86432,999.5519806272,200408.79576925747
2024-09-30,sh.600611,大众交通,SELL,7.27015055,214700,1560901.323085,913.127274004725,52195.46486174152
2024-09-30,sz.000536,华映科技,BUY,3.11,522300,1624353.0,138.070005,0.0
2024-09-30,sz.000566,海南海药,BUY,3.97,409100,1624127.0,138.05079500000002,0.0
2024-09-30,sh.600198,大唐电信,BUY,7.38,220100,1624338.0,138.06873000000002,0.0
2024-09-30,sz.000062,深圳华强,BUY,26.0555622,62300,1623261.5250600001,137.97722963010003,0.0
2024-10-08,sz.002520,日发精机,SELL,5.43,349100,1895613.0,1108.933605,386263.8768750003
2024-10-08,sh.600198,大唐电信,SELL,8.7,220100,1914869.9999999998,1120.19895,289273.73231999995
2024-10-08,sz.000566,海南海药,SELL,4.75,409100,1943225.0,1136.786625,317823.16258000024
2024-10-08,sz.000536,华映科技,SELL,3.65,522300,1906395.0,1115.2410750000001,280788.6889200001
2024-10-08,sh.600611,大众交通,BUY,8.5099443,224200,1907929.51206,162.17400852510002,0.0
2024-10-08,sz.002425,凯撒文化,BUY,2.22,859600,1908312.0000000002,162.20652000000004,0.0
2024-10-08,sh.603172,万丰股份,BUY,17.17775424,111000,1906730.72064,162.0721112544,0.0
2024-10-08,sh.600187,国中水务,BUY,3.87,493100,1908297.0,162.20524500000002,0.0
2024-10-09,sz.000062,深圳华强,SELL,31.37341996,62300,1954564.063508,1143.41997715218,330021.14124121773
2024-10-09,sh.600611,大众交通,SELL,8.926515,224200,2001324.663,1170.774927855,92062.20200361987
2024-10-09,sh.600187,国中水务,SELL,3.73,493100,1839263.0,1075.968855,-70272.17409999995
2024-10-09,sh.600461,洪城环境,BUY,9.30858244,208700,1942701.1552280001,165.12959819438004,0.0
2024-10-09,sh.603665,康隆达,BUY,15.84,122600,1941984.0,165.06864000000002,0.0
2024-10-09,sz.002128,电投能源,BUY,18.02853271,107700,1941672.9728670001,165.04220269369503,0.0
2024-10-10,sh.600461,洪城环境,SELL,8.75597468,208700,1827371.915716,1069.01257069386,-116563.38168088836
2024-10-10,sh.603665,康隆达,SELL,14.48,122600,1775248.0,1038.52008,-167939.58871999965
2024-10-10,sz.002128,电投能源,SELL,17.42157527,107700,1876303.6565790002,1097.6376390987152,-66631.99612979218
2024-10-10,sh.600611,大众交通,BUY,9.8390032,185800,1828086.79456,155.38737753760003,0.0
2024-10-10,sh.605218,伟时电子,BUY,20.947731,87200,1826642.1432,155.26458217200002,0.0
2024-10-10,sh.600552,凯盛科技,BUY,12.0048858,152300,1828344.10734,155.40924912390003,0.0
2024-10-11,sh.603172,万丰股份,SELL,13.94698449,111000,1548115.27839,905.64743785815,-359683.1617991121
2024-10-11,sh.600552,凯盛科技,SELL,11.6365767,152300,1772250.6314100001,1036.76661937485,-57285.65179849835
2024-10-11,sh.600611,大众交通,SELL,8.4305975,185800,1566405.0155,916.3469340675,-262753.51337160496
2024-10-11,sz.002425,凯撒文化,SELL,1.96,859600,1684816.0,985.6173600000001,-224643.82388000004
2024-10-11,sh.605218,伟时电子,SELL,20.6484777,87200,1800547.25544,1053.3201444324,-27303.472486604238
2024-10-14,sz.002425,凯撒文化,BUY,1.99,4176800,8311832.0,706.50572,0.0
2024-10-15,sz.002425,凯撒文化,SELL,1.98,4176800,8270064.0,4837.98744,-47312.49315999914
2024-12-02,sh.603826,坤彩科技,BUY,22.74,72600,1650924.0,140.32854,0.0
2024-12-02,sz.000526,学大教育,BUY,43.25,38200,1652150.0,140.43275,0.0
2024-12-02,sz.002388,新亚制程,BUY,4.16,397300,1652768.0,140.48528000000002,0.0
2024-12-02,sh.603556,海兴电力,BUY,36.5563208,45200,1652345.70016,140.44938451360002,0.0
2024-12-02,sz.000400,许继电气,BUY,25.25907384,65400,1651943.4291359999,140.41519147656,0.0
2024-12-03,sh.603826,坤彩科技,SELL,22.71,72600,1648746.0,964.5164100000001,-3282.844949999824
2024-12-03,sz.002388,新亚制程,SELL,4.19,397300,1664687.0000000002,973.8418950000001,10804.672825000249
2024-12-03,sh.603556,海兴电力,SELL,36.9065144,45200,1668174.45088,975.8820537647999,14712.419281721814
2024-12-03,sz.000526,学大教育,SELL,44.81,38200,1711742.0,1001.3690700000001,58450.198180000065
2024-12-03,sz.000400,许继电气,SELL,26.06375296,65400,1704569.443584,997.1731244966401,51488.42613202706
2024-12-03,sz.002052,同洲电子,BUY,5.83,1439900,8394617.0,713.542445,0.0
2024-12-04,sz.002052,同洲电子,SELL,6.12,1439900,8812188.0,5155.12998,411702.32757500187
2024-12-04,sh.603018,华设集团,BUY,9.55684136,184100,1759414.494376,149.55023202196,0.0
2024-12-04,sh.603687,大胜达,BUY,8.3792904,210000,1759650.9840000002,149.57033364000003,0.0
2024-12-04,sh.600714,金瑞矿业,BUY,9.80196155,179500,1759452.0982249998,149.553428349125,0.0
2024-12-04,sh.603069,海汽集团,BUY,21.22,82900,1759138.0,149.52673000000001,0.0
2024-12-04,sz.000509,华塑控股,BUY,3.89,452300,1759447.0,149.552995,0.0
2024-12-05,sh.603069,海汽集团,SELL,20.7,82900,1716030.0,1003.87755,-44261.4042799999
2024-12-05,sh.600714,金瑞矿业,SELL,9.61288818,179500,1725513.42831,1009.4253555613501,-35097.64869890991
2024-12-05,sh.603687,大胜达,SELL,7.95288864,210000,1670106.6144,977.0123694240001,-90670.95230306406
2024-12-05,sh.603018,华设集团,SELL,9.2804038,184100,1708522.3395800001,999.4855686543001,-52041.190596675966
2024-12-05,sz.000509,华塑控股,SELL,3.8,452300,1718740.0,1005.4629,-41862.01589499973
2024-12-05,sh.603776,永安行,BUY,17.03839592,501200,8539644.035104,725.86974298384,0.0
2024-12-06,sh.603776,永安行,SELL,18.74322096,501200,9394102.345152,5495.5498719139205,848236.8904331047
2024-12-06,sh.603863,松炀资源,BUY,21.35,87700,1872395.0000000002,159.15357500000002,0.0
2024-12-06,sh.600246,万通发展,BUY,9.74,192400,1873976.0,159.28796,0.0
2024-12-06,sh.603991,至正股份,BUY,59.60302563,31400,1871535.0047819999,159.08047540647,0.0
2024-12-06,sz.002875,安奈儿,BUY,14.5,129200,1873400.0,159.239,0.0
2024-12-06,sh.600611,大众交通,BUY,8.0735369,232100,1873867.91449,159.27877273165,0.0
2024-12-09,sz.002875,安奈儿,SELL,14.51,129200,1874692.0,1096.69482,36.06618000008166
2024-12-09,sh.600611,大众交通,SELL,8.04378185,232100,1866961.7673850001,1092.172633920225,-8157.598511651857
2024-12-09,sh.603991,至正股份,SELL,58.10320113,31400,1824440.515482,1067.29770155697,-48320.86747696297
2024-12-09,sh.600246,万通发展,SELL,9.23,192400,1775852.0,1038.8734200000001,-99322.16137999995
2024-12-09,sh.603863,松炀资源,SELL,20.38,87700,1787326.0,1045.58571,-86273.73928500013
2024-12-09,sh.603160,汇顶科技,BUY,89.31900692,102200,9128402.507224001,775.9142131140402,0.0
2024-12-10,sh.603160,汇顶科技,SELL,98.25289292,102200,10041445.656423999,5874.24570900804,906392.9892778769
2024-12-10,sh.603356,华菱精工,BUY,16.15,620500,10021075.0,851.791375,0.0
2024-12-11,sh.603356,华菱精工,SELL,17.77,620500,11026285.0,6450.376725,997907.8319000024
2024-12-11,sh.603863,松炀资源,BUY,21.19,103800,2199522.0,186.95937,0.0
2024-12-11,sh.600246,万通发展,BUY,8.18,268900,2199602.0,186.96617,0.0
2024-12-11,sz.000062,深圳华强,BUY,25.26339399,87000,2197915.2771300003,186.82279855605003,0.0
2024-12-11,sh.603826,坤彩科技,BUY,22.8,96400,2197920.0,186.8232,0.0
2024-12-11,sz.001205,盛航股份,BUY,18.53171131,118700,2199714.132497,186.97570126224502,0.0
2024-12-12,sz.000062,深圳华强,SELL,25.35155628,87000,2205585.39636,1290.2674568706002,6193.028974573594
2024-12-12,sz.001205,盛航股份,SELL,18.50193352,118700,2196179.508824,1284.7650126620401,-5006.364386923611
2024-12-12,sh.603826,坤彩科技,SELL,22.99,96400,2216236.0,1296.4980600000001,16832.678739999887
2024-12-13,sh.603863,松炀资源,SELL,23.52,103800,2441376.0,1428.20496,240238.8356700004
2024-12-13,sh.600246,万通发展,SELL,8.6,268900,2312540.0,1352.8359,111398.19793000026
2024-12-13,sz.002184,海得控制,BUY,12.26,185300,2271778.0,193.10113,0.0
2024-12-13,sz.002514,宝馨科技,BUY,7.85,289400,2271790.0,193.10215000000002,0.0
2024-12-13,sz.002975,博杰股份,BUY,34.13786673,66500,2270168.137545,192.964291691325,0.0
2024-12-13,sh.600307,酒钢宏兴,BUY,1.87,1215200,2272424.0,193.15604000000002,0.0
2024-12-13,sz.000629,钒钛股份,BUY,3.34,680300,2272202.0,193.13717000000003,0.0
2024-12-16,sz.002975,博杰股份,SELL,33.1329339,66500,2203340.1043499997,1288.9539610447498,-68309.95144773554
2024-12-16,sz.002514,宝馨科技,SELL,7.65,289400,2213910.0,1295.13735,-59368.239499999676
2024-12-16,sz.000629,钒钛股份,SELL,3.22,680300,2190566.0,1281.48111,-83110.61827999959
2024-12-16,sz.002184,海得控制,SELL,11.92,185300,2208776.0,1292.1339600000001,-64487.23508999962
2024-12-16,sh.600307,酒钢宏兴,SELL,1.8,1215200,2187360.0,1279.6056,-86536.76163999969
2024-12-16,sz.000859,国风新材,BUY,6.38,862600,5503388.0,467.78798000000006,0.0
2024-12-16,sh.600715,文投控股,BUY,2.23,2468100,5503863.0,467.82835500000004,0.0
2024-12-17,sz.000859,国风新材,SELL,7.02,862600,6055452.0,3542.43942,548053.7726000007
2024-12-17,sz.002388,新亚制程,BUY,3.89,395200,1537328.0,130.67288000000002,0.0
2024-12-17,sh.603051,鹿山新材,BUY,19.5126279,78800,1537595.0785199997,130.69558167419999,0.0
2024-12-17,sz.002771,真视通,BUY,18.50848056,83000,1536203.8864799999,130.5773303508,0.0
2024-12-17,sh.603863,松炀资源,BUY,24.06,63900,1537434.0,130.68189,0.0
2024-12-18,sh.600715,文投控股,SELL,2.46,2468100,6071526.0,3551.84271,563643.3289350001
2024-12-18,sz.002388,新亚制程,SELL,3.72,395200,1470144.0,860.0342400000001,-68174.70711999969
2024-12-18,sh.603051,鹿山新材,SELL,18.84342225,78800,1484861.6733,868.6440788804999,-53732.7448805545
2024-12-18,sh.603863,松炀资源,SELL,22.92,63900,1464588.0,856.78398,-73833.46586999996
2024-12-18,sz.002771,真视通,SELL,17.86887864,83000,1483116.92712,867.6234023651999,-54085.16009271587
2024-12-19,sh.600246,万通发展,BUY,7.3,324700,2370310.0,201.47635000000002,0.0
2024-12-19,sh.600787,中储股份,BUY,6.89040957,344000,2370300.89208,201.47557582680002,0.0
2024-12-19,sh.600340,华夏幸福,BUY,3.14,754900,2370386.0,201.48281,0.0
2024-12-19,sz.002542,中化岩土,BUY,4.65,509700,2370105.0,201.45892500000002,0.0
2024-12-19,sh.603278,大业股份,BUY,8.45,280500,2370225.0,201.46912500000002,0.0
2024-12-20,sh.600340,华夏幸福,SELL,3.08,754900,2325092.0,1360.17882,-46855.66162999999
2024-12-20,sh.600787,中储股份,SELL,6.90029538,344000,2373701.61072,1388.6154422712002,1810.627621902153
2024-12-20,sh.603278,大业股份,SELL,8.58,280500,2406690.0,1407.91365,34855.61722500017
2024-12-20,sz.002542,中化岩土,SELL,4.62,509700,2354814.0,1377.56619,-16870.025115000084
2024-12-20,sz.000159,国际实业,BUY,6.44,368900,2375716.0,201.93586000000002,0.0
2024-12-20,sh.603863,松炀资源,BUY,22.75,104400,2375100.0,201.88350000000003,0.0
2024-12-20,sz.002244,滨江集团,BUY,8.20136727,289600,2375115.9613920003,201.88485671832004,0.0
2024-12-20,sz.002332,仙琚制药,BUY,10.21415616,232500,2374791.3072,201.85726111200003,0.0
2024-12-23,sh.603863,松炀资源,SELL,23.47,104400,2450268.0,1433.40678,73532.70972000062
2024-12-23,sz.002332,仙琚制药,SELL,10.04168448,232500,2334691.6416,1365.7946103360002,-41667.31747144787
2024-12-23,sz.002244,滨江集团,SELL,8.17161624,289600,2366500.063104,1384.40253691584,-10202.185681634117
2024-12-23,sh.600246,万通发展,SELL,7.33,324700,2380051.0,1392.329835,8147.193815000355
2024-12-23,sz.000826,启迪环境,BUY,2.35,1013400,2381490.0,202.42665000000002,0.0
2024-12-23,sh.603669,灵康药业,BUY,6.22,382900,2381638.0,202.43923,0.0
2024-12-23,sh.600610,中毅达,BUY,4.9,486000,2381400.0,202.419,0.0
2024-12-23,sz.002547,春兴精工,BUY,5.44,437800,2381632.0,202.43872000000002,0.0
2024-12-24,sz.000826,启迪环境,SELL,2.13,1013400,2158542.0,1262.7470700000001,-224413.17371999985
2024-12-24,sh.600610,中毅达,SELL,4.36,486000,2118960.0,1239.5916,-263882.0105999997
2024-12-24,sh.603669,灵康药业,SELL,5.55,382900,2125095.0,1243.180575,-257988.6198049998
2024-12-24,sz.002547,春兴精工,SELL,4.73,437800,2070794.0000000002,1211.4144900000001,-312251.8532099994
2024-12-24,sh.600543,莫高股份,BUY,5.0,424400,2122000.0,180.37,0.0
2024-12-24,sh.600246,万通发展,BUY,7.1,298900,2122190.0,180.38615000000001,0.0
2024-12-24,sz.002583,海能达,BUY,15.72,135000,2122200.0,180.387,0.0
2024-12-24,sh.603863,松炀资源,BUY,22.24,95400,2121696.0,180.34416000000002,0.0
2024-12-25,sz.000159,国际实业,SELL,6.22,368900,2294558.0,1342.31643,-82702.25228999974
2024-12-25,sh.600543,莫高股份,SELL,4.89,424400,2075315.9999999998,1214.0598599999998,-48078.4298599998
2024-12-25,sh.600246,万通发展,SELL,6.88,298900,2056432.0,1203.01272,-67141.39886999968
2024-12-25,sh.603863,松炀资源,SELL,21.44,95400,2045376.0000000002,1196.5449600000002,-77696.88911999972
2024-12-25,sz.002583,海能达,SELL,15.31,135000,2066850.0,1209.10725,-56739.49424999952
2024-12-25,sz.000506,招金黄金,BUY,4.02,2609900,10491797.999999998,891.8028299999999,0.0
2024-12-26,sh.603958,哈森股份,BUY,16.34,12800,209152.0,17.77792,0.0
2024-12-27,sh.603958,哈森股份,SELL,17.97,12800,230016.0,134.55936,20711.662720000022
2024-12-27,sz.000506,招金黄金,SELL,4.43,2609900,11561857.0,6763.686345,1062403.5108250026
2024-12-27,sh.603959,百利科技,BUY,4.05,950900,3851145.0,327.347325,0.0
2024-12-27,sh.603991,至正股份,BUY,45.84463555,84000,3850949.3862,327.33069782700005,0.0
2024-12-27,sz.000159,国际实业,BUY,6.37,604500,3850665.0,327.306525,0.0
2024-12-30,sh.603959,百利科技,SELL,4.25,950900,4041325.0,2364.175125,187488.47755000042
2024-12-30,sh.603991,至正股份,SELL,49.7941734,84000,4182710.5656,2446.885680876,328986.963021297
2024-12-30,sz.000159,国际实业,SELL,6.41,604500,3874845.0,2266.784325,21585.90915000066
2025-01-07,sh.600246,万通发展,BUY,6.56,368300,2416048.0,205.36408,0.0
2025-01-07,sh.600807,济高发展,BUY,2.46,982100,2415966.0,205.35711,0.0
2025-01-07,sz.002379,宏桥控股,BUY,9.87,244700,2415189.0,205.291065,0.0
2025-01-07,sh.603499,翔港科技,BUY,17.01201447,142000,2415706.05474,205.3350146529,0.0
2025-01-07,sz.002861,瀛通通讯,BUY,10.89917768,221600,2415257.773888,205.29691078048,0.0
2025-01-08,sz.002379,宏桥控股,SELL,10.86,244700,2657442.0,1554.60357,240493.10536500067
2025-01-08,sh.600807,济高发展,SELL,2.52,982100,2474892.0,1447.8118200000001,57272.831070000306
2025-01-08,sh.603499,翔港科技,SELL,17.33767101,142000,2461949.28342,1440.2403308007001,44597.653334546834
2025-01-08,sz.002861,瀛通通讯,SELL,11.2270472,221600,2487913.6595199998,1455.4294908191998,70995.15923040081
2025-01-08,sh.600246,万通发展,SELL,6.67,368300,2456561.0,1437.088185,38870.547735000495
2025-01-14,sh.600807,济高发展,BUY,2.71,4621400,12523994.0,1064.5394900000001,0.0
2025-01-15,sh.600807,济高发展,SELL,2.81,4621400,12986134.0,7596.88839,453478.5721199997
2025-02-06,sh.600246,万通发展,BUY,5.21,2489100,12968211.0,1102.297935,0.0
2025-02-07,sh.600246,万通发展,SELL,5.29,2489100,13167339.0,7702.893315,190322.8087500017
2025-04-08,sh.600712,南宁百货,BUY,4.74,555000,2630700.0,223.60950000000003,0.0
2025-04-08,sh.600778,友好集团,BUY,5.43,484500,2630835.0,223.62097500000002,0.0
2025-04-08,sh.600824,益民集团,BUY,3.75221691,701100,2630679.275601,223.60773842608504,0.0
2025-04-08,sz.000759,中百集团,BUY,6.85,384000,2630400.0,223.584,0.0
2025-04-08,sz.000882,华联股份,BUY,2.01,1308900,2630888.9999999995,223.62556499999997,0.0
2025-04-09,sh.600778,友好集团,SELL,6.16,484500,2984520.0,1745.9442000000001,351715.43482500035
2025-04-09,sh.600712,南宁百货,SELL,5.03,555000,2791650.0,1633.11525,159093.2752500004
2025-04-09,sz.000759,中百集团,SELL,7.62,384000,2926080.0,1711.7568,293744.6592000001
2025-04-09,sz.000882,华联股份,SELL,2.19,1308900,2866491.0,1676.8972350000001,233701.47720000055
2025-04-09,sh.600824,益民集团,SELL,3.93136785,701100,2756281.999635,1612.424969786475,123766.69132578745
2025-04-09,sh.600000,浦发银行,BUY,9.89007773,289000,2858232.46397,242.94975943745,0.0
2025-04-09,sz.000921,海信家电,BUY,23.6946906,120600,2857579.68636,242.89427334060002,0.0
2025-04-09,sz.000923,河钢资源,BUY,12.3837506,230800,2858169.63848,242.94441927080004,0.0
2025-04-09,sz.000925,众合科技,BUY,6.98,409500,2858310.0,242.95635000000001,0.0
2025-04-09,sz.000926,福星股份,BUY,2.02,1415200,2858704.0,242.98984000000002,0.0
2025-04-10,sh.600000,浦发银行,SELL,9.88037206,289000,2855427.5253399997,1670.4251023238999,-4718.313491761219
2025-04-10,sz.000926,福星股份,SELL,2.12,1415200,3000224.0,1755.13104,139521.87912000064
2025-04-10,sz.000923,河钢资源,SELL,12.95234304,230800,2989400.773632,1748.7994525747201,129239.3912801547
2025-04-10,sz.000925,众合科技,SELL,7.33,409500,3001635.0,1755.956475,141326.08717500046
2025-04-10,sz.000921,海信家电,SELL,24.75095994,120600,2984965.7687640004,1746.2049747269402,125396.98315593321
2025-04-10,sh.600593,大连圣亚,BUY,35.1,84400,2962440.0,251.80740000000003,0.0
2025-04-10,sh.603569,长久物流,BUY,8.01026776,369800,2962197.017648,251.78674650008,0.0
2025-04-10,sz.000969,安泰科技,BUY,11.2753188,262700,2962026.2487600003,251.77223114460006,0.0
2025-04-10,sz.000973,佛塑科技,BUY,5.971608,496100,2962514.7287999997,251.813751948,0.0
2025-04-10,sz.000975,山金国际,BUY,18.8000529,157500,2961008.33175,251.68570819875,0.0
2025-04-11,sh.600593,大连圣亚,SELL,36.28,84400,3062032.0,1791.28872,97548.90388000011
2025-04-11,sh.603569,长久物流,SELL,7.9527778,369800,2940937.23044,1720.4482798074,-23232.02223430667
2025-04-11,sz.000973,佛塑科技,SELL,5.93179728,496100,2942764.630608,1721.51730890568,-21723.42925285315
2025-04-11,sz.000975,山金国际,SELL,20.05666218,157500,3158924.29335,1847.97071160975,195816.305180192
2025-04-11,sz.000969,安泰科技,SELL,10.9306584,262700,2871483.96168,1679.8181175828001,-92473.87742872722
2025-05-20,sh.603800,洪田股份,BUY,22.68077244,659800,14964773.655911999,1272.00576075252,0.0
2025-05-21,sh.603800,洪田股份,SELL,22.1227218,659800,14596571.84364,8538.9945285294,-378012.812561281
2025-05-29,sh.603800,洪田股份,BUY,23.82676929,122500,2918779.2380250003,248.09623523212505,0.0
2025-05-29,sz.002042,华孚时尚,BUY,4.78,610700,2919146.0,248.12741000000003,0.0
2025-05-29,sz.002851,麦格米特,BUY,44.44564347,65600,2915634.211632,247.82890798872,0.0
2025-05-29,sh.600126,杭钢股份,BUY,9.11,320400,2918844.0,248.10174,0.0
2025-05-29,sz.002992,宝明科技,BUY,52.72,55300,2915416.0,247.81036000000003,0.0
2025-05-30,sh.603800,洪田股份,SELL,23.90649081,122500,2928545.124225,1713.198897671625,7804.5910670962185
2025-05-30,sz.002851,麦格米特,SELL,43.97611206,65600,2884832.951136,1687.6272764145601,-32736.716680402867
2025-05-30,sz.002992,宝明科技,SELL,52.95,55300,2928135.0,1712.958975,10758.230665000621
2025-05-30,sh.600126,杭钢股份,SELL,9.15,320400,2931660.0,1715.0211000000002,10852.87716000015
2025-05-30,sz.002042,华孚时尚,SELL,4.79,610700,2925253.0,1711.273005,4147.599585000426
2025-06-03,sz.002042,华孚时尚,BUY,4.66,783100,3649246.0,310.18591000000004,0.0
2025-06-03,sz.000096,广聚能源,BUY,14.2717638,255600,3647862.8272800003,310.06834031880004,0.0
2025-06-03,sh.600126,杭钢股份,BUY,8.69,419900,3648931.0,310.15913500000005,0.0
2025-06-03,sz.002992,宝明科技,BUY,53.13,68600,3644718.0,309.80103,0.0
2025-06-04,sz.000096,广聚能源,SELL,13.93361748,255600,3561432.627888,2083.43808731448,-88823.70581963286
2025-06-04,sz.002992,宝明科技,SELL,52.41,68600,3595325.9999999995,2103.2657099999997,-51805.066740000155
2025-06-04,sh.600126,杭钢股份,SELL,8.95,419900,3758104.9999999995,2198.4914249999997,106665.34944000002
2025-06-04,sz.002042,华孚时尚,SELL,4.67,783100,3657077.0,2139.390045,5381.424045000691
2025-06-04,sz.000889,中嘉博创,BUY,2.97,981000,2913570.0,247.65345000000002,0.0
2025-06-04,sz.002826,易明医药,BUY,13.343653,218300,2912919.4499,247.5981532415,0.0
2025-06-04,sh.603959,百利科技,BUY,4.56,638900,2913383.9999999995,247.63763999999998,0.0
2025-06-04,sh.603529,爱玛科技,BUY,35.61829718,81800,2913576.709324,247.65402029254003,0.0
2025-06-04,sz.000564,供销大集,BUY,2.44,1194100,2913604.0,247.65634000000003,0.0
2025-06-05,sz.000564,供销大集,SELL,2.45,1194100,2925545.0,1711.443825,9981.89983500028
2025-06-05,sh.603529,爱玛科技,SELL,35.26076137,81800,2884330.280066,1687.33321383861,-31181.416492131073
2025-06-05,sz.000889,中嘉博创,SELL,3.27,981000,3207870.0,1876.60395,292175.74260000046
2025-06-05,sz.002826,易明医药,SELL,14.6780183,218300,3204211.39489,1874.46366601065,289169.8831707486
2025-06-05,sh.603959,百利科技,SELL,4.78,638900,3053942.0,1786.55607,138523.80629000068
2025-06-11,sz.000096,广聚能源,BUY,13.675035,557700,7626567.0194999995,648.2581966575,0.0
2025-06-11,sh.600126,杭钢股份,BUY,9.0,847400,7626600.0,648.2610000000001,0.0
2025-06-12,sh.600126,杭钢股份,SELL,8.92,847400,7558808.0,4421.90268,-72862.1636799993
2025-06-12,sz.000096,广聚能源,SELL,13.73470788,557700,7659846.584676,4481.01025203546,28150.296727309003
2025-06-13,sz.002480,新筑股份,BUY,6.73,452000,3041960.0,258.5666,0.0
2025-06-13,sh.603238,诺邦股份,BUY,19.17,158600,3040362.0000000005,258.43077000000005,0.0
2025-06-13,sz.002554,惠博普,BUY,2.88,1056200,3041856.0,258.55776000000003,0.0
2025-06-13,sz.002565,顺灏股份,BUY,5.17921614,587300,3041753.639022,258.54905931687006,0.0
2025-06-13,sz.002376,新北洋,BUY,9.4,323600,3041840.0,258.5564,0.0
2025-06-16,sh.603238,诺邦股份,SELL,18.88,158600,2994368.0,1751.7052800000001,-48004.136049999855
2025-06-16,sz.002565,顺灏股份,SELL,4.87163817,587300,2861113.097241,1673.7511618859849,-182572.84200220276
2025-06-16,sz.002376,新北洋,SELL,7.81,323600,2527316.0,1478.4798600000001,-516261.0362599995
2025-06-16,sz.002480,新筑股份,SELL,6.2,452000,2802400.0,1639.404,-241457.97059999965
2025-06-16,sz.002554,惠博普,SELL,2.99,1056200,3158038.0,1847.45223,114075.9900100003
2025-06-16,sz.000096,广聚能源,BUY,14.5204008,197600,2869231.19808,243.88465183680003,0.0
2025-06-16,sh.600126,杭钢股份,BUY,8.6,333700,2869820.0,243.93470000000002,0.0
2025-06-16,sh.603915,国茂股份,BUY,12.88015784,222800,2869699.1667520003,243.92442917392006,0.0
2025-06-16,sz.002865,钧达股份,BUY,35.95,79800,2868810.0,243.84885000000003,0.0
2025-06-16,sz.002896,中大力德,BUY,55.1168863,52000,2866078.0875999997,243.616637446,0.0
2025-06-17,sz.002896,中大力德,SELL,55.5768325,52000,2889995.29,1690.6472446500002,21982.93851790484
2025-06-17,sz.002865,钧达股份,SELL,36.6,79800,2920680.0,1708.5978,49917.55335000018
2025-06-17,sh.603915,国茂股份,SELL,13.7434658,222800,3062044.1802399997,1791.2958454404,190309.79321338516
2025-06-17,sz.000096,广聚能源,SELL,14.10269064,197600,2786691.670464,1630.2146272214402,-84413.6268950575
2025-06-17,sh.600126,杭钢股份,SELL,8.76,333700,2923212.0,1710.0790200000001,51437.9862800003
2025-06-17,sh.600960,渤海汽车,BUY,5.05,2886700,14577835.0,1239.1159750000002,0.0
2025-06-18,sh.600960,渤海汽车,SELL,5.56,2886700,16050051.999999998,9389.28042,1461588.6036050003
2025-06-23,sz.002865,钧达股份,BUY,35.78,89400,3198732.0,271.89222,0.0
2025-06-23,sh.603198,迎驾贡酒,BUY,39.2,81600,3198720.0,271.8912,0.0
2025-06-23,sz.001256,炜冈科技,BUY,20.19,158500,3200115.0,272.00977500000005,0.0
2025-06-23,sz.000785,居然智家,BUY,2.89,1107900,3201831.0,272.155635,0.0
2025-06-23,sh.603800,洪田股份,BUY,23.69722182,135100,3201494.667882,272.12704676997004,0.0
2025-06-24,sz.001256,炜冈科技,SELL,20.5,158500,3249250.0,1900.81125,46962.17897500051
2025-06-24,sz.002865,钧达股份,SELL,36.19,89400,3235386.0,1892.70081,34489.40697000036
2025-06-24,sh.603800,洪田股份,SELL,23.7171522,135100,3204187.26222,1874.4495483987,546.0177428317256
2025-06-24,sz.000096,广聚能源,BUY,13.31699772,245700,3271986.3398039998,278.11883888334,0.0
2025-06-24,sh.605117,德业股份,BUY,51.8451945,63100,3271431.7729499997,278.07170070075,0.0
2025-06-24,sh.603039,泛微网络,BUY,53.46287338,61200,3271927.850856,278.11386732276003,0.0
2025-06-25,sh.605117,德业股份,SELL,52.0029585,63100,3281386.6813499997,1919.6112085897498,7757.225490709767
2025-06-25,sh.603039,泛微网络,SELL,54.59145636,61200,3340997.129232,1954.4833206007202,66836.68118807673
2025-06-25,sh.603198,迎驾贡酒,SELL,38.99,81600,3181584.0,1861.22664,-19269.117839999497
2025-06-25,sz.000785,居然智家,SELL,3.01,1107900,3334778.9999999995,1950.8457149999997,130724.99864999996
2025-06-25,sz.000096,广聚能源,SELL,13.0783062,245700,3213339.83334,1879.8038025039,-60804.4291053866
2025-06-26,sh.603198,迎驾贡酒,BUY,39.2,82700,3241840.0000000005,275.55640000000005,0.0
2025-06-26,sh.600707,彩虹股份,BUY,6.41,505800,3242178.0,275.58513,0.0
2025-06-26,sh.603728,鸣志电器,BUY,58.09,55800,3241422.0,275.52087,0.0
2025-06-26,sz.002865,钧达股份,BUY,37.52,86400,3241728.0000000005,275.54688000000004,0.0
2025-06-26,sz.003021,兆威机电,BUY,110.36,29300,3233548.0,274.85158,0.0
2025-06-27,sh.600707,彩虹股份,SELL,6.42,505800,3247236.0,1899.6330600000001,2882.781810000539
2025-06-27,sz.003021,兆威机电,SELL,106.9,29300,3132170.0,1832.31945,-103485.17102999939
2025-06-27,sh.603198,迎驾贡酒,SELL,38.9,82700,3217030.0,1881.96255,-26967.51894999994
2025-06-27,sh.603728,鸣志电器,SELL,56.98,55800,3179484.0,1859.9981400000001,-64073.519009999465
2025-06-27,sz.000096,广聚能源,BUY,12.9788514,247400,3210967.83636,272.9322660906,0.0
2025-06-27,sz.000785,居然智家,BUY,3.01,1067100,3211971.0,273.017535,0.0
2025-06-27,sh.603369,今世缘,BUY,38.94,82400,3208656.0,272.73576,0.0
2025-06-27,sh.603193,润本股份,BUY,31.0824024,103300,3210812.16792,272.9190342732,0.0
2025-06-30,sz.002865,钧达股份,SELL,38.41,86400,3318623.9999999995,1941.3950399999999,74679.0580799994
2025-06-30,sh.603369,今世缘,SELL,38.68,82400,3187232.0,1864.53072,-23561.26647999976
2025-06-30,sh.605198,安德利,BUY,40.0860876,82700,3315119.44452,281.7851527842,0.0
2025-06-30,sz.002042,华孚时尚,BUY,4.63,716300,3316469.0,281.89986500000003,0.0
2025-07-01,sh.603193,润本股份,SELL,31.1817072,103300,3221070.3537600003,1884.3261569496003,8100.940648777876
2025-07-01,sh.605198,安德利,SELL,40.15571604,82700,3320877.716508,1942.7134641571802,3533.7733710594475
2025-07-01,sz.000785,居然智家,SELL,3.05,1067100,3254655.0,1903.973175,40507.009290000424
2025-07-01,sz.000096,广聚能源,SELL,13.05841524,247400,3230651.9303760002,1889.9313792699602,17521.23037064029
2025-07-01,sz.002042,华孚时尚,SELL,4.56,716300,3266327.9999999995,1910.8018799999998,-52333.7017450002
2025-07-01,sz.000633,合金投资,BUY,6.77,2377000,16092289.999999998,1367.84465,0.0
2025-07-02,sz.000633,合金投资,SELL,6.98,2377000,16591460.000000002,9706.004100000002,488096.15125000477
2025-07-03,sz.000096,广聚能源,BUY,13.00868784,254700,3313312.7928480003,281.63158739208006,0.0
2025-07-03,sh.600215,派斯林,BUY,7.37,449600,3313552.0,281.65192,0.0
2025-07-03,sh.600126,杭钢股份,BUY,8.81,376100,3313441.0,281.642485,0.0
2025-07-03,sz.002042,华孚时尚,BUY,4.48,739700,3313856.0000000005,281.67776000000003,0.0
2025-07-03,sh.605198,安德利,BUY,40.06619376,82700,3313474.2239519996,281.64530903592,0.0
2025-07-04,sh.605198,安德利,SELL,40.04629992,82700,3311829.003384,1937.41996697964,-3864.285844014492
2025-07-04,sh.600215,派斯林,SELL,7.37,449600,3313552.0,1938.42792,-2220.0798399997875
2025-07-04,sz.000096,广聚能源,SELL,12.88934208,254700,3282915.427776,1920.50552524896,-32599.502184641082
2025-07-04,sh.600126,杭钢股份,SELL,8.87,376100,3336006.9999999995,1951.5640949999997,20332.79342
2025-07-04,sz.002042,华孚时尚,SELL,4.54,739700,3358238.0,1964.56923,42135.7530100001
2025-07-04,sh.603619,中曼石油,BUY,19.38944112,171100,3317533.375632,281.99033692872,0.0
2025-07-04,sh.605151,西上海,BUY,19.28,172100,3318088.0,282.03748,0.0
2025-07-04,sh.600759,洲际油气,BUY,2.34,1418300,3318822.0,282.09987,0.0
2025-07-04,sh.600714,金瑞矿业,BUY,11.97125574,277200,3318432.091128,282.06672774588003,0.0
2025-07-04,sh.600367,红星发展,BUY,15.3745592,215800,3317829.87536,282.0155394056,0.0
2025-07-07,sh.603619,中曼石油,SELL,19.13585688,171100,3274145.1121679996,1915.3748906182798,-45585.62869154755
2025-07-07,sh.600759,洲际油气,SELL,2.34,1418300,3318822.0,1941.51087,-2223.6107399994507
2025-07-07,sh.600367,红星发展,SELL,15.06507132,215800,3251042.3908559997,1901.8597986507598,-68971.35984205641
2025-07-07,sh.605151,西上海,SELL,18.33,172100,3154592.9999999995,1845.4369049999998,-165622.47438499983
2025-07-07,sh.600714,金瑞矿业,SELL,11.65228806,277200,3230014.250232,1889.55833638572,-90589.46596013103
2025-07-07,sh.600962,国投中鲁,BUY,14.77,219700,3244969.0,275.82236500000005,0.0
2025-07-07,sh.605198,安德利,BUY,39.67826388,81800,3245681.9853840005,275.88296875764007,0.0
2025-07-07,sh.603369,今世缘,BUY,38.84,83500,3243140.0000000005,275.66690000000006,0.0
2025-07-07,sz.000096,广聚能源,BUY,12.79983276,253500,3244757.6046599997,275.8043963961,0.0
2025-07-07,sh.603009,北特科技,BUY,39.17,82800,3243276.0,275.67846000000003,0.0
2025-07-08,sh.600962,国投中鲁,SELL,16.25,219700,3570125.0,2088.523125,322791.6545100007
2025-07-08,sh.603009,北特科技,SELL,37.6,82800,3113280.0,1821.2688,-132092.9472599998
2025-07-08,sz.002042,华孚时尚,BUY,4.54,757200,3437688.0,292.20348,0.0
2025-07-08,sh.600576,祥源文旅,BUY,7.93,433500,3437655.0,292.20067500000005,0.0
2025-07-09,sh.605198,安德利,SELL,39.7379454,81800,3250563.93372,1901.5799012262,2704.485466015991
2025-07-09,sh.600576,祥源文旅,SELL,7.93,433500,3437655.0,2011.0281750000001,-2303.2288499996066
2025-07-09,sz.002042,华孚时尚,SELL,4.53,757200,3430116.0,2006.61786,-9870.821339999791
2025-07-09,sh.600126,杭钢股份,BUY,9.58,524400,5023752.0,427.01892000000004,0.0
2025-07-09,sz.000785,居然智家,BUY,3.05,1647100,5023655.0,427.01067500000005,0.0
2025-07-10,sz.000785,居然智家,SELL,3.04,1647100,5007184.0,2929.20264,-19827.213314998895
2025-07-10,sh.600126,杭钢股份,SELL,9.39,524400,4924116.0,2880.60786,-102943.62677999958
2025-07-10,sh.603369,今世缘,SELL,38.8,83500,3239799.9999999995,1895.2829999999997,-5510.949900000356
2025-07-10,sh.605198,安德利,BUY,40.14576912,81500,3271880.1832799995,278.10981557879995,0.0
2025-07-10,sz.002847,盐津铺子,BUY,78.540062,41600,3267266.5792,277.717659232,0.0
2025-07-10,sh.600576,祥源文旅,BUY,8.03,407800,3274633.9999999995,278.34389,0.0
2025-07-10,sh.603193,润本股份,BUY,29.61269136,110500,3272202.39528,278.1372035988,0.0
2025-07-11,sz.002847,盐津铺子,SELL,73.53934666,41600,3059236.8210560004,1789.6535403177602,-210097.12934354926
2025-07-11,sz.001212,中旗新材,BUY,35.94,91000,3270540.0,277.9959,0.0
2025-07-14,sh.605198,安德利,SELL,42.23462232,81500,3442121.71908,2013.6412056618,167949.78477876028
2025-07-14,sz.001212,中旗新材,SELL,36.66,91000,3336059.9999999995,1951.5950999999998,63290.408999999985
2025-07-14,sz.003006,百亚股份,BUY,25.78,130000,3351400.0,284.869,0.0
2025-07-14,sh.603039,泛微网络,BUY,54.5814689,61400,3351302.1904599997,284.8606861891,0.0
2025-07-15,sh.603193,润本股份,SELL,28.85797488,110500,3188806.22424,1865.4516411804,-85539.75988477888
2025-07-15,sh.603039,泛微网络,SELL,53.62267274,61400,3292432.106236,1926.07278214806,-61081.01769233635
2025-07-15,sz.003006,百亚股份,SELL,25.5,130000,3315000.0,1939.275,-38624.14399999939
2025-07-15,sz.000096,广聚能源,SELL,12.58,253500,3189030.0,1865.58255,-57868.991606395226
2025-07-15,sh.600576,祥源文旅,SELL,7.91,407800,3225698.0,1887.03333,-51101.37721999921
2025-07-15,sz.000545,金浦钛业,BUY,3.05,1050000,3202500.0,272.21250000000003,0.0
2025-07-15,sh.603758,秦安股份,BUY,13.87,230900,3202583.0,272.219555,0.0
2025-07-15,sz.002549,凯美特气,BUY,11.5,278400,3201600.0,272.136,0.0
2025-07-15,sz.000601,韶能股份,BUY,5.91,541800,3202038.0,272.17323000000005,0.0
2025-07-15,sz.002052,同洲电子,BUY,11.5,278400,3201600.0,272.136,0.0
2025-07-16,sz.000545,金浦钛业,SELL,3.3,1050000,3465000.0,2027.025,260200.76250000065
2025-07-16,sz.002052,同洲电子,SELL,11.28,278400,3140352.0,1837.10592,-63357.24191999948
2025-07-16,sz.000601,韶能股份,SELL,5.6,541800,3034080.0,1774.9368,-170005.11002999963
2025-07-16,sh.603758,秦安股份,SELL,13.7,230900,3163330.0,1850.54805,-41375.76760499971
2025-07-16,sz.002549,凯美特气,SELL,11.15,278400,3104160.0,1815.9336,-99528.06959999958
2025-07-16,sz.000096,广聚能源,BUY,12.3,258500,3179550.0,270.26175,0.0
2025-07-16,sh.605198,安德利,BUY,42.27441,75200,3179035.632,270.21802872000006,0.0
2025-07-16,sh.600576,祥源文旅,BUY,7.67,414600,3179982.0,270.29847,0.0
2025-07-16,sh.603193,润本股份,BUY,28.301868,112300,3178299.7764,270.155480994,0.0
2025-07-16,sz.000659,珠海中富,BUY,2.72,1169200,3180224.0,270.31904000000003,0.0
2025-07-17,sh.605198,安德利,SELL,42.025737,75200,3160335.4224,1848.796222104,-20819.22385082394
2025-07-17,sh.603193,润本股份,SELL,28.71894816,112300,3225137.878368,1886.7056588452801,44681.24082816159
2025-07-17,sz.001212,中旗新材,BUY,36.99,88800,3284712.0,279.20052000000004,0.0
2025-07-17,sz.003006,百亚股份,BUY,25.08,131000,3285480.0,279.2658,0.0
2025-07-18,sz.001212,中旗新材,SELL,38.0,88800,3374400.0,1974.0240000000001,87434.7754800003
2025-07-18,sz.003006,百亚股份,SELL,24.9,131000,3261900.0,1908.2115000000001,-25767.47729999991
2025-07-18,sz.000096,广聚能源,SELL,12.46,258500,3220910.0,1884.23235,39205.50590000022
2025-07-18,sz.000659,珠海中富,SELL,2.73,1169200,3191916.0,1867.27086,9554.410100000445
2025-07-18,sh.600576,祥源文旅,SELL,7.76,414600,3217296.0,1882.11816,35161.583370000124
2025-07-21,sz.000096,广聚能源,BUY,12.42,258700,3213054.0,273.10959,0.0
2025-07-21,sh.605336,帅丰电器,BUY,16.95,189500,3212025.0,273.022125,0.0
2025-07-21,sh.600576,祥源文旅,BUY,7.79,412500,3213375.0,273.13687500000003,0.0
2025-07-21,sh.603193,润本股份,BUY,28.24228512,113700,3211147.8181439997,272.94756454224,0.0
2025-07-21,sz.001212,中旗新材,BUY,38.58,83200,3209856.0,272.83776,0.0
2025-07-22,sh.603193,润本股份,SELL,29.06651496,113700,3304862.750952,1933.3447093069199,91508.64053415135
2025-07-22,sz.001212,中旗新材,SELL,38.96,83200,3241472.0,1896.2611200000001,29446.90112000052
2025-07-22,sz.002017,东信和平,BUY,22.02,153000,3369060.0,286.37010000000004,0.0
2025-07-22,sz.000659,珠海中富,BUY,2.74,1229800,3369652.0000000005,286.42042000000004,0.0
2025-07-23,sh.605336,帅丰电器,SELL,16.63,189500,3151385.0,1843.560225,-62756.58234999981
2025-07-23,sz.002017,东信和平,SELL,23.6,153000,3610800.0,2112.318,239341.31190000055
2025-07-23,sz.000096,广聚能源,SELL,12.51,258700,3236337.0,1893.257145,21116.633265000302
2025-07-23,sz.000659,珠海中富,SELL,2.7,1229800,3320460.0,1942.4691,-51420.8895200002
2025-07-23,sh.600576,祥源文旅,SELL,7.95,412500,3279375.0,1918.434375,63808.42874999996
2025-07-24,sh.605336,帅丰电器,BUY,16.62,197200,3277464.0,278.58444000000003,0.0
2025-07-24,sz.000096,广聚能源,BUY,12.36,265200,3277872.0,278.61912,0.0
2025-07-24,sz.002360,同德化工,BUY,5.66,579200,3278272.0,278.65312,0.0
2025-07-24,sh.600376,首开股份,BUY,2.8,1170800,3278240.0,278.65040000000005,0.0
2025-07-24,sz.000789,万年青,BUY,6.5,504300,3277950.0,278.62575000000004,0.0
2025-07-25,sh.600376,首开股份,SELL,2.76,1170800,3231407.9999999995,1890.3736799999997,-49001.02408000035
2025-07-25,sh.605336,帅丰电器,SELL,16.73,197200,3299156.0,1930.00626,19483.409300000407
2025-07-25,sz.002360,同德化工,SELL,5.7,579200,3301440.0,1931.3424,20958.004480000585
2025-07-25,sz.000789,万年青,SELL,6.39,504300,3222477.0,1885.1490450000001,-57636.77479499951
2025-07-25,sz.000096,广聚能源,SELL,12.54,265200,3325608.0,1945.4806800000001,45511.9002000005
2025-07-29,sh.600579,中化装备,BUY,9.2,1779500,16371399.999999998,1391.569,0.0
2025-07-30,sh.600579,中化装备,SELL,10.12,1779500,18008540.0,10534.9959,1625213.4351000022
2025-08-01,sz.002365,永安药业,BUY,19.59,183400,3592806.0,305.38851,0.0
2025-08-01,sh.600610,中毅达,BUY,12.5,287400,3592500.0,305.3625,0.0
2025-08-01,sh.603332,苏州龙杰,BUY,14.1,254800,3592680.0,305.37780000000004,0.0
2025-08-01,sh.605336,帅丰电器,BUY,15.94,225300,3591282.0,305.25897000000003,0.0
2025-08-01,sz.000096,广聚能源,BUY,12.11,296600,3591826.0,305.30521000000005,0.0
2025-08-04,sh.605336,帅丰电器,SELL,15.84,225300,3568752.0,2087.71992,-24922.978889999446
2025-08-04,sh.600610,中毅达,SELL,12.26,287400,3523524.0,2061.26154,-71342.62403999968
2025-08-04,sz.000096,广聚能源,SELL,12.0,296600,3559200.0,2082.132,-35013.437209999654
2025-08-04,sz.002365,永安药业,SELL,19.49,183400,3574465.9999999995,2091.06261,-20736.451119999867
2025-08-04,sh.603332,苏州龙杰,SELL,13.88,254800,3536624.0,2068.92504,-58430.30283999955
2025-08-05,sh.600000,浦发银行,BUY,13.15,270000,3550500.0,301.7925,0.0
2025-08-05,sz.000637,茂化实华,BUY,4.23,839600,3551508.0000000005,301.87818000000004,0.0
2025-08-05,sz.000650,仁和药业,BUY,5.96,595900,3551564.0,301.88294,0.0
2025-08-05,sz.000651,格力电器,BUY,43.12417525,82300,3549119.623075,301.675167961375,0.0
2025-08-05,sz.000663,永安林业,BUY,7.02,505900,3551418.0,301.87053000000003,0.0
2025-08-06,sz.000651,格力电器,SELL,43.7502467,82300,3600645.3034099997,2106.37750249485,49117.62766454369
2025-08-06,sz.000637,茂化实华,SELL,4.26,839600,3576696.0,2092.3671600000002,22793.754660000093
2025-08-06,sh.600000,浦发银行,SELL,13.75,270000,3712500.0,2171.8125,159526.39500000048
2025-08-06,sz.000650,仁和药业,SELL,5.92,595900,3527728.0,2063.72088,-26201.603819999378
2025-08-06,sz.000663,永安林业,SELL,7.15,505900,3617185.0,2116.053225,63349.076245000586
2025-08-13,sh.600208,衢州发展,BUY,4.53,3978100,18020793.0,1531.767405,0.0
2025-08-14,sh.600208,衢州发展,SELL,4.98,3978100,19810938.0,11589.39873,1777023.8338650018
2025-08-15,sh.603121,华培动力,BUY,18.32,215700,3951624.0,335.88804000000005,0.0
2025-08-15,sh.600439,瑞贝卡,BUY,3.08,1283200,3952256.0,335.94176000000004,0.0
2025-08-15,sh.605336,帅丰电器,BUY,15.86,249200,3952312.0,335.94652,0.0
2025-08-15,sh.603819,神力股份,BUY,12.0,329300,3951600.0,335.886,0.0
2025-08-15,sh.603392,万泰生物,BUY,54.25,72800,3949400.0,335.699,0.0
2025-08-18,sh.605336,帅丰电器,SELL,15.95,249200,3974740.0,2325.2229,19766.8305800003
2025-08-18,sh.600439,瑞贝卡,SELL,3.11,1283200,3990752.0,2334.58992,35825.46832000045
2025-08-18,sh.603121,华培动力,SELL,18.27,215700,3940839.0,2305.390815,-13426.278854999691
2025-08-18,sh.603392,万泰生物,SELL,54.8,72800,3989440.0,2333.8224,37370.4786000005
2025-08-18,sh.603819,神力股份,SELL,12.3,329300,4050390.0000000005,2369.4781500000004,96084.63585000113
2025-11-24,sz.000753,漳州发展,BUY,8.14,489700,3986158.0000000005,338.8234300000001,0.0
2025-11-24,sz.001309,德明利,BUY,219.31,18100,3969511.0,337.408435,0.0
2025-11-24,sz.002136,安纳达,BUY,12.44,320400,3985776.0,338.79096000000004,0.0
2025-11-24,sh.600104,上汽集团,BUY,14.9,267500,3985750.0,338.78875000000005,0.0
2025-11-24,sz.002015,协鑫能科,BUY,9.94,401100,3986934.0,338.88939000000005,0.0
2025-11-25,sz.002015,协鑫能科,SELL,10.08,401100,4043088.0,2365.2064800000003,53449.904130000155
2025-11-25,sz.000753,漳州发展,SELL,8.01,489700,3922497.0,2294.660745,-66294.48417499987
2025-11-25,sz.001309,德明利,SELL,230.05,18100,4163905.0,2435.884425,191620.70714000054
2025-11-25,sz.002136,安纳达,SELL,12.31,320400,3944124.0,2307.31254,-44298.10349999927
2025-11-25,sh.600104,上汽集团,SELL,14.87,267500,3977725.0,2326.969125,-10690.757874999195
2026-02-03,sh.600340,华夏幸福,BUY,1.6,12535000,20056000.0,1704.7600000000002,0.0
2026-02-04,sh.600340,华夏幸福,SELL,1.58,12535000,19805300.0,11586.1005,-263990.8604999967
2026-02-04,sh.603616,韩建河山,BUY,6.85,2890100,19797185.0,1682.760725,0.0
2026-02-05,sh.603616,韩建河山,SELL,7.54,2890100,21791354.0,12747.94209,1979738.297185
2026-02-09,sh.603980,吉华集团,BUY,7.21,3014900,21737429.0,1847.6814650000001,0.0
2026-02-10,sh.603980,吉华集团,SELL,7.93,3014900,23908157.0,13986.271845000001,2154894.046690002
2026-02-24,sz.002358,森源电气,BUY,8.18,583100,4769758.0,405.42943,0.0
2026-02-24,sh.600481,双良节能,BUY,9.31,512300,4769513.0,405.408605,0.0
2026-02-24,sh.601126,四方股份,BUY,42.48,112200,4766256.0,405.13176000000004,0.0
2026-02-24,sh.603103,横店影视,BUY,31.41,151800,4768038.0,405.28323,0.0
2026-02-24,sz.002207,准油股份,BUY,10.69,446100,4768809.0,405.348765,0.0
2026-02-25,sh.600481,双良节能,SELL,9.37,512300,4800251.0,2808.146835,27524.444560000673
2026-02-25,sz.002358,森源电气,SELL,9.13,583100,5323703.0,3114.366255,550425.2043150002
2026-02-25,sz.002207,准油股份,SELL,11.58,446100,5165838.0,3022.01523,393601.6360050002
2026-02-25,sh.601126,四方股份,SELL,43.0,112200,4824600.0,2822.391,55116.47724000085
2026-02-26,sh.603103,横店影视,SELL,27.5,151800,4174500.0,2442.0825,-596385.3657299993
2026-03-20,sz.000830,鲁西化工,BUY,16.12,301100,4853732.0,412.56722,0.0
2026-03-20,sh.600470,六国化工,BUY,7.27,667700,4854179.0,412.60521500000004,0.0
2026-03-20,sz.002270,华明装备,BUY,28.56,169900,4852344.0,412.44924000000003,0.0
2026-03-20,sh.600860,京城股份,BUY,12.69,382500,4853925.0,412.58362500000004,0.0
2026-03-20,sh.603067,振华股份,BUY,33.5,144900,4854150.0,412.60275,0.0
2026-03-23,sh.603067,振华股份,SELL,31.6,144900,4578840.0,2678.6214,-278401.2241499992
2026-03-23,sz.002270,华明装备,SELL,26.77,169900,4548223.0,2660.710455,-307194.15969499946
2026-03-23,sz.000830,鲁西化工,SELL,15.04,301100,4528544.0,2649.19824,-328249.76545999944
2026-03-23,sh.600860,京城股份,SELL,11.84,382500,4528800.0,2649.348,-328186.93162499927
2026-03-23,sh.600470,六国化工,SELL,6.6,667700,4406820.0,2577.9897,-450349.59491499886
2026-03-23,sh.601939,建设银行,BUY,9.32,485200,4522064.0,384.37544,0.0
2026-03-23,sh.605296,神农集团,BUY,30.28,149300,4520804.0,384.26834,0.0
2026-03-23,sh.601998,中信银行,BUY,7.88,573900,4522332.0,384.39822000000004,0.0
2026-03-23,sh.601225,陕西煤业,BUY,27.5,164400,4521000.0,384.285,0.0
2026-03-23,sh.600012,皖通高速,BUY,15.57,290400,4521528.0,384.32988,0.0
2026-03-24,sh.601939,建设银行,SELL,9.16,485200,4444432.0,2599.99272,-80616.36816000007
2026-03-24,sh.601998,中信银行,SELL,7.9,573900,4533810.0,2652.27885,8441.322929999791
2026-03-24,sh.600012,皖通高速,SELL,15.37,290400,4463448.0,2611.11708,-61075.44695999939
2026-03-24,sh.605296,神农集团,SELL,30.1,149300,4493930.0,2628.94905,-29887.21738999989
2026-03-24,sh.601225,陕西煤业,SELL,26.6,164400,4373040.0,2558.2284,-150902.5133999996
2026-03-24,sh.603358,华达科技,BUY,38.7,115200,4458240.0,378.9504,0.0
2026-03-24,sz.002379,宏桥控股,BUY,25.6,174200,4459520.0,379.05920000000003,0.0
2026-03-24,sz.000688,国城矿业,BUY,33.35,133700,4458895.0,379.006075,0.0
2026-03-24,sh.600703,三安光电,BUY,14.0,318600,4460400.0,379.134,0.0
2026-03-24,sh.600895,张江高科,BUY,34.62,128800,4459056.0,379.01976,0.0
2026-03-25,sh.600703,三安光电,SELL,13.63,318600,4342518.0,2540.37303,-120801.50702999998
2026-03-25,sh.600895,张江高科,SELL,34.76,128800,4477088.0,2619.09648,15033.883760000579
2026-03-25,sz.000688,国城矿业,SELL,36.83,133700,4924171.0,2880.640035,462016.35389000084
2026-03-25,sz.002379,宏桥控股,SELL,26.05,174200,4537910.0,2654.67735,75356.26345000137
2026-03-26,sh.603358,华达科技,SELL,30.5,115200,3513600.0,2055.456,-947074.4063999993
2026-03-27,sh.603358,华达科技,BUY,27.81,261200,7263972.0,617.43762,0.0
2026-03-27,sz.002943,宇晶股份,BUY,46.85,155100,7266435.0,617.646975,0.0
2026-03-27,sz.001225,和泰机电,BUY,46.49,156300,7266387.0,617.6428950000001,0.0
2026-03-30,sz.001225,和泰机电,SELL,48.21,156300,7535223.0,4408.105455,263810.2516500009
2026-03-30,sz.002943,宇晶股份,SELL,46.67,155100,7238517.0,4234.532445,-32770.17941999901
2026-03-30,sh.603358,华达科技,SELL,30.29,261200,7911748.0,4628.37258,642530.1898000007
2026-03-31,sh.603127,昭衍新药,BUY,32.0,707900,22652800.0,1925.488,0.0
2026-04-01,sh.603127,昭衍新药,SELL,34.24,707900,24238496.0,14179.52016,1569590.9918400012
2026-04-01,sh.603358,华达科技,BUY,34.5,350600,12095700.0,1028.1345000000001,0.0
2026-04-01,sz.001225,和泰机电,BUY,49.8,242900,12096420.0,1028.1957,0.0
