代码,名称,date,open,high,low,close,volume,amount,turn,pctChg,peTTM,pbMRQ,psTTM,pcfNcfTTM
sh.603918,金桥信息,2016-03-29,19.21759616,19.21759616,19.21759616,19.21759616,0.0,0.0,,0.0,163.510043,13.849426,9.396405,38.714895
sh.603918,金桥信息,2016-03-30,19.21759616,19.21759616,19.21759616,19.21759616,0.0,0.0,,0.0,163.510043,13.849426,9.396405,38.714895
sh.603918,金桥信息,2016-03-31,19.21759616,19.21759616,19.21759616,19.21759616,0.0,0.0,,0.0,163.510043,13.849426,9.396405,38.714895
sh.603919,金徽酒,2016-03-29,14.00186502,14.05910044,13.00805,13.18495948,11575643.0,298662688.0,16.536633,-5.7642,42.792227,9.236537,6.000622,70.081872
sh.603919,金徽酒,2016-03-30,13.2942271,13.4763398,13.20577236,13.46073014,8655618.0,222277432.0,12.365169,2.0916,43.68725,9.429724,6.126128,71.547673
sh.603919,金徽酒,2016-03-31,13.46073014,13.46593336,13.2161788,13.27341422,8010959.0,205213337.0,11.444227,-1.3916,43.07931,9.298503,6.040878,70.552034
sh.603936,博敏电子,2016-03-29,18.01669728,18.09131088,16.81790544,17.10641136,6009942.0,209096326.0,14.360674,-5.0525,86.990387,10.276728,5.262132,-455.872206
sh.603936,博敏电子,2016-03-30,17.40486576,17.89234128,17.17107648,17.86747008,5341932.0,188216533.0,12.764473,4.449,90.860561,10.733937,5.496242,-476.153813
sh.603936,博敏电子,2016-03-31,17.91223824,18.36986832,17.8326504,17.94705792,5268202.0,191359683.0,12.588296,0.4454,91.265285,10.781749,5.520725,-478.274766
sh.603939,益丰药房,2016-03-29,8.5675527,8.67203505,8.40038094,8.53471539,1593638.0,45491346.0,1.02151,-1.3458,52.000738,6.480712,3.215164,261.452238
sh.603939,益丰药房,2016-03-30,8.61233085,9.01831941,8.61233085,9.00339336,3039194.0,89985777.0,1.948101,5.4914,54.856323,6.836595,3.391722,275.809706
sh.603939,益丰药房,2016-03-31,9.12877218,9.4631157,8.96160042,8.97354126,3495183.0,107482755.0,2.240387,-0.3316,54.674439,6.813928,3.380477,274.895218
sh.603968,醋化股份,2016-03-29,17.96813144,18.5323292,17.75655728,18.38344368,3193378.0,74173762.0,6.246827,1.9557,46.173522,4.420805,3.862123,10.450987
sh.603968,醋化股份,2016-03-30,18.52449312,19.198396,18.52449312,19.06518264,5135654.0,124122689.0,10.046272,3.7084,47.88584,4.584748,4.005348,10.838555
sh.603968,醋化股份,2016-03-31,18.806592,19.2767568,18.71255904,18.89278888,3937328.0,95597534.0,7.702128,-0.9042,47.45284,4.543291,3.96913,10.740549
sh.603969,银龙股份,2016-03-29,5.75695987,5.75695987,5.47520946,5.51305653,3291108.0,43581249.0,2.495644,-2.6003,47.99452,3.549018,3.53085,26.85371
sh.603969,银龙股份,2016-03-30,5.58034021,5.72331803,5.5509036,5.7191128,3341577.0,44742798.0,2.533915,3.7376,49.788365,3.681666,3.662819,27.857396
sh.603969,银龙股份,2016-03-31,5.75695987,5.83685924,5.71070234,5.73593372,4305234.0,59122677.0,3.264655,0.2941,49.934802,3.692494,3.673592,27.93933
sh.603979,金诚信,2016-03-29,14.74936364,14.81591122,14.3984764,14.4892231,3223799.0,77584856.0,3.393473,-1.804,35.473286,2.559993,3.353907,9.576546
sh.603979,金诚信,2016-03-30,14.61626848,15.03975308,14.61626848,14.99740462,3631531.0,88996045.0,3.822664,3.5073,36.717443,2.64978,3.471539,9.912425
sh.603979,金诚信,2016-03-31,15.0639522,15.28174428,14.95505616,15.13654956,5251666.0,131338662.0,5.528069,0.9278,37.058105,2.674364,3.503748,10.004392
sh.603988,中电电机,2016-03-29,14.211855,14.5920075,14.0539455,14.4165525,3624232.0,177592554.0,16.179607,0.5097,83.407295,6.28383,14.734095,-344.030695
sh.603988,中电电机,2016-03-30,14.38731,15.124221,14.33174925,15.0247965,4782905.0,240291448.0,21.352254,4.2191,86.926304,6.548949,15.355736,-358.54558
sh.603988,中电电机,2016-03-31,14.92829625,14.92829625,14.328825,14.4984315,3865068.0,192662837.0,17.254768,-3.5033,83.881008,6.319519,14.817778,-345.984622
sh.603989,艾华集团,2016-03-29,17.5122766,17.577378,16.600857,16.8287119,3351804.0,87721461.0,4.469072,-3.6885,39.689481,4.703001,6.16118,23.77908
sh.603989,艾华集团,2016-03-30,17.05005666,17.49274618,16.94589442,17.4797259,3729681.0,98887795.0,4.972908,3.8685,41.224858,4.884936,6.399523,24.698968
sh.603989,艾华集团,2016-03-31,17.7075808,18.1632906,17.577378,17.98100668,5324127.0,146728368.0,7.098836,2.8678,42.407097,5.025025,6.583048,25.407281
sh.603993,洛阳钼业,2016-03-29,3.02432232,3.05898504,2.98099392,2.9896596,56634972.0,196696430.0,0.43721,-0.8621,76.54216,3.3573,13.882073,17.357195
sh.603993,洛阳钼业,2016-03-30,3.00699096,3.06765072,2.99832528,3.04165368,65422688.0,228669417.0,0.505049,1.7391,77.873328,3.415687,14.123501,17.659059
sh.603993,洛阳钼业,2016-03-31,3.05031936,3.17163888,3.02432232,3.10231344,134070476.0,478539664.0,1.034995,1.9943,79.426357,3.483807,14.405166,18.011234
sh.603997,继峰股份,2016-03-29,13.04531424,13.2104448,12.5617176,12.6501804,9173355.0,199689117.0,8.046803,-3.5088,49.147765,6.998508,8.57674,75.79831
sh.603997,继峰股份,2016-03-30,12.7681308,13.1514696,12.63248784,13.13377704,9659085.0,211294117.0,8.472882,3.8228,51.026607,7.26605,8.904615,78.695961
sh.603997,继峰股份,2016-03-31,13.13377704,13.20454728,12.74454072,12.89197872,9715121.0,213460815.0,8.522036,-1.841,50.087186,7.132279,8.740677,77.247136
sh.603998,方盛制药,2016-03-29,11.373472,11.4958272,11.039776,11.26224,2261487.0,91523109.0,2.520444,-2.3626,63.40328,6.616311,12.473679,35.004839
sh.603998,方盛制药,2016-03-30,11.95744,12.3801216,11.6014976,12.1854656,10075178.0,432782128.0,11.22886,8.1975,68.493147,7.014285,13.25492,403.746013
sh.603998,方盛制药,2016-03-31,12.207712,13.3422784,11.9908096,13.1420608,7001108.0,321454000.0,7.802787,7.8503,73.870062,7.564928,14.295471,435.441273
sh.603999,读者传媒,2016-03-29,14.5859392,14.6252544,13.76425152,14.00014272,5700227.0,204758222.0,9.500378,-3.4959,65.948319,8.321808,10.5625,78.954153
sh.603999,读者传媒,2016-03-30,14.12201984,14.90832384,14.0355264,14.89259776,6053713.0,221310015.0,10.089522,6.3746,70.152269,8.852291,11.235819,83.987175
sh.603999,读者传媒,2016-03-31,14.9790912,15.1756672,14.81396736,14.8808032,8174550.0,311646992.0,13.62425,-0.0792,70.096711,8.84528,11.22692,83.920659
sz.000001,平安银行,2016-03-29,6.71570082,6.72209064,6.63263316,6.66458226,31831787.0,332422400.0,0.269668,-0.4771,6.825497,0.924084,1.551943,1.916152
sz.000001,平安银行,2016-03-30,6.69653136,6.8371074,6.69014154,6.8371074,53969998.0,572627424.0,0.457216,2.5887,7.002188,0.948005,1.592118,1.965755
sz.000001,平安银行,2016-03-31,6.84349722,6.8690565,6.79876848,6.79876848,41838792.0,447266288.0,0.354444,-0.5607,6.962923,0.942689,1.58319,1.954732
sz.000002,万科A,2016-03-29,17.13525086,17.13525086,17.13525086,17.13525086,0.0,0.0,,0.0,14.883821,2.69192,1.379121,-27.225339
sz.000002,万科A,2016-03-30,17.13525086,17.13525086,17.13525086,17.13525086,0.0,0.0,,0.0,14.883848,2.691925,1.379124,-27.225388
sz.000002,万科A,2016-03-31,17.13525086,17.13525086,17.13525086,17.13525086,0.0,0.0,,0.0,14.883848,2.691925,1.379124,-27.225388
sz.000004,*ST国华,2016-03-29,36.83,36.83,36.83,36.83,0.0,0.0,,0.0,263.336831,37.384552,25.542999,-399.23774
sz.000004,*ST国华,2016-03-30,36.83,36.83,36.83,36.83,0.0,0.0,,0.0,263.336831,37.384552,25.542999,-399.23774
sz.000004,*ST国华,2016-03-31,36.83,36.83,36.83,36.83,0.0,0.0,,0.0,263.336831,37.384552,25.542999,-399.23774
sz.000006,深振业A,2016-03-29,6.6839236,6.7241882,6.45038892,6.53091812,19535273.0,159047412.0,1.457567,-2.1713,25.687996,2.574853,3.002743,-19.131671
sz.000006,深振业A,2016-03-30,6.58728856,6.7241882,6.57118272,6.71613528,19566098.0,161480396.0,1.459867,2.836,27.015914,2.562885,3.081009,23.623368
sz.000006,深振业A,2016-03-31,6.78055864,6.78861156,6.67587068,6.6839236,19680231.0,164725599.0,1.468382,-0.4796,26.886341,2.550593,3.066231,23.510067
sz.000007,全新好,2016-03-29,15.85667733,15.85667733,15.85667733,15.85667733,0.0,0.0,,0.0,-156.221803,16.104066,30.736708,-2875.776457
sz.000007,全新好,2016-03-30,15.85667733,15.85667733,15.85667733,15.85667733,0.0,0.0,,0.0,-156.221803,16.104066,30.736708,-2875.776457
sz.000007,全新好,2016-03-31,15.85667733,15.85667733,15.85667733,15.85667733,0.0,0.0,,0.0,-156.221803,16.104066,30.736708,-2875.776457
sz.000008,神州高铁,2016-03-29,10.99655847,11.05552125,9.99419121,10.35779502,30025489.0,321185920.0,2.004921,-4.0073,309.848156,10.317964,34.491161,321.325611
sz.000008,神州高铁,2016-03-30,10.38727641,10.9081143,10.38727641,10.82949726,26704127.0,289060640.0,1.78314,4.5541,323.958888,10.787852,36.061916,335.959035
sz.000008,神州高铁,2016-03-31,11.18327394,11.18327394,10.53468336,10.62312753,26468892.0,288172560.0,1.767432,-1.9056,317.785442,10.582276,35.374711,329.556912
sz.000009,中国宝安,2016-03-29,7.93949275,8.17318348,7.77770686,7.89754826,88450120.0,1176822240.0,5.687526,0.0759,29.039956,4.695203,4.376265,16.021631
sz.000009,中国宝安,2016-03-30,8.02338173,8.35294558,7.88556412,8.35294558,109109467.0,1479934144.0,7.015965,5.7663,30.714491,4.965943,4.628614,16.945489
sz.000009,中国宝安,2016-03-31,8.40687421,8.43683456,8.16119934,8.22711211,84198730.0,1161698800.0,5.414153,-1.5065,30.25179,4.891133,4.558886,16.690212
sz.000010,美丽生态,2016-03-29,8.48,8.53,8.12,8.2,11854397.0,98168406.0,2.905989,-3.5294,-115.95902,12.23802,10.388063,-38.218781
sz.000010,美丽生态,2016-03-30,8.28,8.46,8.21,8.43,9697031.0,80758608.0,2.377132,2.8049,-119.211529,12.581282,10.679436,-39.290771
sz.000010,美丽生态,2016-03-31,8.44,8.49,8.32,8.33,10823883.0,90710899.0,2.653368,-1.1862,-117.797395,12.432038,10.552752,-38.824688
sz.000011,深物业A,2016-03-29,10.618286,10.70929988,10.14804762,10.20872354,12401002.0,169298210.0,7.051528,-4.4034,56.96182,4.041861,7.346421,-26.78939
sz.000011,深物业A,2016-03-30,10.33765987,10.618286,10.24664599,10.618286,10517241.0,145345320.0,5.980373,4.0119,59.247063,4.204016,7.641151,-27.86415
sz.000011,深物业A,2016-03-31,10.62587049,11.03543295,10.51210314,10.79272927,14487412.0,206692611.0,8.237914,1.6429,54.079737,4.038647,7.871391,68.187503
sz.000012,南玻A,2016-03-29,5.9194021,5.9589024,5.6880432,5.7614009,14708482.0,151092823.0,1.127889,-3.0389,33.916079,2.690924,2.851499,50.703136
sz.000012,南玻A,2016-03-30,5.8065441,5.9701882,5.8009012,5.9589024,13300760.0,138520067.0,1.019941,3.428,35.078727,2.78317,2.949249,52.441246
sz.000012,南玻A,2016-03-31,5.9645453,6.1789755,5.9645453,6.1394752,27270003.0,295707472.0,2.091143,3.0303,36.141718,2.867508,3.03862,54.030374
sz.000014,沙河股份,2016-03-29,14.3233445,14.402479,13.6586147,13.7377492,3479051.0,61138583.0,1.72482,-4.2999,75.338344,5.296477,7.390044,-14.837297
sz.000014,沙河股份,2016-03-30,13.9434989,14.23629655,13.82479715,14.1650755,3746781.0,66388182.0,1.857553,3.1106,77.681818,5.461229,7.619918,-15.298826
sz.000014,沙河股份,2016-03-31,14.12550825,14.4657866,14.12550825,14.29960415,3965184.0,71722504.0,1.965831,0.9497,68.817435,5.097115,8.820648,-30.29843
sz.000016,深康佳A,2016-03-29,4.6848753,4.6848753,4.6848753,4.6848753,0.0,0.0,,0.0,-14.496016,3.794808,0.620219,9.930271
sz.000016,深康佳A,2016-03-30,4.6848753,4.6848753,4.6848753,4.6848753,0.0,0.0,,0.0,-14.496016,3.794808,0.620219,9.930271
sz.000016,深康佳A,2016-03-31,4.6848753,4.6848753,4.6848753,4.6848753,0.0,0.0,,0.0,-14.496016,3.794808,0.620219,9.930271
sz.000017,深中华A,2016-03-29,12.42,12.49,11.8,11.9,9651363.0,116214892.0,3.185492,-3.8772,3223.031903,527.353172,34.632522,39396.11828
sz.000017,深中华A,2016-03-30,12.05,12.5,12.0,12.39,8853916.0,108162103.0,2.922289,4.1177,3355.744981,549.067714,36.058567,41018.311386
sz.000017,深中华A,2016-03-31,12.42,12.68,12.36,12.49,12194861.0,152184645.0,4.024989,0.8071,3382.829283,553.499254,36.349597,41349.371203
sz.000019,深粮控股,2016-03-29,8.7044085,8.8251633,8.33711265,8.553465,21869785.0,372174400.0,8.674991,-4.0632,131.358902,5.316962,11.947953,-118.142327
sz.000019,深粮控股,2016-03-30,8.654094,8.8251633,8.5333392,8.8050375,20419413.0,352653104.0,8.099678,2.9412,135.2224,5.473344,12.299363,-121.617101
sz.000019,深粮控股,2016-03-31,8.81006895,8.9962326,8.63899965,8.69937705,22489331.0,393658384.0,8.920743,-1.2,133.599731,5.407663,12.151771,-120.157696
sz.000020,深华发A,2016-03-29,23.68,23.98,22.7,23.13,4860760.0,112704139.0,2.683051,-1.95,245.378669,21.734229,12.8557,1290.594897
sz.000020,深华发A,2016-03-30,23.18,24.5,23.13,24.34,6278599.0,148908603.0,3.465672,5.2313,258.215167,22.871212,13.528221,1358.109806
sz.000020,深华发A,2016-03-31,24.57,24.57,23.86,23.9,5405080.0,130064083.0,2.983506,-1.8077,253.54735,22.457764,13.283668,1333.55893
sz.000021,深科技,2016-03-29,8.25926205,8.7288522,8.102732,8.3789615,37629457.0,342346032.0,2.56015,1.676,73.938145,2.632724,0.855317,-16.139141
sz.000021,深科技,2016-03-30,8.46183035,8.6367757,8.3605462,8.62756805,41560105.0,383626784.0,2.827575,2.967,76.131914,2.710838,0.880695,-16.617995
sz.000021,深科技,2016-03-31,8.70122925,8.70122925,8.42499975,8.49866095,36697110.0,339557648.0,2.496717,-1.4941,75.167182,2.609531,0.883992,39.193532
sz.000025,特力A,2016-03-29,48.8070765,48.82748364,46.3922316,47.2085172,8823574.0,614500880.0,4.921273,-4.1304,829.140752,24.441957,57.810321,459.216106
sz.000025,特力A,2016-03-30,47.8547433,48.97033362,47.4806124,48.55538844,8060887.0,570529104.0,4.495891,2.853,852.796353,25.139292,59.459665,472.31766
sz.000025,特力A,2016-03-31,48.56219082,53.058564,48.09962898,49.3852788,11624371.0,855476640.0,6.483394,1.7092,867.372026,25.568963,60.475927,480.390335
sz.000026,飞亚达,2016-03-29,9.73348488,9.8199,9.2699856,9.37996848,6981005.0,84297339.0,2.24419,-3.7097,43.044579,2.278435,1.656638,10.025905
sz.000026,飞亚达,2016-03-30,9.427104,9.75705264,9.427104,9.75705264,5720488.0,69991829.0,1.83897,4.0201,44.775015,2.370031,1.723236,10.428957
sz.000026,飞亚达,2016-03-31,9.8199,10.12628088,9.75705264,10.07128944,10409858.0,132082280.0,3.346467,3.2206,46.217044,2.44636,1.778735,10.764833
sz.000027,深圳能源,2016-03-29,4.91320156,4.93356013,4.76390538,4.82498109,15784875.0,112452175.0,0.398156,-1.7956,15.824492,1.352697,2.481009,20.675026
sz.000027,深圳能源,2016-03-30,4.86569823,4.9539187,4.85891204,4.9539187,16476638.0,119212863.0,0.415605,2.6723,16.247369,1.388845,2.547309,21.227523
sz.000027,深圳能源,2016-03-31,4.98106346,5.00142203,4.90641537,4.94713251,18479599.0,135112145.0,0.466128,-0.137,16.225112,1.386943,2.543819,21.198444
sz.000028,国药一致,2016-03-29,41.33046519,41.932398,40.66766277,40.86379818,2820368.0,172168422.0,1.2091,-2.721,28.779547,4.017722,0.842923,30.643054
sz.000028,国药一致,2016-03-30,41.15461965,43.53529773,41.15461965,43.23094968,3191589.0,201052948.0,1.368243,5.7928,30.446684,4.25046,0.891752,32.41814
sz.000028,国药一致,2016-03-31,43.33239903,43.39326864,42.4058283,43.13626362,2581863.0,163699826.0,1.106852,-0.219,30.379998,4.241151,0.889799,32.347137
sz.000029,深深房A,2016-03-29,11.0252192,11.0724162,10.3644612,10.5060522,21163816.0,237689169.0,2.37353,-4.4635,23.703753,4.978315,3.919613,16.608197
sz.000029,深深房A,2016-03-30,10.5343704,10.85531,10.5060522,10.7986736,17780161.0,201275790.0,1.994052,2.7853,38.433223,4.96349,5.349716,23.163623
sz.000029,深深房A,2016-03-31,10.808113,11.1007344,10.713719,10.7797948,20261876.0,234082729.0,2.272377,-0.1748,38.366032,4.954813,5.340363,23.123127
sz.000030,富奥股份,2016-03-29,3.75601044,3.78642348,3.5988764,3.63435828,8116023.0,59027792.0,1.44493,-4.4,18.079206,2.039556,2.134425,14.321875
sz.000030,富奥股份,2016-03-30,3.65463364,3.80163,3.64449596,3.78642348,6882938.0,50607623.0,0.551856,4.1841,18.835658,2.124893,2.223731,14.921116
sz.000030,富奥股份,2016-03-31,3.80163,3.9790394,3.78642348,3.83204304,7351903.0,55910011.0,0.589457,1.2048,19.062594,2.150494,2.250523,15.100889
sz.000031,大悦城,2016-03-29,10.37854916,10.4160846,9.90935616,9.98442704,29134819.0,313273280.0,1.606357,-3.7975,26.73563,3.22788,1.429538,9.542427
sz.000031,大悦城,2016-03-30,10.1345688,10.31286214,10.05949792,10.26594284,25622734.0,278563856.0,1.412717,2.8195,27.489454,3.318892,1.469844,9.81148
sz.000031,大悦城,2016-03-31,10.35978144,10.53807478,10.29409442,10.34101372,33226520.0,368226992.0,1.831954,0.7313,27.690474,3.343162,1.480593,9.883227
sz.000032,深桑达A,2016-03-29,16.4853148,16.7253922,15.85311098,16.1251987,3167919.0,64315056.0,1.36042,-2.9383,231.300991,8.091736,6.322626,-81.752297
sz.000032,深桑达A,2016-03-30,16.21322708,16.7253922,16.21322708,16.70938704,3316445.0,68411790.0,1.424203,3.6228,239.68063,8.384886,6.551684,-84.714043
sz.000032,深桑达A,2016-03-31,16.90144896,16.95746702,16.35727352,16.58134576,3630495.0,75595609.0,1.559067,-0.7663,237.843997,8.320634,6.501479,-84.064893
sz.000034,神州数码,2016-03-29,25.55873775,25.55873775,25.55873775,25.55873775,0.0,0.0,,0.0,855.734673,97.760869,39.909913,214.71246
sz.000034,神州数码,2016-03-30,25.55873775,25.55873775,25.55873775,25.55873775,0.0,0.0,,0.0,855.734673,97.760869,39.909913,214.71246
sz.000034,神州数码,2016-03-31,25.55873775,25.55873775,25.55873775,25.55873775,0.0,0.0,,0.0,855.734673,97.760869,39.909913,214.71246
sz.000035,中国天楹,2016-03-29,6.17919792,6.2909287,5.9508785,6.05289356,10168578.0,127659515.0,2.519776,-2.8839,33.814093,4.170076,9.348465,-79.888717
sz.000035,中国天楹,2016-03-30,6.15976648,6.3395073,6.15976648,6.3395073,13079049.0,168907286.0,3.240992,4.7352,35.415242,4.367536,9.791129,-83.67157
sz.000035,中国天楹,2016-03-31,6.37837018,6.47066952,6.3395073,6.3880859,12986587.0,170978982.0,3.21808,0.7663,35.686623,4.401003,9.866157,-84.312731
sz.000036,华联控股,2016-03-29,4.449197,4.46547455,4.2647181,4.30269905,17463971.0,139648432.0,1.5539,-2.8186,287.727778,4.741536,45.028441,39.904423
sz.000036,华联控股,2016-03-30,4.3840868,4.4274936,4.3298283,4.41121605,12463861.0,100525874.0,1.109003,2.5221,294.984468,4.861121,46.164089,40.91084
sz.000036,华联控股,2016-03-31,4.43291945,4.4709004,4.3840868,4.38951265,11976775.0,97593387.0,1.065663,-0.492,293.53313,4.837204,45.936959,40.709556
sz.000037,深南电A,2016-03-29,10.02275128,10.02275128,9.6833354,9.77318078,4775442.0,47018447.0,1.409121,-2.7805,-18.787819,4.926368,4.599994,15.354277
sz.000037,深南电A,2016-03-30,9.9329059,10.2823046,9.79314642,10.20244204,8832507.0,89002443.0,2.606265,4.3922,-19.613024,5.142746,4.802037,16.028673
sz.000037,深南电A,2016-03-31,10.24237332,10.34220152,10.07266538,10.09263102,5961767.0,60871153.0,1.759177,-1.0763,-19.401925,5.087393,4.750352,15.856153
sz.000039,中集集团,2016-03-29,6.934855,6.9572255,6.666409,6.7156241,14503057.0,219892479.0,1.150273,-4.2119,22.646325,1.686415,0.761751,138.029711
sz.000039,中集集团,2016-03-30,7.0646039,7.0646039,6.8230025,6.9438032,14660463.0,227520433.0,1.162758,3.3977,23.415787,1.743715,0.787633,142.719595
sz.000039,中集集团,2016-03-31,6.9751219,6.9751219,6.8364248,6.8811658,16383676.0,253095918.0,1.29943,-0.9021,23.204562,1.727986,0.780528,141.432176
sz.000042,中洲控股,2016-03-29,15.33772074,15.33772074,14.69943126,14.86839024,5571461.0,88423880.0,1.163672,-4.5208,26.25947,1.876135,2.086979,9.411002
sz.000042,中洲控股,2016-03-30,14.97164295,15.25324125,14.86839024,15.18753498,4540239.0,72737255.0,0.948288,2.1465,26.82312,1.916406,2.131775,9.613005
sz.000042,中洲控股,2016-03-31,15.25324125,15.3001743,15.1124421,15.15937515,3067427.0,49673026.0,0.640672,-0.1854,26.773386,1.912852,2.127823,9.595182
sz.000045,深纺织A,2016-03-29,11.80116135,12.12168672,11.57776488,11.70403245,11515151.0,140069884.0,2.519606,-1.3912,844.203082,2.812324,4.974035,-16.290548
sz.000045,深纺织A,2016-03-30,11.79144846,12.2382414,11.61661644,12.19938984,18419458.0,226709332.0,4.030323,4.2324,879.932839,2.931352,5.184554,-16.980023
sz.000045,深纺织A,2016-03-31,12.12168672,12.39364764,11.96628048,12.35479608,20389808.0,255546808.0,4.461451,1.2739,758.242379,2.962866,5.252068,-18.430911
sz.000048,京基智农,2016-03-29,19.2284004,19.853526,18.9910842,19.5814806,5246686.0,176730933.0,1.37355,1.2874,48.913239,19.522327,4.947656,29.031929
sz.000048,京基智农,2016-03-30,19.7493384,19.8477378,19.39047,19.7898558,4411268.0,149608705.0,1.154842,1.0641,49.433747,19.730072,5.000306,29.34087
sz.000048,京基智农,2016-03-31,19.6683036,19.9577136,19.4078346,19.4888694,4108451.0,139582428.0,1.075567,-1.5209,48.681903,19.429995,4.924256,28.894622
sz.000049,德赛电池,2016-03-29,21.43413746,21.54641686,20.68747945,20.91765222,6603139.0,247066165.0,3.217218,-3.2459,33.217225,8.215199,0.906713,46.515747
sz.000049,德赛电池,2016-03-30,21.13098308,21.90009697,21.11975514,21.81027345,8613230.0,329588624.0,4.196586,4.2673,34.634707,8.565767,0.945405,48.500718
sz.000049,德赛电池,2016-03-31,21.84395727,22.09097195,21.47343525,21.47904922,9275750.0,359741584.0,4.519383,-1.5187,34.108723,8.435682,0.931047,47.764157
sz.000050,深天马A,2016-03-29,16.3429591,16.42032222,15.71438375,15.93680272,18609445.0,308148880.0,1.973249,-2.1959,41.628137,1.742869,2.192792,3.539374
sz.000050,深天马A,2016-03-30,16.17856247,16.64274119,16.09152896,16.64274119,20613352.0,349082528.0,2.185733,4.4296,43.472102,1.820071,2.289924,3.696155
sz.000050,深天马A,2016-03-31,16.77812665,18.30604827,16.61373002,18.30604827,55623242.0,995104720.0,5.898,9.9942,47.816786,2.001972,2.518784,4.065555
sz.000055,方大集团,2016-03-29,7.36686772,7.45809828,7.13879132,7.40107918,11902002.0,153450718.0,2.8339,0.5422,89.925535,7.652944,3.996953,-40.865436
sz.000055,方大集团,2016-03-30,7.40107918,8.14232748,7.40107918,8.14232748,24971600.0,344144832.0,5.945808,10.0154,98.931944,8.419418,4.397264,-44.958277
sz.000055,方大集团,2016-03-31,8.2107504,8.48444208,7.96556827,8.02258737,19357625.0,277511632.0,4.609105,-1.4706,97.477063,8.295603,4.332599,-44.297126
sz.000056,皇庭国际,2016-03-29,13.6217456,14.1437468,13.26380192,14.11391816,2628137.0,72797357.0,1.837144,3.6131,-381.191325,3.267104,76.512801,237.417517
sz.000056,皇庭国际,2016-03-30,14.2183184,15.411464,14.2183184,15.27723512,8060970.0,239561009.0,5.634851,8.2423,-412.610406,3.53639,82.819245,256.986273
sz.000056,皇庭国际,2016-03-31,14.8397484,15.2623208,14.8397484,15.23249216,3341669.0,101088151.0,2.335923,-0.2929,-411.401979,3.526032,82.57669,256.233628
sz.000058,深赛格,2016-03-29,11.7199629,11.8646538,11.39199686,11.8646538,24836050.0,299712784.0,4.614085,1.6529,219.502724,6.6887,11.380452,-120.727253
sz.000058,深赛格,2016-03-30,11.9611144,12.32766468,11.66208654,12.14438954,36012359.0,449820000.0,6.690439,2.3577,133.086494,6.698152,11.669896,-92.746813
sz.000058,深赛格,2016-03-31,12.28908044,13.3115628,12.28908044,12.86784404,53221108.0,709163920.0,9.887511,5.9571,141.014601,7.097168,12.365084,-98.271841
sz.000059,华锦股份,2016-03-29,6.20533858,6.34750941,6.1049827,6.2722425,24946452.0,186302385.0,1.781926,0.8065,36.496339,1.355935,0.388097,-6.75626
sz.000059,华锦股份,2016-03-30,6.2722425,6.59003612,6.23879054,6.53985818,29977784.0,231889631.0,2.141315,4.2667,38.053517,1.413789,0.404656,-7.044527
sz.000059,华锦股份,2016-03-31,6.54822117,6.64857705,6.4395023,6.49804323,21296263.0,166526434.0,1.521193,-0.6394,37.810208,1.404749,0.402069,-6.999485
sz.000060,中金岭南,2016-03-29,6.2423892,6.344352,6.1234326,6.2140662,35866092.0,395192176.0,1.621809,-0.724,150.60703,3.324023,1.288648,-51.2766
sz.000060,中金岭南,2016-03-30,6.316029,6.485967,6.316029,6.4066626,47938857.0,541780768.0,2.16772,3.0994,155.274887,3.427046,1.328588,-52.865847
sz.000060,中金岭南,2016-03-31,6.429321,6.429321,6.2763768,6.3273582,51912409.0,580313792.0,2.347398,-1.2378,122.993089,3.365045,1.456765,70.58987
sz.000061,农产品,2016-03-29,12.01107136,12.01107136,11.57164192,11.6265706,11098030.0,142550626.0,0.656094,-2.8309,304.154472,4.438977,12.840043,-838.50659
sz.000061,农产品,2016-03-30,11.7638923,11.92867834,11.69980884,11.91036878,8886837.0,114771147.0,0.525373,2.4409,311.578715,4.54733,13.153461,-858.974074
sz.000061,农产品,2016-03-31,11.91036878,12.19416696,11.91036878,11.95614268,13238652.0,174145760.0,0.782644,0.3843,312.776174,4.564807,13.204013,-862.275281
sz.000062,深圳华强,2016-03-29,15.631677,16.02536368,15.35378052,15.7474672,11158924.0,303347168.0,1.673129,0.5545,52.2387,5.44406,9.647584,32.14692
sz.000062,深圳华强,2016-03-30,15.84588887,16.48852448,15.84588887,16.45957693,13986973.0,390427104.0,2.097156,4.5221,54.600965,5.690243,10.083854,33.600623
sz.000062,深圳华强,2016-03-31,16.63905174,17.0790545,16.20483849,16.24536506,17537862.0,502536480.0,2.629563,-1.3014,53.890365,5.616188,9.952618,33.16333
sz.000063,中兴通讯,2016-03-29,13.66432956,13.66432956,13.66432956,13.66432956,0.0,0.0,,0.0,16.554219,2.347179,0.620392,9.981242
sz.000063,中兴通讯,2016-03-30,13.66432956,13.66432956,13.66432956,13.66432956,0.0,0.0,,0.0,16.554219,2.347179,0.620392,9.981242
sz.000063,中兴通讯,2016-03-31,13.66432956,13.66432956,13.66432956,13.66432956,0.0,0.0,,0.0,16.554219,2.347179,0.620392,9.981242
sz.000065,北方国际,2016-03-29,10.30809284,10.43308398,10.07649161,10.17942549,3616440.0,100527631.0,1.427156,-1.9129,35.001293,4.14243,1.772774,17.108527
sz.000065,北方国际,2016-03-30,10.293388,10.76026667,10.293388,10.7345332,4073107.0,116747595.0,1.60737,5.4532,36.909995,4.368326,1.869447,18.041495
sz.000065,北方国际,2016-03-31,10.7345332,10.78967635,10.35955978,10.49557955,5235848.0,149764328.0,2.066223,-2.226,35.792711,4.029199,1.827833,10.39912
sz.000066,中国长城,2016-03-29,13.7116047,13.7116047,12.61661436,12.97515102,25820676.0,350967728.0,1.950836,-4.3571,-345.590599,7.114481,0.247259,93.861287
sz.000066,中国长城,2016-03-30,13.06236264,13.33368768,12.94608048,13.2755466,28680520.0,388600192.0,2.166906,2.3152,-353.591577,7.279192,0.252983,96.034327
sz.000066,中国长城,2016-03-31,13.4208993,13.93447884,13.1301939,13.6631538,47952138.0,671471056.0,3.622939,2.9197,-523.251909,7.491724,0.255878,98.838249
sz.000068,华控赛格,2016-03-29,10.39,10.43,10.0,10.13,8375409.0,85338645.0,0.934055,-3.1549,1455.649427,16.601577,59.768195,60.849666
sz.000068,华控赛格,2016-03-30,10.23,10.63,10.16,10.6,9188668.0,95407136.0,1.024753,4.6397,1523.186962,17.371837,62.54125,63.672898
sz.000068,华控赛格,2016-03-31,10.41,10.54,10.3,10.34,8517165.0,88503729.0,0.949865,-2.4528,1485.825772,16.945736,61.00722,62.11111
sz.000069,华侨城A,2016-03-29,5.573916,5.573916,5.397729,5.4217545,18337957.0,125414168.0,0.29968,-2.3088,12.47798,1.853051,1.918208,10.377124
sz.000069,华侨城A,2016-03-30,5.461797,5.589933,5.461797,5.5819245,19267456.0,133257237.0,0.31487,2.9542,12.846606,1.907794,1.974876,10.683686
sz.000069,华侨城A,2016-03-31,5.5979415,5.6459925,5.5819245,5.6139585,20733770.0,145210083.0,0.338832,0.5739,12.395169,1.918742,1.784379,10.744999
sz.000070,特发信息,2016-03-29,9.7738094,9.7738094,9.1808377,9.30761096,4715296.0,108444659.0,1.82331,-4.2893,113.222136,6.401572,2.990384,482.550405
sz.000070,特发信息,2016-03-30,9.201285,9.65930452,9.201285,9.63885722,4479540.0,104675000.0,1.732148,3.5589,117.25157,6.629396,3.096808,499.723772
sz.000070,特发信息,2016-03-31,9.7124675,9.72882534,9.2830742,9.37713178,8482551.0,196025684.0,3.280032,-2.7153,114.06782,6.449387,3.01272,486.154692
sz.000078,海王生物,2016-03-29,6.4035528,6.4624812,6.1285536,6.21105336,18580671.0,295557232.0,2.545751,-3.4209,37.133693,6.501302,1.10063,691.890559
sz.000078,海王生物,2016-03-30,6.285696,6.47426688,6.2464104,6.45462408,15982271.0,259559640.0,2.189742,3.9216,38.589916,6.756255,1.143792,719.023522
sz.000078,海王生物,2016-03-31,6.55283808,6.55676664,6.38391,6.4428384,15597101.0,256556026.0,2.13697,-0.1826,38.519454,6.743919,1.141703,717.710637
sz.000088,盐田港,2016-03-29,5.70912444,5.70912444,5.53760568,5.5539408,7727137.0,52910451.0,0.397866,-2.439,30.473412,2.446959,52.711102,72.420978
sz.000088,盐田港,2016-03-30,5.5947786,5.717292,5.57027592,5.717292,8248722.0,57193120.0,0.424722,2.9412,31.369689,2.518928,54.261429,74.551007
sz.000088,盐田港,2016-03-31,5.74996224,6.0031566,5.73362712,5.88881076,25249321.0,182557038.0,1.300073,3.0,32.310779,2.594496,55.889272,76.787537
sz.000089,深圳机场,2016-03-29,6.95955942,7.17045516,6.9228819,7.05125322,17151037.0,132402749.0,0.836322,0.7864,30.224023,1.542395,5.341285,-426.890228
sz.000089,深圳机场,2016-03-30,7.11543888,7.6564323,7.06959198,7.46387532,36833590.0,298513488.0,1.796086,5.8518,31.992659,1.632652,5.653844,-451.870801
sz.000089,深圳机场,2016-03-31,7.4730447,7.66560168,7.39968966,7.55556912,26875327.0,221441091.0,1.3105,1.2285,32.385689,1.652709,5.723302,-457.422039
sz.000090,天健集团,2016-03-29,4.09076213,4.09076213,3.96913686,4.01660038,5438717.0,73786834.0,0.98433,-1.8129,21.299713,2.883303,1.825603,58.138665
sz.000090,天健集团,2016-03-30,4.05813096,4.17678976,4.02846626,4.14712506,11005220.0,151950919.0,1.991787,3.2496,21.991875,2.977,1.884928,60.027957
sz.000090,天健集团,2016-03-31,4.20052152,4.25688445,4.16195741,4.17975623,12462444.0,176723828.0,2.255523,0.7868,30.694814,1.956535,1.908085,5.785933
sz.000096,广聚能源,2016-03-29,12.01323811,12.14903206,11.72354435,11.83217951,6993338.0,92084921.0,1.368967,-1.7293,43.726777,3.347522,6.915898,26.987497
sz.000096,广聚能源,2016-03-30,11.93176174,12.29387894,11.93176174,12.08566155,11905118.0,158984286.0,2.330462,2.1423,44.663541,3.419236,7.064058,27.565653
sz.000096,广聚能源,2016-03-31,12.2214555,12.26672015,11.87744416,11.90460295,13936172.0,184877159.0,2.728047,-1.4981,43.994424,3.368012,6.95823,27.152684
sz.000099,中信海直,2016-03-29,12.98653423,13.02436827,12.296063,12.49469171,34607148.0,463726576.0,5.710087,-4.6209,47.2588,2.877874,6.209234,200.257449
sz.000099,中信海直,2016-03-30,12.75952999,13.10003635,12.5798183,12.87303211,27405112.0,372540768.0,4.52177,3.028,48.6898,2.965017,6.397251,206.321263
sz.000099,中信海直,2016-03-31,12.93924168,13.69592248,12.82573956,13.34595761,31067371.0,435252384.0,5.126033,3.6738,50.478551,3.073945,6.632271,213.90103
sz.000100,TCL科技,2016-03-29,2.83024564,2.83765466,2.76356446,2.78579152,75733146.0,286102496.0,0.842062,-1.8277,17.88992,1.896871,0.437876,20.694402
sz.000100,TCL科技,2016-03-30,2.80801858,2.8524727,2.80060956,2.84506368,73987626.0,282312768.0,0.822654,2.1277,18.270557,1.93723,0.447193,21.134708
sz.000100,TCL科技,2016-03-31,2.85988172,2.86729074,2.82283662,2.83765466,67355574.0,258431975.0,0.748913,-0.2604,18.222977,1.932185,0.446028,21.07967
sz.000151,中成股份,2016-03-29,17.10888945,17.18291385,16.1558253,16.36864545,7961941.0,142128293.0,2.987102,-4.1192,76.443122,5.4549,3.739449,-15.928119
sz.000151,中成股份,2016-03-30,16.68324915,17.1181425,16.53520035,17.05337115,6864066.0,125110586.0,2.57521,4.1832,40.530887,5.40809,4.499138,-10.224843
sz.000151,中成股份,2016-03-31,17.210673,17.5622889,17.1181425,17.2476852,8365009.0,156537962.0,3.138322,1.1394,40.992715,5.469712,4.550403,-10.34135
sz.000153,丰原药业,2016-03-29,6.85394352,6.85394352,6.85394352,6.85394352,0.0,0.0,,0.0,86.891319,2.844376,2.023168,-206.563917
sz.000153,丰原药业,2016-03-30,6.85394352,6.85394352,6.85394352,6.85394352,0.0,0.0,,0.0,86.891319,2.844376,2.023168,-206.563917
sz.000153,丰原药业,2016-03-31,6.85394352,6.85394352,6.85394352,6.85394352,0.0,0.0,,0.0,86.891319,2.844376,2.023168,-206.563917
sz.000155,川能动力,2016-03-29,8.01023412,8.20418652,7.758096,7.88416506,9810575.0,80958226.0,2.087356,-1.5739,-2.784331,-3.743053,13.024541,-70.843249
sz.000155,川能动力,2016-03-30,7.96174602,8.0490246,7.86476982,8.0005365,7500572.0,61476717.0,1.595866,1.476,-2.825429,-3.798301,13.216785,-71.888906
sz.000155,川能动力,2016-03-31,8.01023412,8.03932698,7.89386268,7.91325792,5534685.0,45377859.0,1.177593,-1.0909,-2.794606,-3.756865,13.072602,-71.104663
sz.000156,华数传媒,2016-03-29,16.96086,17.0707915,16.4112025,16.458316,16172228.0,343413888.0,2.957243,-3.6322,55.021356,3.298694,11.432056,5.134674
sz.000156,华数传媒,2016-03-30,16.803815,17.1336095,16.48187275,17.09434825,20535010.0,440028080.0,3.755018,3.8645,57.147658,3.426172,11.873848,5.333104
sz.000156,华数传媒,2016-03-31,17.17287075,17.65971025,16.9765645,17.07864375,19023458.0,419925872.0,3.478617,-0.0919,57.095157,3.423025,11.862939,5.328205
sz.000157,中联重科,2016-03-29,2.9418615,2.94839897,2.88302427,2.89609921,24523609.0,109010052.0,0.39147,-1.5556,-36.729209,0.860386,1.61383,32.620228
sz.000157,中联重科,2016-03-30,2.91571162,3.0072362,2.91571162,3.0072362,57326409.0,260733768.0,0.9151,3.8375,-38.138682,0.893403,1.67576,33.87202
sz.000157,中联重科,2016-03-31,3.0072362,3.02684861,2.98762379,3.00069873,42835582.0,197289120.0,0.683784,-0.2174,421.46223,0.880855,1.69507,-11.739168
sz.000158,常山北明,2016-03-29,9.26980188,9.3228588,8.84534652,9.04241508,10791619.0,128573249.0,1.501211,-3.3225,1080.959117,2.97019,1.747346,40.579088
sz.000158,常山北明,2016-03-30,9.06515376,9.4365522,9.04241508,9.41381352,9307281.0,113104652.0,1.294726,4.1073,1125.35727,3.092184,1.819115,42.24579
sz.000158,常山北明,2016-03-31,9.42139308,9.46687044,9.26222232,9.33043836,9418035.0,116210973.0,1.310133,-0.8857,1115.390338,3.064798,1.803004,41.871633
sz.000159,国际实业,2016-03-29,7.447818,7.447818,7.447818,7.447818,0.0,0.0,,0.0,65.787683,1.703106,5.420141,-56.941682
sz.000159,国际实业,2016-03-30,7.447818,7.447818,7.447818,7.447818,0.0,0.0,,0.0,65.787683,1.703106,5.420141,-56.941682
sz.000159,国际实业,2016-03-31,7.447818,7.447818,7.447818,7.447818,0.0,0.0,,0.0,65.787683,1.703106,5.420141,-56.941682
sz.000166,申万宏源,2016-03-29,5.5141122,5.5774928,5.4190413,5.46340772,45137900.0,391785984.0,0.847947,-0.5767,10.197189,2.757677,4.220845,1.27555
sz.000166,申万宏源,2016-03-30,5.5458025,5.6408734,5.50777414,5.62819728,57345537.0,505598288.0,1.077276,3.0162,10.504761,2.840855,4.348156,1.314023
sz.000166,申万宏源,2016-03-31,5.65354952,5.75495848,5.59650698,5.63453534,56277677.0,503084304.0,1.057216,0.1126,10.516591,2.844055,4.353053,1.315503
sz.000301,东方盛虹,2016-03-29,4.17901955,4.1879682,4.0268925,4.05373845,16986589.0,77682212.0,1.394359,-2.9979,26.851116,1.724797,7.515317,-64.697267
sz.000301,东方盛虹,2016-03-30,4.08953305,4.17901955,4.07163575,4.17901955,13494543.0,62295974.0,1.107711,3.0905,27.680952,1.778102,7.747578,-66.696741
sz.000301,东方盛虹,2016-03-31,4.17901955,4.23271145,4.16112225,4.19691685,14988949.0,70224135.0,1.230381,0.4283,27.7995,1.785717,7.780758,-66.98238
sz.000333,美的集团,2016-03-29,14.6211945,14.63545908,14.1694828,14.25982514,16149949.0,488349312.0,0.720643,-1.9935,10.071758,2.601103,0.918419,-1507.0012
sz.000333,美的集团,2016-03-30,14.34065776,14.5260973,14.25507028,14.51658758,19376003.0,586461152.0,0.864596,1.8006,10.25311,2.647938,0.934956,-1534.136267
sz.000333,美的集团,2016-03-31,14.58791048,14.92550554,14.58791048,14.6687431,20354021.0,631765072.0,0.908237,1.0481,10.360578,2.675692,0.944756,-1550.216306
sz.000338,潍柴动力,2016-03-29,2.8437945,2.8581029,2.8187548,2.8294861,14540072.0,115247486.0,0.694976,-0.6281,19.508578,1.006123,0.405176,7.964343
sz.000338,潍柴动力,2016-03-30,2.8366403,2.9117594,2.8366403,2.9117594,17780024.0,143081538.0,0.849837,2.9077,20.075831,1.035378,0.416958,8.195923
sz.000338,潍柴动力,2016-03-31,2.9189136,2.9296449,2.8724113,2.8902968,18543746.0,150193167.0,0.88634,-0.7371,23.234129,1.01826,0.438265,62.174493
sz.000400,许继电气,2016-03-29,12.79829088,12.87226944,12.3451722,12.45614004,7222284.0,98080205.0,0.979364,-2.6734,21.403543,2.368447,2.00571,-354.545462
sz.000400,许继电气,2016-03-30,12.55786056,12.89076408,12.55786056,12.89076408,7521842.0,103710962.0,1.019985,3.4892,22.150363,2.451087,2.075694,-366.916387
sz.000400,许继电气,2016-03-31,13.177431,13.85248536,13.14968904,13.38087204,23076908.0,337394176.0,3.129301,3.802,20.246673,2.319558,1.986101,186.296055
sz.000401,金隅冀东,2016-03-29,8.3059074,8.3059074,7.98676416,8.07677892,13404746.0,132735754.0,0.995016,-2.5666,-22.5464,1.196341,1.090497,-36.902759
sz.000401,金隅冀东,2016-03-30,8.2240758,8.35500636,8.18316,8.28135792,20500933.0,207044872.0,1.521757,2.5329,-23.117484,1.226644,1.118118,-37.837479
sz.000401,金隅冀东,2016-03-31,8.28135792,9.09967392,8.28135792,8.92782756,43932506.0,473406256.0,3.261051,7.8063,-24.922109,1.3224,1.205402,-40.791196
sz.000402,金融街,2016-03-29,7.31171308,7.3195836,7.06772696,7.1228206,22124562.0,201386784.0,0.740705,-2.4784,8.049843,1.11566,1.350638,60.139217
sz.000402,金融街,2016-03-30,7.17791424,7.34319516,7.14643216,7.3195836,20334546.0,187425444.0,0.680777,2.7624,8.272215,1.146479,1.387948,61.800521
sz.000402,金融街,2016-03-31,7.35106568,7.37467724,7.25661944,7.3195836,18728701.0,174113037.0,0.627015,0.0,8.272215,1.146479,1.387948,61.800521
sz.000403,派林生物,2016-03-29,11.4201223,11.8981931,11.0492053,11.6715216,6677177.0,188165619.0,3.564847,1.9072,109.828712,15.734289,13.588497,-1440.176482
sz.000403,派林生物,2016-03-30,11.6715216,11.786918,11.4819418,11.7209772,5355808.0,150902505.0,2.859388,0.4237,110.294088,15.80096,13.646075,-1446.278925
sz.000403,派林生物,2016-03-31,11.9352848,12.075409,11.5726104,11.7003707,3922962.0,112067572.0,2.094412,-0.1758,110.100182,15.77318,13.622084,-1443.73624
sz.000404,长虹华意,2016-03-29,5.875683,6.009729,5.73419,5.88313,12822183.0,101511373.0,2.296253,0.2538,20.289733,1.974674,0.644826,-17.548292
sz.000404,长虹华意,2016-03-30,5.927812,6.076752,5.905471,6.061858,16442032.0,132596556.0,2.944511,3.038,20.90613,2.034665,0.664416,-18.081405
sz.000404,长虹华意,2016-03-31,6.084199,6.300162,6.03207,6.285268,22515096.0,186400942.0,4.032102,3.6855,21.676626,2.109652,0.688903,-18.747796
sz.000407,胜利股份,2016-03-29,6.095557,6.095557,5.8611125,5.9080014,14199850.0,90098500.0,2.146789,-3.5222,285.252468,2.727952,1.756367,-192.757763
sz.000407,胜利股份,2016-03-30,5.9548903,6.2831126,5.91737918,6.21746814,18693926.0,121549861.0,2.826221,5.2381,300.194264,2.870845,1.848367,-202.854598
sz.000407,胜利股份,2016-03-31,6.2362237,6.2831126,6.10493478,6.17057924,14801946.0,97942980.0,2.237816,-0.7542,297.930356,2.849195,1.834428,-201.324775
sz.000408,藏格矿业,2016-03-29,11.5066011,11.56372607,10.9353514,11.04144063,5199674.0,71264851.0,2.060904,-3.0108,1288.419945,26.438666,27.390445,-340.915499
sz.000408,藏格矿业,2016-03-30,11.22097625,11.38419045,11.12304773,11.35970832,3691608.0,50915635.0,1.463178,2.8825,1325.558436,27.200756,28.17997,-350.742332
sz.000408,藏格矿业,2016-03-31,11.39235116,11.54740465,11.39235116,11.46579755,5077870.0,71458057.0,2.012627,0.9339,1337.937933,27.454786,28.443145,-354.017943
sz.000409,云鼎科技,2016-03-29,9.43044759,9.43044759,9.43044759,9.43044759,0.0,0.0,,0.0,-158.109949,4.591452,6.599954,52.76784
sz.000409,云鼎科技,2016-03-30,9.43044759,9.43044759,9.43044759,9.43044759,0.0,0.0,,0.0,-158.109949,4.591452,6.599954,52.76784
sz.000409,云鼎科技,2016-03-31,9.43044759,9.43044759,9.43044759,9.43044759,0.0,0.0,,0.0,-158.109949,4.591452,6.599954,52.76784
sz.000410,沈阳机床,2016-03-29,17.99,17.99,16.95,17.16,40480779.0,704256976.0,5.471668,-4.8253,-28.454137,5.898689,1.929774,-148.25108
sz.000410,沈阳机床,2016-03-30,17.5,18.05,17.32,18.05,38857871.0,687382528.0,5.252305,5.1865,-29.929906,6.204624,2.029861,-155.940093
sz.000410,沈阳机床,2016-03-31,18.36,18.52,17.95,18.05,39662159.0,722560048.0,5.361018,0.0,-29.929906,6.204624,2.029861,-155.940093
sz.000411,英特集团,2016-03-29,15.16032278,15.39942102,14.6074081,15.0557173,3700528.0,74006885.0,1.784887,-0.69,61.113072,6.346742,0.275637,14.355524
sz.000411,英特集团,2016-03-30,15.2425128,15.2798719,14.86144998,15.2051537,4969381.0,100461937.0,2.396896,0.9926,61.719653,6.409737,0.278373,14.498011
sz.000411,英特集团,2016-03-31,15.24998462,15.60863198,15.01088638,15.39942102,7884182.0,162185762.0,3.802801,1.2776,62.508209,6.49163,0.281929,14.683243
sz.000415,渤海租赁,2016-03-29,6.6860552,6.6860552,6.6860552,6.6860552,0.0,0.0,,0.0,35.614293,3.849087,4.786966,27.546468
sz.000415,渤海租赁,2016-03-30,6.6860552,6.6860552,6.6860552,6.6860552,0.0,0.0,,0.0,35.614293,3.849087,4.786966,27.546468
sz.000415,渤海租赁,2016-03-31,6.6860552,6.6860552,6.6860552,6.6860552,0.0,0.0,,0.0,35.614293,3.849087,4.786966,27.546468
sz.000417,合百集团,2016-03-29,6.64499363,6.66981926,6.4546638,6.51259027,9233849.0,73256921.0,1.185939,-2.3573,20.822313,1.842482,0.621545,-16.943634
sz.000417,合百集团,2016-03-30,6.56224153,6.73602094,6.56224153,6.72774573,8430338.0,67808406.0,1.082741,3.3037,21.510216,1.903352,0.642079,-17.503399
sz.000417,合百集团,2016-03-31,6.85187388,7.1994327,6.80222262,7.09185497,33431890.0,283901968.0,4.293788,5.412,22.674361,2.006362,0.676829,-18.450692
sz.000419,通程控股,2016-03-29,6.057529,6.08208655,5.730095,5.88562615,9382160.0,68181910.0,1.726916,-3.3602,25.98862,2.127835,0.900131,33.112484
sz.000419,通程控股,2016-03-30,5.93474125,6.3685913,5.9265554,6.1885026,15270001.0,114476067.0,2.810654,5.146,27.326004,2.237335,0.946452,34.816465
sz.000419,通程控股,2016-03-31,6.21306015,6.7778838,6.16394505,6.45863565,38419962.0,304221536.0,7.071723,4.3651,28.518805,2.334996,0.987766,36.336231
sz.000420,吉林化纤,2016-03-29,4.175,4.21,3.94,3.965,16100614.0,130043944.0,5.058227,-6.1538,-85.269568,238.186818,6.069508,46.720113
sz.000420,吉林化纤,2016-03-30,4.015,4.085,3.99,4.07,9970553.0,80490394.0,3.132385,2.6482,-87.527653,244.494414,6.230239,47.957342
sz.000420,吉林化纤,2016-03-31,4.09,4.1,4.01,4.025,9222158.0,74512658.0,2.897266,-1.1057,-86.559902,241.791159,6.161354,47.427101
sz.000421,南京公用,2016-03-29,6.44324208,6.46047,6.21927912,6.2881908,5118063.0,37598736.0,1.3046,-2.6667,18.321666,1.82614,1.043741,18.521166
sz.000421,南京公用,2016-03-30,6.35710248,6.52076772,6.33987456,6.51215376,5666076.0,42470714.0,1.444289,3.5616,18.974219,1.89118,1.080915,19.180824
sz.000421,南京公用,2016-03-31,6.5466096,6.5896794,6.47769792,6.51215376,5771247.0,43762498.0,1.471097,0.0,18.974219,1.89118,1.080915,19.180824
sz.000422,湖北宜化,2016-03-29,5.9363,5.96479424,5.86981344,5.89830768,9332785.0,58090690.0,1.039502,-0.64,119.39892,0.907144,0.311251,4.404973
sz.000422,湖北宜化,2016-03-30,5.96479424,6.0787712,5.95529616,6.05977504,14570167.0,92411627.0,1.622851,2.7375,122.667489,0.931977,0.319771,4.52556
sz.000422,湖北宜化,2016-03-31,6.0787712,6.0787712,6.01228464,6.05027696,11315252.0,72116391.0,1.260313,-0.1567,122.47522,0.930517,0.31927,4.518467
sz.000423,东阿阿胶,2016-03-29,38.03779077,38.10114749,37.39630398,37.54677619,9237064.0,440694944.0,1.412682,-1.2292,19.081012,4.420862,5.689739,-34.790095
sz.000423,东阿阿胶,2016-03-30,37.8556402,38.78223223,37.78436389,38.36249396,17673387.0,855901600.0,2.702902,2.1725,19.495555,4.516907,5.813351,-35.545923
sz.000423,东阿阿胶,2016-03-31,38.37833314,38.87726731,38.30705683,38.44960945,10965904.0,534550288.0,1.677085,0.2271,19.539826,4.527164,5.826552,-35.626643
sz.000425,徐工机械,2016-03-29,2.9977265,3.0146151,2.8879506,2.9386164,51256881.0,178913762.0,0.724978,-1.6949,-47.601128,1.160214,1.423709,-21.289197
sz.000425,徐工机械,2016-03-30,2.9470607,3.0061708,2.9470607,2.9892822,48029382.0,169493567.0,0.679329,1.7241,-48.421837,1.180218,1.448255,-21.656252
sz.000425,徐工机械,2016-03-31,2.9892822,3.0061708,2.9470607,2.9639493,47874468.0,168366641.0,0.677137,-0.8475,491.437753,1.207591,1.492743,-1050.303594
sz.000426,兴业银锡,2016-03-29,7.38864,7.42804608,7.01428224,7.07339136,16906906.0,123177537.0,1.755166,-4.1389,691.161084,3.112201,9.012807,-17.3133
sz.000426,兴业银锡,2016-03-30,7.1916096,7.27042176,7.07339136,7.23101568,16908649.0,123082328.0,1.755347,2.2284,706.563003,3.181553,9.213649,-17.699112
sz.000426,兴业银锡,2016-03-31,7.28027328,7.30982784,7.0930944,7.16205504,19294667.0,140541929.0,2.003048,-0.9537,699.824664,3.151211,9.125781,-17.530319
sz.000428,华天酒店,2016-03-29,7.4,7.46,7.25,7.43,7359723.0,54219267.0,1.023963,0.2699,-109.77921,4.847067,5.94179,-100.345098
sz.000428,华天酒店,2016-03-30,7.47,7.69,7.46,7.6,10785268.0,81337433.0,1.500562,2.288,-112.290982,4.957969,6.07774,-102.641015
sz.000428,华天酒店,2016-03-31,7.64,7.79,7.56,7.77,11629224.0,89543822.0,1.617982,2.2368,-114.802754,5.068871,6.213689,-104.936933
sz.000429,粤高速A,2016-03-29,3.1891531,3.29746396,3.14703221,3.27941215,19128316.0,102963075.0,4.081413,2.8302,14.596257,1.315206,4.433062,16.123068
sz.000429,粤高速A,2016-03-30,3.29144669,3.32153304,3.23127399,3.32153304,12059217.0,65672858.0,2.573078,1.2844,14.783731,1.332099,4.490001,16.330153
sz.000429,粤高速A,2016-03-31,3.34560212,3.41780936,3.33958485,3.35763666,13107690.0,73455446.0,2.796791,1.087,14.944424,1.346578,4.538805,16.507655
sz.000430,ST张家界,2016-03-29,10.92814107,10.99714275,10.59175788,10.63488393,6378120.0,79846618.0,3.051241,-3.5211,34.580729,6.520257,5.861631,70.377653
sz.000430,ST张家界,2016-03-30,10.7815125,11.09202006,10.6090083,10.91089065,8057468.0,101182362.0,3.854627,2.5953,35.478201,6.689477,6.013757,72.204161
sz.000430,ST张家界,2016-03-31,10.92814107,11.06614443,10.79013771,10.8677646,7894590.0,100159046.0,3.776708,-0.3953,35.337971,6.663036,5.989988,71.918769
sz.000488,ST晨鸣,2016-03-29,4.6331775,4.6331775,4.43726028,4.500801,20188311.0,172263599.0,1.826935,-2.8571,22.692277,1.180027,0.824738,-17.640086
sz.000488,ST晨鸣,2016-03-30,4.5537516,4.62788244,4.40019486,4.57493184,23538674.0,200665780.0,2.130125,1.6471,23.066032,1.199462,0.838322,-17.930628
sz.000488,ST晨鸣,2016-03-31,4.59081702,4.62258738,4.45844052,4.48491582,20644739.0,175421498.0,1.868239,-1.9676,16.060476,1.147855,0.810267,17.983731
sz.000498,山东路桥,2016-03-29,5.21259948,5.26296276,5.10347904,5.14544844,9194694.0,56619258.0,2.596123,-1.6051,18.324222,2.400234,0.922006,33.053415
sz.000498,山东路桥,2016-03-30,5.17063008,5.27135664,5.13705456,5.27135664,12766553.0,79185643.0,3.604639,2.447,18.658798,2.316529,0.94821,-93.825706
sz.000498,山东路桥,2016-03-31,5.27975052,5.456022,5.25456888,5.44762812,28582332.0,183067361.0,8.070227,3.3439,19.282738,2.393993,0.979917,-96.96319
sz.000501,武商集团,2016-03-29,11.22479488,11.69027808,11.11174896,11.3710896,8177868.0,140659625.0,1.612406,1.3033,12.422155,2.286216,0.513249,33.933354
sz.000501,武商集团,2016-03-30,11.35779008,11.6703288,11.35779008,11.65037952,6634673.0,115475158.0,1.308139,2.4561,12.727261,2.342369,0.525855,34.766805
sz.000501,武商集团,2016-03-31,11.69027808,11.7368264,11.37773936,11.51073456,6915253.0,120450738.0,1.36346,-1.1986,12.574708,2.314292,0.519552,34.35008
sz.000503,国新健康,2016-03-29,23.81,23.98,22.35,23.0,20671926.0,478863952.0,2.302189,-3.4425,-277.577829,16.769228,113.978728,-3198.506611
sz.000503,国新健康,2016-03-30,23.3,23.84,23.13,23.78,14735924.0,346469168.0,1.641109,3.3913,-286.991338,17.337923,117.844094,-3306.977705
sz.000503,国新健康,2016-03-31,23.86,24.38,23.68,23.85,20845503.0,501994256.0,2.32152,0.2944,-287.83614,17.38896,118.190986,-3316.712291
sz.000504,*ST生物,2016-03-29,18.63,18.73,17.51,18.07,6549818.0,118151843.0,2.108266,-2.7972,-241.372134,-980.6718,379.582511,271.7997
sz.000504,*ST生物,2016-03-30,18.2,18.6,17.88,18.42,6081929.0,110596174.0,1.957661,1.9369,-246.0473,-999.66655,386.93469,277.064221
sz.000504,*ST生物,2016-03-31,18.43,19.28,18.43,18.98,11677715.0,221290951.0,3.758842,3.0402,-253.527566,-1030.058149,398.698177,285.487455
sz.000505,京粮控股,2016-03-29,8.57799995,8.7060298,8.28254645,8.44012165,8867800.0,76102119.0,2.460235,-2.0571,-41.201882,-25.441465,14.317278,22.562274
sz.000505,京粮控股,2016-03-30,8.5090608,8.81436275,8.49921235,8.71587825,6767199.0,59645274.0,1.877455,3.2672,-42.548035,-26.272692,14.785054,23.299431
sz.000505,京粮控股,2016-03-31,8.65678755,9.22799765,8.65678755,8.95224105,14094997.0,127975057.0,3.91044,2.7119,-43.70188,-26.985172,15.186004,23.93128
sz.000506,招金黄金,2016-03-29,7.83,7.91,7.5,7.68,7859044.0,60861746.0,0.846596,-1.6645,-71.830666,5.216716,15.628842,103.410527
sz.000506,招金黄金,2016-03-30,7.74,7.9,7.71,7.88,6625519.0,51750193.0,0.713718,2.6042,-73.701256,5.352568,16.035844,106.103509
sz.000506,招金黄金,2016-03-31,7.88,7.97,7.73,7.83,9345088.0,73567341.0,1.006676,-0.6345,-73.233608,5.318605,15.934093,105.430264
sz.000507,珠海港,2016-03-29,5.4507808,5.5520622,5.3126698,5.4047438,17025510.0,100607968.0,2.204966,-1.1785,47.935343,1.85266,2.085585,-12.835089
sz.000507,珠海港,2016-03-30,5.432366,5.570477,5.340292,5.5520622,22493133.0,133309056.0,2.913076,2.7257,60.553002,1.884033,2.353797,157.078966
sz.000507,珠海港,2016-03-31,5.570477,5.8098694,5.5152326,5.7270028,33847674.0,209659591.0,4.383597,3.1509,62.460974,1.943398,2.427963,162.028386
sz.000509,华塑控股,2016-03-29,5.66,5.66,5.66,5.66,0.0,0.0,,0.0,-51.341814,317.555858,26.643381,-39.767167
sz.000509,华塑控股,2016-03-30,5.66,5.66,5.66,5.66,0.0,0.0,,0.0,-51.341814,317.555858,26.643381,-39.767167
sz.000509,华塑控股,2016-03-31,5.66,5.66,5.66,5.66,0.0,0.0,,0.0,-51.341814,317.555858,26.643381,-39.767167
sz.000510,新金路,2016-03-29,6.74365146,6.81317364,6.5549484,6.62447058,13360173.0,89989758.0,2.371203,-2.3426,-26.623092,6.266991,2.309083,-17.059766
sz.000510,新金路,2016-03-30,6.66419754,6.81317364,6.64433406,6.8032419,11409375.0,77312300.0,2.02497,2.6986,-27.341556,6.436115,2.371397,-17.52015
sz.000510,新金路,2016-03-31,6.84296886,6.91249104,6.79331016,6.82310538,10616280.0,73052525.0,1.884209,0.292,-27.421386,6.454907,2.378321,-17.571304
sz.000513,丽珠集团,2016-03-29,14.9255326,14.9289504,14.5974238,14.747807,1471199.0,63392299.0,0.636966,-1.1228,27.505068,3.940354,2.586775,295.3792
sz.000513,丽珠集团,2016-03-30,14.850341,15.1476896,14.850341,15.1442718,2111108.0,92883762.0,0.914019,2.6883,28.244486,4.046282,2.656315,303.31987
sz.000513,丽珠集团,2016-03-31,15.2126278,15.4450382,15.0759158,15.363011,2651972.0,118996934.0,1.14819,1.4444,28.65244,4.104726,2.694682,307.700928
sz.000514,渝开发,2016-03-29,8.83033968,9.08208182,8.714151,8.82065729,24366573.0,223729189.0,2.88782,0.0,1042.860867,2.743716,6.654967,-26.681627
sz.000514,渝开发,2016-03-30,8.95621075,9.37255352,8.82065729,9.34350635,37694800.0,354546784.0,4.467423,5.9276,1104.676989,2.906351,7.049444,-28.263194
sz.000514,渝开发,2016-03-31,9.24668245,9.33382396,9.03366987,9.09176421,37499961.0,354062624.0,4.444331,-2.6943,1074.913671,2.828045,6.859511,-27.501699
sz.000516,国际医学,2016-03-29,6.3554189,6.68683645,6.28133733,6.59715876,61263539.0,1022742912.0,8.759286,3.9312,40.619763,4.115043,3.396627,9.170277
sz.000516,国际医学,2016-03-30,6.4333995,6.85839377,6.35931793,6.79600929,69319540.0,1165127296.0,9.91111,3.0142,57.01551,4.137072,3.523296,10.647492
sz.000516,国际医学,2016-03-31,6.8233025,6.85839377,6.62055294,6.65174518,47226950.0,814328032.0,6.752374,-2.1228,55.805198,4.049252,3.448504,10.421469
sz.000517,荣安地产,2016-03-29,3.31717932,3.35970726,3.19668349,3.21794746,22211767.0,101425142.0,0.731744,-2.9915,139.979507,3.989543,12.855055,-306.385596
sz.000517,荣安地产,2016-03-30,3.2604754,3.31009133,3.23212344,3.29591535,16353219.0,75425633.0,0.53874,2.4229,143.371081,4.086206,13.166521,-313.809036
sz.000517,荣安地产,2016-03-31,3.29591535,3.4022352,3.27465138,3.35261927,25544825.0,120489955.0,0.841549,1.7204,145.837681,4.156506,13.393042,-319.207901
sz.000518,*ST四环,2016-03-29,6.83,6.87,6.73,6.8,14387051.0,97803307.0,1.397431,-1.0189,-255.946128,10.349706,30.139392,-411.478587
sz.000518,*ST四环,2016-03-30,6.85,6.95,6.83,6.92,14285900.0,98584460.0,1.387606,1.7647,-260.462824,10.532347,30.671264,-418.739973
sz.000518,*ST四环,2016-03-31,6.91,6.96,6.84,6.87,13393944.0,92142477.0,1.300969,-0.7225,-258.580867,10.456247,30.449651,-415.714396
sz.000519,中兵红箭,2016-03-29,13.24213192,13.32072024,12.6723666,12.8688374,18431051.0,242756377.0,4.024608,-3.321,54.456776,3.234067,8.742763,-75.472361
sz.000519,中兵红箭,2016-03-30,13.04566112,13.32072024,12.88848448,13.32072024,18391964.0,245316589.0,4.016073,3.5115,56.368999,3.34763,9.049761,-78.122536
sz.000519,中兵红箭,2016-03-31,13.3600144,13.59577936,13.17336714,13.22248484,23504060.0,320530592.0,5.132351,-0.7375,55.953298,3.322942,8.983022,-77.546411
sz.000520,凤凰航运,2016-03-29,9.65,9.89,9.06,9.18,72609573.0,680224672.0,7.174267,-5.6526,167.183749,39.819132,11.547751,-127.679779
sz.000520,凤凰航运,2016-03-30,9.34,9.53,9.24,9.48,55799372.0,523476288.0,5.513317,3.268,172.64727,41.120411,11.925128,-131.852321
sz.000520,凤凰航运,2016-03-31,9.5,9.64,9.43,9.45,54369380.0,518079312.0,5.372025,-0.3165,172.100918,40.990283,11.88739,-131.435067
sz.000521,长虹美菱,2016-03-29,4.71211096,4.74529484,4.57107947,4.62915126,10002356.0,56239917.0,1.689844,-2.6178,160.83972,1.259143,0.409153,-7.191847
sz.000521,长虹美菱,2016-03-30,4.66233514,4.77847872,4.66233514,4.77018275,9524813.0,54197413.0,1.609166,3.0466,165.739855,1.297504,0.421618,-7.410954
sz.000521,长虹美菱,2016-03-31,4.76188678,4.82825454,4.75359081,4.77847872,10487139.0,60479044.0,1.771746,0.1739,166.028098,1.299761,0.422351,-7.423842
sz.000523,红棉股份,2016-03-29,8.8745544,8.92385748,8.56230156,8.61160464,5103200.0,53998157.0,1.145395,-2.6927,115.705547,5.012845,0.818941,-317.935873
sz.000523,红棉股份,2016-03-30,8.70199362,8.97316056,8.65269054,8.97316056,5802277.0,62340686.0,1.3023,4.1985,120.563413,5.223308,0.853324,-331.284326
sz.000523,红棉股份,2016-03-31,8.98959492,9.03068082,8.8745544,8.94029184,6325195.0,68928770.0,1.419667,-0.3663,120.121789,5.204175,0.850199,-330.07083
sz.000524,岭南控股,2016-03-29,11.76436274,11.87448158,11.2871811,11.36059366,2953597.0,37173630.0,1.095257,-4.1796,85.098545,5.418869,10.916765,22.790947
sz.000524,岭南控股,2016-03-30,11.47988907,11.84695187,11.45235936,11.82859873,3608430.0,45623639.0,1.338083,4.1195,88.60422,5.642102,11.366486,23.729831
sz.000524,岭南控股,2016-03-31,11.929541,12.03048327,11.7460096,11.99377699,3647873.0,47413269.0,1.35271,1.3964,89.841517,5.72089,11.525212,24.061202
sz.000525,红太阳,2016-03-29,11.27479122,11.29106076,10.84364841,10.95753519,3964902.0,53633076.0,0.782058,-2.9539,35.318058,1.985912,1.635868,-374.819811
sz.000525,红太阳,2016-03-30,11.00634381,11.28292599,10.95753519,11.25852168,3986222.0,54735763.0,0.786263,2.7468,36.28819,2.040462,1.680802,-385.11553
sz.000525,红太阳,2016-03-31,11.28292599,11.35613892,11.2259826,11.27479122,3327652.0,46217341.0,0.656364,0.1445,36.340629,2.04341,1.683231,-385.672055
sz.000526,学大教育,2016-03-29,56.3,57.85,51.62,52.99,4112998.0,222387723.0,4.275683,-4.5913,1242.439059,32.01623,197.419242,-3524.136662
sz.000526,学大教育,2016-03-30,53.3,54.55,52.1,54.34,2016381.0,107425427.0,2.096137,2.5476,1274.092064,32.831892,202.448794,-3613.919347
sz.000526,学大教育,2016-03-31,53.97,56.4,53.45,55.0,2535357.0,138717927.0,2.63564,1.2146,1289.566867,33.23066,204.907686,-3657.813105
sz.000528,柳工,2016-03-29,4.2599076,4.27870131,4.07823507,4.11582249,18171898.0,120627174.0,1.615153,-3.5242,346.874082,0.830304,1.110734,21.266132
sz.000528,柳工,2016-03-30,4.1346162,4.2599076,4.1346162,4.25364303,13589909.0,91302862.0,1.207897,3.3486,358.489348,0.858107,1.147928,21.978239
sz.000528,柳工,2016-03-31,4.26617217,4.33508244,4.22858475,4.31002416,18484340.0,126451287.0,1.642924,1.3255,363.241048,0.869481,1.163143,22.269556
sz.000529,广弘控股,2016-03-29,7.4634081,7.49772262,7.15457742,7.2060492,7578285.0,64167996.0,1.336092,-3.4483,31.241208,4.337749,2.478324,23.060528
sz.000529,广弘控股,2016-03-30,7.24894235,7.50630125,7.22320646,7.44625084,8327018.0,71429148.0,1.468098,3.3333,67.618558,4.452522,2.629415,-244.00816
sz.000529,广弘控股,2016-03-31,7.50630125,7.66071659,7.42909358,7.55777303,12968321.0,114188440.0,2.286384,1.4977,68.631278,4.519207,2.668796,-247.66266
sz.000530,冰山冷热,2016-03-29,6.863307,6.863307,6.64633794,6.75703644,3882077.0,58908390.0,1.799003,-1.5484,46.326958,2.175235,3.76166,-16.150604
sz.000530,冰山冷热,2016-03-30,6.7747482,6.9518658,6.69504528,6.9297261,6460635.0,99318977.0,2.993938,2.5557,43.375903,2.128933,3.506387,-22.205827
sz.000530,冰山冷热,2016-03-31,6.9518658,6.96072168,6.77917614,6.79245996,4693943.0,72661461.0,2.175231,-1.9808,42.5167,2.086762,3.436931,-21.765967
sz.000531,穗恒运A,2016-03-29,6.79380516,6.81422742,6.5691603,6.63042708,3816354.0,37646924.0,0.557066,-2.2088,13.690449,1.939793,2.80292,-31.676598
sz.000531,穗恒运A,2016-03-30,6.73253838,6.9095313,6.67807902,6.88230162,3895002.0,39020644.0,0.568546,3.7988,14.210518,2.013481,2.909397,-32.879919
sz.000531,穗恒运A,2016-03-31,6.9095313,7.0116426,6.83464968,7.0116426,6421829.0,65460095.0,0.937382,1.8793,14.47758,2.051321,2.964074,-33.49784
sz.000532,华金资本,2016-03-29,15.40981533,16.00582815,15.34252356,15.51555954,12513116.0,204068914.0,3.643004,1.3819,147.174564,8.121996,26.210251,-63.244354
sz.000532,华金资本,2016-03-30,15.70782174,16.31344767,15.52517265,16.23654279,14247576.0,235784343.0,4.147966,4.6468,154.013531,8.499412,27.4282,-66.183218
sz.000532,华金资本,2016-03-31,16.31344767,16.31344767,15.80395284,15.94814949,13144356.0,218622204.0,3.82678,-1.7762,151.277944,8.348446,26.94102,-65.007672
sz.000533,顺钠股份,2016-03-29,9.431296,9.431296,9.431296,9.431296,0.0,0.0,,0.0,43.46194,4.797994,1.633776,-15.421569
sz.000533,顺钠股份,2016-03-30,9.431296,9.431296,9.431296,9.431296,0.0,0.0,,0.0,43.46194,4.797994,1.633776,-15.421569
sz.000533,顺钠股份,2016-03-31,9.431296,9.431296,9.431296,9.431296,0.0,0.0,,0.0,43.46194,4.797994,1.633776,-15.421569
sz.000534,万泽股份,2016-03-29,9.51821542,10.54824274,9.49914084,10.54824274,30012022.0,321016144.0,6.111914,10.0498,117.152223,4.145855,11.059421,638.628746
sz.000534,万泽股份,2016-03-30,10.6817648,11.60688193,10.6817648,11.60688193,24857754.0,291008016.0,5.062253,10.0362,128.909815,4.56194,12.169363,702.722589
sz.000534,万泽股份,2016-03-31,12.77043131,12.77043131,12.24588036,12.77043131,56380337.0,747338608.0,11.481791,10.0247,141.832574,5.019259,13.389299,773.168075
sz.000536,华映科技,2016-03-29,7.39663442,7.7035977,7.2018308,7.30808732,6972987.0,87112540.0,0.897802,-1.3546,63.471537,3.31379,1.775131,-27.23554
sz.000536,华映科技,2016-03-30,7.3494093,7.50289094,7.33760302,7.48518152,6710745.0,84448972.0,0.864037,2.4233,65.009619,3.394092,1.818147,-27.895528
sz.000536,华映科技,2016-03-31,7.56192234,7.75672596,7.5265035,7.54421292,7413545.0,95809104.0,0.954525,0.7886,65.522314,3.420859,1.832486,-28.115525
sz.000537,绿发电力,2016-03-29,6.2997616,6.2997616,5.9681952,6.08424344,10526092.0,78218824.0,2.053057,-3.2938,26.434329,1.942475,2.606839,-5.187285
sz.000537,绿发电力,2016-03-30,6.14226756,6.2997616,6.14226756,6.27489412,8709355.0,65552742.0,1.698712,3.1335,27.262653,2.003343,2.688525,-5.349829
sz.000537,绿发电力,2016-03-31,6.28318328,6.424099,6.28318328,6.3412074,9418304.0,72139275.0,1.836989,1.0568,27.550758,2.009062,2.716937,14.337202
sz.000538,云南白药,2016-03-29,32.8374489,33.0012267,32.22055252,32.4280044,3377572.0,200997416.0,0.324332,-1.4925,22.325039,4.832112,2.98287,112.206507
sz.000538,云南白药,2016-03-30,32.5098933,33.66725642,32.5098933,33.301486,3714395.0,225964191.0,0.356676,2.6936,22.926387,4.96227,3.063217,115.228905
sz.000538,云南白药,2016-03-31,33.33424156,33.7109305,33.15954524,33.4652638,4173020.0,255879479.0,0.400715,0.4918,23.03914,4.986674,3.078282,115.795604
sz.000539,粤电力A,2016-03-29,4.9596989,4.96816255,4.8412078,4.86659875,10509985.0,60746085.0,0.411525,-2.0443,9.675297,1.305702,1.160602,-47.002939
sz.000539,粤电力A,2016-03-30,4.90045335,4.9766262,4.8919897,4.9596989,8651890.0,50396575.0,0.33877,1.913,9.860389,1.33068,1.182805,-47.902126
sz.000539,粤电力A,2016-03-31,4.98508985,5.01894445,4.95123525,4.98508985,11616411.0,68407704.0,0.454848,0.5119,9.910869,1.337493,1.188861,-48.147359
sz.000541,佛山照明,2016-03-29,6.836496,6.8934668,6.53027795,6.6228555,12444247.0,116599553.0,1.276514,-3.024,221.528027,2.355076,4.1127,-210.681308
sz.000541,佛山照明,2016-03-30,6.71543305,6.9219522,6.64421955,6.8934668,13438304.0,128625482.0,1.378483,4.086,230.57971,2.451305,4.280746,-219.289792
sz.000541,佛山照明,2016-03-31,6.9077095,6.94331625,6.80088925,6.82937465,13526498.0,130498889.0,1.38753,-0.9298,228.43589,2.428514,4.240945,-217.25094
sz.000543,皖能电力,2016-03-29,5.81019644,5.82677332,5.56983168,5.65271608,19817256.0,135255610.0,1.137114,-2.2923,10.478,1.448724,1.051108,30.750727
sz.000543,皖能电力,2016-03-30,5.70244672,5.81019644,5.68586984,5.81019644,18637814.0,129174538.0,1.069438,2.7859,10.868072,1.377944,1.110903,81.712597
sz.000543,皖能电力,2016-03-31,5.81848488,5.85992708,5.75217736,5.76875424,18488029.0,129462038.0,1.060843,-0.7133,10.790554,1.368116,1.102979,81.129768
sz.000544,中原环保,2016-03-29,7.4095,7.44527,7.11823,7.17444,3807333.0,54324346.0,1.41295,-3.4388,46.343542,3.935112,7.33708,8.173099
sz.000544,中原环保,2016-03-30,7.24087,7.41972,7.21532,7.4095,3707396.0,53122515.0,1.375862,3.2764,47.86192,4.06404,7.577468,8.440878
sz.000544,中原环保,2016-03-31,7.44016,7.53214,7.4095,7.44527,3610846.0,52728316.0,1.340031,0.4828,48.092978,4.08366,7.614049,8.481627
sz.000545,金浦钛业,2016-03-29,6.4501409,6.4501409,6.14945764,6.2076544,40957648.0,263802335.0,6.871188,-3.177,61.888867,3.675052,8.80442,143.273695
sz.000545,金浦钛业,2016-03-30,6.26585116,6.44044144,6.2561517,6.43074198,45031281.0,295092032.0,7.554594,3.5938,64.112999,3.807124,9.120829,148.422593
sz.000545,金浦钛业,2016-03-31,6.45984036,6.66352902,6.31434846,6.52773658,67348200.0,449286112.0,11.298553,1.5083,65.080012,3.864546,9.258398,150.661245
sz.000546,金圆股份,2016-03-29,8.41118765,8.56918786,8.1788344,8.51342308,7807468.0,70337561.0,2.85311,1.7778,72.093628,3.085487,3.899438,-60.754678
sz.000546,金圆股份,2016-03-30,8.55989373,8.98742371,8.50412895,8.85730589,12641587.0,119443038.0,4.619659,4.0393,75.005706,3.21012,4.056948,-63.208743
sz.000546,金圆股份,2016-03-31,8.79224698,8.84801176,8.63424677,8.6435409,12343283.0,115913858.0,4.510648,-2.4134,73.195495,3.132646,3.959036,-61.683243
sz.000547,航天发展,2016-03-29,14.50372638,14.57223251,13.75015895,13.92631757,16121297.0,232162676.0,1.931097,-3.9811,77.739139,3.965913,17.598883,10.694338
sz.000547,航天发展,2016-03-30,14.13183596,14.56244592,14.07311642,14.54287274,22525137.0,330392752.0,2.698184,4.4273,81.180857,4.141495,18.378032,11.167805
sz.000547,航天发展,2016-03-31,14.679885,15.05177542,14.5820191,14.60159228,21839882.0,329979408.0,2.616101,0.4038,81.50864,4.158217,18.452237,11.212897
sz.000548,湖南投资,2016-03-29,7.68006092,7.9045694,7.6239338,7.7642516,9374057.0,77600832.0,1.877812,-0.1203,673.474898,2.817869,24.308135,24.140966
sz.000548,湖南投资,2016-03-30,7.8577968,8.29745924,7.80166968,8.06359624,19345130.0,166339893.0,3.875218,3.8554,699.440195,2.926509,25.245316,25.071702
sz.000548,湖南投资,2016-03-31,8.06359624,8.24133212,7.951342,7.97005104,14894454.0,128861522.0,2.983658,-1.1601,691.32604,2.892559,24.952447,24.780847
sz.000550,江铃汽车,2016-03-29,16.36505,16.36505,15.88039275,16.13216275,2449492.0,62911491.0,0.473343,-1.1951,9.956601,1.846583,0.902001,-191.669942
sz.000550,江铃汽车,2016-03-30,16.13216275,16.52240625,16.13216275,16.516112,3296004.0,85581871.0,0.636924,2.38,10.19357,1.890532,0.923468,-196.231731
sz.000550,江铃汽车,2016-03-31,16.641997,16.64829125,16.465758,16.59793725,3215738.0,84674528.0,0.621413,0.4954,10.244072,1.899898,0.928044,-197.203916
sz.000551,创元科技,2016-03-29,7.03547112,7.03547112,6.69440544,6.76579128,14448374.0,124225032.0,3.611368,-4.4793,141.539027,2.593516,1.587205,225.027744
sz.000551,创元科技,2016-03-30,6.83717712,7.02753936,6.80545008,7.0196076,10151311.0,88458939.0,2.537318,3.7515,146.848814,2.690811,1.646749,233.469582
sz.000551,创元科技,2016-03-31,7.03547112,7.2179016,7.0196076,7.19410632,14807195.0,133173183.0,3.701055,2.4859,150.499293,2.757701,1.687685,239.273346
sz.000552,甘肃能化,2016-03-29,3.19048443,3.19048443,2.99972862,3.01468986,28662647.0,234985660.0,3.680742,-5.3991,51.252195,1.505439,3.482026,7.382242
sz.000552,甘肃能化,2016-03-30,3.03713172,3.18300381,3.01843017,3.17552319,30779068.0,253740798.0,3.952524,5.335,53.986493,1.585753,3.667792,7.776084
sz.000552,甘肃能化,2016-03-31,3.15308133,3.23162784,3.10819761,3.17178288,27518692.0,232118160.0,3.533839,-0.1178,53.922905,1.583886,3.663471,7.766925
sz.000553,安道麦A,2016-03-29,10.4500052,10.4500052,10.4500052,10.4500052,0.0,0.0,,0.0,44.803706,3.029957,2.928647,-498.448145
sz.000553,安道麦A,2016-03-30,10.4500052,10.4500052,10.4500052,10.4500052,0.0,0.0,,0.0,44.803706,3.029957,2.928647,-498.448145
sz.000553,安道麦A,2016-03-31,10.4500052,10.4500052,10.4500052,10.4500052,0.0,0.0,,0.0,44.803706,3.029957,2.928647,-498.448145
sz.000554,泰山石油,2016-03-29,9.59851264,9.63721632,9.15342032,9.27920728,14660593.0,141940675.0,4.042632,-3.2291,2844.365686,5.040052,1.445914,-127.324475
sz.000554,泰山石油,2016-03-30,9.3856424,9.94684576,9.36629056,9.7242996,23405506.0,234788009.0,6.454026,4.7967,2980.800328,5.281806,1.515269,-133.431802
sz.000554,泰山石油,2016-03-31,9.5791608,9.7726792,9.55980896,9.69527184,16163179.0,161955881.0,4.456967,-0.2985,2971.902416,5.26604,1.510746,-133.033498
sz.000555,神州信息,2016-03-29,28.52517162,28.52517162,28.52517162,28.52517162,0.0,0.0,,0.0,80.728859,8.695729,4.001722,-949.489067
sz.000555,神州信息,2016-03-30,28.52517162,28.52517162,28.52517162,28.52517162,0.0,0.0,,0.0,76.383911,8.242266,3.989621,149.499638
sz.000555,神州信息,2016-03-31,28.52517162,28.52517162,28.52517162,28.52517162,0.0,0.0,,0.0,76.383911,8.242266,3.989621,149.499638
sz.000557,西部创业,2016-03-29,5.7950217,5.85445782,5.66624344,5.70586752,7709050.0,44804628.0,1.317234,-2.0408,-2683.502713,59.694614,781.223347,-48.95535
sz.000557,西部创业,2016-03-30,5.7454916,5.88417588,5.7454916,5.87426986,6367679.0,37453941.0,1.088036,2.9514,-2762.703314,61.456434,804.280286,-50.400213
sz.000557,西部创业,2016-03-31,5.6959615,5.82473976,5.68605548,5.77520966,14468822.0,83952398.0,2.472266,-1.6863,-2716.114725,60.420069,790.717381,-49.550294
sz.000558,天府文旅,2016-03-29,12.3278265,12.69432945,11.6614575,11.82804975,58784045.0,1073062816.0,7.688619,-5.1309,-423.458695,9.626539,4.264012,-40.326754
sz.000558,天府文旅,2016-03-30,12.20788008,12.32116281,11.80805868,12.1945527,41280006.0,747580000.0,5.39919,3.0986,-436.57995,9.924826,4.396136,-41.576315
sz.000558,天府文旅,2016-03-31,12.3278265,12.89424015,12.2611896,12.51440982,40461089.0,764383616.0,5.29208,2.623,-448.031228,10.18515,4.511445,-42.666841
sz.000559,万向钱潮,2016-03-29,10.64166136,10.73713081,10.08793855,10.21523115,46273793.0,752308544.0,2.020781,-4.0072,47.236517,8.796675,3.595542,75.963803
sz.000559,万向钱潮,2016-03-30,10.34252375,10.71803692,10.2470543,10.70530766,50827135.0,835135184.0,2.219626,4.7975,49.502693,9.218696,3.768039,79.608172
sz.000559,万向钱潮,2016-03-31,10.76258933,10.79441248,10.5016395,10.64802599,45479151.0,759021104.0,1.986079,-0.5351,49.237815,9.169369,3.747877,79.182207
sz.000560,我爱我家,2016-03-29,7.91684904,8.0428663,7.3386522,7.35347776,8782021.0,90161773.0,2.779893,-7.4627,373.155106,3.277141,8.410304,74.569138
sz.000560,我爱我家,2016-03-30,7.50173336,7.79083178,7.44243112,7.67964008,4627330.0,47794839.0,1.464752,4.4355,389.70634,3.422498,8.783342,77.87664
sz.000560,我爱我家,2016-03-31,7.67964008,7.84272124,7.53879726,7.5610356,4237906.0,43612161.0,1.341482,-1.5444,383.68771,3.369641,8.647691,76.673912
sz.000561,烽火电子,2016-03-29,12.82410408,12.94395552,12.26479736,12.60437644,15899453.0,201321969.0,2.676725,-2.5483,199.482614,7.940063,7.89387,69.862728
sz.000561,烽火电子,2016-03-30,12.79414122,13.0837822,12.55443834,13.0338441,19240064.0,246970760.0,3.239128,3.4073,206.279565,8.210604,8.162837,72.243154
sz.000561,烽火电子,2016-03-31,13.02385648,13.36343556,12.8840298,13.06380696,21558147.0,282944256.0,3.629385,0.2299,206.753771,8.229479,8.181602,72.40923
sz.000563,陕国投A,2016-03-29,5.47077,5.752545,5.397075,5.579145,48300341.0,618468960.0,3.976425,1.981,43.809364,2.598242,17.278707,11.587012
sz.000563,陕国投A,2016-03-30,5.657175,6.13836,5.59215,6.13836,72183566.0,976569856.0,5.942661,10.0233,48.200513,2.858672,19.010605,12.748414
sz.000563,陕国投A,2016-03-31,6.14703,6.43314,6.073335,6.194715,68063382.0,975713424.0,5.603459,0.9181,48.643031,2.884917,19.185137,12.865455
sz.000564,供销大集,2016-03-29,4.08379872,4.08798294,3.8913246,3.93735102,8532275.0,81269600.0,1.956899,-3.2888,188.724809,3.050393,1.70779,9.937685
sz.000564,供销大集,2016-03-30,3.97919322,4.1005356,3.95827212,4.08379872,8457816.0,81274948.0,1.939821,3.7195,195.744329,3.163851,1.771311,10.307312
sz.000564,供销大集,2016-03-31,4.16748312,4.18422,4.0586934,4.07543028,9477981.0,93043470.0,2.173799,-0.2049,195.343213,3.157368,1.767681,10.286191
sz.000565,渝三峡A,2016-03-29,9.91176336,9.91176336,9.91176336,9.91176336,0.0,0.0,,0.0,26.76434,5.689421,8.360304,130.542564
sz.000565,渝三峡A,2016-03-30,9.91176336,9.91176336,9.91176336,9.91176336,0.0,0.0,,0.0,26.76434,5.689421,8.360304,130.542564
sz.000565,渝三峡A,2016-03-31,9.91176336,9.91176336,9.91176336,9.91176336,0.0,0.0,,0.0,26.76434,5.689421,8.360304,130.542564
sz.000566,海南海药,2016-03-29,11.14789104,11.25020997,10.65091338,10.78733862,12695343.0,283386960.0,2.568124,-4.2388,53.448142,5.210703,7.951974,60.467838
sz.000566,海南海药,2016-03-30,10.87504056,11.29893327,10.87504056,11.27457162,11505619.0,261716292.0,2.327456,4.5167,55.862241,5.446056,8.311141,63.198996
sz.000566,海南海药,2016-03-31,11.31355026,11.57665608,11.3038056,11.36227356,15004734.0,351611360.0,3.035288,0.7779,56.296779,5.488419,8.375792,63.690604
sz.000567,海德股份,2016-03-29,5.6643001,5.6643001,5.47311726,5.5320992,4932823.0,134148916.0,3.280657,-2.7529,176.941444,18.83253,263.729537,30.556987
sz.000567,海德股份,2016-03-30,5.5727764,5.7659931,5.5117606,5.7456545,5404208.0,150513055.0,3.594159,3.8603,183.771904,19.559521,273.910273,31.736577
sz.000567,海德股份,2016-03-31,5.7456545,6.20123914,5.7151466,6.10361386,6864970.0,202151571.0,4.565664,6.2301,195.221056,20.778097,290.975125,33.713794
sz.000568,泸州老窖,2016-03-29,19.56792404,19.86523756,18.777696,19.1297778,14210320.0,351369232.0,1.01374,-2.7833,35.871027,3.404036,6.129714,-22.353465
sz.000568,泸州老窖,2016-03-30,19.2471384,19.52880384,19.07500952,19.45056344,10383696.0,256232090.0,0.740755,1.6769,36.472545,3.461118,6.232503,-22.728309
sz.000568,泸州老窖,2016-03-31,19.47403556,19.59139616,19.168898,19.2862586,8909131.0,220163801.0,0.635562,-0.8447,36.16445,3.43188,6.179855,-22.536316
sz.000570,苏常柴A,2016-03-29,8.69245674,8.8659204,8.53826682,8.53826682,17150349.0,155012210.0,4.169037,-1.8826,57.23153,2.52475,1.822675,101.595986
sz.000570,苏常柴A,2016-03-30,8.61536178,9.39594825,8.49971934,9.14538963,35325237.0,330619712.0,8.587127,7.1106,61.30104,2.704275,1.952278,108.82008
sz.000570,苏常柴A,2016-03-31,9.04902093,9.29957955,8.98156284,9.09720528,29426453.0,279372304.0,7.153206,-0.5269,60.978063,2.690027,1.941992,108.246739
sz.000571,新大洲A,2016-03-29,5.66193893,5.66193893,5.66193893,5.66193893,0.0,0.0,,0.0,67.57813,2.066637,4.921923,-22.218095
sz.000571,新大洲A,2016-03-30,5.66193893,5.66193893,5.66193893,5.66193893,0.0,0.0,,0.0,67.57813,2.066637,4.921923,-22.218095
sz.000571,新大洲A,2016-03-31,5.66193893,5.66193893,5.66193893,5.66193893,0.0,0.0,,0.0,67.57813,2.066637,4.921923,-22.218095
sz.000572,海马汽车,2016-03-29,5.67436743,5.76349362,5.45650341,5.53572669,76767897.0,434575168.0,4.674997,-4.4444,55.406098,1.254466,0.78262,-70.524103
sz.000572,海马汽车,2016-03-30,5.59514415,5.76349362,5.47630923,5.69417325,102213533.0,578411088.0,6.22458,2.8623,56.991961,1.290372,0.805021,-72.542682
sz.000572,海马汽车,2016-03-31,5.63475579,5.71397907,5.5456296,5.56543542,79065359.0,448567888.0,4.814907,-2.2609,55.703447,1.261198,0.78682,-70.902586
sz.000573,粤宏远A,2016-03-29,6.65291004,6.65291004,6.252735,6.30275688,13395638.0,102481009.0,2.15304,-4.3038,-82.712523,3.041684,11.389928,-73.157927
sz.000573,粤宏远A,2016-03-30,6.35277876,6.5862142,6.35277876,6.4611595,15299334.0,118725806.0,2.459015,2.5132,-84.791277,3.118128,11.676183,-74.996552
sz.000573,粤宏远A,2016-03-31,6.49450742,6.51951836,6.32776782,6.3361048,16109463.0,124215584.0,2.589224,-1.9355,-83.150155,3.057777,11.450192,-73.545006
sz.000576,甘化科工,2016-03-29,15.4260036,15.60286224,14.73822,15.39652716,5742356.0,88594501.0,2.298425,-1.3224,39.136082,5.794358,17.43004,13.513611
sz.000576,甘化科工,2016-03-30,15.229494,15.71094252,15.229494,15.66181512,5585270.0,88536781.0,2.23555,1.723,39.810411,5.894197,17.730366,13.746456
sz.000576,甘化科工,2016-03-31,15.80919732,15.80919732,15.53408388,15.61268772,4532999.0,72225855.0,1.81437,-0.3137,39.685536,5.875708,17.674751,13.703336
sz.000581,威孚高科,2016-03-29,11.6220375,11.64683118,11.3741007,11.47327542,7781538.0,144028299.0,0.930259,-1.4377,11.717328,1.633005,3.19939,-19.035631
sz.000581,威孚高科,2016-03-30,11.54145804,11.9629506,11.54145804,11.95675218,12014731.0,228697422.0,1.436324,4.2139,12.211089,1.701818,3.334211,-19.837781
sz.000581,威孚高科,2016-03-31,11.95675218,12.01253796,11.81418852,11.9009664,12007579.0,230770645.0,1.435469,-0.4666,12.154116,1.693878,3.318654,-19.745225
sz.000582,北部湾港,2016-03-29,10.52141454,10.52141454,10.52141454,10.52141454,0.0,0.0,,0.0,34.554358,2.689903,4.651041,14.255045
sz.000582,北部湾港,2016-03-30,10.52141454,10.52141454,10.52141454,10.52141454,0.0,0.0,,0.0,34.554358,2.689903,4.651041,14.255045
sz.000582,北部湾港,2016-03-31,10.52141454,10.52141454,10.52141454,10.52141454,0.0,0.0,,0.0,39.631354,2.621937,5.115761,16.530165
sz.000586,汇源通信,2016-03-29,18.28,18.38,17.54,17.8,2738606.0,49026642.0,1.415739,-2.6258,202.732786,14.877762,7.916317,-104.139419
sz.000586,汇源通信,2016-03-30,17.91,18.7,17.91,18.61,2454990.0,45187400.0,1.269122,4.5506,211.958267,15.554784,8.276554,-108.878348
sz.000586,汇源通信,2016-03-31,18.7,19.3,18.4,19.12,5615349.0,106934893.0,2.902889,2.7405,217.766903,15.981057,8.50337,-111.862118
sz.000589,贵州轮胎,2016-03-29,3.9234244,3.9588984,3.8028128,3.831192,16962324.0,92722673.0,2.275578,-0.9174,35.833698,1.093226,0.861229,2.465039
sz.000589,贵州轮胎,2016-03-30,3.866666,3.9659932,3.8382868,3.9447088,15979239.0,87965144.0,2.143692,2.963,36.895437,1.125617,0.886747,2.538077
sz.000589,贵州轮胎,2016-03-31,3.9588984,3.9801828,3.9234244,3.9447088,14938601.0,83200489.0,2.004086,0.0,36.895437,1.125617,0.886747,2.538077
sz.000590,古汉医药,2016-03-29,21.32,21.79,20.53,20.65,3618014.0,75471596.0,1.620711,-4.4424,206.138587,22.409733,15.648065,575.969201
sz.000590,古汉医药,2016-03-30,20.92,21.5,20.66,21.5,2469646.0,51757396.0,1.106293,4.1162,214.62371,23.332167,16.292174,599.677376
sz.000590,古汉医药,2016-03-31,21.49,21.6,20.8,21.38,2078274.0,43990702.0,0.930975,-0.5581,213.425811,23.201941,16.201241,596.33034
sz.000591,太阳能,2016-03-29,6.8367675,6.97350285,6.1789596,6.208524,11429460.0,203880179.0,4.736766,-6.1977,2665.374693,42.551868,3.49848,-323.22397
sz.000591,太阳能,2016-03-30,6.27134835,6.3711282,6.0533109,6.31569495,8527018.0,142977667.0,3.533893,1.7262,2711.384137,43.286395,3.558871,-328.803431
sz.000591,太阳能,2016-03-31,6.31569495,6.3859104,6.2159151,6.2306973,7050365.0,120208324.0,2.921917,-1.3458,2674.893888,42.703839,3.510975,-324.378341
sz.000592,平潭发展,2016-03-29,7.0550478,7.09507644,6.74982942,6.82488312,19709477.0,272708560.0,2.352796,-3.331,255.742799,11.272543,13.298856,-69.700745
sz.000592,平潭发展,2016-03-30,6.93496188,7.2802089,6.9049404,7.21015878,25070868.0,355697376.0,2.992805,5.6452,270.179893,11.908896,14.049598,-73.635464
sz.000592,平潭发展,2016-03-31,7.21516236,7.38528408,7.14511224,7.20015162,28087931.0,406050624.0,3.352964,-0.1388,269.804904,11.892368,14.030099,-73.533264
sz.000593,德龙汇能,2016-03-29,10.85,10.94,10.5,10.71,5723710.0,61152292.0,2.564676,-1.0166,157.198029,4.678689,6.838184,-23.765301
sz.000593,德龙汇能,2016-03-30,10.71,11.19,10.66,11.05,4729382.0,51498741.0,2.119138,3.1746,162.188442,4.827219,7.055269,-24.519755
sz.000593,德龙汇能,2016-03-31,11.03,11.33,10.95,11.04,4406757.0,49021256.0,1.974576,-0.0905,162.041665,4.82285,7.048884,-24.497566
sz.000595,*ST宝实,2016-03-29,4.935,4.935,4.62,4.63,9232324.0,88047443.0,4.258248,-6.7472,-25.129707,4.621079,13.18489,56.149736
sz.000595,*ST宝实,2016-03-30,4.68,4.785,4.635,4.755,6552524.0,61761568.0,3.022237,2.6998,-25.808155,4.745838,13.540854,57.665658
sz.000595,*ST宝实,2016-03-31,4.84,4.85,4.695,4.71,5725475.0,54378029.0,2.640775,-0.9464,-25.563914,4.700924,13.412707,57.119926
sz.000596,古井贡酒,2016-03-29,31.970923,32.1437388,29.82800708,30.8476203,4014271.0,144595768.0,1.046476,-4.1611,28.210662,3.902798,3.50007,-757.985086
sz.000596,古井贡酒,2016-03-30,30.9340282,31.5388835,30.5019887,31.50432034,4053832.0,145955534.0,1.056789,2.1288,28.811225,3.985883,3.574582,-774.121463
sz.000596,古井贡酒,2016-03-31,31.44383481,31.93635984,31.106844,31.90179668,3227356.0,117769324.0,0.841336,1.2617,29.174724,4.036171,3.619681,-783.888217
sz.000597,东北制药,2016-03-29,4.53116176,4.54806908,4.25219098,4.31982026,12674670.0,130380264.0,2.89016,-3.7665,-12.620987,2.119076,1.265109,-43.193965
sz.000597,东北制药,2016-03-30,4.33672758,4.50157395,4.33672758,4.43394467,10481577.0,109699405.0,2.390077,2.6419,-12.954419,2.175059,1.298532,-44.335097
sz.000597,东北制药,2016-03-31,4.4381715,4.47198614,4.30291294,4.34940807,8216669.0,84701086.0,1.873618,-1.9066,-12.707432,2.13359,1.273774,-43.489814
sz.000598,兴蓉环境,2016-03-29,4.8810762,4.95616968,4.7559204,4.82267016,35702766.0,207619205.0,1.195584,-1.0274,20.928364,2.103206,5.636054,50.068504
sz.000598,兴蓉环境,2016-03-30,4.85604504,5.006232,4.8393576,5.006232,60980607.0,361207488.0,2.042068,3.8062,21.724945,2.183259,5.850575,51.974225
sz.000598,兴蓉环境,2016-03-31,5.006232,5.01457572,4.94782596,4.95616968,41373538.0,246748237.0,1.385483,-1.0,21.507696,2.161426,5.79207,51.454483
sz.000599,青岛双星,2016-03-29,6.39264423,6.40246396,6.13733125,6.19624963,23137631.0,147303575.0,3.684501,-3.0722,71.871142,1.681413,1.458419,5.252112
sz.000599,青岛双星,2016-03-30,6.29444693,6.44174288,6.25516801,6.43192315,22099849.0,142894716.0,3.519242,3.8035,74.604751,1.745365,1.513889,5.451876
sz.000599,青岛双星,2016-03-31,6.62831775,6.72651505,6.47120207,6.52030072,34017642.0,227790877.0,5.417065,1.374,75.629855,1.769347,1.534691,5.526787
sz.000600,建投能源,2016-03-29,7.2818982,7.3796418,7.167864,7.2330264,10295369.0,91887587.0,0.944491,-0.6711,7.204602,1.545891,1.638637,-766.868931
sz.000600,建投能源,2016-03-30,7.2656076,7.4285136,7.2411717,7.4285136,10849138.0,97642296.0,0.995293,2.7027,7.399321,1.587672,1.682924,-787.595119
sz.000600,建投能源,2016-03-31,7.4448042,7.5181119,7.3633512,7.4529495,11432780.0,104322290.0,1.048836,0.3289,7.423661,1.592895,1.68846,-790.185892
sz.000601,韶能股份,2016-03-29,6.7159792,6.8449776,6.4660448,6.6353552,13673036.0,111689454.0,1.266247,-1.6726,37.584798,2.275545,2.971704,73.580738
sz.000601,韶能股份,2016-03-30,6.6756672,6.8852896,6.6192304,6.8852896,16321225.0,136925779.0,1.511493,3.7667,39.000508,2.361258,3.083639,76.352309
sz.000601,韶能股份,2016-03-31,6.933664,7.0707248,6.8852896,6.933664,20995717.0,181289978.0,1.944393,0.7026,39.274516,2.377848,3.105304,76.888742
sz.000603,盛达资源,2016-03-29,17.4808473,18.325929,17.4143802,18.1550136,23286812.0,438084144.0,6.015077,3.5753,34.77368,10.7435,11.170371,-29.874098
sz.000603,盛达资源,2016-03-30,18.325929,18.6582645,18.0885465,18.5633115,23467838.0,455594464.0,6.061836,2.2489,35.555724,10.985116,11.421587,-30.545952
sz.000603,盛达资源,2016-03-31,18.5443209,18.5538162,18.1075371,18.2404713,19297609.0,371830128.0,4.98465,-1.7391,34.937364,10.794071,11.222951,-30.014718
sz.000605,渤海股份,2016-03-29,13.5704985,13.63313157,12.8745755,13.0833524,5597784.0,106394807.0,4.726444,-4.8101,80.823864,3.651649,4.815602,121.665239
sz.000605,渤海股份,2016-03-30,13.222537,13.46611005,12.9441678,13.45915082,5376636.0,102485219.0,4.53972,2.8723,83.145401,3.756537,4.953922,125.159879
sz.000605,渤海股份,2016-03-31,13.57745773,13.60529465,13.32692545,13.3617216,4259655.0,82464752.0,3.596606,-0.7239,82.543521,3.729344,4.918061,124.253861
sz.000607,华媒控股,2016-03-29,9.20450232,9.2438378,8.81114752,8.89965235,11977216.0,109280217.0,2.458027,-2.6882,45.008474,6.630503,6.145668,46.297243
sz.000607,华媒控股,2016-03-30,8.9488217,9.21433619,8.9488217,9.20450232,11368094.0,105447363.0,2.33302,3.4254,46.550201,6.857625,6.356182,47.883116
sz.000607,华媒控股,2016-03-31,9.26350554,9.46018294,9.12583136,9.18483458,13265587.0,125553383.0,2.722433,-0.2137,33.918379,6.842972,6.116548,47.780801
sz.000608,*ST阳光,2016-03-29,5.2759115,5.2759115,5.2759115,5.2759115,0.0,0.0,,0.0,196.954437,1.19909,6.137339,148.187634
sz.000608,*ST阳光,2016-03-30,5.2759115,5.2759115,5.2759115,5.2759115,0.0,0.0,,0.0,196.954437,1.19909,6.137339,148.187634
sz.000608,*ST阳光,2016-03-31,5.2759115,5.2759115,5.2759115,5.2759115,0.0,0.0,,0.0,196.954437,1.19909,6.137339,148.187634
sz.000609,ST中迪,2016-03-29,10.93987731,11.00943148,10.48280705,10.65172432,5451269.0,58646997.0,1.988905,-2.634,140.145012,2.456026,7.028264,10.820146
sz.000609,ST中迪,2016-03-30,10.75108742,11.06904934,10.70140587,11.04917672,6753956.0,73904428.0,2.464193,3.7313,145.374303,2.547669,7.290513,11.223883
sz.000609,ST中迪,2016-03-31,11.10879458,11.36713864,11.04917672,11.13860351,7100484.0,80062496.0,2.590624,0.8094,146.550894,2.568288,7.349519,11.314723
sz.000610,西安旅游,2016-03-29,12.2437398,12.31341962,11.80575236,11.91524922,4751263.0,57195136.0,2.020919,-3.1553,261.791868,3.602305,3.726805,81.480186
sz.000610,西安旅游,2016-03-30,12.03470034,12.25369406,11.90529496,12.2437398,5880677.0,71527327.0,2.501308,2.7569,269.009188,3.701616,3.829549,83.726506
sz.000610,西安旅游,2016-03-31,12.27360258,12.41296222,12.15415146,12.1939685,6308325.0,77765788.0,2.683205,-0.4065,267.915654,3.686569,3.813981,83.386155
sz.000612,焦作万方,2016-03-29,5.30449128,5.30449128,5.30449128,5.30449128,0.0,0.0,,0.0,33.673042,1.487737,1.409603,-58.911848
sz.000612,焦作万方,2016-03-30,5.30449128,5.30449128,5.30449128,5.30449128,0.0,0.0,,0.0,33.673042,1.487737,1.409603,-58.911848
sz.000612,焦作万方,2016-03-31,5.30449128,5.30449128,5.30449128,5.30449128,0.0,0.0,,0.0,33.673042,1.487737,1.409603,-58.911848
sz.000615,*ST美谷,2016-03-29,7.11765734,7.4254929,7.0094989,7.4254929,16540348.0,288091056.0,9.344752,3.6585,59.430324,4.317509,5.571563,12.096373
sz.000615,*ST美谷,2016-03-30,7.487892,7.7374884,7.3630938,7.66676942,21377465.0,388589568.0,12.077564,3.2493,61.361393,4.457798,5.7526,12.48942
sz.000615,*ST美谷,2016-03-31,7.66260948,7.97876492,7.5710908,7.72500858,21535519.0,401909760.0,12.166859,0.7596,61.827514,4.491661,5.796298,12.584294
sz.000617,中油资本,2016-03-29,6.74580656,6.8289415,6.4726489,6.54390742,3702318.0,41195795.0,1.287587,-3.7555,-35.18251,5.516037,3.233862,-50.146721
sz.000617,中油资本,2016-03-30,6.58547489,6.8289415,6.56172205,6.7695594,5740355.0,64632066.0,1.996373,3.4483,-36.3957,5.706245,3.345374,-51.875919
sz.000617,中油资本,2016-03-31,6.7695594,6.7695594,6.7695594,6.7695594,0.0,0.0,,0.0,-43.028338,6.219086,3.634943,-177.330524
sz.000619,海螺新材,2016-03-29,10.1402805,10.1402805,9.7539841,9.82158597,4229881.0,43351920.0,1.174967,-2.2115,38.72101,1.507383,1.067687,-120.862236
sz.000619,海螺新材,2016-03-30,9.90850266,10.26582683,9.89884525,10.20788237,6195525.0,64983221.0,1.720979,3.9331,40.24396,1.56667,1.10968,-125.615912
sz.000619,海螺新材,2016-03-31,10.34308611,10.35274352,10.17891014,10.25616942,5198334.0,55221546.0,1.443982,0.473,40.434329,1.574081,1.114929,-126.210122
sz.000620,盈新发展,2016-03-29,6.83277804,6.86931696,6.6683529,6.67748763,5777748.0,42619648.0,0.361568,-2.4032,42.45687,2.413921,3.568959,6.518447
sz.000620,盈新发展,2016-03-30,6.77796966,6.97893372,6.72316128,6.96979899,9077203.0,68025639.0,0.568046,4.3776,44.315447,2.519592,3.725192,6.803796
sz.000620,盈新发展,2016-03-31,7.0337421,7.04287683,6.84191277,6.8510475,13032704.0,99174449.0,0.815578,-1.7038,43.5604,2.476663,3.661723,6.687873
sz.000623,吉林敖东,2016-03-29,16.7942292,16.7942292,16.17549444,16.33333494,31903445.0,831231568.0,3.953684,-3.0723,8.92166,1.331459,9.910703,189.051066
sz.000623,吉林敖东,2016-03-30,16.47223458,16.74372024,16.46592096,16.731093,25184697.0,663200144.0,3.121053,2.4352,9.138925,1.363883,10.152054,193.654938
sz.000623,吉林敖东,2016-03-31,16.731093,16.90156074,16.54799802,16.64270232,26304274.0,695821248.0,3.259798,-0.5283,9.090644,1.356678,10.098421,192.631855
sz.000625,长安汽车,2016-03-29,6.22163844,6.22163844,6.22163844,6.22163844,0.0,0.0,,0.0,7.556252,2.150339,1.040392,6.458978
sz.000625,长安汽车,2016-03-30,6.22163844,6.22163844,6.22163844,6.22163844,0.0,0.0,,0.0,7.556252,2.150339,1.040392,6.458978
sz.000625,长安汽车,2016-03-31,6.72058434,6.84206682,6.33878226,6.84206682,91917285.0,1438728384.0,2.713407,9.9721,8.309769,2.364773,1.144141,7.103074
sz.000626,远大控股,2016-03-29,33.7545395,34.33600456,32.8675589,34.12904242,11031772.0,756250992.0,5.453242,1.1095,45.524151,14.585534,0.253316,15.864904
sz.000626,远大控股,2016-03-30,34.5429667,35.26240652,33.84323756,34.986457,12315681.0,865678640.0,6.087906,2.5123,46.667842,14.951962,0.25968,16.263474
sz.000626,远大控股,2016-03-31,35.12443176,37.22854685,34.65137544,34.93225263,14637986.0,1067367904.0,7.235871,-0.1549,46.59554,14.928797,0.259278,16.238277
sz.000628,高新发展,2016-03-29,12.50310751,12.96256494,12.20983681,12.63019148,8336207.0,107590830.0,4.434653,0.4666,-89.236187,6.317903,2.22826,27.347096
sz.000628,高新发展,2016-03-30,12.64974286,13.17763012,12.5128832,12.97234063,8029908.0,105542694.0,4.27171,2.709,-91.653576,6.489054,2.288623,28.087923
sz.000628,高新发展,2016-03-31,12.98211632,13.07987322,12.74749976,12.9039108,6431373.0,85055286.0,3.421329,-0.5275,-91.170099,6.454824,2.27655,27.939758
sz.000629,钒钛股份,2016-03-29,3.14,3.16,3.06,3.09,86363220.0,268031350.0,1.811576,-2.2152,-5.679672,2.781443,2.055414,13.438948
sz.000629,钒钛股份,2016-03-30,3.11,3.22,3.1,3.2,98339523.0,311208800.0,2.062794,3.5599,-5.881861,2.880459,2.128584,13.917357
sz.000629,钒钛股份,2016-03-31,3.2,3.21,3.14,3.16,77595423.0,246345586.0,1.627661,-1.25,-5.808338,2.844454,2.101976,13.74339
sz.000630,铜陵有色,2016-03-29,2.41897164,2.41897164,2.367321,2.38453788,100250388.0,278138864.0,1.048595,-1.4235,120.39481,1.793697,0.291159,-3.387904
sz.000630,铜陵有色,2016-03-30,2.40175476,2.43618852,2.39314632,2.42758008,94072840.0,263855846.0,0.983979,1.8051,122.568001,1.826075,0.296415,-3.449057
sz.000630,铜陵有色,2016-03-31,2.42758008,2.4534054,2.39314632,2.41897164,110520679.0,310894560.0,1.156019,-0.3546,122.133363,1.819599,0.295364,-3.436826
sz.000631,顺发恒能,2016-03-29,3.63792675,3.86874693,3.59276628,3.6630159,16670198.0,122613252.0,1.138897,1.5299,18.273951,2.913088,1.699065,-104.285481
sz.000631,顺发恒能,2016-03-30,3.6630159,3.88380042,3.6630159,3.85369344,16161242.0,122321983.0,1.104126,5.2055,19.225197,3.064728,1.78751,-109.71404
sz.000631,顺发恒能,2016-03-31,3.90387174,3.94903221,3.82860429,3.83863995,16143880.0,124953700.0,1.10294,-0.3906,19.150099,3.052756,1.780527,-109.28547
sz.000632,三木集团,2016-03-29,8.07,8.07,7.81,7.9,3036395.0,24020339.0,0.652307,-1.0025,494.699601,2.919888,0.821878,-9.491898
sz.000632,三木集团,2016-03-30,7.93,8.32,7.93,8.28,5455413.0,44291206.0,1.171984,4.8101,518.495278,3.060338,0.861411,-9.948471
sz.000632,三木集团,2016-03-31,8.3,8.67,8.25,8.43,12972278.0,109681933.0,2.786828,1.8116,527.888309,3.115779,0.877017,-10.128696
sz.000633,合金投资,2016-03-29,10.32,10.32,10.32,10.32,0.0,0.0,,0.0,-148.316373,22.280959,75.169401,-267148.252768
sz.000633,合金投资,2016-03-30,10.32,10.32,10.32,10.32,0.0,0.0,,0.0,-148.316373,22.280959,75.169401,-267148.252768
sz.000633,合金投资,2016-03-31,10.32,10.32,10.32,10.32,0.0,0.0,,0.0,-148.316373,22.280959,75.169401,-267148.252768
sz.000635,英力特,2016-03-29,9.82962475,9.86432775,9.48259475,9.58670375,6666244.0,74036371.0,2.199445,-4.2461,112.730057,1.19901,1.974929,31.193533
sz.000635,英力特,2016-03-30,9.6994885,9.84697625,9.60405525,9.81227325,4533018.0,50881459.0,1.495613,2.3529,115.382529,1.227222,2.021398,31.927499
sz.000635,英力特,2016-03-31,9.820949,10.02049125,9.8035975,9.86432775,5280822.0,60361123.0,1.742342,0.5305,115.994638,1.233732,2.032122,32.096875
sz.000636,风华高科,2016-03-29,8.26385968,8.26385968,8.26385968,8.26385968,0.0,0.0,,0.0,128.639557,1.678825,4.094056,3599.49382
sz.000636,风华高科,2016-03-30,8.26385968,8.26385968,8.26385968,8.26385968,0.0,0.0,,0.0,128.639557,1.678825,4.094056,3599.49382
sz.000636,风华高科,2016-03-31,8.26385968,8.26385968,8.26385968,8.26385968,0.0,0.0,,0.0,128.639557,1.678825,4.094056,3599.49382
sz.000637,茂化实华,2016-03-29,6.40926,6.444867,6.231225,6.3558495,9833970.0,69998898.0,2.683318,-0.9709,49.21545,4.397142,1.131247,29.848054
sz.000637,茂化实华,2016-03-30,6.34694775,6.79203525,6.338046,6.68521425,16848135.0,125489618.0,4.597217,5.1821,51.76583,4.625005,1.189869,31.394802
sz.000637,茂化实华,2016-03-31,6.622902,6.82764225,6.551688,6.7475265,18290073.0,137509587.0,4.990668,0.9321,52.248334,4.668115,1.20096,31.68743
sz.000638,*ST万方,2016-03-29,27.5,27.5,27.5,27.5,0.0,0.0,,0.0,-2583.778058,37.823624,52.9269,-41.149985
sz.000638,*ST万方,2016-03-30,27.5,27.5,27.5,27.5,0.0,0.0,,0.0,-2583.778058,37.823624,52.9269,-41.149985
sz.000638,*ST万方,2016-03-31,27.5,27.5,27.5,27.5,0.0,0.0,,0.0,-2583.778058,37.823624,52.9269,-41.149985
sz.000639,西王食品,2016-03-29,6.74634012,6.9840966,6.74634012,6.84540532,6787196.0,93565659.0,1.802011,-1.637,42.942423,4.619195,2.799565,-26.337444
sz.000639,西王食品,2016-03-30,6.8602651,7.02867594,6.8602651,7.02372268,5594824.0,78538624.0,1.485434,2.6049,44.061039,4.739522,2.872492,-27.023513
sz.000639,西王食品,2016-03-31,7.07820854,7.07820854,6.9097977,6.92465748,5189237.0,73208604.0,1.37775,-1.4104,43.439586,4.672674,2.831977,-26.642364
sz.000650,仁和药业,2016-03-29,6.54699214,6.604784,6.24977686,6.29105676,37662766.0,290621952.0,3.042239,-4.3915,24.114877,4.16027,3.738807,62.044601
sz.000650,仁和药业,2016-03-30,6.38187254,6.49745626,6.3571046,6.4809443,21640887.0,168431119.0,1.748059,3.0184,24.842754,4.285843,3.851658,63.917338
sz.000650,仁和药业,2016-03-31,6.4809443,6.604784,6.36536058,6.50571224,28424640.0,222817458.0,2.296022,0.3822,24.937694,4.302222,3.866378,64.161609
sz.000651,格力电器,2016-03-29,10.9802899,10.9802899,10.9802899,10.9802899,0.0,0.0,,0.0,8.096609,2.573172,0.934993,4.447061
sz.000651,格力电器,2016-03-30,10.9802899,10.9802899,10.9802899,10.9802899,0.0,0.0,,0.0,8.096609,2.573172,0.934993,4.447061
sz.000651,格力电器,2016-03-31,10.9802899,10.9802899,10.9802899,10.9802899,0.0,0.0,,0.0,8.096609,2.573172,0.934993,4.447061
sz.000652,泰达股份,2016-03-29,4.68710263,4.70596421,4.59279473,4.65881026,19290003.0,95140362.0,1.316119,-0.8032,18.853851,3.006558,0.876554,7.557724
sz.000652,泰达股份,2016-03-30,4.715395,4.80027211,4.67767184,4.80027211,22005601.0,110766674.0,1.501399,3.0364,19.426336,3.097851,0.90317,7.78721
sz.000652,泰达股份,2016-03-31,4.81913369,4.94173396,4.78141053,4.88514922,38110742.0,196816834.0,2.600221,1.7682,30.004152,2.438628,0.791613,19.668324
sz.000655,金岭矿业,2016-03-29,7.53241412,7.71748572,7.402864,7.45838548,14532075.0,118230595.0,2.44097,-1.7073,3419.96963,1.547706,5.548741,-120.978783
sz.000655,金岭矿业,2016-03-30,7.5416677,7.8192751,7.51390696,7.79151436,16080699.0,133055656.0,2.701094,4.4665,3572.722616,1.616834,5.796576,-126.382302
sz.000655,金岭矿业,2016-03-31,7.7730072,7.81002152,7.5879356,7.64345708,15785828.0,131166215.0,2.651564,-1.9002,3504.8324,1.586111,5.686427,-123.980738
sz.000656,*ST金科,2016-03-29,3.0697568,3.0772992,2.9867904,3.0018752,46307212.0,185876629.0,1.225859,-2.9268,13.592935,1.503553,0.887782,7.965554
sz.000656,*ST金科,2016-03-30,3.01696,3.0772992,3.0094176,3.0622144,39775903.0,160602717.0,1.05296,2.01,13.86616,1.533775,0.905627,8.125666
sz.000656,*ST金科,2016-03-31,3.0848416,3.092384,3.0395872,3.0622144,38622188.0,156897469.0,1.022419,0.0,13.86616,1.533775,0.905627,8.125666
sz.000657,中钨高新,2016-03-29,7.7560584,8.53690482,7.7560584,8.53690482,49058803.0,778437472.0,19.977466,9.9933,-924.101349,3.109716,1.397882,-10.760776
sz.000657,中钨高新,2016-03-30,8.53166424,8.97711354,8.4111309,8.6993628,49828906.0,824098448.0,20.291063,1.903,-941.687072,3.168895,1.424484,-10.965555
sz.000657,中钨高新,2016-03-31,8.5945512,8.65743816,8.34824394,8.52642366,29107688.0,471311488.0,11.853079,-1.988,-922.966787,3.105899,1.396166,-10.747565
sz.000659,珠海中富,2016-03-29,3.86,3.88,3.75,3.78,18902779.0,71948826.0,1.47023,-2.0725,-63.139544,4.401779,2.517327,-30.605781
sz.000659,珠海中富,2016-03-30,3.82,3.85,3.77,3.82,26052123.0,99066600.0,2.026295,1.0582,-63.807687,4.448358,2.543965,-30.929652
sz.000659,珠海中富,2016-03-31,3.83,3.83,3.63,3.63,81872373.0,300080960.0,6.36791,-4.9738,-60.634007,4.227105,2.417433,-29.391266
sz.000661,长春高新,2016-03-29,39.7450786,39.84018148,38.54836736,38.7147974,1533040.0,150749398.0,1.167758,-2.7764,33.371365,7.216588,5.341435,37.916831
sz.000661,长春高新,2016-03-30,38.91689102,40.09378916,38.91689102,40.05020034,1407567.0,140461835.0,1.072182,3.4493,34.522456,7.465512,5.525679,39.22471
sz.000661,长春高新,2016-03-31,40.24833134,40.94178984,40.0422751,40.3790978,1686698.0,172139379.0,1.284803,0.8212,34.805958,7.52682,5.571057,39.546828
sz.000663,永安林业,2016-03-29,12.21,12.21,11.75,11.87,3720693.0,44344546.0,2.184549,-2.7846,-407.329316,2.59065,8.101409,-999.482236
sz.000663,永安林业,2016-03-30,12.0,12.36,11.95,12.32,3710023.0,45165089.0,2.178284,3.7911,-422.771455,2.688864,8.40854,-1037.373306
sz.000663,永安林业,2016-03-31,12.35,12.75,12.28,12.65,10969868.0,137011908.0,6.440792,2.6786,-434.095691,2.760887,8.633768,-1065.160091
sz.000665,湖北广电,2016-03-29,9.77010805,9.84605942,9.49392125,9.58368196,4886291.0,68413846.0,1.059772,-2.5965,25.621468,1.681315,3.911451,61.706774
sz.000665,湖北广电,2016-03-30,9.70106135,10.06700886,9.70106135,10.02558084,6961698.0,99998519.0,1.5099,4.611,26.802861,1.758839,4.091806,64.552043
sz.000665,湖北广电,2016-03-31,9.9427248,10.06010419,9.81844074,9.89439211,11214797.0,160724558.0,2.43234,-1.3085,24.497295,1.704205,3.785894,-16.853867
sz.000668,*ST荣控,2016-03-29,23.5169412,24.46952616,22.7231204,23.0208032,2831328.0,67061483.0,1.930165,-3.0911,-175.43698,5.527163,347.203526,-18.674153
sz.000668,*ST荣控,2016-03-30,23.00095768,24.19168888,22.5246652,24.10238404,6045303.0,142768124.0,4.121187,4.6983,-183.679493,5.786844,363.516105,-19.551516
sz.000668,*ST荣控,2016-03-31,23.93369712,24.3603758,23.64593708,24.10238404,2860367.0,68990501.0,1.949961,0.0,-183.679493,5.786844,363.516105,-19.551516
sz.000669,ST金鸿,2016-03-29,10.7621723,10.7621723,10.7621723,10.7621723,0.0,0.0,,0.0,24.974515,1.794016,2.683542,13.674247
sz.000669,ST金鸿,2016-03-30,10.7621723,10.7621723,10.7621723,10.7621723,0.0,0.0,,0.0,24.974515,1.794016,2.683542,13.674247
sz.000669,ST金鸿,2016-03-31,10.7621723,10.7621723,10.7621723,10.7621723,0.0,0.0,,0.0,24.974515,1.794016,2.683542,13.674247
sz.000670,盈方微,2016-03-29,11.29,11.29,10.6,10.66,25815433.0,280489008.0,4.615372,-5.8304,-1437.249957,16.679225,29.436092,-103.55362
sz.000670,盈方微,2016-03-30,10.82,11.1,10.7,11.09,17382077.0,189750185.0,3.107628,4.0338,-1495.22533,17.352027,30.623476,-107.730736
sz.000670,盈方微,2016-03-31,11.11,11.55,11.07,11.24,26656083.0,300278464.0,4.765666,1.3526,-1515.449298,17.586725,31.03768,-109.18787
sz.000672,上峰水泥,2016-03-29,4.5714411,4.6909559,4.4220476,4.58936832,20211204.0,154222820.0,9.38003,1.7218,59.498988,3.614107,2.779552,-79.670565
sz.000672,上峰水泥,2016-03-30,4.56546536,4.58936832,4.44595056,4.54753814,18952290.0,143318038.0,8.795768,-0.9115,58.95668,3.581166,2.754218,-78.944401
sz.000672,上峰水泥,2016-03-31,4.51765944,4.52363518,4.3324115,4.37424168,19931608.0,147260084.0,9.25027,-3.8108,56.709973,3.444696,2.649261,-75.936008
sz.000676,智度股份,2016-03-29,19.8085692,19.8085692,19.8085692,19.8085692,0.0,0.0,,0.0,2330.072715,56.450649,25.705154,282.872025
sz.000676,智度股份,2016-03-30,19.8085692,19.8085692,19.8085692,19.8085692,0.0,0.0,,0.0,2330.072715,56.450649,25.705154,282.872025
sz.000676,智度股份,2016-03-31,21.373408,21.7932428,20.32000432,21.7932428,11002598.0,309961360.0,4.383353,10.0193,2563.528941,62.10659,28.280623,311.213731
sz.000677,恒天海龙,2016-03-29,7.31,7.46,6.87,6.89,33007801.0,234407710.0,3.820472,-7.6408,108.696981,22.377982,2.87502,-54.00159
sz.000677,恒天海龙,2016-03-30,6.96,7.22,6.93,7.13,23470105.0,165810401.0,2.716536,3.4833,112.483233,23.157476,2.975166,-55.882632
sz.000677,恒天海龙,2016-03-31,7.1,7.68,7.03,7.43,33114049.0,242070812.0,3.832769,4.2076,117.216048,24.131844,3.100348,-58.233935
sz.000678,襄阳轴承,2016-03-29,8.2,8.25,7.53,7.92,10598025.0,83491322.0,2.46997,-3.4146,-87.929101,3.266821,2.87341,244.561868
sz.000678,襄阳轴承,2016-03-30,7.91,8.22,7.88,8.18,10101885.0,81040643.0,2.35434,3.2828,-90.815663,3.374066,2.967739,252.590414
sz.000678,襄阳轴承,2016-03-31,8.2,8.45,8.14,8.24,11585119.0,96176699.0,2.700021,0.7335,-91.481792,3.398814,2.989508,254.443155
sz.000679,大连友谊,2016-03-29,12.6614605,12.6614605,12.116988,12.27538,8856090.0,110639165.0,2.485275,-2.3622,-23.626715,3.501149,1.581822,-3.958007
sz.000679,大连友谊,2016-03-30,12.3644755,12.750556,12.3644755,12.7010585,8408404.0,106884221.0,2.359642,3.4677,-24.446029,3.62256,1.636676,-4.09526
sz.000679,大连友谊,2016-03-31,12.8198525,13.245531,12.809953,13.1564355,12603043.0,166150570.0,3.536779,3.5853,-25.322503,3.752441,1.695356,-4.24209
sz.000680,山推股份,2016-03-29,4.91500674,4.94347203,4.76319186,4.81063401,18357845.0,93656333.0,1.922471,-2.3121,-13.251933,1.747388,1.45959,-10.478292
sz.000680,山推股份,2016-03-30,4.84858773,4.98142575,4.84858773,4.98142575,16694983.0,86746180.0,1.748333,3.5503,-13.722416,1.809426,1.51141,-10.850302
sz.000680,山推股份,2016-03-31,5.0288679,5.08579848,4.97193732,5.00040261,19354593.0,102587373.0,2.026853,0.381,-13.774691,1.816319,1.517167,-10.891637
sz.000681,视觉中国,2016-03-29,24.89299748,25.15949666,23.27426172,23.77764906,11357935.0,276203264.0,5.774962,-5.2694,104.38269,8.385491,41.275624,34.718639
sz.000681,视觉中国,2016-03-30,23.8862228,25.33716278,23.87635246,25.2187187,9054562.0,225113861.0,4.603808,6.0606,110.708914,8.893703,43.777177,36.822799
sz.000681,视觉中国,2016-03-31,25.65301366,26.3538078,25.22858904,25.79119842,14025765.0,368245792.0,7.131425,2.2701,113.222071,9.095595,44.770945,37.658699
sz.000682,东方电子,2016-03-29,5.13089075,5.16925255,4.99662445,5.0253958,18912451.0,99894463.0,1.933742,-2.6022,105.512475,3.444707,2.585847,-107.575263
sz.000682,东方电子,2016-03-30,5.0637576,5.20761435,5.0637576,5.18843345,14906542.0,79724426.0,1.52415,3.2443,108.93559,3.556463,2.669739,-111.0653
sz.000682,东方电子,2016-03-31,5.18843345,5.2363857,5.13089075,5.13089075,19214031.0,103991597.0,1.964578,-1.1091,107.727431,3.51702,2.64013,-109.833522
sz.000683,博源化工,2016-03-29,2.32331177,2.35229279,2.22670837,2.25568939,59429860.0,281405248.0,5.111616,-3.3126,72.801909,1.24539,1.071476,51.945106
sz.000683,博源化工,2016-03-30,2.2701799,2.30399109,2.23636871,2.28950058,46614702.0,219055005.0,4.009372,1.4989,73.893158,1.264058,1.087537,52.723727
sz.000683,博源化工,2016-03-31,2.28467041,2.30399109,2.25085922,2.26051956,29073252.0,136901961.0,2.500616,-1.2658,72.957801,1.248057,1.073771,52.056338
sz.000685,中山公用,2016-03-29,8.54936225,8.5863085,8.23901375,8.29812775,11205866.0,127015902.0,1.123451,-2.7706,11.159505,1.524098,13.464905,18.340481
sz.000685,中山公用,2016-03-30,8.38679875,8.53458375,8.335074,8.53458375,13560707.0,154855899.0,1.359537,2.8495,11.477496,1.567527,13.848589,18.863095
sz.000685,中山公用,2016-03-31,8.5567515,8.66759025,8.4680805,8.53458375,14644071.0,169430259.0,1.46815,0.0,11.477496,1.567527,13.848589,18.863095
sz.000686,东北证券,2016-03-29,11.10880575,11.40307875,11.0025405,11.182374,45439109.0,623346112.0,2.598222,0.5882,10.185546,2.501822,4.038949,2.449519
sz.000686,东北证券,2016-03-30,11.378556,11.56656375,11.280465,11.5583895,60138953.0,842965840.0,3.438764,3.3626,10.528042,2.585947,4.174762,2.531886
sz.000686,东北证券,2016-03-31,11.6564805,11.8526625,11.4276015,11.56656375,64473819.0,916000992.0,3.686633,0.0707,10.535488,2.587776,4.177714,2.533677
sz.000688,国城矿业,2016-03-29,7.89048,7.9595217,7.7030811,7.7523966,7633047.0,60278877.0,2.578436,-2.3602,33.184537,6.728498,9.078396,-37.406528
sz.000688,国城矿业,2016-03-30,7.7721228,8.0285634,7.7721228,8.0088372,7742933.0,61982547.0,2.615555,3.3079,34.282244,6.951069,9.3787,-38.643894
sz.000688,国城矿业,2016-03-31,8.0384265,8.1173313,7.9397955,7.9693848,10632102.0,86465041.0,3.591514,-0.4926,34.113366,6.916827,9.332499,-38.45353
sz.000690,宝新能源,2016-03-29,5.9569152,6.2361456,5.8173,6.1430688,46613009.0,364984544.0,2.712838,3.2595,19.6802,2.863951,3.513798,-15.331064
sz.000690,宝新能源,2016-03-30,6.3447352,6.3447352,6.0732612,6.2206328,37293520.0,298255712.0,2.170451,1.2626,19.928687,2.900112,3.558164,-15.524639
sz.000690,宝新能源,2016-03-31,6.2516584,6.3680044,6.1430688,6.3524916,37075498.0,298297328.0,2.157763,2.1197,20.351116,2.961586,3.633587,-15.853714
sz.000691,*ST亚太,2016-03-29,7.2049425,7.2979095,6.90279975,6.9880195,15561608.0,141615405.0,5.357088,-4.8523,-69.74722,23.04985,62.650657,-690.59961
sz.000691,*ST亚太,2016-03-30,7.07323925,7.2669205,7.05774475,7.251426,8622302.0,79576280.0,2.96823,3.7694,-72.376273,23.918691,65.012212,-716.631081
sz.000691,*ST亚太,2016-03-31,7.25917325,7.6697775,7.21268975,7.38312925,12651738.0,121008837.0,4.355365,1.8162,-73.690799,24.353112,66.192989,-729.646817
sz.000692,惠天热电,2016-03-29,5.4190767,5.43896322,5.25998454,5.30970084,6421906.0,34380146.0,1.205345,-2.0183,64.053559,2.279321,1.802897,-413.763597
sz.000692,惠天热电,2016-03-30,5.33953062,5.54833908,5.33953062,5.5185093,9783984.0,53778434.0,1.836382,3.9326,66.572519,2.368957,1.873797,-430.035199
sz.000692,惠天热电,2016-03-31,5.5185093,5.64777168,5.5185093,5.62788516,12406973.0,69743901.0,2.328698,1.982,67.891974,2.415909,1.910936,-438.558419
sz.000695,滨海能源,2016-03-29,15.4,15.57,15.01,15.2,3335799.0,50800446.0,1.504501,-1.2346,985.274836,10.42698,5.559235,198.874869
sz.000695,滨海能源,2016-03-30,15.28,15.68,15.28,15.63,2250152.0,35019610.0,1.014856,2.8289,1013.147743,10.721954,5.716503,204.500934
sz.000695,滨海能源,2016-03-31,15.65,16.07,15.64,15.9,3579214.0,56789391.0,1.614285,1.7274,1030.649335,10.90717,5.815252,208.03358
sz.000697,ST炼石,2016-03-29,22.8063423,22.8063423,21.60700256,22.37193578,16487275.0,387841424.0,3.822693,-1.9048,221.790565,9.014313,85.563101,90.899208
sz.000697,ST炼石,2016-03-30,22.8535604,24.43064494,22.83467316,24.3645396,28933481.0,727846912.0,6.708434,8.9067,241.544811,9.817192,93.18396,98.995338
sz.000697,ST炼石,2016-03-31,24.79894612,25.14836006,24.18511082,24.58174286,22098851.0,576337232.0,5.123777,0.8915,243.698117,9.90471,94.014669,99.877855
sz.000698,ST沈化,2016-03-29,6.64341379,6.66269801,6.46985581,6.54699269,10676130.0,72413060.0,2.46931,-1.4514,40.399591,1.462835,0.692365,21.360715
sz.000698,ST沈化,2016-03-30,6.54699269,6.69162434,6.46985581,6.68198223,18871758.0,129335605.0,4.364898,2.0619,30.231278,1.46227,0.587675,9.608909
sz.000698,ST沈化,2016-03-31,6.70126645,6.73019278,6.59520324,6.62412957,14833314.0,102190236.0,3.430836,-0.8658,29.969535,1.44961,0.582587,9.525715
sz.000700,模塑科技,2016-03-29,8.79207252,8.81171522,8.1910059,8.3677902,16554683.0,357863472.0,4.747654,-4.8257,25.296658,3.319182,2.414696,65.413157
sz.000700,模塑科技,2016-03-30,8.5249318,8.78814398,8.30100502,8.73707296,15210653.0,331132064.0,4.362205,4.4131,26.413037,3.465662,2.52126,68.299935
sz.000700,模塑科技,2016-03-31,8.7999296,9.10242718,8.67814486,8.83528646,16694924.0,379640048.0,4.787873,1.1241,26.709946,3.50462,2.549602,69.067695
sz.000701,厦门信达,2016-03-29,18.4019177,18.5992573,17.58295836,17.9579036,12029987.0,220662629.0,4.152656,-3.2944,46.337796,3.9967,0.256411,12.148394
sz.000701,厦门信达,2016-03-30,18.2045781,19.0432714,18.12564226,18.95446858,16354748.0,308113728.0,5.645529,5.5494,48.909289,4.218495,0.270641,12.822563
sz.000701,厦门信达,2016-03-31,19.0432714,19.6352902,18.76699596,19.4379506,19004915.0,370341280.0,6.560345,2.5508,50.156845,4.326099,0.277544,13.149635
sz.000702,正虹科技,2016-03-29,13.17,13.19,12.47,12.56,4866719.0,62099553.0,1.825248,-4.414,147.879383,7.424544,2.288832,219.879016
sz.000702,正虹科技,2016-03-30,12.61,13.0,12.61,12.92,4033090.0,51876860.0,1.512598,2.8662,152.117964,7.63735,2.354435,226.181281
sz.000702,正虹科技,2016-03-31,12.79,13.45,12.79,13.42,7644737.0,100548953.0,2.867136,3.87,158.004882,7.932913,2.445551,234.934427
sz.000703,恒逸石化,2016-03-29,5.17212,5.200854,5.023661,5.129019,8097139.0,86769125.0,0.701909,-2.3701,-39.391798,2.728306,0.497605,-8.705957
sz.000703,恒逸石化,2016-03-30,5.186487,5.483405,5.152964,5.421148,14716832.0,165046232.0,1.275745,5.6956,-41.635401,2.8837,0.525947,-9.201814
sz.000703,恒逸石化,2016-03-31,5.454671,5.516928,5.382836,5.449882,9988331.0,113958285.0,0.865849,0.53,-41.856084,2.898985,0.528734,-9.250587
sz.000705,浙江震元,2016-03-29,11.77275735,11.8200375,11.2526757,11.32832394,7870276.0,95379467.0,2.791567,-4.0833,541.175737,3.256385,1.896416,-24.0977
sz.000705,浙江震元,2016-03-30,11.4417963,11.83894956,11.4417963,11.8200375,7026857.0,86212792.0,2.492408,4.3406,564.665836,3.397731,1.978731,-25.143677
sz.000705,浙江震元,2016-03-31,11.86731765,12.04698222,11.67819705,11.75384529,6267833.0,78525289.0,2.223184,-0.56,561.503707,3.378704,1.96765,-25.002873
sz.000707,双环科技,2016-03-29,7.38213456,7.7531439,7.07771664,7.6580133,52129828.0,410898208.0,11.231385,2.4173,594.577452,2.604963,1.010019,-23.799378
sz.000707,双环科技,2016-03-30,7.610448,7.69606554,7.36310844,7.57239576,55868521.0,439402464.0,12.036887,-1.118,587.930002,2.57584,0.998727,-23.533298
sz.000707,双环科技,2016-03-31,7.4201868,7.55336964,7.3250562,7.38213456,24208392.0,188806141.0,5.215704,-2.5126,573.157891,2.51112,0.973634,-22.942009
sz.000708,中信特钢,2016-03-29,4.31160154,4.38167537,4.21267378,4.25389368,6747465.0,70185515.0,1.50141,-1.9011,17.152429,1.325866,0.748388,-595.128897
sz.000708,中信特钢,2016-03-30,4.27450363,4.36518741,4.27450363,4.35694343,4949717.0,51945690.0,1.101385,2.4225,17.567944,1.357985,0.766517,-609.545779
sz.000708,中信特钢,2016-03-31,4.36518741,4.47235915,4.36106542,4.4517492,7463064.0,80153707.0,1.660642,2.176,17.950217,1.387534,0.783197,-622.809311
sz.000709,河钢股份,2016-03-29,2.397681,2.4057,2.333529,2.349567,75059425.0,221190432.0,0.706981,-2.0067,44.177123,0.714569,0.371292,8.886669
sz.000709,河钢股份,2016-03-30,2.365605,2.421738,2.365605,2.421738,75669032.0,226352490.0,0.712723,3.0717,45.534099,0.736518,0.382697,9.159639
sz.000709,河钢股份,2016-03-31,2.421738,2.461833,2.4057,2.445795,100429310.0,304071968.0,0.945938,0.9934,45.986425,0.743834,0.386499,9.250628
sz.000710,贝瑞基因,2016-03-29,28.23,28.49,26.8,27.04,3028761.0,83035270.0,2.003149,-5.3553,646.332035,33.416901,19.172027,-404.455816
sz.000710,贝瑞基因,2016-03-30,27.3,28.49,27.3,28.3,2575880.0,72301289.0,1.703624,4.6598,676.449579,34.974049,20.065398,-423.3025
sz.000710,贝瑞基因,2016-03-31,28.58,28.62,28.0,28.08,2426870.0,68585373.0,1.605073,-0.7774,671.19096,34.702166,19.909413,-420.011809
sz.000711,ST京蓝,2016-03-29,7.597168,7.85484,7.347808,7.734316,9255146.0,170873572.0,5.752168,0.7035,79.580998,10.295553,41.536822,55.917329
sz.000711,ST京蓝,2016-03-30,7.846528,7.888088,7.651196,7.87562,9188277.0,172454439.0,5.710608,1.827,81.034923,10.48365,42.295689,56.938925
sz.000711,ST京蓝,2016-03-31,7.846528,8.025236,7.680288,7.6886,7622562.0,143303617.0,4.7375,-2.3747,79.110611,10.234698,41.291306,55.586813
sz.000712,锦龙股份,2016-03-29,21.02282001,21.48217498,20.53414451,20.85667034,26259040.0,563367840.0,3.102072,-1.8851,20.937592,5.654573,6.522535,7.060943
sz.000712,锦龙股份,2016-03-30,21.19874319,21.67764518,21.14010213,21.67764518,33770628.0,740613312.0,3.989442,3.9363,21.761752,5.877153,6.77928,7.338881
sz.000712,锦龙股份,2016-03-31,21.87311538,22.2836028,21.42353392,21.44308094,32809090.0,730447056.0,3.875852,-1.0821,21.526277,5.813559,6.705924,7.25947
sz.000713,国投丰乐,2016-03-29,5.45903124,5.45903124,5.3298234,5.4105783,6637209.0,66531429.0,2.220769,-0.9852,77.668095,2.333463,2.381017,-26.391856
sz.000713,国投丰乐,2016-03-30,5.42134562,5.53440248,5.4105783,5.52363516,5659660.0,57508241.0,1.893687,2.0896,79.291011,2.382222,2.43077,-26.943327
sz.000713,国投丰乐,2016-03-31,5.5182515,5.58823908,5.44288026,5.53978614,5879044.0,60219972.0,1.967092,0.2924,79.522856,2.389187,2.437878,-27.022109
sz.000715,中兴商业,2016-03-29,6.10546776,6.37566315,6.02488317,6.2097537,3089123.0,40253548.0,1.109016,1.7081,49.963174,3.292013,1.226835,-81.46363
sz.000715,中兴商业,2016-03-30,6.28085775,6.28085775,6.14813019,6.2571564,2800802.0,36738351.0,1.005507,0.7634,50.344573,3.317143,1.2362,-82.08549
sz.000715,中兴商业,2016-03-31,6.28085775,6.88287204,6.21449397,6.88287204,6598594.0,92550383.0,2.368939,10.0,57.982314,3.534885,1.462705,-337.38063
sz.000716,黑芝麻,2016-03-29,7.0580089,7.1812515,6.9158059,7.1717713,10099202.0,150771667.0,4.542243,1.1364,53.800918,2.828179,3.104156,9.290335
sz.000716,黑芝麻,2016-03-30,7.204952,7.7074026,7.11015,7.5794199,20094729.0,312059808.0,9.037856,5.6841,56.859001,2.988935,3.280598,9.818404
sz.000716,黑芝麻,2016-03-31,7.5746798,7.678962,7.4277367,7.5557194,19352113.0,309340848.0,8.703855,-0.3127,56.681205,2.979589,3.27034,9.787702
sz.000717,中南股份,2016-03-29,3.8148396,3.8148396,3.8148396,3.8148396,0.0,0.0,,0.0,-4.61207,9.115977,0.810857,68.741589
sz.000717,中南股份,2016-03-30,3.8148396,3.8148396,3.8148396,3.8148396,0.0,0.0,,0.0,-4.61207,9.115977,0.810857,68.741589
sz.000717,中南股份,2016-03-31,3.8148396,3.8148396,3.8148396,3.8148396,0.0,0.0,,0.0,-4.61207,9.115977,0.810857,68.741589
sz.000718,苏宁环球,2016-03-29,9.24535903,9.24535903,9.24535903,9.24535903,0.0,0.0,,0.0,44.466279,4.395237,5.427235,10.217917
sz.000718,苏宁环球,2016-03-30,9.24535903,9.24535903,9.24535903,9.24535903,0.0,0.0,,0.0,44.466279,4.395237,5.427235,10.217917
sz.000718,苏宁环球,2016-03-31,9.24535903,9.24535903,9.24535903,9.24535903,0.0,0.0,,0.0,44.466279,4.395237,5.427235,10.217917
sz.000719,中原传媒,2016-03-29,8.11106675,8.13297375,7.90295025,7.952241,4631708.0,67667866.0,0.902532,-1.7591,16.367875,1.927858,1.576445,-279.781716
sz.000719,中原传媒,2016-03-30,8.017962,8.237032,8.017962,8.23155525,3981096.0,59095272.0,0.775754,3.5124,16.942779,1.995572,1.631816,-289.608759
sz.000719,中原传媒,2016-03-31,8.25346225,8.42871825,8.2479855,8.302753,7254994.0,110507186.0,1.413704,0.8649,17.089324,2.012833,1.645931,-292.113692
sz.000720,新能泰山,2016-03-29,6.75,6.75,6.75,6.75,0.0,0.0,,0.0,59.663156,6.230389,1.789602,83.573298
sz.000720,新能泰山,2016-03-30,6.75,6.75,6.75,6.75,0.0,0.0,,0.0,59.663156,6.230389,1.789602,83.573298
sz.000720,新能泰山,2016-03-31,6.75,6.75,6.75,6.75,0.0,0.0,,0.0,59.663156,6.230389,1.789602,83.573298
sz.000721,西安饮食,2016-03-29,6.61,6.64,6.35,6.44,12754464.0,82641076.0,2.92786,-2.8658,-101.553406,4.862779,6.440701,-138.634392
sz.000721,西安饮食,2016-03-30,6.5,6.67,6.48,6.66,12180450.0,80110363.0,2.796092,3.4161,-105.022622,5.028899,6.660725,-143.37035
sz.000721,西安饮食,2016-03-31,6.68,6.95,6.66,6.88,21833928.0,148955390.0,5.012103,3.3033,-108.491837,5.195019,6.880749,-148.106307
sz.000722,湖南发展,2016-03-29,14.5382204,14.6900556,14.0542457,14.1776118,8884722.0,134023124.0,1.914171,-2.097,53.905238,2.690091,25.116367,-254.985524
sz.000722,湖南发展,2016-03-30,14.3484264,14.6900556,14.3389367,14.6615865,7964001.0,121858918.0,1.715806,3.4137,55.745376,2.781921,25.973753,-263.689849
sz.000722,湖南发展,2016-03-31,14.8324011,14.8703599,14.4717925,14.519241,9448153.0,145736268.0,2.035559,-0.9709,55.204159,2.754912,25.72158,-261.129754
sz.000723,美锦能源,2016-03-29,4.70054662,5.06568755,4.67483247,4.90625982,12484997.0,118130723.0,6.407121,4.4907,-644.035133,51.724778,23.534595,-268.311417
sz.000723,美锦能源,2016-03-30,4.87026001,5.02454491,4.8342602,4.9885451,8680621.0,82907900.0,4.45477,1.6771,-654.836561,52.592279,23.929306,-272.811398
sz.000723,美锦能源,2016-03-31,4.98340227,4.98340227,4.87540284,4.96797378,5838882.0,55904682.0,2.99643,-0.4124,-652.136204,52.375404,23.830628,-271.686403
sz.000725,京东方A,2016-03-29,2.2126592,2.2126592,2.1608,2.1780864,274769408.0,693728944.0,1.14352,-1.5625,32.812022,1.135472,1.847511,-25.43553
sz.000725,京东方A,2016-03-30,2.1867296,2.2213024,2.1780864,2.2213024,258640857.0,659364288.0,1.076397,1.9841,33.463054,1.158001,1.884168,-25.940204
sz.000725,京东方A,2016-03-31,2.2213024,2.2299456,2.204016,2.204016,227795068.0,583025088.0,0.948025,-0.7782,33.202641,1.14899,1.869505,-25.738334
sz.000726,鲁泰A,2016-03-29,8.04391752,8.37815232,7.97707056,8.25188584,15095082.0,167423244.0,2.691709,2.4908,13.315553,1.590528,1.738597,20.420664
sz.000726,鲁泰A,2016-03-30,8.2444584,8.34844256,8.15532912,8.33358768,12254023.0,136271990.0,2.1851,0.9901,15.057164,1.568441,1.737089,92.205123
sz.000726,鲁泰A,2016-03-31,8.34101512,8.35587,8.21474864,8.26674072,9240709.0,102974584.0,1.647775,-0.8021,14.936384,1.55586,1.723155,91.46551
sz.000727,冠捷科技,2016-03-29,3.54,3.575,3.36,3.4,96801856.0,669256880.0,7.933167,-5.2925,1461.694561,1.432629,13.318412,-8.887618
sz.000727,冠捷科技,2016-03-30,3.45,3.6,3.43,3.58,91099769.0,641171744.0,7.465866,5.2941,1539.078391,1.508474,14.023505,-9.358139
sz.000727,冠捷科技,2016-03-31,3.595,3.74,3.555,3.62,125160983.0,914098832.0,10.257272,1.1173,1556.274797,1.525328,14.180192,-9.462699
sz.000728,国元证券,2016-03-29,8.47424852,8.656742,8.24496184,8.41809668,44561843.0,805660800.0,2.268817,-1.5864,12.690823,1.772588,6.120184,3.270162
sz.000728,国元证券,2016-03-30,8.57251424,8.79244228,8.45553124,8.74564908,41335341.0,762135296.0,2.104544,3.8911,13.18463,1.84156,6.358323,3.397405
sz.000728,国元证券,2016-03-31,8.81583888,8.97493576,8.63802472,8.66610064,49950011.0,936207520.0,2.54315,-0.9096,13.064705,1.82481,6.300489,3.366503
sz.000729,燕京啤酒,2016-03-29,6.74031692,6.75893658,6.6099793,6.63790879,6345390.0,45468441.0,0.252871,-1.6552,30.101125,1.552669,1.58151,-56.097115
sz.000729,燕京啤酒,2016-03-30,6.7030776,6.82410539,6.65652845,6.80548573,7808748.0,56507149.0,0.311187,2.5245,30.861041,1.591867,1.621436,-57.513312
sz.000729,燕京啤酒,2016-03-31,6.80548573,6.8892742,6.78686607,6.84272505,6649857.0,48911057.0,0.265004,0.5472,31.029911,1.600577,1.630308,-57.828022
sz.000731,四川美丰,2016-03-29,6.55808596,6.60905554,6.3711975,6.43066201,17036028.0,129635291.0,2.880216,-2.8241,80.75924,1.648968,1.139823,26.106664
sz.000731,四川美丰,2016-03-30,6.49862145,6.66002512,6.46464173,6.65153019,21992498.0,170913537.0,3.718188,3.4346,83.533005,1.705603,1.178971,27.003326
sz.000731,四川美丰,2016-03-31,6.66002512,6.7109947,6.60905554,6.63454033,17075645.0,133972417.0,2.886914,-0.2554,83.319638,1.701247,1.17596,26.934352
sz.000733,振华科技,2016-03-29,17.01575758,17.03454914,15.972826,16.21711628,13763884.0,241487803.0,3.207177,-5.1127,51.900253,2.339118,1.602755,46.51337
sz.000733,振华科技,2016-03-30,16.32986564,16.89361244,16.32046986,16.8654251,14531065.0,256523241.0,3.385941,3.9977,53.97506,2.432629,1.666828,48.372827
sz.000733,振华科技,2016-03-31,17.01575758,17.41038034,16.9593829,17.12850694,13570155.0,247653229.0,3.162035,1.5599,54.817011,2.470575,1.692829,49.127389
sz.000735,罗牛山,2016-03-29,7.11674624,7.1757248,6.89066176,6.99878912,28291896.0,201585697.0,3.21688,-2.1978,155.706977,3.674671,8.840165,-36.571639
sz.000735,罗牛山,2016-03-30,7.0774272,7.23470336,7.00861888,7.19538432,27269458.0,197340437.0,3.100626,2.809,160.080769,3.777892,9.088484,-37.598932
sz.000735,罗牛山,2016-03-31,7.1757248,7.19538432,7.0282784,7.126576,28236234.0,204587512.0,3.210551,-0.9563,104.898868,3.706025,8.74105,-30.815871
sz.000736,*ST中地,2016-03-29,5.55067487,5.55067487,5.55067487,5.55067487,0.0,0.0,,0.0,146.693991,2.439778,3.74876,32.810794
sz.000736,*ST中地,2016-03-30,5.55067487,5.55067487,5.55067487,5.55067487,0.0,0.0,,0.0,146.693991,2.439778,3.74876,32.810794
sz.000736,*ST中地,2016-03-31,5.55067487,5.55067487,5.55067487,5.55067487,0.0,0.0,,0.0,146.693991,2.439778,3.74876,32.810794
sz.000737,北方铜业,2016-03-29,5.3674682,5.3870575,5.1715752,5.29890565,8989472.0,48349035.0,1.638192,-1.2774,-13.45639,20.06145,1.379681,6046.28168
sz.000737,北方铜业,2016-03-30,5.4066468,5.680897,5.4066468,5.6025398,21640623.0,122424951.0,3.943668,5.7301,-14.227458,21.210997,1.458738,6392.741444
sz.000737,北方铜业,2016-03-31,5.59274515,5.6417184,5.5241826,5.57315585,12771475.0,72725333.0,2.327403,-0.5245,-14.152838,21.099751,1.451088,6359.213079
sz.000738,航发控制,2016-03-29,28.636224,28.829712,27.378552,27.5913888,17352612.0,500825632.0,1.514662,-3.876,179.377647,6.94627,13.098748,293.656081
sz.000738,航发控制,2016-03-30,27.7752024,28.345992,27.5913888,28.345992,17613771.0,509691776.0,1.537458,2.7349,184.283488,7.136245,13.456989,301.687349
sz.000738,航发控制,2016-03-31,28.732968,28.926456,27.959016,28.29762,21745494.0,640018768.0,1.898105,-0.1706,183.969011,7.124067,13.434025,301.172524
sz.000739,普洛药业,2016-03-29,5.62258284,5.63985652,5.46711972,5.51030392,6582851.0,42241828.0,0.620996,-1.9969,35.139104,3.027704,1.686751,138.344814
sz.000739,普洛药业,2016-03-30,5.56212496,5.70895124,5.53621444,5.69167756,9066576.0,59134501.0,0.855299,3.2915,36.29572,3.127362,1.742271,142.898483
sz.000739,普洛药业,2016-03-31,5.7003144,5.73486176,5.6571302,5.70895124,10306436.0,68072324.0,0.972262,0.3035,36.405874,3.136854,1.747559,143.332166
sz.000750,国海证券,2016-03-29,5.91928428,6.01068104,5.62358888,5.74186704,109868862.0,1189872160.0,4.755489,-3.3484,16.789672,2.352748,6.086238,2.278754
sz.000750,国海证券,2016-03-30,5.79562984,5.94616568,5.73111448,5.91928428,135363079.0,1468692448.0,5.858963,3.0899,17.257891,2.33387,6.239382,3.365574
sz.000750,国海证券,2016-03-31,5.95154196,6.51067508,5.93003684,6.27949504,182561806.0,2116572320.0,7.90188,6.0854,18.308099,2.475895,6.619072,3.570382
sz.000751,锌业股份,2016-03-29,5.48288814,5.63134179,5.39381595,5.53237269,38060329.0,213043629.0,2.699578,0.9025,78.710253,3.93171,1.790535,-75.48957
sz.000751,锌业股份,2016-03-30,5.56206342,5.69072325,5.55216651,5.69072325,42031360.0,239765651.0,2.981238,2.8623,80.96314,4.044246,1.841784,-77.650273
sz.000751,锌业股份,2016-03-31,5.66103252,5.91835218,5.59175415,5.78969235,64030737.0,369295520.0,4.54163,1.7391,82.371195,4.11458,1.873815,-79.000713
sz.000752,ST西发,2016-03-29,13.7818296,13.7818296,13.7818296,13.7818296,0.0,0.0,,0.0,137.509887,4.640582,9.120665,14.018839
sz.000752,ST西发,2016-03-30,13.7818296,13.7818296,13.7818296,13.7818296,0.0,0.0,,0.0,137.509887,4.640582,9.120665,14.018839
sz.000752,ST西发,2016-03-31,13.7818296,13.7818296,13.7818296,13.7818296,0.0,0.0,,0.0,137.509887,4.640582,9.120665,14.018839
sz.000753,漳州发展,2016-03-29,4.50530608,4.55303178,4.31440328,4.36212898,18285040.0,84425034.0,2.231637,-3.3827,-437.968027,2.861716,1.250668,-9.962054
sz.000753,漳州发展,2016-03-30,4.40030954,4.49576094,4.3907644,4.47667066,17056871.0,79402143.0,2.081743,2.6258,-449.468281,2.93686,1.283509,-10.22364
sz.000753,漳州发展,2016-03-31,4.49576094,4.59121234,4.45758038,4.5339415,22133208.0,105018505.0,2.701296,1.2793,-455.218408,2.974432,1.299929,-10.354433
sz.000755,山西高速,2016-03-29,6.5117142,6.5688345,6.2641929,6.34987335,7813933.0,52452827.0,1.665175,-3.6127,-9.338992,2.323467,0.535373,-33.408686
sz.000755,山西高速,2016-03-30,6.4926741,6.80683575,6.4926741,6.6830751,14841841.0,103673479.0,3.162846,5.2474,-9.829044,2.445388,0.563466,-35.161765
sz.000755,山西高速,2016-03-31,6.6259548,6.80683575,6.6259548,6.7021152,12086314.0,85327108.0,2.575634,0.2849,-9.857047,2.452355,0.565071,-35.261941
sz.000756,新华制药,2016-03-29,8.35704852,8.35704852,7.63457716,7.70404556,13954590.0,161683179.0,4.540842,-5.0514,78.945349,2.777613,1.407029,65.612584
sz.000756,新华制药,2016-03-30,7.54426824,7.988866,7.54426824,7.92634444,10934048.0,122087002.0,3.557954,2.8855,81.223303,2.85776,1.447629,67.505824
sz.000756,新华制药,2016-03-31,7.89855708,7.89855708,7.66236452,7.75962028,8520142.0,95310598.0,2.772465,-2.1034,61.49826,2.710981,1.42011,59.952598
sz.000757,浩物股份,2016-03-29,10.56,10.56,10.56,10.56,0.0,0.0,,0.0,317.23361,8.725879,10.088914,-38.773149
sz.000757,浩物股份,2016-03-30,10.56,10.56,10.56,10.56,0.0,0.0,,0.0,317.23361,8.725879,10.088914,-38.773149
sz.000757,浩物股份,2016-03-31,10.56,10.56,10.56,10.56,0.0,0.0,,0.0,317.23361,8.725879,10.088914,-38.773149
sz.000758,中色股份,2016-03-29,6.58928256,6.64811544,6.33434008,6.40297844,19266999.0,254379872.0,2.13707,-2.755,27.18275,2.749989,0.647527,121.29076
sz.000758,中色股份,2016-03-30,6.48142228,6.63830996,6.43239488,6.618699,16735623.0,222764460.0,1.856293,3.3691,28.098555,2.842638,0.669342,125.377125
sz.000758,中色股份,2016-03-31,6.62360174,6.6432127,6.55496338,6.60889352,14552840.0,196059971.0,1.614181,-0.1482,28.056928,2.838426,0.668351,125.191381
sz.000759,中百集团,2016-03-29,7.2047775,7.32966031,6.8205227,6.96461825,9173203.0,67943486.0,1.347892,-3.5904,880.024745,1.663005,0.301036,-21.287208
sz.000759,中百集团,2016-03-30,6.98383099,7.36808579,6.98383099,7.2047775,7565276.0,56971106.0,1.111627,3.4483,910.370426,1.72035,0.311416,-22.02125
sz.000759,中百集团,2016-03-31,7.21438387,7.25280935,7.13753291,7.23359661,3082652.0,23099887.0,0.452959,0.4,914.011908,1.727231,0.312662,-22.109335
sz.000761,本钢板材,2016-03-29,4.46217657,4.66535799,4.40747388,4.6106553,13013140.0,75876136.0,0.475626,1.7241,95.321558,1.201554,0.567752,-10.650142
sz.000761,本钢板材,2016-03-30,4.49343525,4.80602205,4.49343525,4.71224601,18736282.0,112699356.0,0.684806,2.2034,97.421863,1.228029,0.580262,-10.884806
sz.000761,本钢板材,2016-03-31,4.70443134,4.82165139,4.66535799,4.71224601,17182722.0,104481374.0,0.628023,0.0,97.421863,1.228029,0.580262,-10.884806
sz.000762,西藏矿业,2016-03-29,20.93103684,21.0672686,19.63683512,19.98714536,43018550.0,899502784.0,9.038459,-5.8662,315.186313,5.926481,10.732904,191.901481
sz.000762,西藏矿业,2016-03-30,20.2888014,21.61219564,20.191493,21.57327228,52220001.0,1121372560.0,10.97174,7.9357,340.198664,6.396791,11.584639,207.130274
sz.000762,西藏矿业,2016-03-31,21.6997732,22.83828148,21.29107792,22.26416192,72534740.0,1650533632.0,15.23999,3.2025,351.093614,6.60165,11.95564,213.763675
sz.000766,通化金马,2016-03-29,12.68,12.68,12.68,12.68,0.0,0.0,,0.0,1979.599682,9.830288,62.178804,-3386.208352
sz.000766,通化金马,2016-03-30,12.68,12.68,12.68,12.68,0.0,0.0,,0.0,1979.599682,9.830288,62.178804,-3386.208352
sz.000766,通化金马,2016-03-31,12.68,12.68,12.68,12.68,0.0,0.0,,0.0,1979.599682,9.830288,62.178804,-3386.208352
sz.000767,晋控电力,2016-03-29,4.59,4.6,4.48,4.51,11572841.0,52450420.0,0.513497,-1.5284,13.219688,1.716358,1.103127,80.104461
sz.000767,晋控电力,2016-03-30,4.53,4.62,4.53,4.61,14151876.0,64836843.0,0.627932,2.2173,13.512807,1.754415,1.127586,81.880613
sz.000767,晋控电力,2016-03-31,4.61,4.67,4.58,4.61,21542936.0,99654419.0,0.95588,0.0,13.512807,1.754415,1.127586,81.880613
sz.000768,中航西飞,2016-03-29,17.9597378,18.3700825,17.654365,17.6829937,24550212.0,462122752.0,0.92509,-1.5932,128.240672,3.363224,2.127363,15.08947
sz.000768,中航西飞,2016-03-30,17.8738517,18.3987112,17.6829937,18.2746535,28132594.0,532804400.0,1.06008,3.3459,132.531509,3.475755,2.198543,15.594353
sz.000768,中航西飞,2016-03-31,18.3891683,19.0476284,18.1028813,18.4655115,40379124.0,786706704.0,1.521548,1.0444,133.91565,3.512055,2.221504,15.757218
sz.000776,广发证券,2016-03-29,12.30507894,12.46488516,11.97785668,12.18332182,62411708.0,1005388384.0,1.054378,-0.9282,9.242746,1.573978,3.648008,2.560709
sz.000776,广发证券,2016-03-30,12.38878696,12.75405832,12.38878696,12.7083994,88237460.0,1460529232.0,1.490676,4.3098,9.64109,1.641813,3.80523,2.671071
sz.000776,广发证券,2016-03-31,12.79971724,13.03562166,12.57142264,12.72361904,90713053.0,1521573984.0,1.532499,0.1198,9.652636,1.643779,3.809787,2.67427
sz.000777,中核科技,2016-03-29,25.0402685,25.0402685,23.33678555,23.59742775,22944764.0,592235808.0,5.98517,-6.2153,112.174456,8.522337,9.391857,130.958683
sz.000777,中核科技,2016-03-30,24.016317,24.8540955,23.643971,24.8540955,21164372.0,550824336.0,5.520752,5.3254,118.148244,8.97619,9.892016,137.932814
sz.000777,中核科技,2016-03-31,25.133355,25.21713285,24.11871215,24.4445149,23801089.0,628162192.0,6.208543,-1.6479,116.201232,8.828267,9.729001,135.659764
sz.000778,新兴铸管,2016-03-29,4.14636062,4.15406761,3.99222082,4.03075577,57697767.0,304315584.0,1.583827,-2.9685,41.724148,1.140421,0.382918,-14.01577
sz.000778,新兴铸管,2016-03-30,4.06158373,4.23113751,4.06158373,4.20801654,56639556.0,304372544.0,1.554778,4.3977,43.559053,1.190573,0.399758,-14.632143
sz.000778,新兴铸管,2016-03-31,4.20801654,4.23113751,4.15406761,4.1617746,51301721.0,279138528.0,1.408253,-1.0989,43.080382,1.17749,0.395365,-14.47135
sz.000779,甘咨询,2016-03-29,24.85587261,26.6414142,24.68582103,25.61165741,7448068.0,201622622.0,3.994866,1.5356,-63.929149,24.572684,24.42659,-944.985126
sz.000779,甘咨询,2016-03-30,26.09347022,27.86011719,26.0745756,27.43498824,10571029.0,302099488.0,5.669905,7.1191,-68.480357,26.322049,26.165554,-1012.25998
sz.000779,甘咨询,2016-03-31,27.48222479,30.1369189,26.66030882,29.80626305,12098099.0,356496384.0,6.488968,8.6432,-74.399286,28.597129,28.427108,-1099.752148
sz.000782,恒申新材,2016-03-29,9.4296286,9.51622723,8.81381612,9.12172236,41323476.0,395749888.0,10.215718,-6.8762,-46.895462,3.871847,1.650375,32.381244
sz.000782,恒申新材,2016-03-30,9.12172236,9.38151825,9.00625752,9.3334079,31123634.0,297551120.0,7.69418,2.3207,-47.983753,3.9617,1.688675,33.132708
sz.000782,恒申新材,2016-03-31,9.3334079,9.4296286,9.18907685,9.28529755,22590598.0,218479834.0,5.584699,-0.5155,-47.736415,3.941278,1.67997,32.96192
sz.000783,长江证券,2016-03-29,7.74132,7.86618,7.61646,7.73351625,44172292.0,438707296.0,0.93144,0.0,13.453462,2.794658,5.529391,3.511463
sz.000783,长江证券,2016-03-30,7.86618,8.06127375,7.80375,8.03005875,70781161.0,721714016.0,1.492528,3.8345,13.969336,2.901819,5.741416,3.646111
sz.000783,长江证券,2016-03-31,8.05347,8.21734875,7.9442175,8.022255,59617975.0,615414384.0,1.257135,-0.0972,13.95576,2.898999,5.735837,3.642567
sz.000785,居然智家,2016-03-29,9.7258831,9.73445216,9.17746326,9.28886104,12523223.0,137593907.0,4.98747,-4.6614,-56.751591,3.523534,0.617854,-29.376819
sz.000785,居然智家,2016-03-30,9.425966,9.7687284,9.3831207,9.69160686,12910067.0,143839693.0,5.141534,4.3358,-59.212223,3.676307,0.644643,-30.650537
sz.000785,居然智家,2016-03-31,9.75159028,10.1114908,9.70874498,9.86298806,18576692.0,214552472.0,7.398311,1.7683,-60.2593,3.741316,0.656042,-31.192545
sz.000786,北新建材,2016-03-29,7.6338514,7.6915587,7.41951,7.4937051,18371329.0,167980372.0,1.333521,-2.3631,14.330955,1.647611,1.702131,-17.353873
sz.000786,北新建材,2016-03-30,7.5514124,7.9553635,7.5431685,7.914144,31011709.0,292195456.0,2.251049,5.6106,15.135002,1.740051,1.79763,-18.327523
sz.000786,北新建材,2016-03-31,8.0130708,8.0130708,7.831705,7.8564367,24529892.0,234786016.0,1.780553,-0.7292,15.024643,1.727363,1.784522,-18.193885
sz.000788,北大医药,2016-03-29,10.0088062,10.22597841,9.8199608,10.02769074,10697191.0,113545966.0,1.914403,0.6635,-23.561136,6.858897,3.051227,-13.367798
sz.000788,北大医药,2016-03-30,10.12211344,10.2920743,9.98992166,10.24486295,11045697.0,118604945.0,1.976772,2.1657,-24.071406,7.007442,3.117308,-13.657307
sz.000788,北大医药,2016-03-31,10.26374749,10.32040111,10.06545982,10.14099798,10371883.0,111680800.0,1.856184,-1.0138,-23.827364,6.936399,3.085704,-13.518846
sz.000789,万年青,2016-03-29,3.75688465,3.83106855,3.709195,3.73568925,13987291.0,99573305.0,2.280475,-0.5642,13.612567,1.709145,0.709763,-14.728182
sz.000789,万年青,2016-03-30,3.7409881,3.85226395,3.73568925,3.83106855,20448226.0,146950887.0,3.33386,2.5532,13.960122,1.752783,0.727885,-15.104221
sz.000789,万年青,2016-03-31,3.8469651,3.9741375,3.8045743,3.9317467,26887302.0,197967517.0,4.383681,2.6279,18.306532,1.726401,0.815178,19.463573
sz.000790,华神科技,2016-03-29,7.23895897,7.27307282,6.92511155,7.10250357,7341086.0,76342066.0,1.715977,-1.7925,-527.414903,7.977359,8.98487,219.904543
sz.000790,华神科技,2016-03-30,7.19802235,7.4368193,7.12979465,7.32765498,10299982.0,110021012.0,2.407618,3.17,-544.134107,8.230244,9.269693,226.87558
sz.000790,华神科技,2016-03-31,7.3685916,8.05769137,7.33447775,8.05769137,30544101.0,346969472.0,7.139676,9.9628,-598.344861,9.050203,10.19321,249.478641
sz.000791,甘肃能源,2016-03-29,6.09669648,6.19951775,6.04226169,6.13903465,4072966.0,41295598.0,0.564026,0.6944,303.820232,2.654513,7.452388,23.118304
sz.000791,甘肃能源,2016-03-30,6.14508296,6.27814578,6.14508296,6.26604916,5490571.0,56490626.0,0.760336,2.069,310.106168,2.709434,7.606575,23.596613
sz.000791,甘肃能源,2016-03-31,6.27814578,6.29629071,6.12088972,6.19951775,4863474.0,49848240.0,0.673496,-1.0618,306.81378,2.732699,7.508946,86.602163
sz.000792,盐湖股份,2016-03-29,12.42987795,12.4897329,11.93773725,12.05744715,19013727.0,347830768.0,1.213866,-2.9963,28.255688,1.860673,2.915742,18.783279
sz.000792,盐湖股份,2016-03-30,12.17715705,12.6759483,12.1572054,12.6759483,25118085.0,469602832.0,1.603578,5.1296,29.705097,1.956119,3.065308,19.746789
sz.000792,盐湖股份,2016-03-31,12.72250215,13.0217769,12.5429373,12.7956582,32048778.0,617129728.0,2.046044,0.9444,29.985628,1.974592,3.094256,19.933275
sz.000793,*ST华闻,2016-03-29,9.2162256,9.24595536,8.76036928,8.82973872,57039909.0,515850960.0,3.121203,-4.0904,21.813462,2.067081,4.215487,13.41744
sz.000793,*ST华闻,2016-03-30,8.92883792,9.24595536,8.89910816,9.14685616,55550075.0,509417392.0,3.03968,3.5915,22.596886,2.14132,4.366885,13.899323
sz.000793,*ST华闻,2016-03-31,9.23604544,9.3648744,9.04775696,9.04775696,57898695.0,539728880.0,3.168195,-1.0834,22.352066,2.11812,4.319573,13.748734
sz.000795,英洛华,2016-03-29,5.89355094,5.89355094,5.89355094,5.89355094,0.0,0.0,,0.0,-305.995976,4.547372,8.052253,-28.031219
sz.000795,英洛华,2016-03-30,5.89355094,5.89355094,5.89355094,5.89355094,0.0,0.0,,0.0,-305.995976,4.547372,8.052253,-28.031219
sz.000795,英洛华,2016-03-31,6.10969584,6.33544718,5.94638636,6.004025,29525228.0,375484912.0,9.045826,1.8745,-95.870029,4.70252,4.930829,-13.464527
sz.000796,凯撒旅业,2016-03-29,26.21781944,26.21781944,26.21781944,26.21781944,0.0,0.0,,0.0,107.146224,13.398148,4.468615,19.700202
sz.000796,凯撒旅业,2016-03-30,26.21781944,26.21781944,26.21781944,26.21781944,0.0,0.0,,0.0,107.146224,13.398148,4.468615,19.700202
sz.000796,凯撒旅业,2016-03-31,26.21781944,26.21781944,26.21781944,26.21781944,0.0,0.0,,0.0,107.146224,13.398148,4.468615,19.700202
sz.000797,中国武夷,2016-03-29,4.56875903,4.60461587,4.30879694,4.37154641,13863447.0,205936157.0,3.237754,-5.3074,62.322471,6.881989,3.423226,11.117486
sz.000797,中国武夷,2016-03-30,4.41935553,4.55680675,4.3924629,4.5418664,11470048.0,171623285.0,2.678785,3.8961,64.750619,7.150118,3.556599,11.550635
sz.000797,中国武夷,2016-03-31,4.55680675,4.67632955,4.482105,4.60461587,13698594.0,210456198.0,3.199254,1.3816,65.6452,7.248903,3.605736,11.710216
sz.000798,中水渔业,2016-03-29,10.73,10.88,10.31,10.61,9392659.0,100065157.0,2.940758,-3.105,200.078872,4.039448,6.857433,-27.390564
sz.000798,中水渔业,2016-03-30,10.64,11.29,10.41,11.23,17822100.0,192051794.0,5.579941,5.8435,211.770569,4.275495,7.258151,-28.991143
sz.000798,中水渔业,2016-03-31,10.92,10.92,10.65,10.69,16466982.0,177389939.0,5.155665,-4.8085,201.587478,4.069906,6.909139,-27.59709
sz.000799,酒鬼酒,2016-03-29,14.33708992,14.43831456,13.72053984,13.9413936,9085288.0,138997434.0,4.052283,-3.3184,124.399176,2.846846,8.927893,911.543436
sz.000799,酒鬼酒,2016-03-30,14.09783168,14.32788768,13.95059584,14.3094832,6653021.0,102347405.0,2.967427,2.6403,127.683643,2.92201,9.163613,935.610589
sz.000799,酒鬼酒,2016-03-31,14.28187648,14.42911232,14.20825856,14.263472,6577564.0,102283697.0,2.933771,-0.3215,127.273085,2.912614,9.134148,932.602195
sz.000800,一汽解放,2016-03-29,11.67719616,11.98128981,11.54687031,11.78145684,11154916.0,151014042.0,0.790146,0.6682,-350.518987,2.520019,0.768691,-36.369992
sz.000800,一汽解放,2016-03-30,11.82489879,12.46783965,11.70326133,12.3375138,21537832.0,298630816.0,1.525608,4.7198,-367.062656,2.638958,0.804972,-38.08657
sz.000800,一汽解放,2016-03-31,12.2506299,12.4243977,12.12030405,12.24194151,16707469.0,235724022.0,1.183455,-0.7746,-364.219213,2.618515,0.798736,-37.791533
sz.000801,四川九洲,2016-03-29,12.61548534,12.65807325,11.39463192,11.78738709,12925899.0,323788656.0,2.810661,-6.8785,127.269575,6.073334,5.89855,101.14923
sz.000801,四川九洲,2016-03-30,11.8772949,12.53504151,11.84417097,12.4451337,8442457.0,218326433.0,1.835763,5.5801,134.371329,6.412231,6.227694,106.793446
sz.000801,四川九洲,2016-03-31,12.64860927,12.85208484,12.48298962,12.7290531,7393112.0,198009700.0,1.607589,2.2814,137.436835,6.558518,6.369771,109.229799
sz.000802,北京文化,2016-03-29,30.0506435,30.42504496,27.44953862,27.44953862,23200441.0,664970480.0,6.144525,-10.0129,510.08842,10.710132,30.98991,-79.376118
sz.000802,北京文化,2016-03-30,27.587476,29.25257723,26.05045948,28.2771629,29178038.0,793271104.0,7.727662,3.0151,525.467971,11.03305,31.924279,-81.769368
sz.000802,北京文化,2016-03-31,27.6860027,27.6860027,26.55294565,26.66132502,21116240.0,582912192.0,5.574025,-5.7143,495.44123,10.40259,30.100035,-77.096833
sz.000803,山高环能,2016-03-29,11.4962606,11.61861548,10.66016892,10.96605612,3756273.0,81861678.0,3.844986,-4.612,-264.025114,19.697927,21.905572,-622.428921
sz.000803,山高环能,2016-03-30,11.05782228,11.4962606,10.9864486,11.46567188,3099039.0,68356657.0,3.17223,4.556,-276.054153,20.595368,22.903594,-650.78691
sz.000803,山高环能,2016-03-31,11.47586812,11.97038576,11.47586812,11.6746948,3077368.0,71033997.0,3.150047,1.823,-281.086709,20.970829,23.321134,-662.650966
sz.000807,云铝股份,2016-03-29,6.61929048,7.2028092,6.55546812,6.90193236,76989396.0,580172496.0,5.002621,4.8477,-59.566811,2.558435,0.834153,39.653289
sz.000807,云铝股份,2016-03-30,6.93840228,7.45809864,6.9292848,7.21192668,62383246.0,494014528.0,4.053542,4.4914,-62.242203,2.673345,0.871619,41.434282
sz.000807,云铝股份,2016-03-31,7.22104416,7.43986368,6.9292848,7.2483966,54241127.0,425061392.0,3.524483,0.5057,-62.556955,2.686864,0.876026,41.643811
sz.000809,和展能源,2016-03-29,4.33,4.35,4.21,4.24,13488603.0,57628550.0,1.635396,-2.5287,-70.710561,1.027898,36.835108,115.908662
sz.000809,和展能源,2016-03-30,4.26,4.38,4.26,4.37,12220221.0,52778562.0,1.481614,3.066,-72.878574,1.059414,37.964486,119.462466
sz.000809,和展能源,2016-03-31,4.38,4.42,4.36,4.38,14194688.0,62254334.0,1.721004,0.2288,-73.045344,1.061838,38.051361,119.735835
sz.000810,创维数字,2016-03-29,16.44842643,17.92632165,16.1473737,17.23298809,49499833.0,918740000.0,12.622081,5.4129,45.395705,8.194514,4.591652,-45.993584
sz.000810,创维数字,2016-03-30,17.1508828,18.92983075,16.70386511,18.92983075,52938661.0,1021157760.0,13.498956,9.8465,49.865584,9.001385,5.043768,-50.522333
sz.000810,创维数字,2016-03-31,18.8842167,19.7964977,18.67439207,18.7929886,50425041.0,1058633328.0,12.858002,-0.7229,49.50511,8.936315,5.007307,-50.157111
sz.000811,冰轮环境,2016-03-29,5.4178137,5.48727285,5.24185052,5.29741784,7558615.0,87133003.0,1.915568,-2.6383,16.352,2.710891,2.931126,-391.987008
sz.000811,冰轮环境,2016-03-30,5.35298516,5.64008298,5.35298516,5.61229932,11177559.0,133406872.0,2.832711,5.9441,17.323972,2.872028,3.105353,-415.286935
sz.000811,冰轮环境,2016-03-31,5.56136261,5.58914627,5.48264224,5.52431773,14115002.0,168497712.0,3.577143,-1.5677,16.887388,2.622643,1.810355,78.039689
sz.000812,陕西金叶,2016-03-29,5.98321203,6.06116919,5.69087268,5.78831913,23082905.0,207629560.0,5.172856,-4.8077,201.323199,4.559918,7.545555,-69.901757
sz.000812,陕西金叶,2016-03-30,5.83379414,6.04817633,5.7818227,6.04817633,25386638.0,230938483.0,5.68912,4.4893,210.361277,4.764628,7.8843,-73.039883
sz.000812,陕西金叶,2016-03-31,6.10014777,6.65234432,5.99620489,6.65234432,66453132.0,656249152.0,14.89208,9.9893,231.37481,5.240579,8.671884,-80.336026
sz.000813,德展健康,2016-03-29,7.1065197,7.18974921,6.86963571,6.95926749,5650582.0,62064918.0,1.554704,-2.4237,824.99673,4.776362,9.948993,-3082.801986
sz.000813,德展健康,2016-03-30,7.00408338,7.2985878,7.00408338,7.29218553,6341146.0,71371311.0,1.744706,4.7838,864.462995,5.004854,10.424934,-3230.277334
sz.000813,德展健康,2016-03-31,7.30499007,7.40742639,7.24096737,7.29218553,6191634.0,70650190.0,1.703569,0.0,864.462995,5.004854,10.424934,-3230.277334
sz.000815,美利云,2016-03-29,26.11,26.48,24.5,25.25,9042860.0,230790287.0,2.854514,-4.681,54.019698,229.454937,14.368665,-741.674898
sz.000815,美利云,2016-03-30,25.53,26.19,25.22,26.09,6473159.0,167024207.0,2.043349,3.3267,55.816789,237.088289,14.846672,-766.348439
sz.000815,美利云,2016-03-31,27.0,27.1,26.28,26.57,8100363.0,215846749.0,2.557001,1.8398,56.843698,241.450205,15.119819,-780.447606
sz.000816,智慧农业,2016-03-29,6.48242242,6.54198526,6.2540982,6.31366104,33245304.0,214398113.0,3.053453,-2.9008,322.278026,2.678545,4.343822,57.765813
sz.000816,智慧农业,2016-03-30,6.38315102,6.5022767,6.3533696,6.5022767,33219190.0,215528360.0,3.051054,2.9874,331.905829,2.758564,4.47359,59.491521
sz.000816,智慧农业,2016-03-31,6.51220384,6.59162096,6.48242242,6.5022767,29768393.0,195747194.0,2.734112,0.0,331.905829,2.758564,4.47359,59.491521
sz.000818,航锦科技,2016-03-29,6.29745012,6.29745012,6.29745012,6.29745012,0.0,0.0,,0.0,36.774395,2.121633,1.730038,-131.559902
sz.000818,航锦科技,2016-03-30,6.29745012,6.29745012,6.29745012,6.29745012,0.0,0.0,,0.0,36.774395,2.121633,1.730038,-131.559902
sz.000818,航锦科技,2016-03-31,6.29745012,6.29745012,6.29745012,6.29745012,0.0,0.0,,0.0,36.774395,2.121633,1.730038,-131.559902
sz.000819,岳阳兴长,2016-03-29,26.2123995,26.3970504,24.727164,24.9920979,6290546.0,198455748.0,2.556159,-4.3919,150.625659,11.544322,4.890086,158.609218
sz.000819,岳阳兴长,2016-03-30,25.2971733,26.413107,25.208862,26.172258,5587429.0,179870845.0,2.270448,4.7221,157.738403,12.08946,5.121002,166.098956
sz.000819,岳阳兴长,2016-03-31,26.2284561,27.7136916,26.1160599,27.0794559,8328636.0,280362880.0,3.384335,3.4663,163.206022,12.508512,5.298509,171.856374
sz.000820,*ST节能,2016-03-29,14.2,14.2,13.38,13.5,8756322.0,120024629.0,3.964339,-4.5936,-278.483658,16.432613,15.003508,-68583.142053
sz.000820,*ST节能,2016-03-30,13.7,14.85,13.65,14.85,17008817.0,244404503.0,7.700576,10.0,-306.332024,18.075875,16.503859,-75441.456259
sz.000820,*ST节能,2016-03-31,15.05,15.07,14.45,14.57,13432096.0,197406434.0,6.08125,-1.8855,-300.556067,17.73505,16.192675,-74018.99109
sz.000821,ST京机,2016-03-29,15.18521436,15.18521436,14.714355,14.8124507,3860862.0,58595773.0,1.118379,-1.7567,231.21137,4.44028,7.795538,69.559114
sz.000821,ST京机,2016-03-30,14.95959425,15.85226512,14.95959425,15.7934077,12398231.0,196939249.0,3.591405,6.6225,246.523381,4.734338,8.311799,74.165677
sz.000821,ST京机,2016-03-31,15.93074168,16.02883738,15.5972163,15.63645458,8132859.0,130953698.0,2.355852,-0.9938,244.07346,4.687289,8.229197,73.428627
sz.000822,山东海化,2016-03-29,4.9201075,4.9558901,4.75014015,4.78592275,8150713.0,43960020.0,0.91061,-2.9038,39.04525,2.111515,1.359319,-798.578853
sz.000822,山东海化,2016-03-30,4.80381405,4.9558901,4.80381405,4.94694445,8489565.0,46548967.0,0.948467,3.3645,40.358922,2.182557,1.405053,-825.446927
sz.000822,山东海化,2016-03-31,4.9737814,5.009564,4.92905315,4.9558901,7596551.0,42242368.0,0.848698,0.1808,40.431903,2.186504,1.407594,-826.939598
sz.000823,超声电子,2016-03-29,7.7728035,7.8267189,7.5301842,7.6200432,14619635.0,124795337.0,2.72319,-2.4166,36.142761,1.595895,1.213053,42.78725
sz.000823,超声电子,2016-03-30,7.6829445,7.9345497,7.6649727,7.9255638,16809815.0,145995137.0,3.131153,4.0094,37.591881,1.659881,1.261689,44.502776
sz.000823,超声电子,2016-03-31,7.9345497,8.0962959,7.8716484,8.0423805,24061193.0,214653636.0,4.481862,1.4739,38.145957,1.684347,1.280285,45.158713
sz.000825,太钢不锈,2016-03-29,2.75413424,2.77028752,2.68144448,2.69759776,21827043.0,73392690.0,0.383195,-2.0528,-21.705238,0.785212,0.27063,-22.012862
sz.000825,太钢不锈,2016-03-30,2.71375104,2.77028752,2.7056744,2.76221088,19579678.0,66497388.0,0.34374,2.3952,-22.225123,0.804019,0.277112,-22.540116
sz.000825,太钢不锈,2016-03-31,2.77028752,2.77836416,2.73798096,2.7460576,18848224.0,64292326.0,0.330899,-0.5848,-22.095152,0.799317,0.275492,-22.408303
sz.000826,启迪环境,2016-03-29,21.55691472,21.63335768,20.84808,21.021814,3483841.0,105975193.0,0.411268,-2.2933,28.365391,4.44801,4.549275,124.286992
sz.000826,启迪环境,2016-03-30,21.31368712,21.7514968,21.11215568,21.7514968,4053228.0,125413062.0,0.478484,3.4711,29.349974,4.602403,4.707184,128.601086
sz.000826,启迪环境,2016-03-31,21.9599776,22.83559696,21.66115512,22.6201668,9839155.0,316080240.0,1.161514,3.9936,30.522098,4.786206,4.895171,133.736912
sz.000828,东莞控股,2016-03-29,7.24216324,7.27101648,7.04019056,7.18445676,3477056.0,34532175.0,0.334488,-0.7968,13.386106,2.366417,10.0141,-73.398487
sz.000828,东莞控股,2016-03-30,7.20609669,7.35036289,7.20609669,7.35036289,4817597.0,48721559.0,0.463446,2.3092,13.695223,2.421064,10.245349,-75.093432
sz.000828,东莞控股,2016-03-31,7.35036289,7.47298916,7.2854431,7.33593627,4483305.0,45754478.0,0.431287,-0.1963,13.668343,2.416312,10.22524,-74.946045
sz.000829,天音控股,2016-03-29,11.91176272,11.91176272,11.91176272,11.91176272,0.0,0.0,,0.0,-50.863547,5.61401,0.268908,-8.994334
sz.000829,天音控股,2016-03-30,11.91176272,11.91176272,11.91176272,11.91176272,0.0,0.0,,0.0,-50.863547,5.61401,0.268908,-8.994334
sz.000829,天音控股,2016-03-31,11.91176272,11.91176272,11.91176272,11.91176272,0.0,0.0,,0.0,-50.863547,5.61401,0.268908,-8.994334
sz.000830,鲁西化工,2016-03-29,3.71480896,3.72167552,3.61181056,3.62554368,16222097.0,86593269.0,1.108083,-2.403,18.90035,1.314673,0.560074,14.37742
sz.000830,鲁西化工,2016-03-30,3.65987648,3.74914176,3.64614336,3.73540864,17917234.0,96615868.0,1.223872,3.0303,19.473088,1.354512,0.577046,14.813099
sz.000830,鲁西化工,2016-03-31,3.74914176,3.76287488,3.72167552,3.75600832,17991405.0,98135974.0,1.228939,0.5515,19.580476,1.361982,0.580228,14.894789
sz.000831,中国稀土,2016-03-29,17.52493461,18.1292427,17.08904025,17.30698743,39770961.0,707061344.0,4.054615,-0.1714,-137.807977,7.088827,27.140851,-35.082197
sz.000831,中国稀土,2016-03-30,17.48530785,17.9311089,16.99988004,17.57446806,36938207.0,652080448.0,3.765818,1.5455,-139.937808,7.198386,27.560315,-35.624395
sz.000831,中国稀土,2016-03-31,17.57446806,17.77260186,17.22773391,17.36642757,28804298.0,508080736.0,2.936573,-1.1838,-138.281273,7.113174,27.234065,-35.202686
sz.000833,粤桂股份,2016-03-29,8.17510464,8.23774912,7.9088656,7.95584896,9789300.0,100890558.0,3.306465,-3.5138,50.486987,2.575032,3.913187,18.2097
sz.000833,粤桂股份,2016-03-30,8.07330736,8.38652976,8.026324,8.3786992,10707398.0,112296981.0,3.616565,5.315,53.17035,2.711894,4.121171,19.177538
sz.000833,粤桂股份,2016-03-31,8.417852,8.48049648,8.222088,8.31605472,11605778.0,123358968.0,3.920004,-0.7477,52.772815,2.691618,4.090359,19.034155
sz.000837,秦川机床,2016-03-29,9.28953598,9.3492118,8.90164315,8.99115688,19238047.0,175225852.0,3.995483,-3.8298,-26.532481,2.244508,2.459748,49.998215
sz.000837,秦川机床,2016-03-30,9.07072464,9.41883359,9.0508327,9.36910374,17221989.0,159577722.0,3.576775,4.2035,-27.647785,2.338857,2.563145,52.09991
sz.000837,秦川机床,2016-03-31,9.39894165,9.50834732,9.31937389,9.4486715,20152193.0,191114085.0,4.185339,0.8493,-27.882586,2.35872,2.584912,52.542372
sz.000838,财信发展,2016-03-29,17.228828,17.58271744,16.3441044,16.60486504,95000831.0,1719017824.0,14.996208,-4.7543,233.927919,12.766477,29.37852,25.135059
sz.000838,财信发展,2016-03-30,16.77249688,17.48958864,16.12059528,17.12638632,107060395.0,1931786704.0,16.899852,3.1408,241.275066,13.167444,30.301233,25.924494
sz.000838,财信发展,2016-03-31,16.9494416,17.3219568,16.49311048,16.60486504,88644274.0,1603579120.0,13.992804,-3.0451,233.927919,12.766477,29.37852,25.135059
sz.000839,国安股份,2016-03-29,6.29148765,6.65604114,6.1934894,6.47572436,90293236.0,1485257392.0,5.759956,2.7363,73.696891,3.878076,9.21974,130.234056
sz.000839,国安股份,2016-03-30,6.57372261,7.0950733,6.45220478,7.03235442,112384348.0,1924957456.0,7.169185,8.5956,80.031612,4.211422,10.012236,141.428508
sz.000839,国安股份,2016-03-31,7.02059463,7.42042749,6.95003589,6.96963554,136151554.0,2486153520.0,8.685335,-0.8919,79.31784,4.173862,9.922941,140.167162
sz.000848,承德露露,2016-03-29,6.5897944,6.6256085,6.3544446,6.395375,8666987.0,109465866.0,1.151943,-2.8749,20.312073,5.612859,3.476877,14.788454
sz.000848,承德露露,2016-03-30,6.4363054,6.600027,6.4311891,6.5897944,10462473.0,133249926.0,1.390584,3.04,20.92956,5.783489,3.582574,15.238023
sz.000848,承德露露,2016-03-31,6.5897944,6.6716552,6.5897944,6.6256085,8994599.0,116391337.0,1.195486,0.5435,21.043308,5.814921,3.602045,15.320838
sz.000850,华茂股份,2016-03-29,4.76176104,4.79448792,4.61449008,4.65539868,7417153.0,42536634.0,0.786382,-2.5685,66.298098,1.020021,2.781392,151.876568
sz.000850,华茂股份,2016-03-30,4.67994384,4.81085136,4.67994384,4.79448792,9391038.0,54475849.0,0.995657,2.9877,68.278885,1.050496,2.864492,156.414181
sz.000850,华茂股份,2016-03-31,4.81085136,4.8681234,4.75357932,4.77812448,10714163.0,62875601.0,1.135937,-0.3413,68.045851,1.046911,2.854716,155.880344
sz.000852,石化机械,2016-03-29,9.33918498,9.39833118,9.09077094,9.3155265,2442203.0,38160526.0,0.609941,-0.5682,-41.522223,2.909837,-24.129241,3.536025
sz.000852,石化机械,2016-03-30,9.30961188,9.71772066,9.26229492,9.61717212,6088068.0,98326239.0,1.520497,3.2381,-42.866752,3.004061,-24.910569,3.650525
sz.000852,石化机械,2016-03-31,9.57576978,9.6999768,9.44564814,9.6408306,4596499.0,74398120.0,1.147977,0.246,-42.972206,3.011451,-24.971849,3.659506
sz.000856,冀东装备,2016-03-29,11.44,11.66,10.97,11.1,5829914.0,65282040.0,2.568244,-3.8961,-15.939728,7.534557,1.557862,-23.624046
sz.000856,冀东装备,2016-03-30,11.21,11.56,11.16,11.5,5016783.0,56985184.0,2.210037,3.6036,-16.514133,7.806073,1.614001,-24.475363
sz.000856,冀东装备,2016-03-31,11.61,11.91,11.44,11.66,5159498.0,60359281.0,2.272907,1.3913,-16.743895,7.914679,1.636457,-24.81589
sz.000858,五粮液,2016-03-29,21.979258,22.1200504,21.588168,21.90104,27229829.0,760155824.0,0.717391,-0.2849,17.209361,2.453028,4.907228,26.962155
sz.000858,五粮液,2016-03-30,21.90104,22.1513376,21.7289604,21.9949016,27908660.0,782182624.0,0.735276,0.4286,17.283116,2.463541,4.928259,27.077707
sz.000858,五粮液,2016-03-31,22.096585,22.2843082,21.8697528,21.9870798,26227612.0,739872624.0,0.690987,-0.0356,17.27697,2.462665,4.926507,27.068078
sz.000859,国风新材,2016-03-29,4.9906254,5.02976756,4.85362784,4.88298446,11070553.0,55698903.0,1.497137,-2.7291,387.14004,2.638193,3.38432,-34.484036
sz.000859,国风新材,2016-03-30,4.93191216,5.11783742,4.93191216,5.09826634,16047304.0,82602602.0,2.170173,4.4088,404.208338,2.754506,3.533529,-36.004374
sz.000859,国风新材,2016-03-31,5.10805188,5.31354822,5.07869526,5.2352639,23010477.0,122506079.0,3.111844,2.6871,415.069982,2.828524,3.628479,-36.971862
sz.000860,顺鑫农业,2016-03-29,15.8544633,16.0033315,15.51950985,15.8544633,7949601.0,167900344.0,1.412009,-1.1142,33.301071,2.288746,1.231357,-39.728758
sz.000860,顺鑫农业,2016-03-30,15.63860441,15.9288974,15.24410368,15.88423694,18305178.0,382502960.0,3.251368,0.1878,32.360695,2.255531,1.263449,-111.067679
sz.000860,顺鑫农业,2016-03-31,15.7055951,16.53925702,15.56417031,16.29362449,15623032.0,339182816.0,2.774965,2.5773,33.194734,2.313663,1.296012,-113.930249
sz.000862,银星能源,2016-03-29,6.25,6.28,6.01,6.09,8913208.0,54623044.0,2.665758,-2.56,-28.18508,2.097173,2.736981,-15.901487
sz.000862,银星能源,2016-03-30,6.12,6.32,6.05,6.3,7524531.0,46866943.0,2.250433,3.4483,-29.156979,2.169489,2.83136,-16.449814
sz.000862,银星能源,2016-03-31,6.34,6.4,6.29,6.35,6612373.0,41915046.0,1.977625,0.7936,-29.388384,2.186707,2.853831,-16.580368
sz.000863,三湘印象,2016-03-29,6.4962726,6.6456122,6.3842679,6.6082773,9078636.0,79725490.0,0.997722,0.9122,66.917395,2.815851,11.366388,-70.635927
sz.000863,三湘印象,2016-03-30,6.63814522,7.27283852,6.63067824,7.27283852,24687788.0,233538089.0,2.713132,10.0565,73.646941,3.099027,12.509449,-77.739427
sz.000863,三湘印象,2016-03-31,7.45204604,7.45204604,7.19816872,7.26537154,16611564.0,162756613.0,1.825574,-0.1027,73.571329,3.095845,12.496605,-77.659612
sz.000868,安凯客车,2016-03-29,7.30866237,7.34854593,6.979623,7.04941923,17785352.0,126702042.0,2.556977,-3.5471,133.854373,3.863961,1.248629,-16.42952
sz.000868,安凯客车,2016-03-30,7.12918635,7.30866237,7.09927368,7.29869148,16020144.0,115629756.0,2.303196,3.5361,138.587554,4.000594,1.292782,-17.010479
sz.000868,安凯客车,2016-03-31,7.29869148,7.46819661,7.28872059,7.34854593,18075545.0,133554464.0,2.598698,0.6831,139.53419,4.02792,1.301612,-17.12667
sz.000869,张裕A,2016-03-29,31.0340212,31.51999351,30.38605812,30.62478136,1718421.0,62291671.0,0.378957,-1.4811,23.194157,3.318614,5.294564,88.755623
sz.000869,张裕A,2016-03-30,30.93171124,31.51999351,30.93171124,31.44326104,1915987.0,70249681.0,0.422525,2.6726,23.814045,3.407307,5.436067,91.127711
sz.000869,张裕A,2016-03-31,31.545571,32.10827578,31.44326104,31.49441602,1839716.0,68619615.0,0.405706,0.1627,23.852788,3.412851,5.444911,91.275966
sz.000875,电投绿能,2016-03-29,5.98698955,6.00584621,5.76070963,5.79842295,28250078.0,175715091.0,2.544938,-3.1496,76.283857,2.330452,2.088033,71.545608
sz.000875,电投绿能,2016-03-30,5.8455646,5.95870456,5.83613627,5.94927623,25874312.0,161846593.0,2.330914,2.6016,78.268478,2.391081,2.142356,73.406957
sz.000875,电投绿能,2016-03-31,5.98698955,6.07184452,5.92099124,5.97756122,33744720.0,214006114.0,3.039928,0.4754,78.640594,2.40245,2.152542,73.75596
sz.000876,新希望,2016-03-29,7.13967667,7.1881859,6.88390073,6.93681989,23646791.0,374855664.0,1.368205,-2.9012,14.754298,1.743123,0.499381,35.834557
sz.000876,新希望,2016-03-30,6.99855891,7.11762702,6.98091919,7.10439723,24163184.0,387236672.0,1.398083,2.4158,15.110727,1.785233,0.511445,36.700236
sz.000876,新希望,2016-03-31,7.13967667,7.16613625,7.02942842,7.09116744,24062136.0,387459520.0,1.392237,-0.1862,15.082588,1.781908,0.510493,36.631893
sz.000877,天山股份,2016-03-29,5.2396542,5.26436955,5.107839,5.1572697,13012435.0,82087153.0,1.478599,-1.2618,-10.493147,0.85596,1.091701,16.762877
sz.000877,天山股份,2016-03-30,5.21493885,5.29732335,5.1902235,5.29732335,11568218.0,73728214.0,1.314494,2.7156,-10.778104,0.879204,1.121348,17.218098
sz.000877,天山股份,2016-03-31,5.3220387,5.41266165,5.29732335,5.37970785,22790418.0,148512051.0,2.589669,1.5552,-10.945726,0.892878,1.138787,17.485876
sz.000878,云南铜业,2016-03-29,10.16095484,10.36795392,9.97195568,10.02595544,35635344.0,402449296.0,2.515924,-1.4159,-35.297911,3.165037,0.246433,19.158627
sz.000878,云南铜业,2016-03-30,10.18795472,10.34095404,10.11595504,10.28695428,34154574.0,388490400.0,2.411379,2.6032,-36.216797,3.24743,0.252848,19.65737
sz.000878,云南铜业,2016-03-31,10.26895436,10.31395416,10.04395536,10.22395456,40228132.0,455720368.0,2.840184,-0.6124,619.946819,3.069471,0.284002,-406.204323
sz.000880,潍柴重机,2016-03-29,7.0430598,7.14367494,6.78034249,6.92567547,3754960.0,46675796.0,2.778673,-0.9592,116.025654,2.676308,1.403536,115.490977
sz.000880,潍柴重机,2016-03-30,7.01511115,7.19398251,6.99834196,7.17162359,4367455.0,55470392.0,3.23192,3.5512,120.146017,2.771351,1.453379,119.592351
sz.000880,潍柴重机,2016-03-31,7.14926467,7.42316144,7.14926467,7.34490522,7117369.0,92881881.0,5.266858,2.4162,121.224532,2.826509,1.489793,130.637633
sz.000881,中广核技,2016-03-29,16.2083064,16.2083064,15.4760034,16.1594862,7012092.0,114138848.0,2.276919,-0.7199,-6.245605,6.184688,2.434447,-22.28853
sz.000881,中广核技,2016-03-30,16.2083064,16.598868,15.87632904,16.598868,7990499.0,133189118.0,2.59462,2.719,-6.415425,6.352852,2.50064,-22.894562
sz.000881,中广核技,2016-03-31,17.08707,17.575272,16.61839608,16.96013748,9476660.0,164845354.0,3.077197,2.1765,-6.555055,6.49112,2.555066,-23.392856
sz.000882,华联股份,2016-03-29,3.78939424,3.78939424,3.78939424,3.78939424,0.0,0.0,,0.0,33.301806,1.336223,5.819115,10.676819
sz.000882,华联股份,2016-03-30,3.78939424,3.78939424,3.78939424,3.78939424,0.0,0.0,,0.0,33.301806,1.336223,5.819115,10.676819
sz.000882,华联股份,2016-03-31,3.78939424,3.78939424,3.78939424,3.78939424,0.0,0.0,,0.0,33.301806,1.336223,5.819115,10.676819
sz.000883,湖北能源,2016-03-29,3.76234092,3.77038011,3.63371388,3.75430173,25869597.0,119055789.0,0.483911,-0.2137,18.26199,1.90722,4.279283,204.067593
sz.000883,湖北能源,2016-03-30,3.80253687,3.81861525,3.75430173,3.81861525,20321060.0,95851946.0,0.380122,1.7131,18.574829,1.939892,4.352589,207.563398
sz.000883,湖北能源,2016-03-31,3.81861525,3.83469363,3.7784193,3.78645849,18781947.0,88892840.0,0.351331,-0.8421,18.41841,1.923556,4.315936,205.815495
sz.000885,城发环境,2016-03-29,11.10119648,11.20607697,10.74621636,10.8107582,3928483.0,53138370.0,0.920452,-2.4035,176.293479,2.905773,1.968672,10.508826
sz.000885,城发环境,2016-03-30,10.95597734,11.14153513,10.91563869,11.1334674,4727996.0,64820407.0,1.10778,2.9851,181.555971,2.992513,2.027438,10.822522
sz.000885,城发环境,2016-03-31,11.24641562,11.27061881,11.02051918,11.16573832,5636688.0,77907427.0,1.320688,0.2899,182.082221,3.001187,2.033315,10.853892
sz.000886,海南高速,2016-03-29,5.08640222,5.08640222,4.8463905,4.92024026,17553957.0,94303255.0,1.81978,-3.442,111.570904,1.879657,19.999665,-28.035999
sz.000886,海南高速,2016-03-30,4.9848588,5.05870856,4.9387027,5.04024612,16514049.0,89239906.0,1.711975,2.439,114.292145,1.925502,20.487462,-28.719804
sz.000886,海南高速,2016-03-31,5.05870856,5.14178954,4.9387027,4.9387027,19879199.0,108530300.0,2.060832,-2.0147,111.989556,1.88671,20.074711,-28.141199
sz.000887,中鼎股份,2016-03-29,18.5370866,18.78829011,17.21177153,17.33304219,23994662.0,496284032.0,2.15435,-6.9735,30.458536,6.431517,3.752626,116.648796
sz.000887,中鼎股份,2016-03-30,17.57558351,18.65835726,17.57558351,18.5370866,20908541.0,437496848.0,1.877264,6.9465,32.574346,6.878284,4.013303,124.751836
sz.000887,中鼎股份,2016-03-31,18.67568164,18.7969523,18.29454528,18.44180251,12915257.0,276086672.0,1.15959,-0.514,32.406908,6.842929,3.992674,124.110588
sz.000888,峨眉山A,2016-03-29,10.96953696,10.978499,10.80822024,10.89784064,6976155.0,84883849.0,1.324206,-1.3788,32.648774,3.350369,6.013385,238.903148
sz.000888,峨眉山A,2016-03-30,10.978499,11.1129296,10.90680268,11.1129296,5181967.0,63764969.0,0.983635,1.9737,33.293157,3.416495,6.13207,243.618342
sz.000888,峨眉山A,2016-03-31,11.1129296,11.43556304,11.1129296,11.21151204,6956724.0,87419711.0,1.320518,0.8871,33.5885,3.446803,6.186467,245.779472
sz.000889,中嘉博创,2016-03-29,6.98098076,7.03044115,6.75487612,6.81846805,6178611.0,59942456.0,1.387389,-2.229,44.082374,2.711382,2.686426,73.982155
sz.000889,中嘉博创,2016-03-30,6.90325729,7.09403308,6.8537969,7.09403308,8350070.0,82431436.0,1.874984,4.0415,45.863942,2.820961,2.794996,76.972107
sz.000889,中嘉博创,2016-03-31,7.17882232,7.22121694,7.03750692,7.12229616,8219550.0,82699872.0,1.845676,0.3984,46.046666,2.8322,2.806132,77.278769
sz.000890,法尔胜,2016-03-29,7.97211584,7.97211584,7.97211584,7.97211584,0.0,0.0,,0.0,750.620747,2.937226,2.057406,-17.248999
sz.000890,法尔胜,2016-03-30,7.97211584,7.97211584,7.97211584,7.97211584,0.0,0.0,,0.0,750.620747,2.937226,2.057406,-17.248999
sz.000890,法尔胜,2016-03-31,7.97211584,7.97211584,7.97211584,7.97211584,0.0,0.0,,0.0,554.884736,2.930127,2.150307,-36.43041
sz.000892,欢瑞世纪,2016-03-29,16.43,16.5,15.35,15.47,8411919.0,133217924.0,2.740601,-5.6132,4924.147202,1497.50612,476.538053,-6165.465581
sz.000892,欢瑞世纪,2016-03-30,15.59,16.0,15.52,15.96,5976683.0,94310201.0,1.947201,3.1674,5080.115665,1544.93844,491.632019,-6360.751821
sz.000892,欢瑞世纪,2016-03-31,16.04,17.15,15.93,17.02,15713201.0,260371716.0,5.119356,6.6416,5417.516831,1647.547134,524.284271,-6783.207769
sz.000893,亚钾国际,2016-03-29,12.58,12.58,12.58,12.58,0.0,0.0,,0.0,-20.99855,2.368227,0.858779,-24.562579
sz.000893,亚钾国际,2016-03-30,12.58,12.58,12.58,12.58,0.0,0.0,,0.0,-20.99855,2.368227,0.858779,-24.562579
sz.000893,亚钾国际,2016-03-31,12.58,12.58,12.58,12.58,0.0,0.0,,0.0,-20.99855,2.368227,0.858779,-24.562579
sz.000895,双汇发展,2016-03-29,11.57956159,11.77525674,11.35590999,11.68020481,11088222.0,229851818.0,0.610111,1.1622,17.253228,4.411888,1.541012,130.108289
sz.000895,双汇发展,2016-03-30,11.99331705,12.10514285,11.6857961,11.80880448,13372543.0,283560816.0,0.735801,1.101,16.382009,4.151555,1.559721,-144.358105
sz.000895,双汇发展,2016-03-31,11.90385641,11.95976931,11.71375255,11.80321319,11855925.0,250517607.0,0.652352,-0.0473,16.374253,4.14959,1.558982,-144.289754
sz.000897,津滨发展,2016-03-29,4.430329,4.4688536,4.2569683,4.32438635,27655801.0,125688353.0,1.710181,-3.8544,-101.902889,5.292076,5.623444,-114.971607
sz.000897,津滨发展,2016-03-30,4.32438635,4.430329,4.32438635,4.430329,16836422.0,76803675.0,1.041132,2.4499,-104.399397,5.421726,5.761212,-117.788283
sz.000897,津滨发展,2016-03-31,4.43996015,4.5073782,4.40143555,4.4688536,22151570.0,102620110.0,1.36981,0.8696,-105.307218,5.468871,5.81131,-118.812529
sz.000898,鞍钢股份,2016-03-29,2.5284717,2.54095798,2.4660403,2.48476972,15042942.0,60178472.0,0.244642,-1.9704,-32.609893,0.61295,0.492863,4.819976
sz.000898,鞍钢股份,2016-03-30,2.497256,2.54095798,2.497256,2.54095798,13534913.0,54634250.0,0.220117,2.2613,-33.347302,0.62681,0.504008,4.92897
sz.000898,鞍钢股份,2016-03-31,2.54095798,2.54720112,2.51598542,2.53471484,12714653.0,51610476.0,0.206778,-0.2457,-6.395236,0.678775,0.556745,15.549666
sz.000899,赣能股份,2016-03-29,7.15555352,7.3032599,7.06528851,7.13093579,7820745.0,68448602.0,1.408688,-0.9122,15.662272,3.418349,3.260814,-68.900469
sz.000899,赣能股份,2016-03-30,7.13093579,7.13093579,7.13093579,7.13093579,0.0,0.0,,0.0,15.662272,3.418349,3.260814,-68.900469
sz.000899,赣能股份,2016-03-31,7.13093579,7.13093579,7.13093579,7.13093579,0.0,0.0,,0.0,15.662272,3.418349,3.260814,-68.900469
sz.000900,现代投资,2016-03-29,3.525444,3.555576,3.460158,3.475224,9017189.0,62981772.0,0.892418,-1.4245,12.352811,1.005233,1.0746,8.375509
sz.000900,现代投资,2016-03-30,3.495312,3.585708,3.495312,3.580686,11650156.0,82217836.0,1.152999,3.0347,12.72768,1.035738,1.107211,8.629679
sz.000900,现代投资,2016-03-31,3.585708,3.64095,3.570642,3.64095,15485030.0,111099679.0,1.532531,1.683,12.94189,1.05317,1.125846,8.774919
sz.000901,航天科技,2016-03-29,22.1307489,22.3515045,20.99937645,21.22565094,18304768.0,715141888.0,5.65618,-5.5037,244.968011,8.997597,6.876443,-45.505758
sz.000901,航天科技,2016-03-30,21.523671,22.33494783,21.523671,22.21353225,16769242.0,664895008.0,5.181702,4.6542,256.369278,9.416362,7.196485,-47.623681
sz.000901,航天科技,2016-03-31,22.45084452,22.67711901,21.88239885,22.11971112,16226216.0,656456032.0,5.013907,-0.4224,255.286476,9.376591,7.16609,-47.422538
sz.000902,新洋丰,2016-03-29,10.73053317,10.75559475,10.35460947,10.42979421,2755185.0,69325399.0,1.067901,-2.2318,22.054807,3.524747,1.711269,17.159153
sz.000902,新洋丰,2016-03-30,10.51750974,10.68041001,10.46320965,10.63864071,3849133.0,97487565.0,1.491912,2.0024,22.496434,3.595326,1.745535,17.502748
sz.000902,新洋丰,2016-03-31,10.65534843,11.0270952,10.64281764,10.98114897,5199335.0,135554216.0,2.015246,3.2195,23.2207,3.711077,1.801732,18.066244
sz.000903,ST云动,2016-03-29,3.16401366,3.18738156,3.07054206,3.09858354,8307383.0,55377415.0,1.050768,-2.9283,30.182383,1.44721,1.87071,8.862135
sz.000903,ST云动,2016-03-30,3.11727786,3.2014023,3.11260428,3.19205514,9928424.0,67082161.0,1.255807,3.0166,31.092862,1.490866,1.927141,9.12947
sz.000903,ST云动,2016-03-31,3.2247702,3.29020032,3.20607588,3.24346452,16809083.0,116802406.0,2.126114,1.6105,31.593626,1.514877,1.958179,9.276503
sz.000905,厦门港务,2016-03-29,9.08473559,9.19677755,8.92600948,9.01937778,5813891.0,56380282.0,1.094895,-1.227,19.874721,1.848666,0.706425,33.815764
sz.000905,厦门港务,2016-03-30,9.09407242,9.41152464,9.0567251,9.41152464,10696629.0,105875448.0,2.014431,4.3478,20.738839,1.929043,0.737139,35.286015
sz.000905,厦门港务,2016-03-31,9.49555611,9.77566101,9.39285098,9.57025075,16956494.0,174535659.0,3.193313,1.6865,21.088602,1.961577,0.749571,35.881116
sz.000906,浙商中拓,2016-03-29,5.3888805,5.4067689,5.1697476,5.2278849,4674313.0,55132399.0,1.413863,-2.3392,65.109273,2.917362,0.214845,25.357288
sz.000906,浙商中拓,2016-03-30,5.2860222,5.5811808,5.2681338,5.5543482,6716518.0,81021810.0,2.031579,6.2447,69.175122,3.099541,0.228261,26.940763
sz.000906,浙商中拓,2016-03-31,5.81373,5.81373,5.4157131,5.4425457,9193521.0,113391983.0,2.780811,-2.0129,67.782708,3.037151,0.223667,26.398477
sz.000908,ST景峰,2016-03-29,7.92001104,7.9754388,7.74756912,7.86458328,1558371.0,19903014.0,0.362043,-0.854,31.371759,5.05171,4.153404,31.472414
sz.000908,ST景峰,2016-03-30,7.93232832,8.08013568,7.87690056,8.0678184,2980866.0,38676898.0,0.692519,2.5842,32.327237,4.820126,4.260735,34.330389
sz.000908,ST景峰,2016-03-31,8.1294048,8.53587504,8.08013568,8.4373368,5365192.0,72855478.0,1.246449,4.5801,33.807874,5.040895,4.455883,35.902773
sz.000909,ST数源,2016-03-29,19.23366074,20.41970354,19.03598694,19.62900834,46554688.0,927653712.0,15.834928,1.5337,207.195737,8.042083,2.489187,-237.046512
sz.000909,ST数源,2016-03-30,19.74761262,20.73598162,19.1743586,20.5580752,54757106.0,1109411408.0,18.624866,4.7331,217.002585,8.422725,2.607004,-248.266236
sz.000909,ST数源,2016-03-31,20.21214605,20.92377173,19.68831048,19.9650538,43303408.0,892741856.0,14.72905,-2.8846,210.742895,8.179762,2.531802,-241.10471
sz.000910,大亚圣象,2016-03-29,12.408883,12.8807701,12.33023515,12.6710425,11460890.0,166319825.0,2.172681,1.683,24.060442,3.332346,0.996359,33.890437
sz.000910,大亚圣象,2016-03-30,12.80212225,12.9506793,12.43509895,12.8458155,10061507.0,145932211.0,1.907395,1.3793,24.39231,3.378309,1.010102,34.357892
sz.000910,大亚圣象,2016-03-31,12.99437255,13.06428175,12.6535652,12.78464495,6721912.0,98673446.0,1.274296,-0.4762,24.276156,3.362222,1.005292,34.194283
sz.000911,广农糖业,2016-03-29,16.55,16.58,15.9,16.01,7414726.0,119234949.0,2.586773,-2.9697,-51.298072,3.25275,1.834376,64.995212
sz.000911,广农糖业,2016-03-30,16.18,16.85,16.18,16.85,9911214.0,163106035.0,3.457722,5.2467,-53.989539,3.423413,1.930621,68.405329
sz.000911,广农糖业,2016-03-31,16.98,17.05,16.43,16.63,8939051.0,148625537.0,3.118564,-1.3056,-53.284631,3.378715,1.905414,67.512203
sz.000912,泸天化,2016-03-29,6.65,6.65,6.32,6.41,6740070.0,43248588.0,1.152149,-2.4353,205.230448,5.035504,1.238471,-16.500236
sz.000912,泸天化,2016-03-30,6.5,6.6,6.39,6.55,5786079.0,37599137.0,0.989073,2.1841,209.71286,5.145484,1.265521,-16.860615
sz.000912,泸天化,2016-03-31,6.58,6.7,6.52,6.6,8492465.0,56274604.0,1.451703,0.7634,211.313722,5.184763,1.275181,-16.989322
sz.000913,钱江摩托,2016-03-29,8.08418,8.08418,8.08418,8.08418,1558052.0,14708010.0,0.34361,10.0233,-33.84867,2.085892,2.027342,234.456942
sz.000913,钱江摩托,2016-03-30,8.8891725,8.8891725,8.8891725,8.8891725,632544.0,6565806.0,0.1395,9.9576,-37.219194,2.293598,2.229217,257.80329
sz.000913,钱江摩托,2016-03-31,9.7798025,9.7798025,9.7798025,9.7798025,1120400.0,12794968.0,0.247091,10.0193,-40.948285,2.523399,2.452568,283.633293
sz.000915,华特达因,2016-03-29,17.83914,18.27322574,17.61317756,18.136459,2637016.0,79687639.0,1.470102,1.6667,36.061382,4.988699,4.458984,1646.135577
sz.000915,华特达因,2016-03-30,18.2256547,18.60027664,18.10078072,18.60027664,2743405.0,84791689.0,1.529412,2.5574,36.983607,5.116279,4.573017,1688.233471
sz.000915,华特达因,2016-03-31,18.66568682,18.95705944,18.32079678,18.36836782,2509551.0,78389264.0,1.399042,-1.2468,36.522494,5.052489,4.516,1667.184524
sz.000917,电广传媒,2016-03-29,15.5399127,15.58878035,14.9535009,15.06100973,46868123.0,728937504.0,4.413373,-3.1427,62.299148,2.086158,4.029145,149.763376
sz.000917,电广传媒,2016-03-30,15.25648033,15.71583624,15.16851856,15.68651565,41542738.0,655257792.0,3.911904,4.1531,64.886523,2.172799,4.196481,155.98327
sz.000917,电广传媒,2016-03-31,15.82334507,16.3217951,15.75493036,15.97972155,69349095.0,1139666880.0,6.530311,1.8692,66.099355,2.213412,4.27492,158.898845
sz.000919,金陵药业,2016-03-29,10.69786458,10.7316651,10.18240665,10.29225834,7001365.0,86190083.0,1.391454,-4.0945,29.49758,2.511626,1.905621,-158.443599
sz.000919,金陵药业,2016-03-30,10.3936599,10.72321497,10.36830951,10.69786458,8143020.0,101508128.0,1.618347,3.9409,30.660047,2.610607,1.980719,-164.687682
sz.000919,金陵药业,2016-03-31,10.69786458,10.78236588,10.63871367,10.66406406,6815790.0,86365798.0,1.354573,-0.316,30.563174,2.602358,1.974461,-164.167342
sz.000920,沃顿科技,2016-03-29,16.07777458,16.07777458,16.07777458,16.07777458,0.0,0.0,,0.0,89.46144,8.28775,8.317834,-112.456663
sz.000920,沃顿科技,2016-03-30,16.07777458,16.07777458,16.07777458,16.07777458,0.0,0.0,,0.0,89.46144,8.28775,8.317834,-112.456663
sz.000920,沃顿科技,2016-03-31,16.07777458,16.07777458,16.07777458,16.07777458,0.0,0.0,,0.0,89.46144,8.28775,8.317834,-112.456663
sz.000921,海信家电,2016-03-29,5.53323294,5.63805738,5.47333326,5.5407204,5030007.0,37318119.0,0.557611,0.271,23.992395,2.569301,0.424189,43.498096
sz.000921,海信家电,2016-03-30,5.5781577,5.71293198,5.56318278,5.6904696,7211770.0,54348742.0,0.799475,2.7027,17.846091,2.560996,0.441244,72.872814
sz.000921,海信家电,2016-03-31,5.69795706,5.85519372,5.66051976,5.70544452,6763389.0,52001093.0,0.749769,0.2632,17.893055,2.567735,0.442406,73.064584
sz.000922,佳电股份,2016-03-29,7.3596264,7.4369334,7.0426677,7.1586282,8437471.0,78627460.0,1.842643,-3.3403,-20.251644,2.691816,3.345031,-18.446667
sz.000922,佳电股份,2016-03-30,7.266858,7.4060106,7.1972817,7.4060106,7636177.0,72377136.0,1.66765,3.4557,-20.951485,2.784838,3.460626,-19.084133
sz.000922,佳电股份,2016-03-31,7.4910483,7.4910483,7.3287036,7.3364343,8469171.0,81083330.0,1.849566,-0.9395,-20.754655,2.758676,3.428115,-18.904845
sz.000923,河钢资源,2016-03-29,12.98199376,12.98199376,12.03575852,12.31874476,7657282.0,107310197.0,3.867332,-5.109,-26.158918,7.095776,16.823904,-46.856328
sz.000923,河钢资源,2016-03-30,12.41602128,12.81397068,12.41602128,12.7343808,6106870.0,87113358.0,3.084292,3.374,-27.041524,7.335189,17.391545,-48.437267
sz.000923,河钢资源,2016-03-31,12.85818728,13.043897,12.7343808,12.87587392,6598097.0,96069842.0,3.332387,1.1111,-27.341985,7.416691,17.584784,-48.975458
sz.000925,众合科技,2016-03-29,13.10385384,13.10385384,13.10385384,13.10385384,0.0,0.0,,0.0,175.311712,4.9164,3.263263,103.424519
sz.000925,众合科技,2016-03-30,13.10385384,13.10385384,13.10385384,13.10385384,0.0,0.0,,0.0,175.311712,4.9164,3.263263,103.424519
sz.000925,众合科技,2016-03-31,13.10385384,13.10385384,13.10385384,13.10385384,0.0,0.0,,0.0,175.311712,4.9164,3.263263,103.424519
sz.000926,福星股份,2016-03-29,7.67346288,7.69878784,7.32524468,7.39488832,16371901.0,192718907.0,3.087792,-3.0705,16.829084,1.767466,1.480829,-12.191278
sz.000926,福星股份,2016-03-30,7.46453196,7.64813792,7.439207,7.6291442,13120615.0,156105336.0,2.47459,3.1678,17.362197,1.823456,1.527739,-12.577475
sz.000926,福星股份,2016-03-31,7.6608004,7.69878784,7.54050684,7.61648172,12981975.0,156407362.0,2.448442,-0.166,17.33338,1.82043,1.525203,-12.556599
sz.000927,中国铁物,2016-03-29,5.95601325,6.25135275,5.95601325,6.25135275,16560966.0,103816787.0,1.038194,4.9587,-5.57122,15.263736,2.776097,270.886546
sz.000927,中国铁物,2016-03-30,6.25135275,6.4187118,6.103683,6.36948855,12107186.0,77184245.0,0.75899,1.8898,-5.676503,15.552184,2.828559,276.005661
sz.000927,中国铁物,2016-03-31,6.3596439,6.5368476,6.31042065,6.44824575,10295853.0,67374368.0,0.645439,1.2365,-5.746691,15.744483,2.863533,279.418405
sz.000928,中钢国际,2016-03-29,5.2960276,5.31311156,5.10383305,5.15508493,9226685.0,112240155.0,2.234791,-2.504,16.495077,2.738182,0.795354,19.889388
sz.000928,中钢国际,2016-03-30,5.17216889,5.33446651,5.17216889,5.31738255,9619892.0,118302061.0,2.330029,3.1483,17.014391,2.824388,0.820395,20.515566
sz.000928,中钢国际,2016-03-31,5.35582146,5.40280235,5.31738255,5.35155047,11083466.0,139216076.0,2.684521,0.6426,17.123721,2.842537,0.825666,20.647392
sz.000929,*ST兰黄,2016-03-29,12.436175,12.436175,12.436175,12.436175,0.0,0.0,,0.0,20.623666,3.034358,3.256562,31.10178
sz.000929,*ST兰黄,2016-03-30,12.436175,12.436175,12.436175,12.436175,0.0,0.0,,0.0,20.623666,3.034358,3.256562,31.10178
sz.000929,*ST兰黄,2016-03-31,12.436175,12.436175,12.436175,12.436175,0.0,0.0,,0.0,20.623666,3.034358,3.256562,31.10178
sz.000930,中粮科技,2016-03-29,11.5053246,11.60381376,10.9233432,11.12032152,34412023.0,432282080.0,3.56819,-3.6462,-23.54179,5.117475,1.786713,41.119395
sz.000930,中粮科技,2016-03-30,11.21881068,11.53218528,11.21881068,11.51427816,32750492.0,416862640.0,3.395906,3.5427,-24.375799,5.298771,1.850011,42.576121
sz.000930,中粮科技,2016-03-31,11.639628,11.72021004,11.46951036,11.48741748,36062031.0,466482960.0,3.73928,-0.2333,-24.318934,5.28641,1.845695,42.476799
sz.000931,中关村,2016-03-29,8.77,8.84,8.55,8.63,11431194.0,99339253.0,1.711292,-1.9318,28.201237,7.359947,3.081028,-89.714984
sz.000931,中关村,2016-03-30,8.71,8.96,8.69,8.92,13582126.0,119848152.0,2.033295,3.3604,29.148903,7.607269,3.184562,-92.72974
sz.000931,中关村,2016-03-31,8.95,9.18,8.92,9.04,22683333.0,205167639.0,3.395779,1.3453,29.54104,7.709608,3.227403,-93.977225
sz.000932,华菱钢铁,2016-03-29,2.1631859,2.1631859,2.1631859,2.1631859,0.0,0.0,,0.0,-11.186158,1.304408,0.266806,6.134151
sz.000932,华菱钢铁,2016-03-30,2.1631859,2.1631859,2.1631859,2.1631859,0.0,0.0,,0.0,-11.186158,1.304408,0.266806,6.134151
sz.000932,华菱钢铁,2016-03-31,2.1631859,2.1631859,2.1631859,2.1631859,0.0,0.0,,0.0,-4.025686,1.637187,0.287037,13.561157
sz.000933,神火股份,2016-03-29,4.42154955,4.445364,4.2072195,4.3183536,63594526.0,348313872.0,3.364045,-2.8571,-11.95286,1.693468,0.510116,-19.897773
sz.000933,神火股份,2016-03-30,4.3342299,4.48505475,4.27866285,4.46917845,62734945.0,346114128.0,3.318575,3.4926,-12.370331,1.752615,0.527933,-20.592732
sz.000933,神火股份,2016-03-31,4.46917845,4.6835085,4.3818588,4.5564981,72783941.0,412747392.0,3.85015,1.9538,-12.612025,1.786858,0.538248,-20.995077
sz.000935,四川双马,2016-03-29,6.2367486,6.26475795,5.975328,6.0126738,10172355.0,66235881.0,3.184733,-3.7369,-37.913823,1.848966,3.202522,-19.365085
sz.000935,四川双马,2016-03-30,6.0686925,6.24608505,6.0686925,6.24608505,8512242.0,56203890.0,2.664989,3.882,-39.385633,1.920743,3.326844,-20.116835
sz.000935,四川双马,2016-03-31,6.33944955,6.37679535,6.1994028,6.22741215,9373611.0,62905641.0,2.934664,-0.299,-39.267888,1.915001,3.316898,-20.056695
sz.000936,华西股份,2016-03-29,8.5224503,8.58800761,8.12910644,8.22275974,14530534.0,129376080.0,1.943539,-3.9387,90.663102,2.821719,3.864566,241.467471
sz.000936,华西股份,2016-03-30,8.31641304,8.59737294,8.28831705,8.55991162,12572304.0,112924018.0,1.681615,4.1002,94.380496,2.937416,4.023022,251.368187
sz.000936,华西股份,2016-03-31,8.64419959,8.64419959,8.44752766,8.48498898,10323001.0,93978399.0,1.380758,-0.8753,93.554409,2.911705,3.987809,249.168028
sz.000937,冀中能源,2016-03-29,2.68257114,2.75563728,2.66691411,2.74519926,17966177.0,93297089.0,0.626177,2.1359,-1262.460016,1.027201,1.393147,-10.684525
sz.000937,冀中能源,2016-03-30,2.74519926,2.78173233,2.72432322,2.77651332,19897698.0,105042838.0,0.693496,1.1407,-1276.860701,1.038918,1.409038,-10.806402
sz.000937,冀中能源,2016-03-31,2.80260837,2.80260837,2.71910421,2.75041827,22482720.0,118449682.0,0.783592,-0.9399,-1264.86013,1.029154,1.395795,-10.704838
sz.000938,紫光股份,2016-03-29,22.27033185,22.41515082,21.23187387,21.546237,5857644.0,359847648.0,2.842488,-3.0052,75.718583,6.189591,0.974592,-131.330583
sz.000938,紫光股份,2016-03-30,22.18555977,22.68712791,21.78642456,22.67299923,6067100.0,380806240.0,2.944129,5.2295,79.678292,6.513276,1.025558,-138.198527
sz.000938,紫光股份,2016-03-31,22.75070697,22.81428603,22.3586361,22.5352446,6878255.0,439846976.0,3.337751,-0.6076,79.19419,6.473703,1.019327,-137.358872
sz.000948,南天信息,2016-03-29,14.14999245,14.17954857,13.300254,13.53670296,11088901.0,205036909.0,4.793138,-4.2842,243.391181,3.163619,2.113093,69.853062
sz.000948,南天信息,2016-03-30,13.67709453,14.14999245,13.67709453,14.14999245,11255183.0,212355250.0,4.865013,4.5306,254.418183,3.306949,2.208828,73.017802
sz.000948,南天信息,2016-03-31,14.17215954,14.58594522,14.17215954,14.25343887,13404127.0,260811191.0,5.793887,0.7311,256.278159,3.331125,2.224976,73.551614
sz.000949,新乡化纤,2016-03-29,3.93332566,3.97096514,3.87686644,3.90509605,18162691.0,75784647.0,1.7692,-0.7177,32.217805,1.713916,1.464758,-22.227993
sz.000949,新乡化纤,2016-03-30,3.93332566,4.03683423,3.93332566,4.02742436,18752774.0,79434369.0,1.826679,3.1325,33.227037,1.767605,1.510642,-22.924292
sz.000949,新乡化纤,2016-03-31,4.03683423,4.07447371,3.98978488,4.07447371,23347669.0,100101659.0,2.274261,1.1682,33.615204,1.788255,1.528289,-23.192099
sz.000950,重药控股,2016-03-29,6.98050845,6.98050845,6.98050845,6.98050845,0.0,0.0,,0.0,-12.148017,2.41039,1.341078,108.41855
sz.000950,重药控股,2016-03-30,6.98050845,6.98050845,6.98050845,6.98050845,0.0,0.0,,0.0,-12.148017,2.41039,1.341078,108.41855
sz.000950,重药控股,2016-03-31,6.98050845,6.98050845,6.98050845,6.98050845,0.0,0.0,,0.0,-12.148017,2.41039,1.341078,108.41855
sz.000951,中国重汽,2016-03-29,5.72716848,5.76484722,5.38463448,5.45656662,5321138.0,86289658.0,1.268673,-5.7396,25.58253,1.492665,0.326088,20.203657
sz.000951,中国重汽,2016-03-30,5.46684264,5.81965266,5.46684264,5.78197392,4797255.0,79736738.0,1.143768,5.9636,27.108167,1.581681,0.345535,21.40852
sz.000951,中国重汽,2016-03-31,5.823078,5.90528616,5.7716979,5.90528616,3491725.0,59644113.0,0.832502,2.1327,27.686304,1.615414,0.352904,21.8651
sz.000952,广济药业,2016-03-29,17.17377454,17.3439724,16.52540174,16.83337882,6347006.0,131719655.0,2.521857,-2.0283,249.883199,10.207081,9.329655,-138.477911
sz.000952,广济药业,2016-03-30,16.97115804,17.2629258,16.6955996,17.2629258,10516219.0,220593983.0,4.178412,2.5518,256.259612,10.467541,9.567726,-142.011531
sz.000952,广济药业,2016-03-31,17.11704192,17.16566988,16.6955996,16.97115804,13160853.0,274946928.0,5.229205,-1.6901,251.928463,10.290625,9.406018,-139.611336
sz.000953,河化股份,2016-03-29,11.16,11.16,11.16,11.16,0.0,0.0,,0.0,-36.673615,24.499777,4.939788,-38.497196
sz.000953,河化股份,2016-03-30,11.16,11.16,11.16,11.16,0.0,0.0,,0.0,-36.673615,24.499777,4.939788,-38.497196
sz.000953,河化股份,2016-03-31,11.16,11.16,11.16,11.16,0.0,0.0,,0.0,-36.673615,24.499777,4.939788,-38.497196
sz.000955,欣龙控股,2016-03-29,8.39,8.39,8.39,8.39,0.0,0.0,,0.0,-351.132037,6.940013,14.949607,-58.90016
sz.000955,欣龙控股,2016-03-30,8.39,8.39,8.39,8.39,0.0,0.0,,0.0,-351.132037,6.940013,14.949607,-58.90016
sz.000955,欣龙控股,2016-03-31,8.39,8.39,8.39,8.39,0.0,0.0,,0.0,-351.132037,6.940013,14.949607,-58.90016
sz.000957,中通客车,2016-03-29,9.4874412,9.57240336,9.2750358,9.40719916,5190473.0,103844869.0,2.176396,-1.2389,31.014276,3.070256,1.237608,7.463719
sz.000957,中通客车,2016-03-30,9.4874412,9.70456672,9.40719916,9.70456672,8830949.0,178803582.0,3.70287,3.1611,31.994657,3.167309,1.276729,7.699652
sz.000957,中通客车,2016-03-31,9.75648804,9.81312948,9.56768324,9.66680576,6106655.0,125358330.0,2.560557,-0.3891,31.870164,3.154985,1.271761,7.669693
sz.000958,电投产融,2016-03-29,6.5966208,6.6683232,6.3098112,6.341181,9992327.0,143884029.0,3.989278,-4.1328,32.078755,7.321727,10.93462,-687.082441
sz.000958,电投产融,2016-03-30,6.385995,6.5742138,6.363588,6.5562882,8792308.0,127432535.0,3.510189,3.3922,18.10535,3.467667,3.149156,224.209668
sz.000958,电投产融,2016-03-31,6.587658,6.8430978,6.587658,6.7400256,11191977.0,168607963.0,4.468219,2.8025,18.612746,3.564847,3.23741,230.493056
sz.000959,首钢股份,2016-03-29,4.3631138,4.3631138,4.23032338,4.30620362,26131530.0,118114472.0,2.166524,-0.4386,-46.597283,1.064868,1.243931,80.494899
sz.000959,首钢股份,2016-03-30,4.33465871,4.39156889,4.24929344,4.39156889,34303899.0,157121151.0,2.844082,1.9824,-47.521017,1.085978,1.268591,82.090612
sz.000959,首钢股份,2016-03-31,4.38208386,4.49590422,4.32517368,4.4579641,45048554.0,209386621.0,3.734904,1.5119,-48.239478,1.102397,1.28777,83.331723
sz.000960,锡业股份,2016-03-29,11.24572316,11.51122084,10.98970754,11.2836514,32144697.0,383403808.0,2.792234,-0.5017,-19.06285,2.738539,0.603126,518.183919
sz.000960,锡业股份,2016-03-30,11.40691818,11.60604144,11.32157964,11.5681132,31107754.0,376102528.0,2.702161,2.521,-19.543426,2.807577,0.618331,531.247379
sz.000960,锡业股份,2016-03-31,11.53018496,11.67241586,11.31209758,11.43536436,33781850.0,408105248.0,2.934445,-1.1475,-19.319157,2.775359,0.611235,525.151098
sz.000962,东方钽业,2016-03-29,9.2269398,9.2269398,9.2269398,9.2269398,0.0,0.0,,0.0,-8.059259,2.32516,3.078384,-258.13239
sz.000962,东方钽业,2016-03-30,9.2269398,9.2269398,9.2269398,9.2269398,0.0,0.0,,0.0,-8.059259,2.32516,3.078384,-258.13239
sz.000962,东方钽业,2016-03-31,9.2269398,9.2269398,9.2269398,9.2269398,0.0,0.0,,0.0,-8.059259,2.32516,3.078384,-258.13239
sz.000963,华东医药,2016-03-29,16.72213204,16.7681052,16.49226624,16.51888228,1225832.0,84115296.0,0.282411,-1.1869,30.251452,11.168818,1.527252,70.94761
sz.000963,华东医药,2016-03-30,16.58421256,16.96409604,16.57937328,16.95199784,3031902.0,211516662.0,0.698498,2.6219,31.044628,11.461658,1.567296,72.807816
sz.000963,华东医药,2016-03-31,16.93748,17.01974776,16.83343548,16.9253818,2890768.0,201858460.0,0.665984,-0.157,30.995885,11.443662,1.564835,72.693501
sz.000965,天保基建,2016-03-29,4.4701073,4.54822568,4.32255036,4.52218622,23500711.0,120242056.0,2.329254,0.3854,28.128553,1.192579,4.023986,5.982814
sz.000965,天保基建,2016-03-30,4.57426514,4.67842298,4.53954586,4.62634406,31479114.0,167172394.0,3.120027,2.3033,28.776427,1.220048,4.116669,6.120614
sz.000965,天保基建,2016-03-31,4.63502388,4.63502388,4.53954586,4.59162478,20152152.0,106610902.0,1.997364,-0.7505,28.560469,1.210892,4.085775,6.074681
sz.000966,长源电力,2016-03-29,5.0196564,5.0196564,4.9128552,4.95290565,4788884.0,53432332.0,0.864198,-0.9786,7.288004,2.017415,1.012141,104.168783
sz.000966,长源电力,2016-03-30,4.9751559,5.1175575,4.9751559,5.11310745,6647614.0,75587414.0,1.199623,3.2345,7.523735,2.082669,1.044879,107.538123
sz.000966,长源电力,2016-03-31,5.1709581,5.3222598,5.1709581,5.2599591,12701719.0,150135619.0,2.292141,2.8721,6.771812,2.142484,1.070033,110.626686
sz.000967,盈峰环境,2016-03-29,6.9975936,7.1497152,6.89110848,6.9975936,1484860.0,27421603.0,0.543032,-1.0221,118.374776,6.361016,3.21135,-49.951704
sz.000967,盈峰环境,2016-03-30,7.0546392,7.27901856,7.02041184,7.27521552,3761112.0,70946461.0,1.375486,3.9674,123.071166,6.613382,3.338757,-51.933483
sz.000967,盈峰环境,2016-03-31,7.30944288,7.36268544,7.2067608,7.29042768,2351500.0,45013560.0,0.859973,0.2091,123.328503,6.627211,3.345738,-52.042074
sz.000968,蓝焰控股,2016-03-29,8.17011936,8.17011936,8.17011936,8.17011936,0.0,0.0,,0.0,-2.857447,20.727813,2.704034,-2.254746
sz.000968,蓝焰控股,2016-03-30,8.17011936,8.17011936,8.17011936,8.17011936,0.0,0.0,,0.0,-2.857447,20.727813,2.704034,-2.254746
sz.000968,蓝焰控股,2016-03-31,8.17011936,8.17011936,8.17011936,8.17011936,0.0,0.0,,0.0,-2.857447,20.727813,2.704034,-2.254746
sz.000969,安泰科技,2016-03-29,10.08266688,10.13995476,9.7389396,9.76758354,9331007.0,96534226.0,1.083419,-3.3994,-90.60497,3.198091,2.615015,-72.000781
sz.000969,安泰科技,2016-03-30,9.91080324,10.19724264,9.91080324,10.18769466,9838157.0,103702984.0,1.142304,4.3011,-94.501958,3.335643,2.727489,-75.097588
sz.000969,安泰科技,2016-03-31,10.18769466,10.39775022,10.10176284,10.19724264,10148609.0,108963777.0,1.17835,0.0937,120.515537,3.271853,2.80837,88.422475
sz.000970,中科三环,2016-03-29,9.8676787,10.1262205,9.74702586,10.02280378,33614136.0,388195584.0,3.155664,0.7799,45.087046,3.180553,3.537137,144.702613
sz.000970,中科三环,2016-03-30,10.09174826,10.31581782,10.03142184,10.31581782,48363844.0,572035040.0,4.540353,2.9235,46.405154,3.273536,3.640544,148.932956
sz.000970,中科三环,2016-03-31,10.36752618,10.41061648,10.03142184,10.14345662,36130915.0,426986864.0,3.391937,-1.6708,45.629797,3.21884,3.579716,146.444519
sz.000972,*ST中基,2016-03-29,7.7,7.77,7.27,7.31,26746378.0,197737424.0,3.467775,-5.0649,-116.709757,5.184728,8.256128,27.022889
sz.000972,*ST中基,2016-03-30,7.4,7.63,7.39,7.62,20593301.0,154913485.0,2.670004,4.2408,-121.659145,5.4046,8.606252,28.168867
sz.000972,*ST中基,2016-03-31,7.7,7.92,7.58,7.78,25829426.0,199407780.0,3.348888,2.0997,-124.213668,5.518083,8.78696,28.760339
sz.000973,佛塑科技,2016-03-29,8.09877848,8.20094197,7.8944515,8.04305294,46151041.0,399921488.0,5.975014,0.2315,101.30228,4.079969,2.902012,90.456462
sz.000973,佛塑科技,2016-03-30,8.12664125,8.72104701,8.0802033,8.62817111,88358827.0,796202528.0,11.439509,7.2748,108.671845,4.376779,3.113129,97.037013
sz.000973,佛塑科技,2016-03-31,8.61888352,8.61888352,8.37740618,8.4517069,70715277.0,646019664.0,9.15526,-2.0452,106.449278,4.287265,3.049459,95.052403
sz.000975,山金国际,2016-03-29,5.25616421,5.41398065,5.1290343,5.34384001,13984597.0,169046570.0,1.361596,3.3051,53.183493,3.499123,18.039754,-2493.062077
sz.000975,山金国际,2016-03-30,5.50165645,5.64193773,5.41398065,5.55426193,16801789.0,211940478.0,1.635889,3.9377,55.277675,3.636906,18.750097,-2591.230231
sz.000975,山金国际,2016-03-31,5.55426193,5.59809983,5.4358996,5.50604024,11374913.0,142548489.0,1.107507,-0.8682,54.797758,3.605331,18.58731,-2568.733362
sz.000977,浪潮信息,2016-03-29,19.517648,20.473749,19.29510725,20.3583575,52304976.0,1265333600.0,5.449992,4.0,54.242009,9.400256,2.663887,135.838528
sz.000977,浪潮信息,2016-03-30,19.946245,21.10016,19.77315775,21.00949525,57696136.0,1432330912.0,6.011732,3.1984,56.704451,8.994235,2.516222,252.20081
sz.000977,浪潮信息,2016-03-31,21.24027825,21.56996825,20.51496025,21.09191775,45322949.0,1156168960.0,4.72249,0.3923,56.926909,9.029521,2.526093,253.190221
sz.000978,桂林旅游,2016-03-29,11.22206346,11.25106104,10.66144358,10.86442664,8591858.0,97246368.0,2.386399,-3.8494,49.218698,2.733299,3.898038,-22.248152
sz.000978,桂林旅游,2016-03-30,10.95141938,11.34771964,10.95141938,11.3090562,9002496.0,104175747.0,2.500455,4.0925,51.232986,2.84516,4.057566,-23.158664
sz.000978,桂林旅游,2016-03-31,11.32838792,11.48304168,11.24139518,11.3090562,8348871.0,98001422.0,2.318909,0.0,140.96535,2.848775,8.426404,-55.958196
sz.000980,众泰汽车,2016-03-29,6.18171,6.18171,6.18171,6.18171,0.0,0.0,,0.0,54.276473,1.57545,2.013984,16.226534
sz.000980,众泰汽车,2016-03-30,6.18171,6.18171,6.18171,6.18171,0.0,0.0,,0.0,54.276473,1.57545,2.013984,16.226534
sz.000980,众泰汽车,2016-03-31,6.18171,6.18171,6.18171,6.18171,0.0,0.0,,0.0,54.276473,1.57545,2.013984,16.226534
sz.000981,山子高科,2016-03-29,5.21324,5.329706,5.141142,5.290884,13401024.0,126555961.0,0.520566,1.3815,46.639979,4.764925,2.906182,152.176331
sz.000981,山子高科,2016-03-30,5.290884,5.43508,5.229878,5.418442,15608878.0,150400304.0,0.606331,2.4109,47.764423,4.879803,2.976247,155.845152
sz.000981,山子高科,2016-03-31,5.418442,5.46281,5.313068,5.335252,15685845.0,151835511.0,0.609321,-1.5353,47.03109,4.804883,2.930552,153.452442
sz.000983,山西焦煤,2016-03-29,3.8796075,3.88995312,3.64165824,3.68304072,73500780.0,535732144.0,2.332495,-5.3191,96.382803,1.351574,1.107021,-8.038537
sz.000983,山西焦煤,2016-03-30,3.70890477,3.78132411,3.66752229,3.7761513,72111117.0,519939312.0,2.288395,2.5281,98.819447,1.385743,1.135008,-8.241758
sz.000983,山西焦煤,2016-03-31,3.7761513,4.00892775,3.71925039,3.89512593,86920633.0,645451712.0,2.758365,3.1507,101.932936,1.429403,1.170768,-8.50143
sz.000985,大庆华科,2016-03-29,22.3072124,22.3072124,21.0541057,21.2741168,1878618.0,41988701.0,1.449109,-4.1379,-112.616492,6.033155,3.237955,-359.65661
sz.000985,大庆华科,2016-03-30,21.331511,22.1445955,21.331511,21.8863216,1578992.0,36048443.0,1.217987,2.8777,-115.857255,6.206771,3.331134,-370.006441
sz.000985,大庆华科,2016-03-31,21.7810989,22.2211211,21.7810989,21.905453,1886859.0,43500384.0,1.455466,0.0874,-115.958528,6.212196,3.334046,-370.329873
sz.000987,越秀资本,2016-03-29,7.6305548,7.72446,7.3670144,7.542708,14978189.0,374056624.0,4.175003,-0.9547,152.283078,17.202729,12.576413,-58.1091
sz.000987,越秀资本,2016-03-30,7.6578176,7.679022,7.5639124,7.6275256,20064118.0,505165712.0,5.592649,1.1245,162.96999,16.790508,13.311994,-153.111232
sz.000987,越秀资本,2016-03-31,7.6578176,7.785044,7.4609196,7.6881096,26977353.0,679506304.0,7.519636,0.7943,164.26443,16.923872,13.417729,-154.327365
sz.000988,华工科技,2016-03-29,18.33187584,18.33187584,18.33187584,18.33187584,0.0,0.0,,0.0,129.288367,5.788503,6.728932,80.611537
sz.000988,华工科技,2016-03-30,18.33187584,18.33187584,18.33187584,18.33187584,0.0,0.0,,0.0,129.288367,5.788503,6.728932,80.611537
sz.000988,华工科技,2016-03-31,18.8367792,19.82716656,18.448392,18.52606944,89755004.0,1755563616.0,10.072195,1.0593,112.726008,5.767605,6.490613,-320.152174
sz.000989,九芝堂,2016-03-29,15.45282362,15.6243855,15.04230055,15.10357265,1293830.0,32216399.0,0.604296,-1.9101,81.900505,10.91962,12.147625,52.73959
sz.000989,九芝堂,2016-03-30,15.25062569,15.63051271,15.12195428,15.63051271,1473829.0,37164481.0,0.688367,3.4888,84.757885,11.300588,12.571437,54.579592
sz.000989,九芝堂,2016-03-31,15.63051271,15.73467528,15.4405692,15.51409572,1105473.0,28087639.0,0.516322,-0.7448,84.126604,11.216421,12.477804,54.17308
sz.000990,诚志股份,2016-03-29,14.28977289,14.28977289,14.28977289,14.28977289,0.0,0.0,,0.0,93.940294,2.55026,1.668482,-16.506047
sz.000990,诚志股份,2016-03-30,14.28977289,14.28977289,14.28977289,14.28977289,0.0,0.0,,0.0,93.940294,2.55026,1.668482,-16.506047
sz.000990,诚志股份,2016-03-31,14.28977289,14.28977289,14.28977289,14.28977289,0.0,0.0,,0.0,93.940294,2.55026,1.668482,-16.506047
sz.000993,闽东电力,2016-03-29,8.49623572,8.57454204,8.1242807,8.28089334,7426218.0,63009165.0,1.990943,-2.6467,749.55164,2.04812,2.548759,-16.401454
sz.000993,闽东电力,2016-03-30,8.35919966,8.55496546,8.32983479,8.54517717,5803090.0,50081588.0,1.555788,3.1915,773.473501,2.113486,2.630103,-16.924905
sz.000993,闽东电力,2016-03-31,8.53538888,8.69200152,8.5158123,8.57454204,5418168.0,47566438.0,1.452592,0.3437,776.131485,2.120749,2.639141,-16.983066
sz.000995,皇台酒业,2016-03-29,13.48,13.85,13.16,13.63,6669208.0,90665446.0,3.759324,1.7164,-77.635942,20.808359,36.690818,272.819528
sz.000995,皇台酒业,2016-03-30,13.64,14.29,13.64,14.0,9046517.0,126847820.0,5.099374,2.7146,-79.743447,21.373222,37.686827,280.225488
sz.000995,皇台酒业,2016-03-31,14.0,14.7,13.9,14.7,6867752.0,99082902.0,3.87124,5.0,-83.73062,22.441883,39.571168,294.236762
sz.000997,新大陆,2016-03-29,14.86169811,14.86169811,14.86169811,14.86169811,0.0,0.0,,0.0,47.416602,7.292855,5.230534,105.679722
sz.000997,新大陆,2016-03-30,14.86169811,14.86169811,14.86169811,14.86169811,0.0,0.0,,0.0,47.416602,7.292855,5.230534,105.679722
sz.000997,新大陆,2016-03-31,14.86169811,14.86169811,14.86169811,14.86169811,0.0,0.0,,0.0,47.416602,7.292855,5.230534,105.679722
sz.000998,隆平高科,2016-03-29,17.2899707,17.33773305,16.84100461,16.92697684,8359957.0,149259812.0,1.006432,-2.0995,58.901231,11.149807,11.832068,103.444786
sz.000998,隆平高科,2016-03-30,17.06071142,17.55743986,17.04160648,17.47146763,9888214.0,178906605.0,1.190415,3.2167,60.795909,11.508464,12.21267,106.772299
sz.000998,隆平高科,2016-03-31,17.5765448,17.61475468,17.24220835,17.31862811,7139301.0,129890553.0,0.859481,-0.8748,60.26407,11.407788,12.105835,105.838261
sz.000999,华润三九,2016-03-29,11.2362276,11.26579662,10.90604021,10.97996276,3314035.0,74328502.0,0.338948,-2.4518,17.458717,2.880456,2.76068,-127.476618
sz.000999,华润三九,2016-03-30,11.13273603,11.39885721,11.04402897,11.37421636,4971707.0,113830376.0,0.508488,3.5907,18.0856,2.983883,2.859806,-132.053875
sz.000999,华润三九,2016-03-31,11.37914453,11.6304812,11.35450368,11.42349806,4718048.0,110057935.0,0.482545,0.4333,18.163961,2.996812,2.872197,-132.626033
sz.001696,宗申动力,2016-03-29,7.55689728,7.6559292,7.3131264,7.38168696,34486918.0,336805216.0,3.865662,-3.5821,29.822458,3.122249,2.381045,18.945942
sz.001696,宗申动力,2016-03-30,7.4654832,7.83875736,7.45024752,7.83875736,39785883.0,400420512.0,4.459627,6.192,31.66905,3.315577,2.528478,20.119065
sz.001696,宗申动力,2016-03-31,7.89208224,7.99111416,7.7321076,7.808286,41590783.0,428404048.0,4.66194,-0.3887,31.545944,3.302688,2.518649,20.040857
sz.001872,招商港口,2016-03-29,16.84,17.0,16.38,16.58,4140601.0,68696378.0,0.8907,-2.1252,20.256092,2.407915,5.708712,49.837069
sz.001872,招商港口,2016-03-30,16.69,17.12,16.69,17.06,4156924.0,70316802.0,0.8942,2.8951,20.842517,2.477626,5.873982,51.279879
sz.001872,招商港口,2016-03-31,17.2,17.47,16.98,17.18,6015604.0,103476276.0,1.294,0.7034,20.989123,2.495054,5.9153,51.640581
sz.001896,豫能控股,2016-03-29,10.14,10.19,9.68,9.73,18727100.0,185309906.0,2.829202,-4.6078,16.510047,2.212884,2.427509,-18.593924
sz.001896,豫能控股,2016-03-30,9.85,10.11,9.85,10.09,16173423.0,161319718.0,2.443405,3.6999,17.120902,2.294758,2.517324,-19.28188
sz.001896,豫能控股,2016-03-31,10.19,10.46,10.12,10.31,28472738.0,293459696.0,4.301528,2.1804,17.494202,2.344793,2.572211,-19.702298
sz.001914,招商积余,2016-03-29,9.05,9.15,8.8,9.05,15204951.0,136113856.0,2.2804,-0.44,15.04416,1.525131,1.093724,9.654231
sz.001914,招商积余,2016-03-30,9.15,9.32,9.05,9.29,18507955.0,169871088.0,2.7757,2.6519,15.443121,1.565576,1.122729,9.910255
sz.001914,招商积余,2016-03-31,9.29,9.35,9.16,9.18,14947247.0,138178464.0,2.2417,-1.1841,15.260264,1.547039,1.109435,9.792911
sz.001979,招商蛇口,2016-03-29,10.97316867,11.01668421,10.63954953,10.6613073,37321014.0,556640384.0,1.964837,-2.1956,23.955096,2.491836,2.360513,8.005487
sz.001979,招商蛇口,2016-03-30,10.79910651,10.99492644,10.79185392,10.98767385,42011202.0,631439872.0,2.211761,3.0612,24.688415,2.568117,2.432774,8.250553
sz.001979,招商蛇口,2016-03-31,11.01668421,11.11822047,10.878885,10.91514795,39457914.0,598377344.0,2.077338,-0.6601,24.525455,2.551166,2.416716,8.196094
sz.002001,新和成,2016-03-29,6.35318335,6.44507478,6.10919576,6.18841251,25967347.0,510254480.0,2.42006,-3.7931,52.981749,3.070089,5.538903,-57.844921
sz.002001,新和成,2016-03-30,6.28980995,6.4957735,6.1472198,6.4957735,28942978.0,577334192.0,2.697377,4.9667,55.613203,3.222572,5.814005,-60.717915
sz.002001,新和成,2016-03-31,6.60033961,6.74609843,6.4007134,6.7175804,35722513.0,740687120.0,3.329205,3.4146,57.512191,3.332611,6.012531,-62.79121
sz.002003,伟星股份,2016-03-29,4.14552392,4.15993812,4.01291328,4.04462452,2784208.0,39252840.0,0.783605,-2.4339,23.319469,3.130508,3.081292,-46.232735
sz.002003,伟星股份,2016-03-30,4.05903872,4.17723516,4.05903872,4.17146948,2637034.0,37724889.0,0.742183,3.1361,24.050799,3.228685,3.177926,-47.682657
sz.002003,伟星股份,2016-03-31,4.180118,4.21471208,4.1368754,4.18588368,2914709.0,42231789.0,0.820334,0.3455,24.133905,3.239841,3.188907,-47.84742
sz.002004,华邦健康,2016-03-29,6.8486217,6.8969,6.6968899,6.7520651,14982524.0,147494787.0,1.186592,-1.608,30.745046,2.673525,3.239943,-80.500911
sz.002004,华邦健康,2016-03-30,6.8003434,7.0210442,6.8003434,6.9934566,21282637.0,212973634.0,1.68555,3.5751,31.844205,2.769105,3.355773,-83.37888
sz.002004,华邦健康,2016-03-31,6.9934566,7.0762194,6.9382814,7.0210442,26369141.0,268034997.0,2.088393,0.3945,31.969823,2.780029,3.369011,-83.707791
sz.002005,ST德豪,2016-03-29,5.95,6.0,5.79,5.85,22996839.0,134984182.0,1.971608,-2.3372,409.707504,1.466962,1.810807,35.884143
sz.002005,ST德豪,2016-03-30,5.9,6.07,5.87,6.06,24492907.0,146387503.0,2.099872,3.5897,424.414953,1.519622,1.87581,37.172291
sz.002005,ST德豪,2016-03-31,6.18,6.18,6.02,6.07,26507986.0,161614890.0,2.272633,0.165,425.115308,1.52213,1.878906,37.233632
sz.002006,精工科技,2016-03-29,14.1845886,14.1845886,14.1845886,14.1845886,0.0,0.0,,0.0,421.783752,7.723147,10.272532,1084.78547
sz.002006,精工科技,2016-03-30,14.1845886,14.1845886,14.1845886,14.1845886,0.0,0.0,,0.0,421.783752,7.723147,10.272532,1084.78547
sz.002006,精工科技,2016-03-31,14.1845886,14.1845886,14.1845886,14.1845886,0.0,0.0,,0.0,421.783752,7.723147,10.272532,1084.78547
sz.002007,华兰生物,2016-03-29,12.0427335,12.3022872,11.8976067,12.2743782,9630481.0,419310576.0,1.921608,1.9235,43.319008,7.253737,17.370657,-266.301614
sz.002007,华兰生物,2016-03-30,12.3581052,12.642777,12.168324,12.6120771,13521475.0,601594304.0,2.697994,2.7512,44.590596,7.181393,17.848769,-83.455185
sz.002007,华兰生物,2016-03-31,12.614868,12.6371952,12.3413598,12.3888051,8192684.0,365112016.0,1.634719,-1.7703,43.801207,7.05426,17.532792,-81.977775
sz.002008,大族激光,2016-03-29,19.1556492,19.275257,18.631215,18.8980324,12707156.0,262053569.0,1.286468,-1.4868,29.295639,4.815721,3.921063,-387.031742
sz.002008,大族激光,2016-03-30,19.1648498,20.6001434,19.091245,20.3701284,30588385.0,665889008.0,3.096758,7.7897,31.577675,5.19085,4.226502,-417.180271
sz.002008,大族激光,2016-03-31,20.4161314,20.6921494,20.24132,20.471335,23175394.0,515354080.0,2.346269,0.4968,31.734565,5.21664,4.247501,-419.252982
sz.002009,天奇股份,2016-03-29,14.74437097,14.81231738,14.18138643,14.27845273,6129853.0,91318656.0,2.335963,-3.16,54.61197,3.671196,2.456346,46.542556
sz.002009,天奇股份,2016-03-30,14.4628787,15.02586324,14.4628787,14.91909031,5869424.0,88973414.0,2.236719,4.4867,57.06227,3.835913,2.566556,48.630801
sz.002009,天奇股份,2016-03-31,15.10351628,15.21028921,14.87055716,14.90938368,7213211.0,111731701.0,2.748809,-0.0651,57.025144,3.833417,2.564887,48.599161
sz.002010,传化智联,2016-03-29,13.96799612,14.08064125,13.28346033,13.6907158,5088685.0,80359735.0,1.232685,-2.4691,93.481207,4.734068,9.638613,8.818198
sz.002010,传化智联,2016-03-30,13.82935596,14.10663628,13.70804582,14.08930626,5687115.0,91266136.0,1.377649,2.9114,96.202812,4.871896,9.91923,9.074931
sz.002010,传化智联,2016-03-31,14.20195139,14.24527644,13.95933111,14.1239663,8322241.0,135188765.0,2.015983,0.246,96.439473,4.883881,9.943632,9.097255
sz.002011,盾安环境,2016-03-29,12.2010465,12.23080515,11.63563215,12.0423337,14678980.0,177228854.0,1.747905,-1.7799,135.575974,3.006298,1.900533,44.075789
sz.002011,盾安环境,2016-03-30,12.05225325,12.38951795,12.05225325,12.38951795,14494161.0,178794890.0,1.725898,2.883,139.484672,3.092971,1.955326,45.346507
sz.002011,盾安环境,2016-03-31,12.56806985,12.6771849,12.2010465,12.2208856,14892218.0,185602516.0,1.773296,-1.3611,137.586161,3.050873,1.928712,44.729301
sz.002012,凯恩股份,2016-03-29,8.53791653,8.53791653,8.53791653,8.53791653,0.0,0.0,,0.0,211.034751,3.451563,4.563602,188.710254
sz.002012,凯恩股份,2016-03-30,8.53791653,8.53791653,8.53791653,8.53791653,0.0,0.0,,0.0,211.034751,3.451563,4.563602,188.710254
sz.002012,凯恩股份,2016-03-31,8.53791653,8.53791653,8.53791653,8.53791653,0.0,0.0,,0.0,211.034751,3.451563,4.563602,188.710254
sz.002014,永新股份,2016-03-29,5.500809,5.5942868,5.39295,5.4576654,2602637.0,39791096.0,0.805191,-1.043,27.697101,3.078381,2.772074,46.470247
sz.002014,永新股份,2016-03-30,5.500809,5.6266445,5.4900231,5.6266445,2758007.0,42805904.0,0.852919,3.0962,28.554653,3.173693,2.857902,47.909049
sz.002014,永新股份,2016-03-31,5.6302398,5.680574,5.572715,5.6014774,3114354.0,48751961.0,0.96312,-0.4473,29.298352,3.256351,2.932336,49.156829
sz.002015,协鑫能科,2016-03-29,9.198623,9.22678205,8.7105328,8.98273695,13954554.0,132474209.0,6.333073,-1.9467,35.219199,11.640298,9.753089,39.121491
sz.002015,协鑫能科,2016-03-30,9.02028235,9.37696365,9.02028235,9.26432745,8951196.0,88045660.0,4.062371,3.1348,36.323249,12.005197,10.058829,40.34787
sz.002015,协鑫能科,2016-03-31,9.26432745,9.63978145,9.09537315,9.6303951,14445832.0,144868819.0,6.556032,3.9514,37.758514,12.479567,10.45629,41.942163
sz.002016,世荣兆业,2016-03-29,7.82280525,7.83082864,7.42163575,7.58210355,10633329.0,100419761.0,1.645783,-3.1762,119.693705,4.569774,5.667792,-26.999216
sz.002016,世荣兆业,2016-03-30,7.6222205,7.91908593,7.58210355,7.82280525,11836734.0,114009312.0,1.832041,3.1746,123.493505,4.650732,5.847722,-40.189134
sz.002016,世荣兆业,2016-03-31,7.79873508,7.89501576,7.66233745,7.66233745,9478917.0,91981648.0,1.467107,-2.0513,120.960305,4.555333,5.727769,-39.364741
sz.002017,东信和平,2016-03-29,9.0738875,9.0738875,8.719725,8.78689375,6684996.0,97017247.0,1.954814,-2.7045,78.334705,6.296049,3.464652,214.499175
sz.002017,东信和平,2016-03-30,8.8907,9.21433125,8.8907,9.21433125,7295483.0,108159612.0,2.133331,4.8645,82.145289,6.60232,3.633189,224.933464
sz.002017,东信和平,2016-03-31,9.29981875,9.3425625,9.1471625,9.208225,9058823.0,137053834.0,2.648964,-0.0663,82.090852,6.597944,3.630781,224.784403
sz.002019,亿帆医药,2016-03-29,18.48067104,18.9049152,18.1606272,18.16434864,8418310.0,418679152.0,4.429501,-1.5927,59.071171,7.69878,8.838216,266.933209
sz.002019,亿帆医药,2016-03-30,18.3094848,19.0351656,18.3094848,18.92724384,9780722.0,493978000.0,5.146368,4.2,61.552135,8.022126,9.209417,278.144294
sz.002019,亿帆医药,2016-03-31,19.351488,20.653992,19.00167264,20.01390432,18181538.0,961563552.0,9.566664,5.7412,65.67418,8.285399,9.725278,-1372.901152
sz.002020,京新药业,2016-03-29,8.80383879,9.00015661,8.66844719,8.92907602,5275325.0,138062584.0,2.277328,1.657,50.773959,3.802967,5.955182,140.162622
sz.002020,京新药业,2016-03-30,9.09493073,9.31494208,8.97307829,9.3081725,7952816.0,214708960.0,3.433185,4.2456,52.929639,3.964428,6.208018,146.113423
sz.002020,京新药业,2016-03-31,9.35894435,9.37248351,9.14231779,9.24724628,5893624.0,161385355.0,2.544244,-0.6545,52.58319,3.938479,6.167384,145.157044
sz.002021,中捷资源,2016-03-29,6.49631619,6.61529634,6.40113207,6.47252016,9070379.0,74151528.0,1.597418,-0.2445,-13.112615,5.515229,7.615889,-6.889878
sz.002021,中捷资源,2016-03-30,6.53597624,6.70254845,6.5042482,6.67875242,8568268.0,71548111.0,1.508989,3.1863,-13.530419,5.690959,7.858552,-7.109408
sz.002021,中捷资源,2016-03-31,6.72634448,6.86912066,6.62322835,6.6628884,13048870.0,110813821.0,2.298085,-0.2375,-13.49828,5.677442,7.839885,-7.092521
sz.002022,科华生物,2016-03-29,17.70837831,17.8625219,17.05553487,17.25501481,9092545.0,174258156.0,2.391979,-3.1552,46.310415,5.902641,8.439416,22.967583
sz.002022,科华生物,2016-03-30,17.57236926,17.92599279,17.41822567,17.92599279,8740002.0,170101641.0,2.299236,3.8886,48.11124,6.13217,8.767591,23.860699
sz.002022,科华生物,2016-03-31,18.00759822,18.27054905,17.94412733,18.03480003,9224373.0,184169789.0,2.426659,0.607,48.403266,6.169391,8.820809,24.005529
sz.002023,海特高新,2016-03-29,15.4298187,15.67551645,14.78117664,14.86962783,16255238.0,249155485.0,2.819837,-5.2005,288.759706,3.482677,26.72003,32.555002
sz.002023,海特高新,2016-03-30,15.1349814,15.4298187,15.01704648,15.4298187,14109097.0,218681624.0,2.44754,3.7673,299.638294,3.613882,27.726667,33.781463
sz.002023,海特高新,2016-03-31,15.61654899,15.88190256,15.45930243,15.59689317,11833469.0,188823453.0,2.052781,1.0828,302.882785,3.653013,28.026892,34.14725
sz.002024,ST易购,2016-03-29,10.96984422,11.02773258,10.64181018,10.74793884,66119745.0,739977248.0,1.3177,-2.109,94.311525,2.788046,0.606204,96.6602
sz.002024,ST易购,2016-03-30,10.88301168,11.15315736,10.86371556,11.13386124,70656054.0,806814416.0,1.408104,3.5907,97.697936,2.888155,0.627971,100.130943
sz.002024,ST易购,2016-03-31,11.17245348,11.2399899,11.01808452,11.0470287,55215044.0,635726752.0,1.10038,-0.7799,96.888775,2.773253,0.623662,18.700163
sz.002025,航天电器,2016-03-29,20.32879806,20.78868315,20.06600658,20.58220413,11530996.0,252278416.0,2.688869,0.6425,40.345891,4.957297,5.021778,64.992583
sz.002025,航天电器,2016-03-30,20.78868315,21.64275546,20.75114151,21.61459923,18098480.0,409087280.0,4.220315,5.016,42.369624,5.205953,5.273668,68.252585
sz.002025,航天电器,2016-03-31,22.10264055,22.19649465,21.26733906,21.37996398,13442640.0,310058304.0,3.134638,-1.0855,41.909685,5.14944,5.21642,67.511676
sz.002026,山东威达,2016-03-29,10.65697776,10.74668296,10.1366876,10.51344944,7654591.0,89131922.0,2.161494,-1.9247,51.860081,2.583917,5.010941,439.663404
sz.002026,山东威达,2016-03-30,10.64800724,10.97094596,10.53139048,10.92609336,8079582.0,97095480.0,2.281503,3.9249,53.895544,2.685333,5.207616,456.919817
sz.002026,山东威达,2016-03-31,11.06962168,11.67961704,10.92609336,11.41050144,11532397.0,144903437.0,3.256504,4.4335,56.285002,2.804387,5.438495,477.177346
sz.002027,分众传媒,2016-03-29,6.4489516,6.56542096,6.2332676,6.2764044,8681381.0,256847752.0,4.237019,-2.6756,35.341529,243.094769,13.883441,-4863.692857
sz.002027,分众传媒,2016-03-30,6.34758012,6.53091152,6.33679592,6.51797048,8514311.0,253814582.0,4.15548,3.8488,36.701753,252.450993,14.417786,-5050.886534
sz.002027,分众传媒,2016-03-31,6.75737972,6.8156144,6.6214988,6.65600824,14077295.0,437053376.0,6.87054,2.1178,37.479024,257.797408,14.723126,-5157.85435
sz.002028,思源电气,2016-03-29,9.76387256,9.81807328,9.485126,9.53158376,8602025.0,107128439.0,1.805821,-2.6108,20.197653,1.967425,1.930706,16.366013
sz.002028,思源电气,2016-03-30,9.6399852,9.93421768,9.63224224,9.91873176,9146877.0,115704878.0,1.920201,4.0617,21.018029,2.047337,2.009126,17.030758
sz.002028,思源电气,2016-03-31,9.95744656,10.17424944,9.95744656,9.9884184,13538482.0,175909725.0,2.84213,0.7026,21.165697,2.061721,2.023241,17.150412
sz.002029,七匹狼,2016-03-29,9.5455915,9.57223036,9.03945316,9.11049012,15429105.0,160682164.0,2.04501,-4.2017,28.457146,1.575158,3.147433,19.216677
sz.002029,七匹狼,2016-03-30,9.2348048,9.43015644,9.15488822,9.38575834,11465545.0,120014719.0,1.519671,3.0214,29.316962,1.622751,3.242531,19.797298
sz.002029,七匹狼,2016-03-31,9.40351758,9.4567953,9.2348048,9.35023986,11173359.0,117793066.0,1.480944,-0.3784,29.206018,1.61661,3.23026,19.722379
sz.002030,达安基因,2016-03-29,11.0629818,11.15579205,10.48755825,10.62491742,16181912.0,468501312.0,2.563476,-4.1206,185.919011,17.939652,12.796924,49.190814
sz.002030,达安基因,2016-03-30,10.7288649,11.08896867,10.69916562,11.0629818,12889132.0,377884224.0,2.041847,4.123,193.584435,18.679302,13.32454,51.218947
sz.002030,达安基因,2016-03-31,11.13723,11.26716435,10.9144854,10.99244601,16880513.0,503578448.0,2.674146,-0.6376,192.750427,14.704046,13.23545,19.769097
sz.002031,巨轮智能,2016-03-29,4.82586083,4.82586083,4.48801745,4.52113935,69235442.0,963778624.0,11.099713,-6.3786,76.982032,3.370309,10.139675,22.816267
sz.002031,巨轮智能,2016-03-30,4.637066,4.97490938,4.57413439,4.97490938,66613732.0,975300320.0,10.679405,10.0366,84.708434,3.708574,11.157356,25.106251
sz.002031,巨轮智能,2016-03-31,5.47173788,5.47173788,5.47173788,5.47173788,13860678.0,228978400.0,2.222121,9.9867,93.167998,4.078937,12.271606,27.613533
sz.002032,苏泊尔,2016-03-29,16.53187113,16.72610258,16.3709365,16.55406901,1593304.0,47572324.0,0.340842,-0.5667,21.235732,4.270126,1.73045,40.086845
sz.002032,苏泊尔,2016-03-30,16.54851954,17.59736937,16.54851954,17.33099481,3345236.0,103208585.0,0.715619,4.6933,22.23238,4.470534,1.811665,41.968226
sz.002032,苏泊尔,2016-03-31,17.203357,17.3698411,16.84819092,17.203357,2428716.0,74614086.0,0.519555,-0.7365,22.068645,4.43761,1.798322,41.659142
sz.002033,丽江股份,2016-03-29,8.1070514,8.1693654,7.8577954,7.976192,11718103.0,150687689.0,2.772301,-2.439,27.428964,2.63372,6.883316,45.358274
sz.002033,丽江股份,2016-03-30,8.0572002,8.2129852,8.038506,8.2129852,13024234.0,169662053.0,3.081309,2.9688,28.243261,2.711909,7.087664,46.704848
sz.002033,丽江股份,2016-03-31,8.225448,8.381233,8.1506712,8.1818282,15103047.0,200178363.0,3.57312,-0.3794,28.136117,2.701621,7.060776,46.527667
sz.002034,旺能环境,2016-03-29,17.42195728,17.42195728,16.6706722,17.063501,1751019.0,60684297.0,2.879151,-2.1678,77.914178,6.456383,3.245236,381.307865
sz.002034,旺能环境,2016-03-30,17.1126046,17.800055,17.0389492,17.79023428,1935890.0,68396566.0,3.183129,4.259,81.232537,6.73136,3.38345,397.54774
sz.002034,旺能环境,2016-03-31,17.6527442,17.91790364,17.48579196,17.7509514,2001697.0,72067727.0,3.291334,-0.2208,81.053167,6.716496,3.375979,396.669909
sz.002035,华帝股份,2016-03-29,5.60894199,5.72235214,5.48257068,5.54413619,5068273.0,87821035.0,1.515431,-1.9484,29.666517,4.230502,1.650666,-79.227112
sz.002035,华帝股份,2016-03-30,5.56033764,5.71911185,5.42424546,5.71587156,4207114.0,72676586.0,1.257941,3.0976,30.585468,4.361546,1.701797,-81.681254
sz.002035,华帝股份,2016-03-31,5.71587156,6.01397824,5.67698808,5.75799533,4827898.0,87567360.0,1.443558,0.737,30.810871,4.393689,1.714338,-82.283213
sz.002036,联创电子,2016-03-29,14.43353832,14.87728788,14.22334116,14.7138012,16022716.0,401199648.0,6.261967,1.0425,88.065638,20.884165,10.291486,51.315581
sz.002036,联创电子,2016-03-30,14.9473536,15.16338957,14.63205786,15.15755076,23153588.0,590469280.0,9.04884,3.0159,90.721586,21.514005,10.601864,52.863194
sz.002036,联创电子,2016-03-31,15.44365245,15.46116888,14.3634726,14.7721893,19654034.0,502970304.0,7.681151,-2.5424,88.415105,20.967038,10.332325,51.519214
sz.002037,保利联合,2016-03-29,15.99902292,16.20966236,15.38625364,15.558595,8414659.0,138347609.0,2.570396,-4.0165,64.963677,2.660624,1.681047,-18.673468
sz.002037,保利联合,2016-03-30,15.74051088,16.276684,15.63519116,16.20008784,6612043.0,110057048.0,2.019758,4.1231,67.64218,2.770324,1.750358,-19.443389
sz.002037,保利联合,2016-03-31,16.276684,16.65009028,16.12349168,16.34370564,7596022.0,130327122.0,2.32033,0.8865,68.241844,2.794884,1.765875,-19.61576
sz.002038,双鹭药业,2016-03-29,14.4182155,14.448191,13.7767398,13.908632,9016657.0,210719822.0,1.590248,-3.5744,26.011171,4.56643,13.787772,52.9629
sz.002038,双鹭药业,2016-03-30,13.968583,14.3642596,13.968583,14.3342841,5176612.0,122229557.0,0.912988,3.0603,26.807202,4.706179,14.209725,54.583747
sz.002038,双鹭药业,2016-03-31,14.3822449,14.508142,14.2383625,14.2503527,6416711.0,154054654.0,1.131701,-0.5855,26.650238,4.678623,14.126523,54.264144
sz.002039,黔源电力,2016-03-29,9.95040203,10.2975775,9.92098038,10.09162595,5363609.0,92281027.0,1.756412,1.4793,14.5701,2.549844,1.93989,-29.286365
sz.002039,黔源电力,2016-03-30,10.1210476,10.75067091,10.1210476,10.72124926,11245551.0,199471393.0,3.682561,6.2391,15.479138,2.588762,2.060921,-20.602754
sz.002039,黔源电力,2016-03-31,10.71536493,10.80362988,10.50352905,10.56825668,6824498.0,123539579.0,2.234807,-1.427,15.258251,2.55182,2.031511,-20.308752
sz.002040,南京港,2016-03-29,9.18404028,9.342138,8.68100208,8.9468937,12107680.0,151884850.0,4.924383,-5.467,141.144789,4.706734,19.354736,666.768583
sz.002040,南京港,2016-03-30,9.08343264,9.1624815,8.96126622,9.1265502,11141628.0,140782487.0,4.531475,2.008,143.979021,4.801247,19.743385,680.15751
sz.002040,南京港,2016-03-31,9.25590288,9.6295884,9.11217768,9.36369678,12817116.0,167637303.0,5.212922,2.5984,147.720209,4.926004,20.256402,697.830894
sz.002041,登海种业,2016-03-29,14.11918641,14.20688322,13.78788735,13.96328097,3251136.0,46591671.0,0.372043,-0.4861,32.245797,6.131834,8.2379,242.594237
sz.002041,登海种业,2016-03-30,13.97302506,14.48946183,13.97302506,14.41150911,4010608.0,58672343.0,0.458952,3.21,33.280903,6.328669,8.502341,250.381631
sz.002041,登海种业,2016-03-31,14.4212532,14.5186941,14.13867459,14.14841868,5019552.0,73502511.0,0.574411,-1.8256,32.673341,6.213136,8.347126,245.810769
sz.002042,华孚时尚,2016-03-29,5.34079104,5.49093376,5.24427072,5.36224,10773009.0,107835388.0,1.295668,1.5228,24.457168,2.296366,1.221165,78.62392
sz.002042,华孚时尚,2016-03-30,5.4694848,5.4694848,5.36224,5.44803584,10100239.0,101782305.0,1.214754,1.6,24.848483,2.333108,1.240704,79.881903
sz.002042,华孚时尚,2016-03-31,5.4694848,5.496296,5.3354288,5.36760224,9918058.0,99923451.0,1.192843,-1.4764,24.481625,2.298662,1.222386,78.702544
sz.002043,兔宝宝,2016-03-29,5.74270516,5.78011692,5.41067579,5.52291107,33438107.0,398805232.0,10.794177,-4.5271,66.869532,7.30627,3.958646,6419.04782
sz.002043,兔宝宝,2016-03-30,5.611764,5.72867575,5.56032283,5.72399928,30785623.0,371625152.0,9.937927,3.641,69.30424,7.57229,4.102779,6652.76421
sz.002043,兔宝宝,2016-03-31,5.77076398,6.01394042,5.69594046,5.82220515,42078828.0,526799328.0,13.583494,1.7157,70.493283,7.702206,4.17317,6766.904772
sz.002044,美年健康,2016-03-29,10.5831621,10.5831621,10.5831621,10.5831621,0.0,0.0,,0.0,143.546205,13.002385,17.789179,415.431267
sz.002044,美年健康,2016-03-30,10.5831621,10.5831621,10.5831621,10.5831621,0.0,0.0,,0.0,143.546205,13.002385,17.789179,415.431267
sz.002044,美年健康,2016-03-31,10.5831621,10.5831621,10.5831621,10.5831621,0.0,0.0,,0.0,143.546205,13.002385,17.789179,415.431267
sz.002045,国光电器,2016-03-29,11.9959375,12.06311475,11.477713,11.5161,6865097.0,83278928.0,1.653289,-3.537,101.00901,3.880984,2.246581,104.589488
sz.002045,国光电器,2016-03-30,11.71763175,12.1110985,11.6504545,12.1110985,9018128.0,111386842.0,2.171793,5.1667,106.227809,4.081501,2.362654,109.993278
sz.002045,国光电器,2016-03-31,12.1878725,12.90762875,12.015131,12.79246775,22195476.0,289525680.0,5.345232,5.626,112.204176,4.311126,2.495577,116.181489
sz.002046,国机精工,2016-03-29,9.26672231,9.32294105,8.78886302,8.92004008,5755613.0,55351122.0,1.690014,-3.9354,-18.911251,2.471874,7.932124,-22.700351
sz.002046,国机精工,2016-03-30,8.9949984,9.41663895,8.7139047,9.35105042,5781211.0,56479913.0,1.69753,4.8319,-19.82503,2.591313,8.315399,-23.797217
sz.002046,国机精工,2016-03-31,9.29483168,9.41663895,9.26672231,9.34168063,4958966.0,49494977.0,1.456096,-0.1002,-19.805165,2.588717,8.307067,-23.773372
sz.002047,*ST宝鹰,2016-03-29,10.87906932,11.67842746,10.78158662,11.1130278,34339165.0,396405712.0,5.031985,1.8767,39.19678,6.148128,2.084133,-84.184968
sz.002047,*ST宝鹰,2016-03-30,11.1130278,11.1130278,11.1130278,11.1130278,0.0,0.0,,0.0,39.19678,6.148128,2.084133,-84.184968
sz.002047,*ST宝鹰,2016-03-31,11.1130278,11.1130278,11.1130278,11.1130278,0.0,0.0,,0.0,39.19678,6.148128,2.084133,-84.184968
sz.002048,宁波华翔,2016-03-29,12.6967104,12.6967104,12.6967104,12.6967104,0.0,0.0,,0.0,42.043887,2.120255,0.929746,61.778365
sz.002048,宁波华翔,2016-03-30,12.6967104,12.6967104,12.6967104,12.6967104,0.0,0.0,,0.0,42.043887,2.120255,0.929746,61.778365
sz.002048,宁波华翔,2016-03-31,12.6967104,12.6967104,12.6967104,12.6967104,0.0,0.0,,0.0,42.043887,2.120255,0.929746,61.778365
sz.002049,紫光国微,2016-03-29,29.91946354,29.94736698,27.98017446,28.43360536,19066039.0,788492624.0,3.217477,-5.6263,72.930716,8.824667,19.790365,-303.263024
sz.002049,紫光国微,2016-03-30,28.83122938,29.61950156,28.52429154,29.52183952,16039216.0,667533648.0,2.706687,3.8273,75.72198,9.162412,20.547798,-314.869754
sz.002049,紫光国微,2016-03-31,29.52183952,31.2169735,29.1939741,30.44265304,22447494.0,975070336.0,3.788112,3.1191,78.083818,9.448196,21.188703,-324.690833
sz.002050,三花智控,2016-03-29,3.62316376,3.6436916,3.52052456,3.53078848,10551015.0,73429631.0,0.695317,-2.4113,20.536732,2.986747,2.012111,-92.080531
sz.002050,三花智控,2016-03-30,3.5667122,3.67961532,3.5667122,3.65908748,12090340.0,85616940.0,0.79676,3.6337,21.282979,3.095277,2.085226,-95.42648
sz.002050,三花智控,2016-03-31,3.68987924,3.75659472,3.64882356,3.68474728,14074951.0,101226681.0,0.927547,0.7013,21.432229,3.116983,2.099849,-96.09567
sz.002051,中工国际,2016-03-29,13.43903775,13.6251075,13.20495,13.517067,5365150.0,120287046.0,0.701754,0.2671,16.574189,2.926164,2.145014,-1571.485108
sz.002051,中工国际,2016-03-30,13.68513,13.8171795,13.53507375,13.8171795,5337623.0,121763299.0,0.698153,2.2202,16.942178,2.991132,2.192638,-1606.375985
sz.002051,中工国际,2016-03-31,13.901211,13.973238,13.71514125,13.73915025,5551995.0,128007708.0,0.726193,-0.5647,16.846501,2.97424,2.180256,-1597.304357
sz.002052,同洲电子,2016-03-29,10.03,10.03,10.03,10.03,0.0,0.0,,0.0,111.443882,8.694966,7.277707,-52.253044
sz.002052,同洲电子,2016-03-30,10.03,10.03,10.03,10.03,0.0,0.0,,0.0,111.443882,8.694966,7.277707,-52.253044
sz.002052,同洲电子,2016-03-31,10.03,10.03,10.03,10.03,0.0,0.0,,0.0,111.443882,8.694966,7.277707,-52.253044
sz.002053,云南能投,2016-03-29,10.2769632,10.39166145,9.97874775,10.10720979,3196500.0,70516053.0,1.719925,-2.866,59.983147,3.245613,3.692508,71.376066
sz.002053,云南能投,2016-03-30,10.19438046,10.49259591,10.19438046,10.46965626,2896918.0,65441906.0,1.558731,3.586,62.134154,3.362002,3.824922,73.935625
sz.002053,云南能投,2016-03-31,10.67611311,11.41018191,10.58894244,10.98350442,8312545.0,200177778.0,4.472691,4.908,65.183683,3.527008,4.012648,77.564368
sz.002054,德美化工,2016-03-29,10.27700475,10.377135,9.903792,9.94930575,6906536.0,76202307.0,2.189839,-2.8444,14.933369,2.552424,2.190912,-86.92566
sz.002054,德美化工,2016-03-30,10.1040525,10.31341575,10.013025,10.29521025,6922309.0,77497619.0,2.19484,3.4767,15.452553,2.641164,2.267083,-89.947779
sz.002054,德美化工,2016-03-31,10.38623775,10.522779,10.33162125,10.413546,9013747.0,103301943.0,2.857968,1.1494,15.630169,2.671522,2.293141,-90.981661
sz.002055,ST得润,2016-03-29,30.5115272,31.0068442,29.03548254,30.00630386,18773084.0,568111600.0,4.661847,-2.2903,150.823435,7.951347,3.730392,1987.866896
sz.002055,ST得润,2016-03-30,30.5610589,31.71019434,30.00630386,31.62103728,25928773.0,807659536.0,6.438792,5.3813,158.939718,8.379234,3.931136,2094.840255
sz.002055,ST得润,2016-03-31,31.96775918,32.56213958,31.5021612,31.62103728,24724145.0,798370912.0,6.139651,0.0,158.939718,8.379234,3.931136,2094.840255
sz.002056,横店东磁,2016-03-29,5.02800585,5.08630157,4.62409979,4.7261173,22976243.0,533250512.0,5.592927,-7.8734,28.705309,2.701345,2.348462,-24.913059
sz.002056,横店东磁,2016-03-30,4.83229879,4.95097222,4.64700168,4.87602058,30233428.0,694130848.0,7.359486,3.1718,29.77741,2.720413,2.431172,-22.072283
sz.002056,横店东磁,2016-03-31,4.84062675,5.03425182,4.83438078,4.95721819,22735697.0,542198848.0,5.534372,1.6652,30.273276,2.765715,2.471657,-22.43984
sz.002057,中钢天源,2016-03-29,4.78863525,4.81990797,4.63227165,4.67918073,4497762.0,54292171.0,2.255855,-2.6037,146.923775,4.690586,7.76752,-148.249926
sz.002057,中钢天源,2016-03-30,4.67918073,4.67918073,4.67918073,4.67918073,0.0,0.0,,0.0,146.923775,4.690586,7.76752,-148.249926
sz.002057,中钢天源,2016-03-31,4.67918073,4.67918073,4.67918073,4.67918073,0.0,0.0,,0.0,146.923775,4.690586,7.76752,-148.249926
sz.002058,*ST威尔,2016-03-29,23.61900032,23.72871696,22.45201424,23.439464,4587345.0,105558386.0,3.198802,-0.8439,-302.791138,18.178606,34.410782,154.510747
sz.002058,*ST威尔,2016-03-30,23.2898504,24.2872744,23.2898504,24.10773808,3354672.0,79883774.0,2.339247,2.8511,-311.423906,18.69689,35.391856,158.915947
sz.002058,*ST威尔,2016-03-31,24.17755776,25.2846984,23.938176,24.16758352,4449470.0,109803914.0,3.102661,0.2482,-312.19699,18.743303,35.479713,159.310443
sz.002059,云南旅游,2016-03-29,8.573884,8.573884,8.15493285,8.40825215,25558608.0,220234071.0,4.89223,-3.3595,75.570773,3.85506,4.421136,231.157731
sz.002059,云南旅游,2016-03-30,8.379023,8.6518284,8.3010786,8.60311315,19114512.0,166464897.0,3.658751,2.3175,77.322123,3.944401,4.523596,236.514805
sz.002059,云南旅游,2016-03-31,8.5543979,8.91489075,8.52516875,8.60311315,18526052.0,165649988.0,3.546113,0.0,77.322123,3.944401,4.523596,236.514805
sz.002060,广东建工,2016-03-29,2.80860398,2.82112376,2.7334853,2.7543516,7455250.0,49482124.0,1.240406,-1.7857,36.592607,1.523292,0.593418,4.740889
sz.002060,广东建工,2016-03-30,2.77939116,2.85033658,2.77939116,2.84616332,8187654.0,55195737.0,1.362264,3.3333,37.812361,1.574068,0.613199,4.898919
sz.002060,广东建工,2016-03-31,2.85450984,2.91710874,2.84616332,2.91293548,12871875.0,88965061.0,2.141626,2.346,38.699454,1.610996,0.627585,5.01385
sz.002061,浙江交科,2016-03-29,3.6631023,3.6868117,3.55048265,3.5801194,9827737.0,59779765.0,2.168235,-2.4233,-14.931957,3.109084,1.103923,-190.591984
sz.002061,浙江交科,2016-03-30,3.6038288,3.68088435,3.6038288,3.674957,7950157.0,48877292.0,1.753996,2.649,-15.327505,3.191444,1.133165,-195.640779
sz.002061,浙江交科,2016-03-31,3.7105211,3.76386725,3.6631023,3.674957,11128064.0,69465616.0,2.455119,0.0,-15.327505,3.191444,1.133165,-195.640779
sz.002062,宏润建设,2016-03-29,4.69988196,4.75467333,4.59029922,4.6268268,6715105.0,51537640.0,1.001679,-2.1879,28.348264,2.507013,0.703457,9.339789
sz.002062,宏润建设,2016-03-30,4.63900266,4.77293712,4.63900266,4.76684919,7659230.0,59317661.0,1.142512,3.0263,29.206172,2.582883,0.724746,9.62244
sz.002062,宏润建设,2016-03-31,4.80337677,4.82772849,4.71814575,4.79728884,10299016.0,80718010.0,1.536283,0.6386,29.392673,2.599377,0.729374,9.683886
sz.002063,远光软件,2016-03-29,4.313738,4.3258044,4.1146424,4.1960906,20626134.0,286425504.0,3.965256,-2.5228,68.463299,4.881944,9.058998,-118.261081
sz.002063,远光软件,2016-03-30,4.2292732,4.4223356,4.2262566,4.4132858,20668321.0,295429584.0,3.973367,5.1761,72.007049,5.13464,9.527904,-124.382431
sz.002063,远光软件,2016-03-31,4.4736178,4.4826676,4.37407,4.3921696,18772142.0,275517904.0,3.608837,-0.4785,71.662518,5.110073,9.482316,-123.7873
sz.002064,华峰化学,2016-03-29,4.25554206,4.2642446,4.11630142,4.14240904,18821387.0,90044355.0,1.243901,-2.6585,28.276796,2.380327,3.116356,-10.514297
sz.002064,华峰化学,2016-03-30,4.1772192,4.28164968,4.15981412,4.28164968,15638512.0,76049375.0,1.033545,3.3613,29.227277,2.460338,3.221108,-10.867718
sz.002064,华峰化学,2016-03-31,4.25554206,4.3077573,4.23813698,4.29035222,19460815.0,95656535.0,1.28616,0.2032,29.286682,2.465338,3.227655,-10.889807
sz.002065,东华软件,2016-03-29,11.5484096,11.5484096,11.5484096,11.5484096,0.0,0.0,,0.0,35.56051,5.194029,6.987459,-201.368324
sz.002065,东华软件,2016-03-30,11.5484096,11.5484096,11.5484096,11.5484096,0.0,0.0,,0.0,35.56051,5.194029,6.987459,-201.368324
sz.002065,东华软件,2016-03-31,11.5484096,11.5484096,11.5484096,11.5484096,0.0,0.0,,0.0,35.56051,5.194029,6.987459,-201.368324
sz.002066,瑞泰科技,2016-03-29,15.028831,15.10639916,14.11740512,14.51494194,7386386.0,110794769.0,3.19757,-3.1695,-47.516389,7.949197,1.874827,33.607741
sz.002066,瑞泰科技,2016-03-30,14.56342204,14.99004692,14.53433398,14.99004692,6814434.0,103956359.0,2.949971,3.2732,-49.071702,8.209391,1.936194,34.707794
sz.002066,瑞泰科技,2016-03-31,15.11609518,15.39727976,14.89308672,15.06761508,8151548.0,127604281.0,3.528809,0.5175,-49.325631,8.251872,1.946213,34.887394
sz.002067,景兴纸业,2016-03-29,6.2994822,6.33766088,5.99405276,6.07995479,53255097.0,342487520.0,5.545667,-3.6309,607.996538,2.378433,2.35891,-45.158014
sz.002067,景兴纸业,2016-03-30,6.16585682,6.3949289,6.12767814,6.34720555,50873090.0,333669424.0,5.297619,4.3956,634.72166,2.48298,2.462598,-47.142982
sz.002067,景兴纸业,2016-03-31,6.47128626,6.53809895,6.30902687,6.32811621,62816218.0,421286496.0,6.541305,-0.3008,623.219793,2.473512,2.455192,-24.421651
sz.002068,黑猫股份,2016-03-29,5.41562922,5.4505125,5.18016708,5.29353774,11745246.0,71465512.0,1.935092,-2.5682,217.569551,1.885921,0.771751,-18.724835
sz.002068,黑猫股份,2016-03-30,5.32842102,5.56388316,5.32842102,5.55516234,11130408.0,69626248.0,1.833795,4.9423,228.322576,1.97913,0.809894,-19.65028
sz.002068,黑猫股份,2016-03-31,5.64237054,5.64237054,5.5377207,5.5813248,9139136.0,58439877.0,1.505722,0.471,229.397879,1.988451,0.813708,-19.742825
sz.002069,獐子岛,2016-03-29,10.02,10.1,9.58,9.73,10771109.0,105972666.0,1.582149,-1.9153,2008.714395,6.128362,2.528187,-23.667445
sz.002069,獐子岛,2016-03-30,9.86,10.24,9.75,10.03,13085671.0,130958219.0,1.92213,3.0832,2070.648035,6.317315,2.606138,-24.397171
sz.002069,獐子岛,2016-03-31,10.02,10.09,9.83,9.85,11256267.0,112106326.0,1.653413,-1.7946,2033.487851,6.203943,2.559367,-23.959335
sz.002072,凯瑞德,2016-03-29,22.64,22.64,22.64,22.64,0.0,0.0,,0.0,-36.445456,35.225848,62.540773,-354.245488
sz.002072,凯瑞德,2016-03-30,22.64,22.64,22.64,22.64,0.0,0.0,,0.0,-36.445456,35.225848,62.540773,-354.245488
sz.002072,凯瑞德,2016-03-31,22.64,22.64,22.64,22.64,0.0,0.0,,0.0,-36.445456,35.225848,62.540773,-354.245488
sz.002073,软控股份,2016-03-29,11.88652138,12.1642886,11.57044144,11.6853796,19994492.0,247227312.0,3.210567,-0.974,47.77045,2.424818,3.974199,35.7809
sz.002073,软控股份,2016-03-30,11.7811614,12.4037431,11.71411414,12.4037431,23212399.0,292489408.0,3.727274,6.1475,50.707158,2.573885,4.218514,37.980545
sz.002073,软控股份,2016-03-31,12.46121218,12.53783762,12.2121795,12.27922676,19934099.0,257391883.0,3.200869,-1.0039,50.198129,2.548047,4.176166,37.599273
sz.002074,国轩高科,2016-03-29,30.22362,30.629988,28.962186,29.470146,12085579.0,424320512.0,5.455261,-3.5734,52.343127,11.037018,11.141682,70.743668
sz.002074,国轩高科,2016-03-30,29.88498,31.83216,29.88498,31.70517,16975424.0,618805360.0,7.662468,7.584,56.312844,11.874068,11.98667,76.108887
sz.002074,国轩高科,2016-03-31,33.27138,33.347574,31.044822,31.095618,23394459.0,885706192.0,10.55993,-1.9226,55.059304,10.672325,11.72405,28.444034
sz.002075,沙钢股份,2016-03-29,10.73457658,10.84591186,10.205734,10.31706928,31766461.0,355973408.0,1.4395,-3.8894,-306.591578,10.590131,3.278153,-148.694879
sz.002075,沙钢股份,2016-03-30,10.4376825,10.64179718,10.30779134,10.59540748,34355201.0,386948752.0,1.556809,2.6978,-314.862934,10.875836,3.366593,-152.706432
sz.002075,沙钢股份,2016-03-31,10.669631,11.40258826,10.50262808,11.17063976,72600285.0,859889392.0,3.289888,5.4291,-329.557484,11.518557,3.611294,81.506537
sz.002076,*ST星光,2016-03-29,5.430225,5.430225,5.187462,5.230052,9637920.0,119247014.0,4.789919,-3.9124,76.819754,4.764094,5.648651,62.710296
sz.002076,*ST星光,2016-03-30,5.272642,5.49411,5.268383,5.49411,8798360.0,111206752.0,4.372669,5.0489,80.698275,5.004626,5.933843,65.876451
sz.002076,*ST星光,2016-03-31,5.498369,5.634657,5.404671,5.609103,14112231.0,183067240.0,7.013593,2.093,85.137423,4.904473,6.032192,20.632727
sz.002077,大港股份,2016-03-29,14.3,15.86,14.04,15.86,18853942.0,286746576.0,7.481946,9.9861,-350.710245,3.740608,6.028611,39.615533
sz.002077,大港股份,2016-03-30,16.08,16.42,15.68,16.39,18147605.0,290747632.0,7.201645,3.3417,-362.43007,3.86561,6.230071,40.939381
sz.002077,大港股份,2016-03-31,16.45,16.49,15.86,16.0,12843780.0,207096231.0,5.09689,-2.3795,-353.806048,3.773628,6.081827,39.965228
sz.002078,太阳纸业,2016-03-29,4.01230707,4.05563652,3.78699393,3.89098461,35781687.0,161166775.0,1.608904,-3.8544,17.173378,1.69529,1.051188,23.949981
sz.002078,太阳纸业,2016-03-30,3.90831639,3.9863094,3.8996505,3.9863094,20721082.0,94361403.0,0.931712,2.4499,17.594106,1.736823,1.076941,24.536729
sz.002078,太阳纸业,2016-03-31,4.00364118,4.03830474,3.96897762,3.97764351,23125044.0,106692862.0,1.039805,-0.2174,17.555858,1.733047,1.0746,24.483388
sz.002079,苏州固锝,2016-03-29,8.686008,9.23612184,8.37717216,8.51228784,78393010.0,710617680.0,10.805661,1.2629,262.630292,5.057446,7.915405,-1256.769603
sz.002079,苏州固锝,2016-03-30,8.44473,9.00449496,8.43507888,8.94658824,59001067.0,532454432.0,8.132684,5.102,276.029796,5.315479,8.319252,-1320.890501
sz.002079,苏州固锝,2016-03-31,8.8790304,9.08170392,8.70531024,8.79217032,46092566.0,424371696.0,6.353381,-1.726,290.439323,5.183184,8.16781,-32.318814
sz.002080,中材科技,2016-03-29,7.40726628,7.46230966,6.98264592,7.11239103,8663446.0,158208845.0,2.165862,-4.4374,24.095693,2.557955,1.24168,69.543125
sz.002080,中材科技,2016-03-30,7.1556394,7.32470121,7.14777606,7.30897453,6708895.0,123343289.0,1.677224,2.764,24.761688,2.628656,1.276,71.465268
sz.002080,中材科技,2016-03-31,7.3915396,7.56060141,7.35615457,7.47803634,8611215.0,163875895.0,2.152804,2.3131,25.334443,2.689459,1.305515,73.118311
sz.002081,金螳螂,2016-03-29,8.69420475,9.04197294,8.57276189,8.9978119,30194462.0,481975440.0,1.799917,3.8217,17.8295,3.437897,1.541359,-46.542223
sz.002081,金螳螂,2016-03-30,8.99229177,9.89759309,8.89292943,9.69886841,43302700.0,743523136.0,2.58131,7.7914,19.21867,3.705758,1.661453,-50.168519
sz.002081,金螳螂,2016-03-31,9.6050262,9.68782815,9.40630152,9.42838204,24660685.0,425461584.0,1.470044,-2.7888,18.682691,3.60241,1.615117,-48.769397
sz.002082,万邦德,2016-03-29,15.13230565,15.13230565,14.85633655,15.13230565,24332104.0,400195072.0,13.443258,10.0335,62.120191,2.92857,0.338319,296.129544
sz.002082,万邦德,2016-03-30,15.0863108,16.07979956,14.91153037,15.68424385,39945328.0,674561072.0,22.069417,3.6474,64.385973,3.035387,0.350659,306.930622
sz.002082,万邦德,2016-03-31,15.3622799,15.74863664,15.06791286,15.4542696,22222480.0,371791104.0,12.277711,-1.4663,63.441897,2.99088,0.345518,302.430173
sz.002083,孚日股份,2016-03-29,4.53648858,4.57295553,4.49272824,4.50731502,8166147.0,50612354.0,0.954949,-0.8026,17.743662,1.93954,1.334382,43.777414
sz.002083,孚日股份,2016-03-30,4.52919519,4.63859604,4.52919519,4.63859604,12874923.0,81099097.0,1.505593,2.9126,18.260468,1.996031,1.373248,45.052484
sz.002083,孚日股份,2016-03-31,4.63130265,4.65318282,4.58754231,4.60212909,12976733.0,82185206.0,1.517498,-0.7862,18.434832,1.917082,1.362452,-190.886021
sz.002084,海鸥住工,2016-03-29,7.70017003,7.80158337,7.44663668,7.49734335,13239614.0,138456367.0,3.26054,-2.6341,102.367285,4.236075,2.754007,35.464454
sz.002084,海鸥住工,2016-03-30,7.71465765,8.25069959,7.61324431,8.25069959,27144230.0,298192608.0,6.684852,10.0483,112.653467,4.661729,3.030738,39.028032
sz.002084,海鸥住工,2016-03-31,8.25069959,8.35211293,8.07684815,8.1130672,30157247.0,341807008.0,7.426872,-1.6681,110.774261,4.583965,2.980182,38.376994
sz.002085,万丰奥威,2016-03-29,12.857976,13.2508586,12.70796628,12.99369908,11807598.0,429263808.0,1.426485,3.0595,41.562764,8.083301,3.908627,315.441631
sz.002085,万丰奥威,2016-03-30,12.857976,13.31514848,12.82940272,13.11156386,11072911.0,405794272.0,1.337727,0.9071,41.939776,8.156623,3.944081,318.302976
sz.002085,万丰奥威,2016-03-31,13.11513552,13.41872662,12.5722432,12.72939624,9792817.0,352594672.0,1.183077,-2.9147,40.717342,7.918879,3.829122,309.025281
sz.002086,东方海洋,2016-03-29,8.94885736,8.9937013,8.48048732,8.59010584,7333805.0,128282147.0,3.083911,-4.5932,118.496776,4.094935,8.747005,18.852786
sz.002086,东方海洋,2016-03-30,8.72962032,8.968788,8.6449151,8.95882268,6826082.0,120760674.0,2.87041,4.2923,123.583065,4.270703,9.122456,19.662013
sz.002086,东方海洋,2016-03-31,9.03356258,9.3424875,8.97377066,9.0933545,10641264.0,195203622.0,4.474718,1.5017,125.438873,4.334835,9.259445,19.957271
sz.002088,鲁阳节能,2016-03-29,4.79772992,4.80410988,4.62866098,4.65099084,3770428.0,55596444.0,2.754888,-3.0585,59.1149,2.160548,3.008918,421.61573
sz.002088,鲁阳节能,2016-03-30,4.70203052,4.85514956,4.70203052,4.84238964,4133597.0,61961387.0,3.020239,4.1152,61.547612,2.24946,3.132742,438.966171
sz.002088,鲁阳节能,2016-03-31,4.84238964,4.8966193,4.78497,4.79134996,4490102.0,68155075.0,3.280722,-1.054,60.898889,2.22575,3.099722,434.339387
sz.002090,金智科技,2016-03-29,14.08495896,14.13502398,13.39517424,13.56205764,2695197.0,66438599.0,1.369667,-3.1771,43.357411,5.256057,4.550797,42.49174
sz.002090,金智科技,2016-03-30,13.75119216,14.1294612,13.63993656,14.1294612,3618901.0,90380197.0,1.839082,4.1838,45.17138,5.475957,4.741192,44.269492
sz.002090,金智科技,2016-03-31,14.2685307,14.34640962,13.91807556,13.99595448,3568295.0,90444230.0,1.813365,-0.9449,44.744564,5.424216,4.696393,43.851197
sz.002091,江苏国泰,2016-03-29,7.74537434,7.83248258,7.20094784,7.20094784,54118752.0,1108921680.0,15.370149,-9.9819,29.98159,4.144189,0.986743,-151.159423
sz.002091,江苏国泰,2016-03-30,7.1864298,7.8034465,7.08480352,7.7308563,43442076.0,889171376.0,12.337889,7.3589,32.187897,4.449155,1.059357,-162.28305
sz.002091,江苏国泰,2016-03-31,7.621971,7.99944004,7.56026933,7.68367267,41411153.0,887674992.0,11.761091,-0.6103,31.991445,4.422,1.052891,-161.29259
sz.002092,中泰化学,2016-03-29,7.14972438,7.14972438,6.66014377,6.69709325,58912449.0,437938880.0,4.74151,-6.3307,1313.018675,1.161212,0.660362,-19.388622
sz.002092,中泰化学,2016-03-30,6.78946695,7.00192646,6.77099221,6.99268909,53319203.0,400517088.0,4.291343,4.4138,1370.972603,1.212465,0.689509,-20.244395
sz.002092,中泰化学,2016-03-31,7.0204012,7.43608285,6.97421435,7.22362334,66165645.0,519498496.0,5.325276,3.3025,1416.249109,1.252507,0.71228,-20.912969
sz.002093,国脉科技,2016-03-29,11.22207808,11.2609088,10.68815568,10.75610944,21237127.0,238660792.0,2.490064,-3.2314,228.706229,7.259449,19.264682,-84.184508
sz.002093,国脉科技,2016-03-30,11.1152936,11.4550624,10.89201696,11.33857024,25316883.0,291680880.0,2.968417,5.4152,241.091042,7.65256,20.307896,-88.743236
sz.002093,国脉科技,2016-03-31,11.36769328,11.7948312,11.36769328,11.5521392,24638347.0,294684128.0,2.888858,1.8836,245.632141,7.7967,20.690408,-90.41477
sz.002094,青岛金王,2016-03-29,13.45352435,13.8329079,13.0741408,13.22005755,4482936.0,103148771.0,1.392901,-2.7062,79.053891,10.227439,4.934352,140.536681
sz.002094,青岛金王,2016-03-30,13.27842425,13.62278778,13.27842425,13.60527777,5351963.0,123516285.0,1.662918,2.9139,81.357448,10.525457,5.078135,144.631789
sz.002094,青岛金王,2016-03-31,14.008008,14.1831081,13.33679095,13.424341,6406037.0,150834400.0,1.990432,-1.3299,80.275475,10.385479,5.0106,142.708329
sz.002095,生意宝,2016-03-29,58.81212,59.4002412,56.361615,56.98894428,7534403.0,443198944.0,2.997457,-3.9326,821.199139,29.547673,83.457977,-405.323274
sz.002095,生意宝,2016-03-30,57.86132406,59.302221,57.36142104,59.302221,7413446.0,441792800.0,2.949336,4.0592,854.532988,30.747063,86.845676,-421.776024
sz.002095,生意宝,2016-03-31,59.4002412,65.2324431,58.9101402,64.1052108,23299210.0,1513694304.0,9.269265,8.0992,923.743098,33.237321,93.879458,-455.936397
sz.002096,易普力,2016-03-29,17.88911335,17.88911335,16.26024755,16.9515685,3718185.0,67215681.0,1.00289,-5.1907,54.817372,3.037777,3.02189,511.170558
sz.002096,易普力,2016-03-30,16.8189864,18.182688,16.8189864,17.614479,4664848.0,86629989.0,1.258229,3.9106,56.961068,3.156573,3.140065,531.160468
sz.002096,易普力,2016-03-31,17.5387178,17.803882,17.425076,17.5197775,2571630.0,47747423.0,0.693635,-0.5376,56.654826,3.139602,3.123183,528.304766
sz.002097,山河智能,2016-03-29,8.71783766,8.71783766,7.76984252,7.90925357,61701494.0,544043968.0,9.803227,-8.3961,-221.971284,2.690355,4.288107,-27.030144
sz.002097,山河智能,2016-03-30,7.90925357,8.53195626,7.87207729,8.44830963,54486022.0,482544848.0,8.656822,6.8155,-237.099761,2.873716,4.580363,-28.872387
sz.002097,山河智能,2016-03-31,8.44830963,8.8293665,8.35536893,8.61560289,49201702.0,454479776.0,7.817241,1.9802,-241.794806,2.930621,4.671064,-29.444117
sz.002098,浔兴股份,2016-03-29,11.5547982,11.59299588,11.15372256,11.56434762,6450010.0,76647623.0,3.242107,-0.9812,59.932048,5.933012,4.159313,352.290044
sz.002098,浔兴股份,2016-03-30,11.56434762,11.86992906,11.56434762,11.78398428,9396245.0,115542667.0,4.723037,1.8993,61.070311,6.045695,4.238309,358.980937
sz.002098,浔兴股份,2016-03-31,11.94632442,12.1755105,11.6502924,11.71713834,8944952.0,111433982.0,4.496193,-0.5673,60.723883,6.0114,4.214267,356.944578
sz.002099,海翔药业,2016-03-29,9.22902408,9.27347988,8.89116,8.96228928,30536900.0,310760320.0,3.823865,-3.7249,29.649852,4.2718,6.214957,37.459423
sz.002099,海翔药业,2016-03-30,9.07787436,9.32682684,8.9800716,9.26458872,32807716.0,338225088.0,4.10822,3.373,30.649946,4.415889,6.424588,38.722935
sz.002099,海翔药业,2016-03-31,9.30015336,9.4246296,9.05120088,9.14011248,39933501.0,412239184.0,5.000518,-1.3436,30.238143,4.356558,6.33827,38.202666
sz.002100,天康生物,2016-03-29,7.56942,7.644696,7.176312,7.310136,9361044.0,81935983.0,1.978285,-2.9967,34.352372,3.634049,2.020494,94.92624
sz.002100,天康生物,2016-03-30,7.335228,7.636332,7.218132,7.586148,13662998.0,121628856.0,2.887424,3.7757,35.64943,3.771262,2.096782,98.510411
sz.002100,天康生物,2016-03-31,7.602876,7.86216,7.452324,7.69488,19943437.0,182883483.0,4.21468,1.4333,36.160392,3.825315,2.126835,99.922358
sz.002101,广东鸿图,2016-03-29,10.960937,11.0254131,10.663355,10.8419042,3655744.0,79947568.0,1.907087,-1.3093,32.5645,2.877226,1.855308,-197.381744
sz.002101,广东鸿图,2016-03-30,10.9162997,11.258519,10.9162997,11.2287608,4060110.0,90932616.0,2.118032,3.5682,33.726454,2.97989,1.921508,-204.424643
sz.002101,广东鸿图,2016-03-31,11.3130757,11.357713,11.060131,11.1940429,3367812.0,76154956.0,1.756882,-0.3092,33.622176,2.970677,1.915567,-203.792588
sz.002102,能特科技,2016-03-29,4.1295524,4.1295524,4.1295524,4.1295524,0.0,0.0,,0.0,47.051066,3.422046,6.7493,-4668.830934
sz.002102,能特科技,2016-03-30,4.54415288,4.54415288,4.23813824,4.33356216,55665503.0,741668784.0,13.828354,4.9402,49.375501,3.591103,7.082732,-4899.482342
sz.002102,能特科技,2016-03-31,4.28091448,4.53428144,4.195362,4.2447192,39073059.0,515651024.0,9.70648,-2.0501,48.363247,3.517481,6.937528,-4799.037374
sz.002103,广博股份,2016-03-29,16.38542999,16.5437697,15.5063716,15.76845112,6625043.0,193087830.0,3.888988,-4.8435,106.974493,5.43786,6.047378,155.892109
sz.002103,广博股份,2016-03-30,15.97047075,16.39088998,15.82851101,16.39088998,7034922.0,207716022.0,4.129593,3.9474,111.197171,5.652512,6.28609,162.045745
sz.002103,广博股份,2016-03-31,16.4891698,16.75124932,16.1069705,16.66388948,8718931.0,263066395.0,5.118128,1.6656,113.049222,5.746658,6.390789,164.744708
sz.002104,恒宝股份,2016-03-29,16.129668,16.23199,15.404112,15.599454,28816035.0,488125264.0,4.075863,-3.6207,32.113215,8.383986,6.546739,-3271.465801
sz.002104,恒宝股份,2016-03-30,15.8134,16.483144,15.776192,16.473842,30919110.0,534486144.0,4.373331,5.6052,33.91324,8.853929,6.9137,-3454.839555
sz.002104,恒宝股份,2016-03-31,16.548258,16.911036,16.46454,16.576164,35037837.0,626769504.0,4.955901,0.6211,34.123881,8.908922,6.956642,-3476.298186
sz.002105,信隆健康,2016-03-29,7.91001495,7.92789069,7.52568654,7.60612737,10077239.0,86699448.0,2.734665,-3.8418,-54.955845,6.826205,2.311179,-125.914465
sz.002105,信隆健康,2016-03-30,7.6865682,7.90107708,7.5971895,7.89213921,8608242.0,74789569.0,2.336022,3.7603,-57.022339,7.082889,2.398086,-130.649204
sz.002105,信隆健康,2016-03-31,7.92789069,8.18708892,7.85638773,7.93682856,13024423.0,116848694.0,3.534443,0.5663,-57.345229,7.122996,2.411665,-131.389007
sz.002106,莱宝高科,2016-03-29,7.5001968,7.5440576,7.24580416,7.30720928,16790045.0,140999864.0,2.386478,-2.9138,-9.695654,1.50431,2.456508,-135.255926
sz.002106,莱宝高科,2016-03-30,7.38615872,7.5879184,7.35107008,7.5879184,14249994.0,121274727.0,2.025444,3.8415,-10.068116,1.562099,2.550876,-140.451832
sz.002106,莱宝高科,2016-03-31,7.6317792,7.8072224,7.5879184,7.77213376,25631074.0,224592709.0,3.64311,2.4277,-10.312545,1.600022,2.612805,-143.861646
sz.002107,沃华医药,2016-03-29,8.5604484,8.57085624,8.21698968,8.31586416,4749014.0,76489221.0,1.361086,-2.3227,80.779469,12.616738,12.293858,-37.830176
sz.002107,沃华医药,2016-03-30,8.33147592,8.6385072,8.1701544,8.6385072,4710280.0,77157604.0,1.349985,3.8799,83.913591,13.106248,12.770841,-39.29793
sz.002107,沃华医药,2016-03-31,8.65932288,8.76340128,8.55004056,8.62289544,5118541.0,85237778.0,1.466994,-0.1807,83.76194,13.082562,12.747761,-39.22691
sz.002108,沧州明珠,2016-03-29,6.7209846,6.8524005,6.55577604,6.60083292,23684199.0,420814288.0,3.854608,-2.7117,50.656248,6.06777,4.998254,-38.701176
sz.002108,沧州明珠,2016-03-30,6.7209846,6.99132588,6.63838032,6.9650427,31634291.0,575576416.0,5.148487,5.5176,53.451274,6.402567,5.274039,-40.836565
sz.002108,沧州明珠,2016-03-31,7.0213638,7.03638276,6.74351304,6.758532,32778169.0,600025904.0,5.334654,-2.965,51.866466,6.212734,5.117666,-39.625778
sz.002109,兴化股份,2016-03-29,3.96732474,3.97358235,3.83591493,3.86094537,6344692.0,39399538.0,1.770282,-2.8346,-16.422719,2.159232,2.581122,-35.114671
sz.002109,兴化股份,2016-03-30,3.88597581,3.99861279,3.86720298,3.98609757,6515352.0,40973631.0,1.8179,3.2415,-16.95506,2.229223,2.664788,-36.25291
sz.002109,兴化股份,2016-03-31,3.99861279,4.0674465,3.99235518,4.01738562,9088277.0,58471833.0,2.535792,0.7849,-17.088146,2.246721,2.685705,-36.53747
sz.002110,三钢闽光,2016-03-29,2.56869186,2.59429344,2.51322177,2.53882335,4110382.0,24586079.0,0.768727,-2.2989,-3.425953,1.641032,0.253666,20.79655
sz.002110,三钢闽光,2016-03-30,2.53882335,2.65403046,2.53882335,2.64122967,5524377.0,33827386.0,1.033173,4.0336,-3.564143,1.707225,0.263898,21.635403
sz.002110,三钢闽光,2016-03-31,2.64122967,2.68389897,2.62416195,2.63269581,5252808.0,32649763.0,0.982384,-0.3231,-3.552627,2.00064,0.263045,-11.806047
sz.002111,威海广泰,2016-03-29,15.74030088,15.74030088,14.8538608,15.0335446,7288931.0,185066312.0,2.764484,-5.5681,51.422032,4.702015,6.85454,-200.746323
sz.002111,威海广泰,2016-03-30,15.1533338,16.0517528,15.1533338,15.86009008,6058588.0,157567661.0,2.29785,5.498,54.249219,4.960532,7.231403,-211.783372
sz.002111,威海广泰,2016-03-31,15.9918582,16.15956308,15.572596,15.78821656,5885704.0,156117783.0,2.23228,-0.4532,54.003377,4.938052,7.198633,-210.823628
sz.002112,三变科技,2016-03-29,14.53144856,14.53144856,14.53144856,14.53144856,0.0,0.0,,0.0,361.331018,8.013954,4.142478,-398.694753
sz.002112,三变科技,2016-03-30,14.53144856,14.53144856,14.53144856,14.53144856,0.0,0.0,,0.0,361.331018,8.013954,4.142478,-398.694753
sz.002112,三变科技,2016-03-31,14.53144856,14.53144856,14.53144856,14.53144856,0.0,0.0,,0.0,361.331018,8.013954,4.142478,-398.694753
sz.002114,罗平锌电,2016-03-29,20.68,22.89,20.55,22.11,23053632.0,506521552.0,26.740599,5.7895,339.011521,7.354308,6.400239,186.788197
sz.002114,罗平锌电,2016-03-30,22.12,23.41,21.98,22.9,20330759.0,462924336.0,23.582257,3.573,351.124552,7.617081,6.628922,193.462221
sz.002114,罗平锌电,2016-03-31,23.0,25.19,22.3,25.19,24055307.0,565286720.0,27.902472,10.0,386.237007,8.378789,7.291814,212.808443
sz.002115,三维通信,2016-03-29,8.13747,8.1670608,7.8193689,7.9007436,11755735.0,126678205.0,3.44997,-2.9091,228.868039,4.736006,5.132662,284.871772
sz.002115,三维通信,2016-03-30,7.9599252,8.359401,7.9599252,8.359401,16870501.0,187258769.0,4.951006,5.8052,242.154386,5.010943,5.430626,301.409271
sz.002115,三维通信,2016-03-31,8.4037872,8.5739343,8.2410378,8.3002194,22037196.0,250053911.0,6.467283,-0.708,242.704183,4.929072,5.32695,93.802594
sz.002116,中国海诚,2016-03-29,11.15176614,11.2499475,10.77540426,10.8408585,3772434.0,50684750.0,0.929937,-2.6451,23.933232,5.251859,1.151262,20.649783
sz.002116,中国海诚,2016-03-30,11.045403,11.26631106,10.97176698,11.24176572,2894355.0,39339540.0,0.713483,3.6981,24.81831,5.446079,1.193837,21.413435
sz.002116,中国海诚,2016-03-31,11.23358394,11.4135831,11.21722038,11.2499475,3849255.0,53203624.0,0.948875,0.0728,24.836373,5.450042,1.194706,21.42902
sz.002117,东港股份,2016-03-29,15.91134992,16.17521148,15.5827676,15.9810492,8496433.0,271928992.0,2.336297,0.4695,54.005635,8.263204,9.295346,113.308701
sz.002117,东港股份,2016-03-30,16.1304048,16.60834272,15.61761724,16.47392268,20563157.0,658927072.0,5.654331,3.0841,55.67123,8.518051,9.582025,116.803268
sz.002117,东港股份,2016-03-31,16.3295456,16.62327828,15.87152176,15.96611364,16904049.0,550953664.0,4.648172,-3.0825,53.955163,8.255482,9.286659,113.202805
sz.002119,康强电子,2016-03-29,12.3766896,12.50472432,12.01925934,12.22198098,6104415.0,139593828.0,3.02311,-1.2925,-82.473363,7.237235,4.626724,-166.810815
sz.002119,康强电子,2016-03-30,12.3766896,12.78213288,12.30733746,12.77146332,7182748.0,168537049.0,3.557137,4.4959,-86.181245,7.56261,4.834734,-174.310385
sz.002119,康强电子,2016-03-31,12.87815892,13.18757616,12.71811552,12.94217628,10240798.0,249290347.0,5.071585,1.3367,-87.333208,7.663698,4.899359,-176.640348
sz.002120,韵达股份,2016-03-29,8.0121888,8.18214432,7.94975616,8.01565728,3321527.0,77329961.0,3.420111,-3.3459,69.713324,6.137907,3.545585,44.123284
sz.002120,韵达股份,2016-03-30,8.064216,8.411064,8.064216,8.25151392,3799598.0,90446153.0,3.912372,2.9425,71.764604,6.318511,3.649912,45.421589
sz.002120,韵达股份,2016-03-31,8.324352,8.58101952,8.25151392,8.38331616,3213613.0,77869731.0,3.308994,1.5973,72.910907,6.419437,3.708213,46.147112
sz.002121,科陆电子,2016-03-29,9.98857866,9.98857866,9.520488,9.69106341,12258327.0,300845440.0,4.535798,-3.1708,59.493227,5.163609,4.725724,-290.512098
sz.002121,科陆电子,2016-03-30,9.7585002,10.39716627,9.7585002,10.35749757,17609672.0,449441856.0,6.51589,6.8768,63.584452,5.5187,5.050703,-310.490007
sz.002121,科陆电子,2016-03-31,10.38923253,10.66294656,10.2345246,10.29402765,19343964.0,510839568.0,7.157608,-0.6128,63.194811,5.484882,5.019752,-308.587349
sz.002122,ST汇洲,2016-03-29,6.6460516,6.67581004,6.447662,6.4972594,6724327.0,44301783.0,0.626584,-1.9461,158.535449,1.64438,3.706725,71.328668
sz.002122,ST汇洲,2016-03-30,6.5468568,6.71548796,6.5468568,6.70556848,7351033.0,49209015.0,0.684982,3.2061,163.618265,1.697101,3.825566,73.615541
sz.002122,ST汇洲,2016-03-31,6.73532692,6.7948438,6.67581004,6.76508536,8426370.0,57230738.0,0.785184,0.8876,165.070498,1.712164,3.859521,74.268933
sz.002123,梦网科技,2016-03-29,16.44371112,16.4634278,15.60575222,15.773344,14420138.0,233472364.0,3.170324,-4.0767,139.870452,2.842058,7.639686,58.35578
sz.002123,梦网科技,2016-03-30,15.98036914,16.5127195,15.98036914,16.5127195,11942038.0,197541993.0,2.625504,4.6875,146.426879,2.97528,7.997797,61.091207
sz.002123,梦网科技,2016-03-31,17.11407824,17.61685358,17.01549484,17.04506986,25517602.0,446082256.0,5.610144,3.2239,151.147507,3.071199,8.255636,63.060715
sz.002124,天邦食品,2016-03-29,5.3946189,5.492124,5.2772148,5.3150229,3877650.0,104137525.0,2.642155,-2.0894,69.362973,13.077761,3.577314,-429.241419
sz.002124,天邦食品,2016-03-30,5.3568108,5.5219725,5.273235,5.4264573,3317202.0,89939159.0,2.260277,2.0966,70.817232,13.351949,3.652316,-438.240865
sz.002124,天邦食品,2016-03-31,5.432427,5.5418715,5.332932,5.4861543,2929017.0,79933135.0,1.995775,1.1001,71.596299,13.498835,3.692495,-443.061996
sz.002125,湘潭电化,2016-03-29,6.5512479,6.60676695,6.35878186,6.41800218,3688284.0,64222594.0,2.650951,-2.8571,327.536707,3.631671,5.987529,6.054658
sz.002125,湘潭电化,2016-03-30,6.42910599,6.6252733,6.39579456,6.60306568,5136965.0,90448574.0,3.692189,2.8835,336.981249,3.73639,6.16018,6.229245
sz.002125,湘潭电化,2016-03-31,6.64007838,6.65858473,6.50313139,6.52163774,4535228.0,80731486.0,3.259691,-1.2332,332.825651,3.690314,6.084213,6.152427
sz.002126,银轮股份,2016-03-29,6.7986702,6.89809365,6.6661056,6.7418568,6586573.0,94422136.0,2.194681,-1.2483,25.282235,2.631232,1.883107,-63.417489
sz.002126,银轮股份,2016-03-30,6.7702635,7.1395506,6.7702635,7.0827372,16283523.0,241427231.0,5.425757,5.0562,26.56055,2.764272,1.97832,-66.623991
sz.002126,银轮股份,2016-03-31,7.1300817,7.17269175,7.0164549,7.04012715,8508394.0,127413005.0,2.835042,-0.6016,26.400761,2.747642,1.966418,-66.223178
sz.002127,南极电商,2016-03-29,5.33856414,5.3879667,5.03597346,5.1872688,4015784.0,68206497.0,0.899485,-2.8902,76.31074,28.79473,33.197363,-51.875157
sz.002127,南极电商,2016-03-30,5.3107752,5.43119394,5.249022,5.37561606,3117016.0,54123073.0,0.698173,3.631,79.081547,29.840253,34.402744,-53.758719
sz.002127,南极电商,2016-03-31,5.33238882,5.55161268,5.33238882,5.403405,3530288.0,62350777.0,0.79074,0.5169,79.490354,29.994511,34.580587,-54.036622
sz.002128,电投能源,2016-03-29,5.502552,5.50943019,5.27557173,5.30996268,19014374.0,148403346.0,1.197213,-3.2581,23.634976,1.429185,2.258491,32.296203
sz.002128,电投能源,2016-03-30,5.34435363,5.48879562,5.32371906,5.46816105,18583787.0,145831742.0,1.170102,2.9793,24.339127,1.471764,2.325778,33.258395
sz.002128,电投能源,2016-03-31,5.48191743,5.54382114,5.35123182,5.502552,23667691.0,187540551.0,1.490203,0.6289,24.492204,1.481021,2.340405,33.467567
sz.002129,TCL中环,2016-03-29,6.5255768,6.5635162,6.29035252,6.35864344,41602351.0,351370656.0,1.811744,-2.8969,109.598187,3.313715,4.352985,-14.191894
sz.002129,TCL中环,2016-03-30,6.4117586,6.60904348,6.3738192,6.6014556,52260679.0,446513168.0,2.275904,3.8186,113.783321,3.440253,4.519209,-14.733828
sz.002129,TCL中环,2016-03-31,6.63180712,6.77597684,6.60904348,6.639395,57189674.0,503567008.0,2.490557,0.5747,114.437248,3.460024,4.545181,-14.818505
sz.002130,沃尔核材,2016-03-29,8.86422774,8.86897813,8.34643523,8.40343991,30526629.0,545990352.0,7.885803,-5.0966,17.614655,5.900771,6.212123,-478.76119
sz.002130,沃尔核材,2016-03-30,8.50794849,8.90223086,8.50794849,8.89273008,33927273.0,621776032.0,8.764276,5.8225,18.640268,6.244343,6.573824,-506.637054
sz.002130,沃尔核材,2016-03-31,8.98773788,9.02099061,8.70271448,8.77872072,36120724.0,670860944.0,9.3309,-1.2821,18.40129,6.164288,6.489544,-500.141707
sz.002131,利欧股份,2016-03-29,4.44612224,4.48445088,4.2709056,4.32292304,9693073.0,154235910.0,1.537249,-3.7195,96.847702,11.047807,5.423596,-583.703213
sz.002131,利欧股份,2016-03-30,4.32018528,4.52004176,4.32018528,4.4899264,10565938.0,171695856.0,1.675679,3.8632,100.589127,11.474606,5.633121,-606.252862
sz.002131,利欧股份,2016-03-31,4.58027248,4.75822688,4.54741936,4.59669904,17800028.0,302839760.0,2.822952,2.3781,102.981185,11.747478,5.767079,-620.669851
sz.002132,恒星科技,2016-03-29,3.88555825,3.915219,3.67200085,3.7372545,21422521.0,137212567.0,4.527882,-4.5455,104.251371,2.459197,2.563713,-10.798403
sz.002132,恒星科技,2016-03-30,3.77877955,3.88555825,3.75505095,3.8558975,16058014.0,103550695.0,3.394035,3.1746,107.560939,2.537267,2.645101,-11.14121
sz.002132,恒星科技,2016-03-31,3.8914904,3.9270833,3.8321689,3.8677618,19215249.0,125399620.0,4.061351,0.3077,107.891895,2.545074,2.65324,-11.17549
sz.002133,广宇集团,2016-03-29,5.9491368,6.23833095,5.84998452,6.04828908,43172457.0,314224640.0,7.181828,1.5257,-96.211132,2.057225,3.400987,59.586676
sz.002133,广宇集团,2016-03-30,6.10612791,6.20528019,5.96566218,6.1970175,30580567.0,225483360.0,5.087141,2.459,-98.57698,2.107813,3.484618,61.051922
sz.002133,广宇集团,2016-03-31,6.1970175,6.26311902,5.91608604,5.95739949,37735070.0,276762192.0,6.277307,-3.8667,-94.765337,2.026311,3.349879,58.691247
sz.002134,天津普林,2016-03-29,12.3,12.5,11.89,12.02,5345525.0,65153595.0,2.174305,-2.9863,-60.169055,5.441839,7.702227,79.303121
sz.002134,天津普林,2016-03-30,12.27,12.7,12.15,12.65,6689755.0,83482481.0,2.721074,5.2413,-63.322674,5.72706,8.105921,83.459608
sz.002134,天津普林,2016-03-31,12.7,13.92,12.7,13.92,18199796.0,246626349.0,7.402812,10.0395,-70.915595,6.550911,8.918783,139.29991
sz.002135,东南网架,2016-03-29,7.16817465,7.37113455,7.11282195,7.2327528,24998772.0,196530954.0,3.72452,-0.1274,193.720283,2.81191,1.289353,764.605891
sz.002135,东南网架,2016-03-30,7.31578185,7.51874175,7.26042915,7.33423275,23822218.0,189842605.0,3.549227,1.4031,196.438297,2.851363,1.307443,775.33378
sz.002135,东南网架,2016-03-31,7.3619091,7.3988109,7.195851,7.26042915,13002742.0,102759749.0,1.937254,-1.0063,194.461559,2.82267,1.294286,767.531679
sz.002136,安纳达,2016-03-29,12.7826088,12.85671088,12.02306248,12.17126664,6902229.0,92088505.0,3.233506,-4.6444,-21.147723,6.128787,4.658573,-120.683296
sz.002136,安纳达,2016-03-30,12.273157,12.6899812,12.273157,12.67145568,6937703.0,93779716.0,3.250124,4.1096,-22.016808,6.380655,4.850021,-125.642883
sz.002136,安纳达,2016-03-31,12.85671088,13.68109652,12.79187156,13.199433,12135900.0,171581311.0,5.685338,4.1667,-22.934175,6.646515,5.052105,-130.878003
sz.002137,实益达,2016-03-29,13.66,13.74,12.8,13.13,11293823.0,149520358.0,4.423255,-2.088,417.318442,8.444242,18.13693,-65.112642
sz.002137,实益达,2016-03-30,13.4,14.02,13.18,13.9,14281873.0,193430503.0,5.593532,5.8644,441.791801,8.939448,19.200558,-68.931129
sz.002137,实益达,2016-03-31,14.05,14.43,13.62,14.09,19852271.0,278896048.0,7.775193,1.3669,447.830681,9.061642,19.463012,-69.873354
sz.002138,顺络电子,2016-03-29,11.92113092,12.36794992,11.74240332,12.11773128,22258537.0,299997616.0,3.076977,1.6492,38.1472,4.170383,7.615639,185.798693
sz.002138,顺络电子,2016-03-30,12.3322044,12.6002958,12.16241318,12.57348666,26973318.0,374255456.0,3.728739,3.7611,39.58194,4.327234,7.902068,192.786697
sz.002138,顺络电子,2016-03-31,12.6002958,12.69859598,12.3768863,12.40369544,21940778.0,307688000.0,3.03305,-1.3504,39.047429,4.268799,7.795359,190.183323
sz.002139,拓邦股份,2016-03-29,5.0136604,5.03005384,4.74590088,4.77595552,10980722.0,195350391.0,5.831792,-5.0,53.404479,4.953122,3.175229,366.037982
sz.002139,拓邦股份,2016-03-30,4.8360648,5.0956276,4.83333256,5.07376968,13103610.0,238295895.0,6.959244,6.2357,56.734621,5.261984,3.373226,388.863005
sz.002139,拓邦股份,2016-03-31,5.12295,5.2185784,5.03278608,5.09835984,13471097.0,252553691.0,7.154414,0.4847,57.009587,5.287486,3.389575,390.74764
sz.002140,东华科技,2016-03-29,10.73983345,10.8372639,10.342617,10.52998325,2717459.0,38280919.0,0.618693,-2.5659,34.995629,3.280048,1.724977,30.582308
sz.002140,东华科技,2016-03-30,10.5824458,10.9871569,10.5824458,10.9721676,3932201.0,56634429.0,0.895257,4.1993,36.465196,3.417786,1.797414,31.866547
sz.002140,东华科技,2016-03-31,11.0021462,11.03961945,10.8822318,10.9271997,3990005.0,58207335.0,0.908417,-0.4098,36.315749,3.287108,1.790047,-39.716883
sz.002141,贤丰控股,2016-03-29,8.0740195,8.145471,7.86252306,8.12832264,2125279.0,59273985.0,1.168455,0.8153,751.370637,16.78909,6.317548,-2653.144562
sz.002141,贤丰控股,2016-03-30,8.1168904,8.32838684,8.0883098,8.29123206,2427271.0,70101551.0,1.334487,2.0042,766.429753,17.12558,6.444166,-2706.3194
sz.002141,贤丰控股,2016-03-31,8.3169546,8.41412864,8.16833548,8.24836116,2946713.0,84937932.0,1.62007,-0.5171,762.466828,17.03703,6.410845,-2692.326022
sz.002142,宁波银行,2016-03-29,7.78989363,7.87195421,7.64921835,7.69024864,18485041.0,244710978.0,0.535758,-1.0558,7.817463,1.332929,2.62171,-1.405147
sz.002142,宁波银行,2016-03-30,7.75472481,7.94815332,7.73127893,7.93056891,23592244.0,316663280.0,0.683782,3.125,8.061759,1.374583,2.703639,-1.449058
sz.002142,宁波银行,2016-03-31,7.94229185,7.96573773,7.84264686,7.89540009,19071321.0,256735333.0,0.55275,-0.4435,8.026009,1.368487,2.691649,-1.442632
sz.002144,宏达高科,2016-03-29,18.73667972,18.7548003,17.91219333,18.12058,3678925.0,74029078.0,2.806547,-3.1477,28.569158,2.16627,6.711637,-56.423071
sz.002144,宏达高科,2016-03-30,17.9393742,18.83634291,17.9393742,18.83634291,7199869.0,145380965.0,5.492575,3.95,29.69764,2.251838,6.976747,-58.651783
sz.002144,宏达高科,2016-03-31,18.70949885,19.92357771,18.6641974,19.78767336,11692317.0,250081795.0,8.919735,5.0505,31.19752,2.365567,7.329108,-61.613994
sz.002145,钛能化学,2016-03-29,4.4488871,4.4488871,4.2735615,4.29766877,27489557.0,545013776.0,7.862797,-5.0823,-83.123311,4.455615,6.446531,79.213757
sz.002145,钛能化学,2016-03-30,4.34150017,4.602297,4.3173929,4.59353072,40381609.0,827572816.0,11.550292,6.8842,-88.845721,4.76235,6.890326,84.667025
sz.002145,钛能化学,2016-03-31,4.53874147,4.65051154,4.44450396,4.50148478,35276854.0,729741120.0,10.090186,-2.0038,-87.065416,4.666921,6.752256,82.970453
sz.002146,荣盛发展,2016-03-29,5.47791464,5.5002128,5.26236576,5.3143948,30795021.0,221370609.0,0.915939,-3.3784,12.810383,2.080937,1.327535,13.058273
sz.002146,荣盛发展,2016-03-30,5.388722,5.48534736,5.32926024,5.47048192,23554555.0,171029484.0,0.700585,2.9371,13.186632,2.142055,1.366525,13.441802
sz.002146,荣盛发展,2016-03-31,5.47048192,5.48534736,5.35899112,5.39615472,23309108.0,169939053.0,0.693285,-1.3587,13.007466,2.112951,1.347959,13.259169
sz.002148,北纬科技,2016-03-29,6.82303902,6.82742965,6.4542261,6.50691366,9881748.0,148950163.0,4.881803,-3.7662,-198.538992,3.752895,19.584908,-36.34467
sz.002148,北纬科技,2016-03-30,6.61667941,6.86694532,6.57716374,6.83182028,11086791.0,169713672.0,5.477121,4.9933,-208.452545,3.940286,20.562831,-38.159451
sz.002148,北纬科技,2016-03-31,6.88450784,7.1567269,6.84060154,7.13916438,16392137.0,263702134.0,8.09808,4.4987,-217.83023,4.117549,21.487895,-39.876136
sz.002149,西部材料,2016-03-29,8.69903809,8.92116048,8.47238259,8.612909,2751146.0,52641446.0,1.575414,-0.9901,-25.077048,4.344318,3.375153,57.387027
sz.002149,西部材料,2016-03-30,8.63557455,9.07981933,8.63557455,9.02995512,4102313.0,80378794.0,2.349146,4.8421,-26.291305,4.554674,3.538581,60.165767
sz.002149,西部材料,2016-03-31,9.1115511,9.93204401,9.04355445,9.93204401,6713558.0,139297254.0,3.844447,9.99,-28.917796,5.009685,3.892084,66.176303
sz.002150,正泰电源,2016-03-29,8.5539671,8.6200209,8.20388196,8.27654114,5373325.0,68143662.0,2.147612,-4.0582,45.184516,5.176005,3.328534,42.649634
sz.002150,正泰电源,2016-03-30,8.3888326,8.79176078,8.3558057,8.7851554,6553977.0,85180283.0,2.619495,6.1453,47.961218,5.494083,3.533081,45.270561
sz.002150,正泰电源,2016-03-31,8.7851554,8.90405224,8.6530478,8.72570698,6767223.0,89677139.0,2.704725,-0.6767,47.636669,5.456905,3.509173,44.964219
sz.002151,北斗星通,2016-03-29,26.5330815,26.9191362,25.846035,25.9638144,5648422.0,226563871.0,4.150149,-3.6893,229.901562,4.408046,10.519795,45.949242
sz.002151,北斗星通,2016-03-30,26.500365,26.8798764,26.1797433,26.82753,6087356.0,246864526.0,4.472653,3.3266,237.549497,4.554685,10.869748,47.477796
sz.002151,北斗星通,2016-03-31,27.3313641,27.48186,26.762097,26.9845692,6540399.0,270927840.0,4.805524,0.5854,238.94003,4.581346,10.933376,47.755714
sz.002152,广电运通,2016-03-29,8.82793539,9.00848115,8.56840086,8.80912854,9453578.0,221599604.0,1.095307,0.6014,28.139103,5.605823,6.363548,-25563.723333
sz.002152,广电运通,2016-03-30,8.88435594,9.07242444,8.88435594,9.04609485,7198108.0,172363527.0,0.833985,2.69,28.896047,5.75662,6.534728,-26251.389674
sz.002152,广电运通,2016-03-31,9.12508362,9.36204993,8.97839019,8.98215156,10673357.0,260901736.0,1.236633,-0.7069,28.691792,5.715929,6.488536,-26065.828915
sz.002153,石基信息,2016-03-29,11.04039825,11.04039825,10.5189567,10.62453252,2199418.0,183288245.0,1.348893,-3.3158,76.508242,14.099239,14.085521,97.636226
sz.002153,石基信息,2016-03-30,10.7378334,11.28502515,10.7378334,11.22966222,2945823.0,251339981.0,1.80666,5.6956,80.865836,14.902274,14.887774,103.197184
sz.002153,石基信息,2016-03-31,11.973843,11.9995932,11.458839,11.66097807,5079305.0,462825792.0,3.115115,3.8409,89.21533,6.960597,16.211276,25.258171
sz.002154,报喜鸟,2016-03-29,3.84798819,3.86270325,3.72291018,3.75969783,27233376.0,139855943.0,2.554098,-2.2945,55.529543,2.092073,2.673559,-915.136409
sz.002154,报喜鸟,2016-03-30,3.78912795,3.88477584,3.78177042,3.87741831,23737346.0,123446771.0,2.22622,3.1311,57.268237,2.157578,2.757271,-943.790387
sz.002154,报喜鸟,2016-03-31,3.85534572,3.89213337,3.8259156,3.86270325,34711696.0,182073967.0,3.255456,-0.3795,57.0509,2.14939,2.746807,-940.20864
sz.002155,湖南黄金,2016-03-29,6.56990816,6.59197952,6.43748,6.48897984,18652501.0,164999118.0,1.872555,-1.0101,347.376505,2.942602,1.72066,-158.487049
sz.002155,湖南黄金,2016-03-30,6.621408,6.6949792,6.56255104,6.65083648,24770925.0,223252268.0,2.486793,2.4943,356.041225,3.016001,1.763578,-162.44024
sz.002155,湖南黄金,2016-03-31,6.56990816,6.65083648,6.56255104,6.5846224,21504835.0,192740198.0,2.158905,-0.9956,353.578761,2.989327,1.748868,-257.527548
sz.002156,通富微电,2016-03-29,9.859291,10.0109724,9.53317599,9.66210518,10131194.0,130509027.0,1.559218,-2.8963,64.589275,2.56587,4.105156,186.534456
sz.002156,通富微电,2016-03-30,9.7834503,10.1626538,9.75311402,10.15506973,11772975.0,154494521.0,1.811893,5.102,67.884646,2.696782,4.314603,196.05152
sz.002156,通富微电,2016-03-31,10.24607857,10.35225555,10.09439717,10.24607857,16261225.0,218913165.0,2.502647,0.8962,68.493022,2.72095,4.35327,197.808517
sz.002157,正邦科技,2016-03-29,5.80108695,5.8467648,5.49961314,5.52701985,11762271.0,216718842.0,3.045419,-5.1228,38.616871,5.490599,0.726026,87.094177
sz.002157,正邦科技,2016-03-30,5.63664669,5.80108695,5.6031496,5.75236391,9929887.0,185830533.0,2.570989,4.0771,40.191333,5.714458,0.755627,90.645124
sz.002157,正邦科技,2016-03-31,5.77063505,5.85590037,5.72191201,5.85285518,8352209.0,158866653.0,2.162505,1.747,40.870944,5.811086,0.768404,92.177878
sz.002158,汉钟精机,2016-03-29,8.69151483,8.97409161,8.64593793,8.79178401,3576497.0,69002059.0,1.3554,0.9419,35.903148,3.140099,6.389269,6.731756
sz.002158,汉钟精机,2016-03-30,8.85103398,9.10170693,8.71430328,9.07436079,4488449.0,88238603.0,1.701007,3.2141,37.057111,3.241025,6.594627,6.948122
sz.002158,汉钟精机,2016-03-31,9.0698031,9.53012979,9.0698031,9.46176444,5984060.0,122887509.0,2.267805,4.2692,38.639158,3.379391,6.876165,7.244752
sz.002159,三特索道,2016-03-29,21.3805787,21.6708128,20.79043603,21.36122976,2090011.0,46019829.0,1.561077,-1.9538,71.192021,3.196435,7.142952,-15.728547
sz.002159,三特索道,2016-03-30,21.45797446,22.02876819,21.31285741,21.85462773,1893407.0,42369647.0,1.414229,2.3098,72.836402,3.270266,7.307939,-16.091842
sz.002159,三特索道,2016-03-31,22.0577916,22.251281,21.59341704,21.72885962,3075482.0,69544632.0,2.297148,-0.5755,72.417246,3.251446,7.265884,-15.999237
sz.002160,常铝股份,2016-03-29,9.19979406,9.24801101,8.91049236,9.04549982,5682386.0,53440177.0,1.650198,-1.0548,49.056729,2.587045,2.289033,18.03357
sz.002160,常铝股份,2016-03-30,9.1612205,9.3540883,9.07442999,9.3540883,5528500.0,52906749.0,1.605509,3.4115,50.730306,2.675303,2.367123,18.648788
sz.002160,常铝股份,2016-03-31,9.36373169,9.4505222,9.24801101,9.31551474,5718518.0,55329017.0,1.660691,-0.4124,50.521109,2.66427,2.357362,18.571885
sz.002161,远望谷,2016-03-29,16.0796502,16.32779295,15.09700491,15.23596485,54710542.0,856336256.0,7.861851,-7.0823,719.091408,7.834054,22.308004,340.914105
sz.002161,远望谷,2016-03-30,15.57343899,15.85135887,15.32529624,15.83150745,41182265.0,648264672.0,5.917851,3.9088,747.199215,8.140271,23.179978,354.239738
sz.002161,远望谷,2016-03-31,15.85135887,15.97046739,15.51388473,15.60321612,35921487.0,568797184.0,5.161882,-1.442,736.424556,8.022888,22.845721,349.131579
sz.002162,悦心健康,2016-03-29,7.28971236,7.36660806,6.96675042,7.0744044,19751187.0,183348697.0,3.15011,-4.3659,413.740138,7.525726,8.815172,-146.315559
sz.002162,悦心健康,2016-03-30,7.08209397,7.29740193,7.08209397,7.28971236,17125895.0,160615797.0,2.731403,3.0435,426.332229,7.75477,9.08346,-150.768642
sz.002162,悦心健康,2016-03-31,7.35122892,7.37429763,7.12823139,7.19743752,17579843.0,165300713.0,2.803803,-1.2658,420.935619,7.656608,8.96848,-148.860178
sz.002163,海南发展,2016-03-29,7.95,8.03,7.76,7.8,10980400.0,86539586.0,1.479529,-1.5152,-27.248184,7.465296,1.380814,-21.308081
sz.002163,海南发展,2016-03-30,7.89,8.04,7.87,8.04,10363454.0,82502225.0,1.3964,3.0769,-28.08659,7.694998,1.4233,-21.963715
sz.002163,海南发展,2016-03-31,8.09,8.13,7.93,7.96,13463130.0,107933539.0,1.814058,-0.995,-27.807121,7.61843,1.409138,-21.74517
sz.002164,宁波东力,2016-03-29,10.2592098,10.2592098,10.2592098,10.2592098,0.0,0.0,,0.0,408.111291,4.328229,9.190045,699.580202
sz.002164,宁波东力,2016-03-30,10.2592098,10.2592098,10.2592098,10.2592098,0.0,0.0,,0.0,408.111291,4.328229,9.190045,699.580202
sz.002164,宁波东力,2016-03-31,10.2592098,10.2592098,10.2592098,10.2592098,0.0,0.0,,0.0,408.111291,4.328229,9.190045,699.580202
sz.002165,红宝丽,2016-03-29,6.71425321,7.01007478,6.66046747,6.8128604,11885503.0,90782641.0,2.253268,0.5291,39.601254,3.900437,2.266404,-185.193522
sz.002165,红宝丽,2016-03-30,6.82182469,7.14453913,6.82182469,7.0817891,15284420.0,119030173.0,2.897638,3.9474,41.164462,4.054402,2.355867,-192.503792
sz.002165,红宝丽,2016-03-31,7.14453913,7.39553925,7.02800336,7.04593194,26990986.0,217759804.0,5.116983,-0.5063,40.956034,4.033873,2.343938,-191.52909
sz.002166,莱茵生物,2016-03-29,10.16336268,10.17921816,9.909675,9.96516918,12834919.0,162263237.0,4.230367,-1.9501,72.99711,6.905846,10.684031,43.779887
sz.002166,莱茵生物,2016-03-30,10.06030206,10.3853394,10.0285911,10.306062,14306027.0,184030665.0,4.715242,3.4208,75.494226,7.142084,11.049515,45.277529
sz.002166,莱茵生物,2016-03-31,10.39326714,10.6231716,10.2267846,10.2664233,21657204.0,285200560.0,7.138177,-0.3846,75.203864,7.114615,11.007017,45.103384
sz.002167,东方锆业,2016-03-29,9.19,9.19,8.86,8.91,18949449.0,170044797.0,4.01484,-2.8353,-19.997655,4.372214,9.795249,-8392.861508
sz.002167,东方锆业,2016-03-30,9.07,9.2,8.88,9.2,24406303.0,220884482.0,5.170989,3.2548,-20.648532,4.51452,10.114062,-8666.02984
sz.002167,东方锆业,2016-03-31,9.19,9.24,8.99,9.08,24929375.0,226347876.0,5.281813,-1.3043,-20.379203,4.455635,9.982139,-8552.994669
sz.002168,*ST惠程,2016-03-29,8.89,8.89,8.89,8.89,0.0,0.0,,0.0,54.103087,5.982273,33.161969,1065.495509
sz.002168,*ST惠程,2016-03-30,8.89,8.89,8.89,8.89,0.0,0.0,,0.0,54.103087,5.982273,33.161969,1065.495509
sz.002168,*ST惠程,2016-03-31,8.89,8.89,8.89,8.89,0.0,0.0,,0.0,54.103087,5.982273,33.161969,1065.495509
sz.002169,智光电气,2016-03-29,7.77025815,7.81478685,7.41402855,7.51644456,7756747.0,131629736.0,4.16222,-2.821,49.399367,4.642842,4.082811,29.865416
sz.002169,智光电气,2016-03-30,7.63667205,8.1042234,7.63221918,8.1042234,12171357.0,214811517.0,6.531071,7.8199,53.262351,5.005907,4.402083,32.200863
sz.002169,智光电气,2016-03-31,8.18437506,8.21554515,7.8815799,7.96173156,12010164.0,215620256.0,6.444575,-1.7583,52.32587,4.917891,4.324683,31.634694
sz.002170,芭田股份,2016-03-29,8.1052033,8.15073815,7.85931511,7.93217087,16039832.0,140515629.0,2.534782,-2.4636,47.963321,4.058759,3.465497,-23.873599
sz.002170,芭田股份,2016-03-30,7.98681269,8.26912876,7.98681269,8.20537997,21228819.0,189929406.0,3.3548,3.4443,49.61533,4.198555,3.584859,-24.695881
sz.002170,芭田股份,2016-03-31,8.26002179,8.38751937,8.17805906,8.26912876,22216470.0,201831409.0,3.510879,0.7769,50.000798,4.231174,3.612711,-24.887747
sz.002171,楚江新材,2016-03-29,6.92086924,6.9295857,6.57221084,6.63758429,7612208.0,117263423.0,2.350165,-3.6686,96.14038,4.073999,0.84544,48.321083
sz.002171,楚江新材,2016-03-30,6.73346535,6.96009331,6.69859951,6.94701862,7428663.0,116256744.0,2.293498,4.6619,100.622301,4.263923,0.884853,50.57374
sz.002171,楚江新材,2016-03-31,7.0603326,7.0603326,6.86421225,6.91651101,8159779.0,130153882.0,2.51922,-0.4391,100.180422,4.245198,0.880967,50.351647
sz.002172,澳洋健康,2016-03-29,12.66,12.88,12.08,12.35,15282942.0,190671317.0,2.843075,-2.9088,63.165328,8.421883,2.25316,68.37115
sz.002172,澳洋健康,2016-03-30,12.52,12.75,12.35,12.74,15810549.0,198390804.0,2.941226,3.1579,65.160023,8.687837,2.324312,70.530239
sz.002172,澳洋健康,2016-03-31,12.74,12.8,12.51,12.61,14037932.0,177398609.0,2.611467,-1.0204,64.495124,8.599186,2.300595,69.810543
sz.002173,创新医疗,2016-03-29,19.02017306,19.02017306,18.15742277,18.2466728,3191203.0,59681739.0,2.285737,-2.8511,-128.660701,18.196582,61.341794,560.721784
sz.002173,创新医疗,2016-03-30,18.6433396,19.03008973,18.2466728,18.841673,3376361.0,63568658.0,2.418359,3.2609,-132.856158,18.789949,63.34207,579.00619
sz.002173,创新医疗,2016-03-31,18.85158967,19.21850646,18.66317294,18.79208965,4136939.0,79057115.0,2.963132,-0.2632,-132.506537,18.740502,63.17538,577.482489
sz.002174,游族网络,2016-03-29,34.32765,34.4845764,31.450666,31.7154793,6994987.0,697747200.0,7.948565,-7.9165,54.022233,12.728231,18.148358,618.877781
sz.002174,游族网络,2016-03-30,33.67379,34.8867003,33.3828223,34.8867003,4912303.0,518830848.0,5.581963,9.999,59.423899,14.000923,19.963006,680.759179
sz.002174,游族网络,2016-03-31,38.3750434,38.3750434,37.9598423,38.3750434,5131076.0,602148976.0,5.83056,9.9991,65.365732,15.400884,21.95912,748.828718
sz.002175,东方智造,2016-03-29,18.8836488,18.95273532,17.61322446,18.23884128,13298663.0,633278992.0,6.674937,-3.3754,207.056024,13.332861,27.146255,-286.960993
sz.002175,东方智造,2016-03-30,18.5382162,20.06195778,18.4614534,20.06195778,16356792.0,820171376.0,8.20989,9.9958,227.752912,14.665586,29.859738,-315.645015
sz.002175,东方智造,2016-03-31,20.342142,20.64535506,19.7280396,19.89307962,16214909.0,850821104.0,8.138675,-0.8418,225.835726,14.542133,29.608384,-312.987968
sz.002176,江特电机,2016-03-29,12.15450272,12.72284288,12.1146192,12.40377472,124691760.0,1552897360.0,10.84161,2.725,464.017803,7.480025,20.470053,-42.556918
sz.002176,江特电机,2016-03-30,12.4636,13.460688,12.19438624,13.38092096,144420112.0,1856152992.0,12.556937,7.8778,500.57226,8.069288,22.082646,-45.909473
sz.002176,江特电机,2016-03-31,13.35100832,13.460688,13.00202752,13.2612704,121095806.0,1607789648.0,10.528951,-0.8942,496.096204,7.997133,21.885186,-45.498956
sz.002177,御银股份,2016-03-29,7.4237101,7.4533654,7.1370422,7.216123,15388604.0,113323174.0,2.574013,-3.0544,79.121419,3.377183,5.101567,-267.097896
sz.002177,御银股份,2016-03-30,7.2952038,7.5423313,7.2556634,7.5324462,18142873.0,135551422.0,3.034713,4.3836,82.589755,3.525223,5.325197,-278.806297
sz.002177,御银股份,2016-03-31,7.5719866,7.6708376,7.512676,7.5621015,21608488.0,165889149.0,3.614398,0.3937,82.914912,3.539102,5.346163,-279.90396
sz.002178,延华智能,2016-03-29,10.1943676,10.2836179,9.7580328,9.9563668,12107977.0,121680835.0,2.136798,-2.4295,71.368536,6.378436,6.564888,115.373481
sz.002178,延华智能,2016-03-30,10.0654505,10.3431181,10.0059503,10.2935346,11423561.0,117187497.0,2.016013,3.3865,73.785399,6.594439,6.787205,119.280551
sz.002178,延华智能,2016-03-31,10.412535,10.511702,10.2538678,10.3232847,13508956.0,141416004.0,2.38404,0.289,73.998652,6.613498,6.806821,119.625293
sz.002179,中航光电,2016-03-29,10.22976108,10.26297459,9.86743188,9.95197536,7624941.0,253126021.0,1.319917,-2.6292,34.940857,6.112393,4.202765,-139.338382
sz.002179,中航光电,2016-03-30,10.09388763,10.94838066,10.09388763,10.85779836,24204557.0,851920944.0,4.189933,9.1019,38.121153,6.377234,4.585298,92.153905
sz.002179,中航光电,2016-03-31,10.76419665,10.9604583,10.61322615,10.79439075,17198573.0,613957808.0,2.977162,-0.584,37.898533,6.339992,4.558521,91.615743
sz.002180,纳思达,2016-03-29,24.7673538,24.7673538,24.7673538,24.7673538,0.0,0.0,,0.0,89.603442,13.289991,12.299508,38.611559
sz.002180,纳思达,2016-03-30,24.7673538,24.7673538,24.7673538,24.7673538,0.0,0.0,,0.0,89.603442,13.289991,12.299508,38.611559
sz.002180,纳思达,2016-03-31,24.7673538,24.7673538,24.7673538,24.7673538,0.0,0.0,,0.0,89.603442,13.289991,12.299508,38.611559
sz.002181,粤传媒,2016-03-29,8.6944736,8.786968,8.47248704,8.54648256,18714358.0,173841706.0,1.640365,-3.3473,-39.148103,2.431828,8.278553,-11.557813
sz.002181,粤传媒,2016-03-30,8.6482264,8.84246464,8.57423088,8.8332152,21571853.0,203573695.0,1.890833,3.355,-40.461514,2.513416,8.556297,-11.945575
sz.002181,粤传媒,2016-03-31,8.84246464,9.03670288,8.79621744,8.8794624,32323134.0,311824096.0,2.833212,0.5236,-40.673354,2.526575,8.601094,-12.008117
sz.002182,宝武镁业,2016-03-29,4.596018,4.64526105,4.44828885,4.55005782,8793052.0,121618373.0,3.994129,-0.5025,153.844943,4.929896,1.430717,110.120066
sz.002182,宝武镁业,2016-03-30,4.62556383,4.70435271,4.56975504,4.69778697,13200750.0,186923859.0,5.996269,3.2468,158.839909,5.089958,1.477169,113.695393
sz.002182,宝武镁业,2016-03-31,4.71420132,4.74374715,4.60914948,4.64854392,10171594.0,144406140.0,4.620314,-1.0482,157.17492,5.036604,1.461685,112.503617
sz.002183,怡亚通,2016-03-29,13.3892005,13.47451222,12.70670674,12.8915488,30654855.0,841603152.0,3.037722,-3.7849,55.610731,5.985847,0.710843,24.613624
sz.002183,怡亚通,2016-03-30,13.12378626,13.53612624,12.92472558,13.52190762,29978299.0,837043280.0,2.97068,4.8897,58.329932,6.278537,0.745601,25.817158
sz.002183,怡亚通,2016-03-31,13.64513566,14.36554574,13.54560532,13.9579453,49556631.0,1472057920.0,4.910781,3.2247,60.210883,6.480999,0.769645,26.649678
sz.002184,海得控制,2016-03-29,16.92166944,17.12585248,16.16236376,16.41759256,4653902.0,120642667.0,3.46424,-4.1713,72.701888,6.96138,3.249513,95.507504
sz.002184,海得控制,2016-03-30,16.59625272,17.387462,16.59625272,17.387462,4099060.0,109157653.0,3.05123,5.9075,76.996753,7.372624,3.441478,101.14961
sz.002184,海得控制,2016-03-31,17.7384016,18.185052,17.54698,17.59164504,4560132.0,127231530.0,3.39444,1.1743,77.900935,7.459201,3.481892,102.337422
sz.002185,华天科技,2016-03-29,4.606854,4.6268838,4.4098943,4.4699837,17303358.0,233201111.0,2.483464,-2.2628,34.42589,4.14394,2.833036,-407.996041
sz.002185,华天科技,2016-03-30,4.5367497,4.6869732,4.506705,4.6602668,15437022.0,212294165.0,2.215598,4.2569,35.891369,4.320344,2.953636,-425.364058
sz.002185,华天科技,2016-03-31,4.7003264,4.7837839,4.640237,4.6469136,17555937.0,247773893.0,2.519715,-0.2865,35.788528,4.307965,2.945173,-424.14525
sz.002186,全聚德,2016-03-29,17.6994668,17.77478368,17.23815091,17.28522396,3255864.0,60307080.0,1.159376,-2.7542,43.18638,4.115355,3.056001,40.235048
sz.002186,全聚德,2016-03-30,17.36054084,17.69005219,17.36054084,17.68063758,2820048.0,52583074.0,1.004187,2.2876,44.174304,4.209497,3.125909,41.155458
sz.002186,全聚德,2016-03-31,17.69005219,17.78419829,17.59590609,17.73712524,3217709.0,60502509.0,1.145789,0.3195,44.315435,4.222946,3.135896,41.286945
sz.002187,广百股份,2016-03-29,11.1148856,11.1148856,10.7062501,10.86153159,2058008.0,27413966.0,0.601014,-1.9188,18.156898,1.795658,0.620898,-300.175666
sz.002187,广百股份,2016-03-30,10.88604972,11.22930354,10.88604972,11.18026728,2683937.0,36306990.0,0.783808,2.9345,18.689719,1.848352,0.639118,-308.984433
sz.002187,广百股份,2016-03-31,11.18843999,11.30285793,11.18026728,11.25382167,2659946.0,36541286.0,0.776802,0.6579,18.812677,1.860512,0.643323,-311.017225
sz.002188,中天服务,2016-03-29,28.8,29.29,27.4,27.69,3839013.0,107573847.0,2.460906,-5.3333,763.345328,4.153418,45.428817,55.325469
sz.002188,中天服务,2016-03-30,28.25,30.46,28.0,30.46,7365314.0,219242172.0,4.721355,10.0036,839.707429,4.56891,49.973339,60.860014
sz.002188,中天服务,2016-03-31,33.01,33.51,33.0,33.51,3506942.0,117260568.0,2.24804,10.0131,923.788442,5.026401,54.977235,66.954008
sz.002189,中光学,2016-03-29,31.89632018,32.9630546,31.05062082,32.2903392,13647259.0,454612032.0,6.874345,0.3284,424.113228,12.800193,8.362876,500.262229
sz.002189,中光学,2016-03-30,32.9150035,34.10667078,32.17501656,33.9721277,18146904.0,625301664.0,9.140889,5.2083,446.202459,13.46687,8.798443,526.317554
sz.002189,中光学,2016-03-31,33.8760255,34.1643321,33.26097142,33.9721277,16261305.0,571287504.0,8.191082,0.0,446.202459,13.46687,8.798443,526.317554
sz.002190,成飞集成,2016-03-29,34.55998125,35.2953,33.9030965,34.4913515,8262531.0,290894176.0,2.39363,-1.3184,137.824933,7.358731,7.480412,-80.795313
sz.002190,成飞集成,2016-03-30,35.28549575,36.08944425,34.8835215,36.0600315,12300136.0,445214848.0,3.563311,4.548,144.093264,7.693409,7.820624,-84.469915
sz.002190,成飞集成,2016-03-31,36.22670375,36.75613325,35.3933425,35.68747,13538844.0,497947424.0,3.922161,-1.0332,142.604536,7.613923,7.739823,-83.597197
sz.002191,劲嘉股份,2016-03-29,8.12148448,8.2009652,7.767434,7.82523816,49189897.0,540013760.0,3.799398,-5.4974,19.793512,3.656914,5.20425,749.564281
sz.002191,劲嘉股份,2016-03-30,7.948072,8.2009652,7.89026784,8.15038656,41875982.0,466132384.0,3.234476,4.1551,20.615957,3.808864,5.420493,780.709611
sz.002191,劲嘉股份,2016-03-31,8.21541624,8.50443704,8.01310168,8.41050528,54863199.0,627745824.0,4.237601,3.1915,21.273913,3.930423,5.593488,805.625875
sz.002192,融捷股份,2016-03-29,32.072403,33.3358613,31.85858698,33.20951547,16220254.0,546923472.0,8.515039,2.6126,996.453699,12.122072,38.168945,242.18213
sz.002192,融捷股份,2016-03-30,33.3358613,35.62952406,32.7527267,34.95891927,22027186.0,776701760.0,11.563465,5.2678,1048.944675,12.760636,40.179601,254.939749
sz.002192,融捷股份,2016-03-31,35.26992439,38.45772687,35.13385965,38.45772687,16297538.0,624057440.0,8.55561,10.0083,1153.926628,14.037764,44.200912,280.454987
sz.002193,如意集团,2016-03-29,14.87045998,14.95891612,14.38886544,14.65423386,5016417.0,74685882.0,3.136248,-1.6491,139.359136,3.479265,4.027302,29.15205
sz.002193,如意集团,2016-03-30,14.83114614,15.27342684,14.77217538,15.27342684,6927250.0,105535225.0,4.330894,4.2254,145.247551,3.626276,4.19747,30.383826
sz.002193,如意集团,2016-03-31,15.3815399,15.59776602,15.1358284,15.36188298,5646788.0,88425459.0,3.530354,0.5792,146.088753,3.647278,4.221779,30.559795
sz.002194,武汉凡谷,2016-03-29,9.34406388,9.4525356,9.01090074,9.0651366,6514980.0,77393384.0,1.499737,-3.9409,82.139682,3.205336,3.672006,-52.11745
sz.002194,武汉凡谷,2016-03-30,9.1426164,9.46803156,9.1426164,9.44478762,8742882.0,104836452.0,2.012597,4.188,85.57972,3.339577,3.825791,-54.300147
sz.002194,武汉凡谷,2016-03-31,9.36730782,9.63073914,9.36730782,9.62299116,11949062.0,146701414.0,2.750654,1.8868,92.011899,3.380208,3.897975,-63.226143
sz.002195,岩山科技,2016-03-29,4.55785024,4.5795384,4.30593392,4.37266672,23269540.0,619163728.0,5.161369,-4.063,59.50944,5.800532,16.985857,-63.683796
sz.002195,岩山科技,2016-03-30,4.45107776,4.58621168,4.37767168,4.57286512,28624823.0,766890352.0,6.349213,4.5784,62.234023,6.066104,17.763538,-66.599498
sz.002195,岩山科技,2016-03-31,4.60789984,4.60956816,4.4710976,4.48944912,25852840.0,700227616.0,5.734365,-1.8242,61.09878,5.955449,17.439504,-65.384622
sz.002196,方正电机,2016-03-29,15.06171735,15.1487793,14.22592263,14.44067544,4304628.0,108874656.0,4.392725,-4.1233,111.777654,2.982611,8.306781,343.095469
sz.002196,方正电机,2016-03-30,14.53934565,15.35192385,14.53354152,15.28807842,3605268.0,92622202.0,3.679052,5.8682,118.336954,3.157636,8.794237,363.228885
sz.002196,方正电机,2016-03-31,15.3229032,15.52024362,15.090738,15.16038756,3577332.0,93997351.0,3.650545,-0.8352,117.348566,3.131262,8.720784,360.195083
sz.002197,证通电子,2016-03-29,20.36645808,20.57367495,19.73494,19.95202434,14736177.0,298966464.0,4.370904,-2.3188,106.204153,7.483708,7.56284,-31.660937
sz.002197,证通电子,2016-03-30,20.3269882,21.18545809,20.13950627,21.18545809,20848707.0,435672144.0,6.183944,6.182,112.769692,7.946351,8.030375,-33.618215
sz.002197,证通电子,2016-03-31,21.28413279,22.14260268,21.08678339,21.79724123,34004647.0,747662976.0,10.086134,2.8878,116.026199,8.175822,8.262272,-34.589025
sz.002198,嘉应制药,2016-03-29,8.62125381,8.75982735,8.34410673,8.49257838,9482139.0,81636861.0,2.349728,-2.3891,65.623384,4.811949,9.15172,-297.589653
sz.002198,嘉应制药,2016-03-30,8.57176326,8.908299,8.53217082,8.908299,8810827.0,77466107.0,2.183373,4.8951,68.835718,5.047499,9.599706,-312.156979
sz.002198,嘉应制药,2016-03-31,9.0072801,9.25473285,8.78952168,9.08646498,15383744.0,140256566.0,3.812179,2.0,70.212432,5.148449,9.7917,-318.400118
sz.002199,*ST东晶,2016-03-29,16.77,17.28,16.41,17.0,7442097.0,125739201.0,5.097053,2.719,-15.071304,6.430846,12.238978,-88.117671
sz.002199,*ST东晶,2016-03-30,17.01,17.87,16.73,17.8,8631223.0,151351131.0,5.911479,4.7059,-15.780542,6.733475,12.81493,-92.264385
sz.002199,*ST东晶,2016-03-31,17.94,17.96,17.45,17.61,4918970.0,86899519.0,3.368977,-1.0674,-15.612098,6.6616,12.678141,-91.27954
sz.002200,*ST交投,2016-03-29,20.03015276,20.2342704,19.7017896,19.95915532,4293809.0,96818724.0,3.98205,-0.7064,396.441447,5.104847,4.909707,-467.429899
sz.002200,*ST交投,2016-03-30,20.0124034,20.411764,19.79941108,20.37626528,4517145.0,102656366.0,4.18917,2.0898,404.726351,5.211529,5.012311,-477.198332
sz.002200,*ST交投,2016-03-31,20.411764,20.5005108,19.84378448,20.00352872,5167926.0,116833614.0,4.7927,-1.8293,397.32282,5.116197,4.920622,-468.469094
sz.002201,九鼎新材,2016-03-29,6.25150475,6.25150475,6.25150475,6.25150475,0.0,0.0,,0.0,255.331597,4.66282,5.938853,-84.103162
sz.002201,九鼎新材,2016-03-30,6.25150475,6.25150475,6.25150475,6.25150475,0.0,0.0,,0.0,255.331597,4.66282,5.938853,-84.103162
sz.002201,九鼎新材,2016-03-31,6.25150475,6.25150475,6.25150475,6.25150475,0.0,0.0,,0.0,255.331597,4.66282,5.938853,-84.103162
sz.002202,金风科技,2016-03-29,9.56730176,9.6797886,9.38969096,9.5317796,28279769.0,454731184.0,1.310837,-0.6173,15.456135,2.747326,1.465041,-30.659692
sz.002202,金风科技,2016-03-30,9.63834608,9.8277976,9.5909832,9.7981958,38104753.0,625400976.0,1.76625,2.795,15.888139,2.701032,1.505989,-13.384952
sz.002202,金风科技,2016-03-31,9.88108084,9.91068264,9.67386824,9.72123112,34059892.0,562210832.0,1.57876,-0.7855,15.763337,2.679816,1.49416,-13.279813
sz.002203,海亮股份,2016-03-29,6.77603073,6.77603073,6.6041421,6.6041421,7588177.0,55841732.0,0.517008,-1.6172,26.721123,3.360963,0.889647,25.537309
sz.002203,海亮股份,2016-03-30,6.6946098,6.86649843,6.63128241,6.84840489,9716828.0,72640339.0,0.662041,3.6986,27.709438,3.485273,0.922552,26.48184
sz.002203,海亮股份,2016-03-31,6.85745166,6.89363874,6.73984365,6.80317104,9013668.0,67904047.0,0.614132,-0.6605,27.526417,3.462252,0.916459,26.306927
sz.002204,大连重工,2016-03-29,3.4184088,3.44214775,3.323453,3.38042648,8485508.0,60380633.0,0.878703,-1.7931,347.423123,1.05394,0.96203,23.542491
sz.002204,大连重工,2016-03-30,3.38992206,3.49437344,3.38992206,3.49437344,9674116.0,70305541.0,1.001788,3.3708,359.134015,1.089466,0.994458,24.336058
sz.002204,大连重工,2016-03-31,3.52286018,3.63680714,3.50386902,3.54185134,14666382.0,110117550.0,1.518754,1.3587,364.013553,1.104268,1.007969,24.666711
sz.002205,国统股份,2016-03-29,13.65876378,13.74560424,13.21835859,13.44166263,2683762.0,58459710.0,2.31056,-2.167,-47.558955,2.789305,6.404864,35.319177
sz.002205,国统股份,2016-03-30,13.57192332,14.07435741,13.57192332,13.9565025,3055670.0,68233474.0,2.630751,3.8302,-49.380549,2.896141,6.650181,36.671965
sz.002205,国统股份,2016-03-31,14.02473429,14.32247301,13.98751695,14.09296608,4097061.0,93455230.0,3.527327,0.9778,-49.863381,2.924459,6.715205,37.030535
sz.002206,海利得,2016-03-29,4.1959316,4.3647,4.102818,4.1639238,6628382.0,96568960.0,1.933094,-0.2787,32.89503,3.082854,3.035966,103.416958
sz.002206,海利得,2016-03-30,4.1551944,4.321053,4.1551944,4.2657668,6906491.0,100568808.0,2.014201,2.4458,33.69959,3.158256,3.110221,105.946374
sz.002206,海利得,2016-03-31,4.2803158,4.422896,4.277406,4.4025274,7287244.0,109063235.0,2.125243,3.206,34.78,3.259509,3.209935,109.343018
sz.002207,准油股份,2016-03-29,21.42,21.42,21.42,21.42,0.0,0.0,,0.0,-29.997197,9.225272,17.427089,-44.207111
sz.002207,准油股份,2016-03-30,21.42,21.42,21.42,21.42,0.0,0.0,,0.0,-29.997197,9.225272,17.427089,-44.207111
sz.002207,准油股份,2016-03-31,21.42,21.42,21.42,21.42,0.0,0.0,,0.0,-29.997197,9.225272,17.427089,-44.207111
sz.002208,合肥城建,2016-03-29,12.6377564,12.84502712,11.51504,12.77017936,17557136.0,383466352.0,5.499299,1.2785,77.577061,4.581385,3.774243,23.843156
sz.002208,合肥城建,2016-03-30,12.64351392,13.242296,12.21169992,12.65502896,19020964.0,417928480.0,5.957803,-0.9017,76.877538,4.540074,3.740211,23.628159
sz.002208,合肥城建,2016-03-31,12.64351392,13.242296,12.378668,13.15017568,11135425.0,248752882.0,3.487871,3.9127,79.885486,4.717711,3.886552,24.552646
sz.002209,达意隆,2016-03-29,22.62266278,22.62266278,22.62266278,22.62266278,0.0,0.0,,0.0,349.340576,6.762321,5.553694,37.455916
sz.002209,达意隆,2016-03-30,22.62266278,22.62266278,22.62266278,22.62266278,0.0,0.0,,0.0,349.340576,6.762321,5.553694,37.455916
sz.002209,达意隆,2016-03-31,22.62266278,22.62266278,22.62266278,22.62266278,0.0,0.0,,0.0,349.340576,6.762321,5.553694,37.455916
sz.002210,飞马国际,2016-03-29,7.71967308,7.8717408,7.6928376,7.79570694,6405170.0,111263975.0,1.101409,-0.4569,74.625313,5.435713,0.273653,17.731919
sz.002210,飞马国际,2016-03-30,7.86279564,8.03275368,7.78676178,7.99697304,6166731.0,108856395.0,1.060408,2.5817,76.551956,5.57605,0.280718,18.189714
sz.002210,飞马国际,2016-03-31,8.0059182,8.04617142,7.8493779,7.88963112,6220473.0,110579387.0,1.06965,-1.3423,75.524413,5.501203,0.27695,17.945557
sz.002211,ST宏达,2016-03-29,10.54,10.54,10.54,10.54,0.0,0.0,,0.0,-79.47429,5.778114,6.85788,107.655423
sz.002211,ST宏达,2016-03-30,10.54,10.54,10.54,10.54,0.0,0.0,,0.0,-79.47429,5.778114,6.85788,107.655423
sz.002211,ST宏达,2016-03-31,10.54,10.54,10.54,10.54,0.0,0.0,,0.0,-79.47429,5.778114,6.85788,107.655423
sz.002212,天融信,2016-03-29,8.7530165,8.8120256,8.3596225,8.4776407,11048266.0,96193601.0,3.669405,-4.0089,83.793878,2.465394,1.937646,41.447485
sz.002212,天融信,2016-03-30,8.48747555,8.86119985,8.48747555,8.82186045,13207353.0,116417969.0,4.386492,4.0603,87.196181,2.565497,2.01632,43.130388
sz.002212,天融信,2016-03-31,8.86119985,8.9890529,8.7923559,8.8316953,9123171.0,82413297.0,3.030033,0.1115,87.29339,2.568357,2.018568,43.178471
sz.002213,大为股份,2016-03-29,20.7465232,20.7465232,19.22045683,19.72914562,6481384.0,128682077.0,4.58286,-5.3135,370.377805,11.655631,21.671506,50.900814
sz.002213,大为股份,2016-03-30,19.72914562,20.7465232,19.72914562,20.55701169,3957438.0,79750535.0,2.798227,4.1962,385.919442,12.144719,22.580877,53.036692
sz.002213,大为股份,2016-03-31,20.73654891,21.43474921,20.3475516,20.4472945,4552802.0,95375383.0,3.219197,-0.5337,383.859707,12.0799,22.460358,52.753624
sz.002214,*ST大立,2016-03-29,9.53590183,9.53590183,8.88994743,9.05143603,10848834.0,122650029.0,3.053084,-4.6769,158.447202,5.383585,15.914942,-342.125724
sz.002214,*ST大立,2016-03-30,9.14025476,9.41478538,9.08373375,9.41478538,13399787.0,153482052.0,3.770974,4.0143,164.807705,5.599696,16.553812,-355.859584
sz.002214,*ST大立,2016-03-31,9.4470831,9.67316714,9.40671095,9.51167854,14591343.0,172017985.0,4.106302,1.0292,166.503839,5.657326,16.724177,-359.521947
sz.002215,诺普信,2016-03-29,9.883395,10.009566,9.378711,9.4712364,14103173.0,161526135.0,2.053232,-4.7377,45.741512,6.08025,4.721401,49.184788
sz.002215,诺普信,2016-03-30,9.5553504,9.8076924,9.4375908,9.7824582,14816562.0,169168226.0,2.157092,3.286,47.244563,6.280045,4.876544,50.800985
sz.002215,诺普信,2016-03-31,9.8581608,9.9759204,9.67311,9.7488126,10193855.0,118649635.0,1.484088,-0.3439,47.082071,6.258445,4.859772,50.626261
sz.002216,三全食品,2016-03-29,6.85179236,6.90704875,6.6307668,6.7097045,6175433.0,52827270.0,1.105265,-2.968,193.971887,3.574288,1.615163,-35.685623
sz.002216,三全食品,2016-03-30,6.75706712,6.90704875,6.71759827,6.8675799,6243619.0,53819390.0,1.117469,2.3529,198.535931,3.658389,1.653166,-36.525284
sz.002216,三全食品,2016-03-31,6.92283629,6.9465176,6.80442974,6.82811105,6235128.0,54176251.0,1.115949,-0.5747,197.39492,3.637363,1.643665,-36.315369
sz.002217,合力泰,2016-03-29,6.228936,6.2533632,5.90649696,5.97000768,7165254.0,88345848.0,1.907772,-4.0063,74.834705,5.069496,3.485617,742.704892
sz.002217,合力泰,2016-03-30,6.07260192,6.19473792,6.03840384,6.18985248,8298957.0,103989530.0,2.209624,3.6825,77.590483,5.256179,3.613974,770.054909
sz.002217,合力泰,2016-03-31,6.16542528,6.23382144,6.10191456,6.15076896,8369897.0,105797000.0,2.228512,-0.6314,77.100567,5.222991,3.591155,765.192684
sz.002218,拓日新能,2016-03-29,4.16114022,4.1897064,4.03735344,4.14685713,7256708.0,62494531.0,1.513588,-0.4571,161.497543,2.07487,7.201997,42.427817
sz.002218,拓日新能,2016-03-30,4.16114022,4.284927,4.16114022,4.2373167,11944845.0,105831858.0,2.491428,2.1814,165.020451,2.120131,7.359101,43.353338
sz.002218,拓日新能,2016-03-31,4.34205936,4.36586451,4.22303361,4.22303361,12203610.0,109421415.0,2.545401,-0.3371,164.464203,2.112985,7.334295,43.207203
sz.002219,新里程,2016-03-29,10.9120597,10.9120597,10.9120597,10.9120597,0.0,0.0,,0.0,93.134574,7.359322,24.090304,19.314958
sz.002219,新里程,2016-03-30,10.9120597,10.9120597,10.9120597,10.9120597,0.0,0.0,,0.0,93.134574,7.359322,24.090304,19.314958
sz.002219,新里程,2016-03-31,10.9120597,10.9120597,10.9120597,10.9120597,0.0,0.0,,0.0,93.134574,7.359322,24.090304,19.314958
sz.002221,东华能源,2016-03-29,10.60726414,10.6349473,10.25661078,10.3119771,16928316.0,382298352.0,2.699243,-3.9536,37.654733,5.28509,0.943182,-138.670269
sz.002221,东华能源,2016-03-30,10.38579886,10.842571,10.38579886,10.79181854,12568257.0,289944640.0,2.004026,4.6532,39.4069,5.531018,0.98707,-145.122935
sz.002221,东华能源,2016-03-31,10.7964324,10.97637294,10.73183836,10.82411556,11510525.0,270528896.0,1.835369,0.2993,39.524834,5.547571,0.990024,-145.557249
sz.002222,福晶科技,2016-03-29,10.70630696,10.81865016,10.28501996,10.4479176,10896924.0,203859602.0,3.919343,-3.6269,146.039685,8.583154,25.183107,150.231186
sz.002222,福晶科技,2016-03-30,10.6164324,10.9253762,10.4760034,10.9253762,12591108.0,240039770.0,4.528697,4.5699,152.713541,8.975395,26.333948,157.09659
sz.002222,福晶科技,2016-03-31,11.1500626,11.2062342,10.80179868,10.84673596,13849021.0,271374832.0,4.981136,-0.7198,151.614318,8.91079,26.144398,155.965817
sz.002223,鱼跃医疗,2016-03-29,17.5942017,17.8133363,17.0463652,17.1789993,7593682.0,228450438.0,1.536086,-2.0066,47.21404,8.365946,8.196789,-166.337787
sz.002223,鱼跃医疗,2016-03-30,17.3808338,17.9517371,17.3808338,17.87677,9250893.0,283396000.0,1.871315,4.0618,49.131763,8.705752,8.529723,-173.094039
sz.002223,鱼跃医疗,2016-03-31,18.0440043,18.1593383,17.7960362,17.9229036,8823264.0,275514336.0,1.784812,0.2581,49.258555,8.728218,8.551735,-173.540733
sz.002224,三力士,2016-03-29,17.0732025,17.2051875,16.3001475,16.5829725,20221481.0,358435552.0,4.320905,-3.0854,45.370754,8.62139,12.423039,58.001974
sz.002224,三力士,2016-03-30,16.7903775,17.30889,16.55469,17.30889,24974146.0,448155920.0,5.33645,4.3775,48.817952,8.450736,12.946494,52.086464
sz.002224,三力士,2016-03-31,17.440875,17.7896925,17.026065,17.15805,27174071.0,502083680.0,5.806528,-0.8715,48.392524,8.377092,12.833671,51.632552
sz.002225,濮耐股份,2016-03-29,5.380956,5.8742103,5.28230514,5.71278162,34712161.0,219027889.0,5.935621,6.3439,66.031563,2.17025,2.030883,-724.209119
sz.002225,濮耐股份,2016-03-30,5.61413076,6.28675026,5.61413076,6.28675026,45829139.0,307969840.0,7.836574,10.0471,72.665817,2.388297,2.234928,-796.971102
sz.002225,濮耐股份,2016-03-31,6.28675026,6.80690934,6.19706766,6.47508372,58492254.0,417981824.0,10.001909,2.9957,74.842682,2.459844,2.30188,-820.846128
sz.002226,江南化工,2016-03-29,6.81341976,6.88576302,6.57666,6.68188656,52944469.0,538523904.0,6.691701,-3.3302,238.555228,2.819585,5.753978,-27.933542
sz.002226,江南化工,2016-03-30,6.76738314,7.0041429,6.72134652,6.96468294,55197504.0,575791824.0,6.976464,4.2323,248.651561,2.938917,5.997503,-29.115769
sz.002226,江南化工,2016-03-31,6.93179964,7.08306282,6.7081932,6.79368978,60664957.0,632945360.0,7.667501,-2.4551,242.546802,2.866763,5.850255,-28.400934
sz.002227,奥特迅,2016-03-29,33.32586255,33.56454375,31.9435006,32.35124765,5625733.0,184369867.0,2.564955,-2.9824,699.435984,9.550147,21.051641,164.521392
sz.002227,奥特迅,2016-03-30,32.60981895,33.78333485,32.420863,33.78333485,6703084.0,223143033.0,3.056155,4.4267,730.397798,9.972902,21.98353,171.804233
sz.002227,奥特迅,2016-03-31,34.1910819,34.49937845,33.12696155,33.22641205,6795391.0,230698324.0,3.095091,-1.6485,719.805669,9.828276,21.664728,169.312751
sz.002228,合兴包装,2016-03-29,5.3368796,5.39359745,4.9857691,5.08029885,16301878.0,310628832.0,4.691184,-4.8077,61.280108,4.530807,2.456303,39.430094
sz.002228,合兴包装,2016-03-30,5.131615,5.5367425,5.131615,5.49622975,20361481.0,402624704.0,5.859414,8.1871,66.297193,4.901751,2.657403,42.658289
sz.002228,合兴包装,2016-03-31,5.53944335,5.6933918,5.455717,5.47462295,24073298.0,496537424.0,6.927561,-0.3931,66.036565,4.882481,2.646957,42.49059
sz.002229,鸿博股份,2016-03-29,15.8569231,15.8569231,14.95251075,15.21657275,17193648.0,398665520.0,8.361211,-5.0659,784.955122,8.081467,10.403495,78.153188
sz.002229,鸿博股份,2016-03-30,15.41461925,15.9625479,15.3287991,15.81071225,16032788.0,380381344.0,7.796688,3.9046,778.496626,8.198723,10.808809,24.269386
sz.002229,鸿博股份,2016-03-31,15.7777045,16.8867649,15.7777045,16.4378595,30838131.0,762804880.0,14.996475,3.9666,809.376451,8.523934,11.237551,25.232055
sz.002230,科大讯飞,2016-03-29,18.13631757,18.13631757,18.13631757,18.13631757,0.0,0.0,,0.0,84.84224,5.756935,14.428563,22.870089
sz.002230,科大讯飞,2016-03-30,18.13631757,18.13631757,18.13631757,18.13631757,0.0,0.0,,0.0,84.84224,5.756935,14.428563,22.870089
sz.002230,科大讯飞,2016-03-31,18.13631757,18.13631757,18.13631757,18.13631757,0.0,0.0,,0.0,84.84224,5.756935,14.428563,22.870089
sz.002232,启明信息,2016-03-29,14.94365402,15.17684498,14.21493227,15.08939837,20466495.0,310056048.0,5.10894,0.8442,2103.952143,6.307707,4.587329,28.444409
sz.002232,启明信息,2016-03-30,15.08939837,15.91528302,15.02138434,15.7403898,26185852.0,418027408.0,6.536632,4.3142,2194.721488,6.579836,4.785237,29.671567
sz.002232,启明信息,2016-03-31,15.71124093,16.16790656,15.546064,15.62379432,24003511.0,389843968.0,5.991866,-0.7407,2178.464292,6.531097,4.749791,29.451777
sz.002233,塔牌集团,2016-03-29,5.7320724,5.794718,5.65689768,5.70701416,11082740.0,101337696.0,1.461827,0.3304,21.392653,1.864189,2.12594,-40.055338
sz.002233,塔牌集团,2016-03-30,5.7320724,5.90121552,5.7320724,5.90121552,12817596.0,119247690.0,1.690657,3.4029,22.120613,1.927624,2.198283,-41.418363
sz.002233,塔牌集团,2016-03-31,5.93880288,5.93880288,5.80098256,5.8260408,12620106.0,118349391.0,1.664607,-1.2739,21.838822,1.903069,2.170279,-40.890741
sz.002234,民和股份,2016-03-29,24.36258046,24.36258046,22.893576,23.60900025,7347289.0,182073529.0,3.564013,-4.1441,-23.804313,7.661765,8.298908,-66.010343
sz.002234,民和股份,2016-03-30,23.847475,25.97466977,23.6566952,25.97466977,9927851.0,261270648.0,4.815789,10.0202,-26.189554,8.429489,9.130476,-72.624712
sz.002234,民和股份,2016-03-31,25.8506629,28.35941727,25.6598831,27.663071,12613662.0,357651488.0,6.118619,6.5002,-27.891923,8.977421,9.723973,-77.345452
sz.002235,安妮股份,2016-03-29,13.08572465,13.26345945,12.441436,13.0635078,5107209.0,148893218.0,4.045122,-0.3052,526.838637,15.753867,13.158648,158.021449
sz.002235,安妮股份,2016-03-30,13.0635078,13.6411459,13.0635078,13.62337242,9526287.0,287703488.0,7.545216,4.2857,549.417436,16.429032,13.72259,164.793797
sz.002235,安妮股份,2016-03-31,13.62781579,14.31653814,13.62781579,14.00550224,7382453.0,232299144.0,5.84721,2.805,564.828362,16.88986,14.107503,169.416193
sz.002236,大华股份,2016-03-29,11.72617098,11.75002544,11.3138296,11.3990241,8837021.0,297995856.0,1.3242,-2.7616,28.272684,5.975932,3.849899,88.428415
sz.002236,大华股份,2016-03-30,11.51148084,12.2509691,11.51148084,12.20666796,22739218.0,791775504.0,3.407401,7.0852,30.275861,6.399339,4.122672,94.693747
sz.002236,大华股份,2016-03-31,12.1316968,12.45202812,12.0465023,12.28163912,23192962.0,832686096.0,3.475393,0.6142,30.461809,6.438642,4.147993,95.275339
sz.002237,恒邦股份,2016-03-29,9.3647526,9.3647526,9.09718824,9.24052629,22841931.0,220550241.0,2.854173,-1.927,45.062663,2.340747,0.619923,148.470363
sz.002237,恒邦股份,2016-03-30,9.52720239,9.57498174,9.32652912,9.4603113,29269206.0,288614048.0,3.657281,2.3785,46.134474,2.396421,0.634668,152.001716
sz.002237,恒邦股份,2016-03-31,9.3647526,9.51764652,9.32652912,9.43164369,26161416.0,257954706.0,3.268953,-0.303,45.994672,2.389159,0.632745,151.541105
sz.002238,天威视讯,2016-03-29,9.03860742,9.0963621,8.66801489,9.0001043,5836323.0,107948849.0,1.256444,-0.9534,35.291009,3.861943,5.421109,34.036565
sz.002238,天威视讯,2016-03-30,9.08673632,9.52470931,9.00491719,9.38994839,10818328.0,208960971.0,2.328971,4.3315,36.819657,4.029225,5.655927,35.510876
sz.002238,天威视讯,2016-03-31,9.38994839,9.75572803,9.17336834,9.32738082,12049128.0,233884354.0,2.593938,-0.6663,36.624165,4.000948,5.573809,48.833732
sz.002239,奥特佳,2016-03-29,3.9016915,3.936969,3.711193,3.71472075,7083537.0,75951724.0,1.688405,-4.792,50.612541,3.037281,3.568351,33.826153
sz.002239,奥特佳,2016-03-30,3.73588725,4.049857,3.73588725,3.9863575,11405377.0,123836039.0,2.718543,7.3124,54.313553,3.259381,3.829284,36.299671
sz.002239,奥特佳,2016-03-31,4.190967,4.38499325,4.162745,4.38499325,10473643.0,127796891.0,2.496458,10.0,59.744908,3.585319,4.212213,39.929638
sz.002240,盛新锂能,2016-03-29,10.36188589,10.45845519,9.70521465,9.86938246,21400335.0,223306949.0,6.116298,-6.0662,-25.740552,3.619434,3.483008,-847.693694
sz.002240,盛新锂能,2016-03-30,10.00457948,10.32325817,9.95629483,10.28463045,16155208.0,169246973.0,4.617221,4.2074,-26.823569,3.77172,3.629553,-883.359867
sz.002240,盛新锂能,2016-03-31,10.3329151,10.7191923,10.24600273,10.41982747,24430880.0,266345552.0,6.98244,1.3146,-27.17618,3.821301,3.677266,-894.97211
sz.002241,歌尔股份,2016-03-29,11.6724036,11.79796332,11.40733308,11.57009568,19589831.0,489379904.0,1.595332,-3.002,30.35492,4.222218,2.781067,-203.718242
sz.002241,歌尔股份,2016-03-30,11.6956554,12.17929284,11.58404676,12.16999212,17915345.0,456329744.0,1.458968,5.1849,31.928788,4.441135,2.925262,-214.280803
sz.002241,歌尔股份,2016-03-31,12.22114608,12.22579644,11.83051584,11.9049216,20155840.0,518831040.0,1.589402,-2.1781,31.235847,4.34475,2.861776,-209.630331
sz.002242,九阳股份,2016-03-29,12.2000319,12.7126965,12.2000319,12.3732294,11802039.0,212397069.0,1.545799,0.1121,22.114838,4.186414,1.9422,-61.614935
sz.002242,九阳股份,2016-03-30,12.6018501,12.6711291,12.2970225,12.6157059,10544436.0,190187909.0,1.381082,1.9597,22.548219,4.268455,1.980261,-62.822394
sz.002242,九阳股份,2016-03-31,12.6919128,12.9828846,12.5602827,12.6157059,10764526.0,198278067.0,1.409909,0.0,22.548219,4.268455,1.980261,-62.822394
sz.002243,力合科创,2016-03-29,12.04806912,12.04806912,11.38955264,11.4544768,6706076.0,84000324.0,2.163886,-4.7068,590.291348,3.116594,4.414538,-45.506945
sz.002243,力合科创,2016-03-30,11.60287488,12.11299328,11.5472256,11.97387008,6499565.0,82592558.0,2.09725,4.5344,617.057595,3.257913,4.614711,-47.570418
sz.002243,力合科创,2016-03-31,12.1964672,12.3355904,11.93677056,11.97387008,8580479.0,112509750.0,2.76871,0.0,617.057595,3.257913,4.614711,-47.570418
sz.002244,滨江集团,2016-03-29,6.42663693,6.46799238,6.15369096,6.16196205,46743318.0,354781024.0,2.036338,-4.7315,19.630324,2.387554,1.607286,7.466698
sz.002244,滨江集团,2016-03-30,6.25294404,6.31084167,6.12887769,6.31084167,43130115.0,324615392.0,1.878931,2.4161,23.134015,2.813693,1.894161,8.799381
sz.002244,滨江集团,2016-03-31,6.30257058,6.31084167,6.16196205,6.19504641,41815479.0,314967520.0,1.82166,-1.8349,22.709538,2.762066,1.859405,8.637925
sz.002245,蔚蓝锂芯,2016-03-29,8.08094966,8.1003517,7.5667956,7.77051702,19317619.0,155015908.0,2.135857,-3.1439,32.363276,4.796228,4.703923,147.209437
sz.002245,蔚蓝锂芯,2016-03-30,7.81902212,8.25556802,7.81902212,8.25556802,16746917.0,138360399.0,1.851626,6.2422,34.383455,5.095618,4.997551,156.398541
sz.002245,蔚蓝锂芯,2016-03-31,8.32347516,8.33317618,8.1003517,8.12945476,13843632.0,116930778.0,1.530624,-1.5276,33.858209,5.017777,4.921207,154.009374
sz.002246,北化股份,2016-03-29,13.48061816,13.48061816,13.48061816,13.48061816,0.0,0.0,,0.0,106.466202,5.140327,3.881568,113.143548
sz.002246,北化股份,2016-03-30,13.48061816,13.48061816,13.48061816,13.48061816,0.0,0.0,,0.0,106.466202,5.140327,3.881568,113.143548
sz.002246,北化股份,2016-03-31,13.48061816,13.48061816,13.48061816,13.48061816,0.0,0.0,,0.0,106.466202,5.140327,3.881568,113.143548
sz.002247,聚力文化,2016-03-29,13.66939233,13.80613509,13.20544368,13.46916186,4691242.0,130186991.0,2.109536,-1.1824,85.018736,6.879969,8.148614,229.999441
sz.002247,聚力文化,2016-03-30,13.61567196,14.35310613,13.61567196,14.29450209,7122204.0,205220007.0,3.20268,6.1276,90.228368,7.301548,8.647931,244.092953
sz.002247,聚力文化,2016-03-31,14.38240815,15.5300706,14.1138063,15.32007279,10800337.0,329240768.0,4.856646,7.1746,96.701876,7.825403,9.268384,261.605601
sz.002248,华东数控,2016-03-29,11.6,11.82,11.09,11.26,9366378.0,106991950.0,4.396328,-5.2189,-16.372538,3.571706,15.025908,-416.647587
sz.002248,华东数控,2016-03-30,11.39,11.98,11.39,11.85,7931852.0,92413514.0,3.723,5.2398,-17.230424,3.758855,15.813234,-438.479032
sz.002248,华东数控,2016-03-31,11.86,12.42,11.86,11.92,11194039.0,135653311.0,5.254183,0.5907,-17.332207,3.78106,15.906645,-441.069204
sz.002249,大洋电机,2016-03-29,7.9701084,8.0275063,7.6749192,7.7569162,10496704.0,100274875.0,1.151978,-2.4742,65.443194,6.233316,4.54529,36.702519
sz.002249,大洋电机,2016-03-30,7.8061144,8.1587015,7.8061144,8.1013036,12197032.0,118483640.0,1.338584,4.4397,68.348706,6.51006,4.74709,38.332018
sz.002249,大洋电机,2016-03-31,8.117703,8.1669012,7.9701084,8.0193066,10890473.0,107036900.0,1.195193,-1.0121,67.656918,6.444168,4.699042,37.944042
sz.002250,联化科技,2016-03-29,13.53523425,13.55423107,13.13630103,13.19329149,9928710.0,139122641.0,1.7669,-2.4579,18.174098,2.80199,2.893465,85.880899
sz.002250,联化科技,2016-03-30,13.31677082,13.61122153,13.25028195,13.60172312,12780259.0,180915263.0,2.274358,3.0957,18.736723,2.888733,2.983039,88.539559
sz.002250,联化科技,2016-03-31,13.59222471,13.9626627,13.5827263,13.82968496,20399234.0,296604480.0,3.630221,1.676,19.050746,2.937148,3.033034,90.023462
sz.002251,步步高,2016-03-29,11.24615168,11.34788496,10.9594488,11.098176,9221451.0,110927975.0,1.473397,-1.6393,42.960755,1.890302,0.604698,19.46172
sz.002251,步步高,2016-03-30,11.1906608,11.53285456,11.10742448,11.53285456,8608464.0,105527679.0,1.375454,3.9167,44.643384,1.964339,0.628382,20.223971
sz.002251,步步高,2016-03-31,11.62533936,11.71782416,11.47736368,11.50510912,11402396.0,142993500.0,1.821867,-0.2406,44.535983,1.959613,0.62687,20.175316
sz.002252,上海莱士,2016-03-29,20.50575258,20.58094392,20.36611152,20.4627861,3030147.0,115357690.0,0.150373,-0.1311,72.869835,9.861497,52.206508,224.417603
sz.002252,上海莱士,2016-03-30,20.5702023,20.70984336,20.4627861,20.68298931,4794670.0,183657415.0,0.237939,1.0761,73.653998,9.967618,52.76831,226.832596
sz.002252,上海莱士,2016-03-31,20.6776185,20.70984336,20.43593205,20.50038177,4890584.0,187149934.0,0.242699,-0.8829,73.003716,9.879615,52.302425,224.829919
sz.002253,*ST智胜,2016-03-29,34.0492768,34.37568904,32.2892108,33.281248,15253705.0,792772144.0,12.051802,-4.2534,234.099523,6.130996,29.940711,20.875069
sz.002253,*ST智胜,2016-03-30,33.6332612,35.7133392,33.3452504,34.9133092,13962252.0,751075968.0,11.031438,4.9038,245.579403,6.431651,31.408957,21.898751
sz.002253,*ST智胜,2016-03-31,34.9453104,36.1933572,34.57409648,35.4253284,13640118.0,754483328.0,10.776923,1.4665,249.180935,6.525974,31.869583,22.219905
sz.002254,泰和新材,2016-03-29,11.42139305,11.59510245,11.18688536,11.30848194,6150120.0,80754101.0,1.007234,-1.5129,81.244484,4.135568,4.970665,113.36696
sz.002254,泰和新材,2016-03-30,11.33453835,11.67327168,11.32585288,11.53430416,6576105.0,86843534.0,1.077,1.9969,82.866878,4.218152,5.069926,115.630817
sz.002254,泰和新材,2016-03-31,11.59510245,11.62115886,11.38665117,11.39533664,5109045.0,67493525.0,0.836732,-1.2048,81.868482,4.167331,5.008843,114.237674
sz.002255,海陆重工,2016-03-29,7.62069,7.630587,7.343574,7.432647,9321385.0,70296763.0,2.291425,-2.7202,54.961176,2.067437,3.109769,29.495776
sz.002255,海陆重工,2016-03-30,7.492029,7.749351,7.492029,7.739454,8990119.0,69194014.0,2.209992,4.1278,57.22988,2.152777,3.238135,30.713311
sz.002255,海陆重工,2016-03-31,7.798836,7.878012,7.680072,7.709763,11301621.0,88685228.0,2.778215,-0.3836,57.010328,2.144518,3.225713,30.595485
sz.002256,兆新股份,2016-03-29,3.72701395,3.75138945,3.558823,3.5783234,9109409.0,136049887.0,2.900545,-4.115,90.336297,7.912264,9.141187,90.735315
sz.002256,兆新股份,2016-03-30,3.65388745,3.83426615,3.5831985,3.8220784,11175233.0,170955594.0,3.558328,6.812,96.489996,8.451246,9.763883,96.916195
sz.002256,兆新股份,2016-03-31,3.89276735,3.92689305,3.802578,3.83914125,9957219.0,157655589.0,3.1785,0.4464,96.920755,8.488975,9.807472,97.348856
sz.002258,利尔化学,2016-03-29,6.44585384,6.45535166,6.22423804,6.25906338,4116367.0,82254807.0,1.570613,-3.561,37.438017,3.989811,3.48098,77.416213
sz.002258,利尔化学,2016-03-30,6.34137782,6.8859195,6.34137782,6.8859195,7823935.0,165972454.0,2.985247,10.0152,41.187499,4.389397,3.829606,85.169582
sz.002258,利尔化学,2016-03-31,7.31965328,7.36714238,7.04738244,7.11703312,13930264.0,317272464.0,5.316209,3.3563,42.569884,4.53672,3.95814,88.028147
sz.002259,升达林业,2016-03-29,6.76981644,6.79977138,6.490237,6.53017692,11061460.0,73504558.0,1.816149,-2.9674,304.760928,4.954891,6.47907,10.030314
sz.002259,升达林业,2016-03-30,6.58010182,6.8397113,6.58010182,6.8397113,11628903.0,78069115.0,1.909316,4.7401,319.206783,5.189756,6.786181,10.505757
sz.002259,升达林业,2016-03-31,6.82972632,6.97950102,6.7897864,6.81974134,11741391.0,80791229.0,1.927785,-0.292,318.274792,5.174603,6.766368,10.475084
sz.002261,拓维信息,2016-03-29,16.90206909,16.90206909,15.51763326,16.49371032,55744208.0,904040064.0,8.663944,-2.4735,88.117186,5.188108,24.011587,1816.891941
sz.002261,拓维信息,2016-03-30,16.64310987,17.31042786,16.48375035,17.11122846,59495570.0,1012431168.0,9.246993,3.744,91.416259,5.382349,24.910571,1884.915673
sz.002261,拓维信息,2016-03-31,16.89210912,17.20086819,16.5335502,16.60326999,49656916.0,835689088.0,7.717837,-2.9686,88.702505,5.22257,24.171084,1828.960668
sz.002262,恩华药业,2016-03-29,9.3950415,9.506094,9.2217996,9.2662206,3280239.0,69045955.0,0.828635,-2.0657,39.174359,5.577221,3.658172,28.933551
sz.002262,恩华药业,2016-03-30,9.32841,9.77262,9.32841,9.7637358,5247233.0,113389784.0,1.325526,5.3691,41.27768,5.876669,3.854584,30.48703
sz.002262,恩华药业,2016-03-31,9.77262,10.0657986,9.6660096,9.7059885,6097397.0,135645931.0,1.54029,-0.5914,41.033545,5.841912,3.831786,30.306716
sz.002263,大东南,2016-03-29,3.3831522,3.393132,3.2534148,3.2883441,24222356.0,161080686.0,2.865299,-2.8024,404.456958,2.039899,6.891073,13.155568
sz.002263,大东南,2016-03-30,3.3182835,3.4629906,3.3132936,3.4580007,29079880.0,197208863.0,3.439903,5.1593,425.324237,2.145144,7.246606,13.834308
sz.002263,大东南,2016-03-31,3.4380411,3.4729704,3.3631926,3.3981219,27800714.0,190786233.0,3.288588,-1.7316,417.959315,2.107999,7.121124,13.594753
sz.002264,新华都,2016-03-29,7.02041968,7.02041968,6.8034966,6.8034966,9235328.0,64471490.0,1.717158,-3.2258,-12.193664,4.841799,0.728067,-145.855681
sz.002264,新华都,2016-03-30,6.8034966,7.0500001,6.8034966,7.02041968,12185433.0,85563220.0,2.265682,3.1884,-12.582447,4.996175,0.75128,-150.506152
sz.002264,新华都,2016-03-31,7.02041968,7.25706304,6.98097912,7.21762248,16055117.0,116620495.0,2.985186,2.809,-12.935887,5.136517,0.772384,-154.733852
sz.002265,建设工业,2016-03-29,12.42,12.48,11.5,11.66,9938565.0,117949932.0,3.415009,-6.1192,-108.81453,7.047201,7.380361,-311.949606
sz.002265,建设工业,2016-03-30,11.88,12.25,11.68,12.19,6063828.0,72642129.0,2.083604,4.5455,-113.760645,7.367528,7.715832,-326.129134
sz.002265,建设工业,2016-03-31,12.19,13.1,12.12,12.85,12527887.0,158113054.0,4.304731,5.4143,-119.919958,7.766426,8.133588,-343.786659
sz.002266,浙富控股,2016-03-29,5.67725082,5.76911572,5.52108049,5.56701294,32700214.0,199758142.0,2.286058,-2.7287,164.205902,4.163439,17.174402,-94.426037
sz.002266,浙富控股,2016-03-30,5.63131837,5.83342115,5.61294539,5.79667519,33154064.0,205706292.0,2.317786,4.1254,170.980073,4.335198,17.882917,-98.3215
sz.002266,浙富控股,2016-03-31,5.82423466,5.84260764,5.6956238,5.73236976,33808570.0,211958172.0,2.363543,-1.1094,169.083305,4.287106,17.684533,-97.23077
sz.002267,陕天然气,2016-03-29,6.621196,6.66301408,6.48877208,6.57240824,9476285.0,89695815.0,0.852126,-0.6322,17.413759,2.187141,1.541978,-14.881253
sz.002267,陕天然气,2016-03-30,6.67695344,7.0045284,6.67695344,6.92089224,12629678.0,123689791.0,1.135685,5.3022,18.337076,2.303108,1.623737,-15.670291
sz.002267,陕天然气,2016-03-31,6.88604384,7.31119432,6.87907416,7.2136188,22927815.0,234363510.0,2.061714,4.2296,19.112662,2.400521,1.692415,-16.333083
sz.002268,电科网安,2016-03-29,22.4008104,22.78027768,21.43378088,21.80712772,11505007.0,412491808.0,3.340778,-3.6246,103.584983,12.568572,9.612986,521.062312
sz.002268,电科网安,2016-03-30,22.05806576,23.2270698,21.7887664,23.05569748,15789014.0,578361824.0,4.584751,5.7255,109.515754,11.891649,10.163379,-87.653914
sz.002268,电科网安,2016-03-31,23.257672,23.9921248,22.8598434,23.52697136,19344114.0,743251872.0,5.617067,2.0441,111.754329,12.134722,10.371125,-89.445619
sz.002269,美邦服饰,2016-03-29,5.07,5.13,4.88,4.9,29716556.0,147240580.0,1.182748,-4.2969,-28.685936,3.684686,1.969238,-27.660137
sz.002269,美邦服饰,2016-03-30,4.99,5.09,4.88,5.07,27837132.0,138757730.0,1.107946,3.4694,-29.681162,3.812522,2.037558,-28.619774
sz.002269,美邦服饰,2016-03-31,5.04,5.09,4.95,4.97,26624400.0,133412574.0,1.059678,-1.9724,-29.095735,3.737325,1.99737,-28.055282
sz.002270,华明装备,2016-03-29,8.23869904,8.37375968,7.9477992,8.09844376,5663906.0,88308418.0,4.060461,-2.2571,40.17319,13.579148,12.910382,-2088.36081
sz.002270,华明装备,2016-03-30,8.23869904,8.48804176,8.1555848,8.4672632,6904802.0,110789487.0,4.950061,4.5542,42.002758,14.19757,13.498347,-2183.468967
sz.002270,华明装备,2016-03-31,8.91919688,9.31398952,8.9088076,9.31398952,17211287.0,303336624.0,12.338792,10.0,46.203034,15.617327,14.848182,-2401.815864
sz.002271,东方雨虹,2016-03-29,4.77715875,4.83301476,4.68308547,4.77715875,10779495.0,174100647.0,1.914684,0.185,18.863573,3.590958,2.532871,98.137185
sz.002271,东方雨虹,2016-03-30,4.81537602,4.95354615,4.81243623,4.94178699,13662557.0,226382123.0,2.426781,3.4462,19.513641,3.714708,2.620157,101.519144
sz.002271,东方雨虹,2016-03-31,4.93590741,5.04467964,4.89181056,4.96530531,22566152.0,380391136.0,4.008262,0.4759,19.606508,3.732387,2.632627,102.002281
sz.002272,川润股份,2016-03-29,10.264989,10.30409372,9.80550854,10.12812248,15069804.0,155322255.0,4.821389,-1.8939,-64.068874,3.770836,5.508838,-43.193264
sz.002272,川润股份,2016-03-30,10.13789866,10.42140788,9.9717036,10.32364608,11523689.0,120469277.0,3.686855,1.9305,-65.305724,3.843632,5.615186,-44.027111
sz.002272,川润股份,2016-03-31,10.32364608,10.84178362,10.23566046,10.69514092,19079912.0,205428986.0,6.104371,3.5985,-67.655741,3.981944,5.817248,-45.61142
sz.002273,水晶光电,2016-03-29,11.79644982,12.4521957,11.6848335,12.20105898,51832786.0,1805067776.0,14.519425,3.8599,100.206267,5.764629,12.988946,36.255623
sz.002273,水晶光电,2016-03-30,12.50102784,12.77658063,12.23245107,12.74518854,53556703.0,1919021504.0,15.002329,4.4597,104.675157,6.021713,13.568213,37.872512
sz.002273,水晶光电,2016-03-31,12.556836,12.65450028,12.40685157,12.51846789,37110395.0,1331398992.0,10.395382,-1.7789,102.81312,5.914595,13.326852,37.198809
sz.002274,华昌化工,2016-03-29,4.984479,5.49866736,4.984479,5.40947142,41922724.0,426329120.0,8.549852,8.1847,224.729458,2.203004,1.621714,101.578887
sz.002274,华昌化工,2016-03-30,5.33076912,5.68755288,5.2205859,5.57736966,26936085.0,279769616.0,5.49343,3.1038,231.704573,2.27138,1.672049,104.731675
sz.002274,华昌化工,2016-03-31,5.509161,6.02859618,5.4566928,5.9551407,31743099.0,347456672.0,6.473787,6.7733,247.398579,2.425227,1.785302,111.825448
sz.002275,桂林三金,2016-03-29,11.5917285,11.83761365,11.4512227,11.52850089,3278740.0,54390949.0,0.617471,-0.5455,26.456213,4.304675,7.048886,-192.198019
sz.002275,桂林三金,2016-03-30,11.66900669,11.942993,11.54957676,11.92191713,3933126.0,66009095.0,0.740708,3.4125,27.359046,4.451574,7.289433,-198.756879
sz.002275,桂林三金,2016-03-31,11.942993,12.05539764,11.78843662,11.86571481,3166861.0,53686498.0,0.596401,-0.4714,27.23007,4.430588,7.255069,-197.819899
sz.002276,万马股份,2016-03-29,19.69690875,19.79257125,18.74028375,18.941175,34804600.0,695507072.0,3.774407,-3.9767,67.454155,6.57522,2.717835,106.59236
sz.002276,万马股份,2016-03-30,19.18033125,19.90736625,18.98900625,19.90736625,37384664.0,756785760.0,4.054204,5.101,70.894999,6.910623,2.856472,112.029647
sz.002276,万马股份,2016-03-31,20.02216125,20.51004,19.859535,19.96476375,44344115.0,935954928.0,4.808926,0.2883,71.099405,6.930547,2.864708,112.352654
sz.002277,友阿股份,2016-03-29,5.08743328,5.10641624,4.91658664,4.95455256,11618620.0,122350464.0,2.052315,-2.6119,18.177294,1.841579,0.944905,-41.39662
sz.002277,友阿股份,2016-03-30,4.99726422,5.16811086,4.99251848,5.1491279,12987123.0,138987241.0,2.294048,3.9272,18.891153,1.913902,0.982013,-43.022349
sz.002277,友阿股份,2016-03-31,5.16336512,5.2440427,5.14438216,5.1965853,17500177.0,191298944.0,3.091234,0.9217,19.065265,1.931542,0.991064,-43.418869
sz.002278,神开股份,2016-03-29,12.94079905,13.14967475,12.37113805,12.532542,10527426.0,140409438.0,4.184219,-4.8991,374.972482,4.019473,7.694636,175.171573
sz.002278,神开股份,2016-03-30,12.67495725,12.97877645,12.5895081,12.90282165,8294052.0,111475518.0,3.296545,2.9545,386.051214,4.13823,7.921977,180.347097
sz.002278,神开股份,2016-03-31,12.75091205,12.8173725,12.46608155,12.58001375,17804177.0,236530716.0,7.076429,-2.5018,376.392832,4.034698,7.723782,175.835102
sz.002279,久其软件,2016-03-29,15.83986996,16.13936972,15.433406,15.9223852,4998474.0,258794273.0,7.096816,0.5403,81.326761,8.810922,15.745084,73.548827
sz.002279,久其软件,2016-03-30,16.1668748,17.51462372,15.95600252,17.51462372,9379991.0,515650896.0,13.317679,10.0,89.459437,9.692014,17.319593,80.903709
sz.002279,久其软件,2016-03-31,17.725496,18.33672,17.36792996,17.419884,13370468.0,774868352.0,18.983345,-0.5409,91.465941,6.281053,17.226695,22.127006
sz.002281,光迅科技,2016-03-29,19.0993023,19.62585729,18.78149988,19.47630321,6803154.0,419709584.0,3.343096,1.5102,53.934523,5.079545,4.178435,1910.135601
sz.002281,光迅科技,2016-03-30,19.60404732,20.54187603,19.1616165,20.44528902,8030168.0,511585600.0,3.946056,4.9752,56.617876,5.332262,4.386321,2005.168743
sz.002281,光迅科技,2016-03-31,19.6912872,19.940544,18.8812026,18.8812026,14595826.0,908467920.0,7.172446,-7.6501,52.286548,4.792462,4.050763,-39.609082
sz.002282,博深股份,2016-03-29,10.91538752,10.91538752,10.25112874,10.37679932,4097301.0,47876337.0,2.215041,-3.6667,581.939651,4.915455,8.375448,53.07297
sz.002282,博深股份,2016-03-30,10.51144637,10.97822281,10.51144637,10.96924634,4896257.0,58362305.0,2.646964,5.7093,615.164579,5.196095,8.853631,56.103088
sz.002282,博深股份,2016-03-31,10.94231693,11.09491692,10.6819993,10.771764,4070005.0,49380948.0,2.200284,-1.8003,604.089603,5.102548,8.694236,55.093049
sz.002283,天润工业,2016-03-29,7.4470788,7.4470788,7.4470788,7.4470788,0.0,0.0,,0.0,63.63776,2.910593,5.677425,157.538746
sz.002283,天润工业,2016-03-30,7.4470788,7.4470788,7.4470788,7.4470788,0.0,0.0,,0.0,63.63776,2.910593,5.677425,157.538746
sz.002283,天润工业,2016-03-31,7.4470788,7.4470788,7.4470788,7.4470788,0.0,0.0,,0.0,63.848242,2.857263,5.677425,771.657187
sz.002284,亚太股份,2016-03-29,18.50755046,18.78055095,17.75444566,18.34751569,74470995.0,1448953120.0,10.856279,-2.793,101.29902,5.564032,4.698502,62.218365
sz.002284,亚太股份,2016-03-30,18.81820619,19.36420717,18.20630854,19.06296525,97299804.0,1941029600.0,14.184231,3.8994,105.24911,5.780998,4.881717,64.64453
sz.002284,亚太股份,2016-03-31,18.94058572,19.8631391,18.65817142,18.69582666,96135043.0,1953568336.0,14.014434,-1.9259,103.22209,5.66966,4.787699,63.399524
sz.002285,世联行,2016-03-29,9.1987641,9.24699732,8.69576052,8.81289834,33000552.0,425790272.0,2.702823,-4.7655,36.299265,5.208771,3.925326,8.881332
sz.002285,世联行,2016-03-30,8.90936478,9.1643118,8.79222696,9.15053088,31027985.0,404117840.0,2.541265,3.8311,37.689932,5.408325,4.075709,9.221586
sz.002285,世联行,2016-03-31,9.18498318,9.18498318,9.04028352,9.0609549,23210875.0,306334176.0,1.901025,-0.9789,37.32098,5.355382,4.035812,9.131315
sz.002286,保龄宝,2016-03-29,15.79693548,15.79693548,14.81078992,14.9782486,11071718.0,181310422.0,4.24289,-5.2941,145.191777,4.022029,4.969583,44.737253
sz.002286,保龄宝,2016-03-30,15.1643138,16.0946398,15.0712812,16.0481235,9936475.0,166280415.0,3.807843,7.1429,155.562618,4.309317,5.324554,47.932771
sz.002286,保龄宝,2016-03-31,16.08533654,16.57840932,15.97369742,16.06673002,11426464.0,200589597.0,4.378835,0.1159,155.742981,4.314314,5.330727,47.988345
sz.002287,奇正藏药,2016-03-29,19.57501882,19.69744323,18.95645338,19.14975508,1963980.0,58666283.0,0.483739,-2.0758,45.560766,7.867725,12.114283,-56.086481
sz.002287,奇正藏药,2016-03-30,19.31728322,19.94229205,19.27862288,19.92296188,2671563.0,81324797.0,0.65802,4.0377,47.400366,8.185399,12.60342,-58.351076
sz.002287,奇正藏药,2016-03-31,19.99383917,21.91396939,19.9100751,21.91396939,8135524.0,268049808.0,2.003824,9.9935,52.137337,9.003409,13.862947,-64.182409
sz.002289,*ST宇顺,2016-03-29,17.471208,17.571234,16.7910312,17.237814,7309203.0,189183387.0,4.974569,-1.711,-4.398359,2.890645,1.428773,-55.924102
sz.002289,*ST宇顺,2016-03-30,17.33784,17.6912652,16.5976476,17.5645656,16038441.0,413371312.0,10.9156,1.8956,-4.481732,2.945439,1.455857,-56.984172
sz.002289,*ST宇顺,2016-03-31,17.471208,17.604576,17.1978036,17.3778504,14849810.0,387219792.0,10.10663,-1.063,-4.43409,2.914128,1.44038,-56.378418
sz.002290,禾盛新材,2016-03-29,22.55475306,22.79123802,21.29349994,21.9733942,8211858.0,182932596.0,6.020908,-2.5775,155.267227,5.604861,4.340582,-613.941502
sz.002290,禾盛新材,2016-03-30,22.22958624,23.155819,22.00295482,23.14596546,8033701.0,184362697.0,5.890284,5.3363,163.552787,5.903955,4.57221,-646.703403
sz.002290,禾盛新材,2016-03-31,23.55981414,23.90468804,23.1065513,23.11640484,8392777.0,200398627.0,6.153557,-0.1277,163.343908,5.896414,4.566371,-645.877473
sz.002291,遥望科技,2016-03-29,13.54,14.16,13.09,13.66,8532172.0,114954407.0,2.348197,-0.1462,241.818407,3.002021,3.318428,-94.997141
sz.002291,遥望科技,2016-03-30,13.6,14.05,13.46,13.9,8502910.0,117359072.0,2.340143,1.757,246.067047,3.054765,3.376731,-96.666198
sz.002291,遥望科技,2016-03-31,13.97,14.11,13.3,13.59,11378912.0,155290394.0,3.131667,-2.2302,240.57922,2.986637,3.301422,-94.510333
sz.002292,奥飞娱乐,2016-03-29,38.9455159,40.13081421,37.849862,39.26425158,43278684.0,1689101520.0,6.535924,-0.2025,105.624643,17.733219,19.906038,3932.270403
sz.002292,奥飞娱乐,2016-03-30,39.85192049,41.38583595,39.4435404,41.38583595,51239523.0,2080008032.0,7.738166,5.4034,111.331911,18.691407,20.981631,4144.744679
sz.002292,奥飞娱乐,2016-03-31,41.15674468,42.27231956,40.4395894,40.54915479,55630374.0,2299549152.0,8.40127,-2.0217,108.926299,17.583491,20.573889,-109.24699
sz.002293,罗莱生活,2016-03-29,7.91375664,7.93081215,7.54422059,7.62949814,6820803.0,92677883.0,0.975113,-2.9646,22.955836,3.813429,3.230297,87.359852
sz.002293,罗莱生活,2016-03-30,7.7886829,7.87396045,7.62381297,7.85121977,5936738.0,80843135.0,0.848726,2.9061,23.634109,3.791245,3.324173,-168.259636
sz.002293,罗莱生活,2016-03-31,7.86259011,7.88533079,7.70340535,7.75457188,5236770.0,71640938.0,0.748657,-1.231,23.343175,3.744575,3.283253,-166.188373
sz.002294,信立泰,2016-03-29,23.58115422,23.58948384,23.0730474,23.10636588,3080240.0,86093372.0,0.670813,-2.1172,22.921261,6.322343,8.343602,187.999809
sz.002294,信立泰,2016-03-30,23.24796942,23.70609852,23.24796942,23.66445042,3258984.0,91923918.0,0.70974,2.4153,23.474875,6.475045,8.545123,192.540539
sz.002294,信立泰,2016-03-31,23.74774662,23.9893056,23.41456182,23.56449498,3061901.0,87203263.0,0.666819,-0.4224,23.37572,6.447695,8.50903,191.727274
sz.002295,精艺股份,2016-03-29,15.03431552,15.18636928,14.28355008,14.6351744,5188439.0,79955683.0,2.843307,-2.7778,608.636309,3.67543,1.258401,43.317491
sz.002295,精艺股份,2016-03-30,14.70169792,15.56650368,14.67318784,15.56650368,5820323.0,92821791.0,3.189585,6.3636,647.36771,3.909321,1.338481,46.074058
sz.002295,精艺股份,2016-03-31,15.5379936,15.85160448,15.1578592,15.3004096,6071461.0,99400648.0,3.327211,-1.7094,636.301595,3.842495,1.315601,45.286467
sz.002296,辉煌科技,2016-03-29,13.73384756,13.7627204,13.10826936,13.33925208,11398744.0,158576673.0,3.604863,-2.8732,69.676901,3.59653,9.222985,-252.564215
sz.002296,辉煌科技,2016-03-30,13.43549488,13.93595744,13.4258706,13.91670888,10990369.0,155962442.0,3.475714,4.329,72.693217,3.752224,9.622249,-263.49773
sz.002296,辉煌科技,2016-03-31,14.04182452,14.10919448,13.79159324,13.89746032,12165707.0,176144991.0,3.847415,-0.1383,72.592673,3.747035,9.60894,-263.13328
sz.002297,博云新材,2016-03-29,10.76,10.91,10.4,10.83,9779928.0,104457240.0,2.685385,-0.1843,-31.896123,3.982109,13.48145,1084.340792
sz.002297,博云新材,2016-03-30,10.89,11.15,10.88,11.1,11312905.0,124868653.0,3.106312,2.4931,-32.691317,4.081386,13.817553,1111.374219
sz.002297,博云新材,2016-03-31,11.13,11.23,11.0,11.04,10549873.0,117117878.0,2.896797,-0.5405,-32.514607,4.059325,13.742864,1105.366791
sz.002298,中电鑫龙,2016-03-29,13.9138992,13.9722384,13.3694,13.6999888,16485600.0,231263949.0,4.638099,-1.5374,134.408249,2.981393,10.218592,62.65057
sz.002298,中电鑫龙,2016-03-30,13.8458368,14.2736576,13.7680512,14.2736576,19738706.0,284290496.0,5.553336,4.1874,140.036415,3.106234,10.646482,65.273979
sz.002298,中电鑫龙,2016-03-31,14.4000592,14.7695408,14.1278096,14.7598176,29141127.0,432664736.0,8.198637,3.406,144.806048,3.212033,11.009101,67.497207
sz.002299,圣农发展,2016-03-29,19.55126333,19.87341047,18.79958667,19.37484942,11366738.0,284869968.0,1.263231,-0.9412,-70.422804,5.326814,4.043035,-79.963827
sz.002299,圣农发展,2016-03-30,19.39785993,20.04982438,19.0987233,19.8657403,12518751.0,321833648.0,1.391259,2.5336,-72.207072,5.461777,4.145471,-81.989831
sz.002299,圣农发展,2016-03-31,19.93477183,20.98558512,19.62029486,20.62508713,16600619.0,441825616.0,1.844893,3.8224,-74.96711,5.670547,4.303927,-85.123805
sz.002300,太阳电缆,2016-03-29,5.16447202,5.19527404,4.98992724,5.00532825,3165020.0,31210110.0,0.699898,-3.2738,23.701767,3.5794,1.223697,-129.014027
sz.002300,太阳电缆,2016-03-30,5.05153128,5.29794744,5.0309966,5.25174441,4893853.0,49477805.0,1.082205,4.9231,24.868623,3.755617,1.28394,-135.365487
sz.002300,太阳电缆,2016-03-31,5.27227909,5.31848212,5.1850067,5.22094239,3090376.0,31682133.0,0.683392,-0.5865,24.722766,3.73359,1.27641,-134.571554
sz.002301,齐心集团,2016-03-29,10.86042727,10.86042727,10.86042727,10.86042727,0.0,0.0,,0.0,335.719081,5.85923,4.18261,-790.089951
sz.002301,齐心集团,2016-03-30,10.86042727,10.86042727,10.86042727,10.86042727,0.0,0.0,,0.0,335.719081,5.85923,4.18261,-790.089951
sz.002301,齐心集团,2016-03-31,11.94585676,11.94585676,11.15478103,11.40007583,15785319.0,297596800.0,4.716431,4.969,352.400774,6.150372,4.390441,-829.349079
sz.002302,西部建设,2016-03-29,6.886893,6.958725,6.806082,6.949746,4003359.0,61476982.0,1.477727,0.7157,23.038355,2.051432,0.776061,-16.188639
sz.002302,西部建设,2016-03-30,6.985662,7.3493115,6.958725,7.308906,7484472.0,119455063.0,2.762682,5.168,24.228968,2.157449,0.816167,-17.025262
sz.002302,西部建设,2016-03-31,7.335843,7.3403325,7.147284,7.1832,7627798.0,122436155.0,2.815586,-1.7199,23.812253,2.057927,0.80213,14.192521
sz.002303,美盈森,2016-03-29,6.96016926,7.05603936,6.8067771,6.81316844,10063550.0,108791265.0,1.645498,-2.7372,72.062574,6.526064,7.56985,-168.676065
sz.002303,美盈森,2016-03-30,6.89625586,7.17108348,6.8706905,7.17108348,14342543.0,157016208.0,2.345159,5.2533,75.848225,6.868896,7.967516,-177.537097
sz.002303,美盈森,2016-03-31,7.17108348,7.26056224,6.95377792,6.9985173,12681314.0,140666601.0,2.07353,-2.4064,74.023,6.703602,7.775784,-173.264813
sz.002304,洋河股份,2016-03-29,50.45186951,50.74816591,48.12594277,48.90372082,2589777.0,172004538.0,0.209913,-2.9831,18.514401,4.515545,6.200508,54.636887
sz.002304,洋河股份,2016-03-30,49.14816535,49.98520268,48.72594298,49.9259434,2575629.0,172438344.0,0.208766,2.0903,18.901403,4.609933,6.330115,55.778949
sz.002304,洋河股份,2016-03-31,50.0740916,50.32594354,48.86668377,49.4814988,1868503.0,124690085.0,0.151451,-0.8902,18.733141,4.568895,6.273764,55.2824
sz.002305,*ST南置,2016-03-29,4.96667949,5.17721311,4.95710978,5.08151601,39935434.0,210132533.0,3.637491,2.3121,252.43073,2.770108,2.539067,6.910376
sz.002305,*ST南置,2016-03-30,5.12936456,5.20592224,5.02409775,5.12936456,20257127.0,107937343.0,1.845106,0.9416,254.807668,2.796192,2.562976,6.975445
sz.002305,*ST南置,2016-03-31,5.12936456,5.18678282,4.9762492,5.0719463,14385716.0,76297564.0,1.310313,-1.1194,251.955343,2.764891,2.534286,6.897362
sz.002306,*ST云网,2016-03-29,5.47,5.47,5.47,5.47,0.0,0.0,,0.0,226.80432,-18.402396,12.236511,-71.315518
sz.002306,*ST云网,2016-03-30,5.47,5.47,5.47,5.47,0.0,0.0,,0.0,226.80432,-18.402396,12.236511,-71.315518
sz.002306,*ST云网,2016-03-31,5.47,5.47,5.47,5.47,0.0,0.0,,0.0,226.80432,-18.402396,12.236511,-71.315518
sz.002307,北新路桥,2016-03-29,5.1227694,5.1599808,4.96152,4.9863276,8139882.0,66105548.0,1.460576,-2.6634,124.402232,3.433963,0.930832,12.523209
sz.002307,北新路桥,2016-03-30,5.0173371,5.1785865,5.0173371,5.1537789,6930534.0,57079629.0,1.243577,3.3582,128.579919,3.549283,0.962091,12.943764
sz.002307,北新路桥,2016-03-31,5.1599808,5.2282017,5.1537789,5.1661827,7835480.0,65546183.0,1.405956,0.2407,128.889378,3.557825,0.964407,12.974917
sz.002309,中利集团,2016-03-29,14.06974132,14.13832641,13.5210606,13.70722013,7254037.0,101803667.0,2.013564,-2.1678,23.746675,2.056419,0.665172,-9.465516
sz.002309,中利集团,2016-03-30,13.86398605,14.27549659,13.74641161,14.18731576,6817663.0,97224949.0,1.892436,3.5025,24.578403,2.128445,0.688469,-9.797046
sz.002309,中利集团,2016-03-31,14.26569872,14.35387955,14.03054984,14.08933706,6700401.0,97138451.0,1.859886,-0.6906,24.408662,2.113746,0.683715,-9.729387
sz.002310,东方新能,2016-03-29,8.1071092,8.1110106,7.7559832,7.841814,11285860.0,228750742.0,2.021986,-2.7105,33.616694,3.439244,3.763667,-44.161013
sz.002310,东方新能,2016-03-30,7.9705602,8.309982,7.9042364,8.2943764,15273775.0,317496688.0,2.736464,5.7711,35.556762,3.637727,3.980874,-46.709609
sz.002310,东方新能,2016-03-31,8.2865736,8.4387282,8.1773344,8.2826722,19031605.0,404900544.0,3.409721,-0.1411,35.506588,3.632594,3.975256,-46.643697
sz.002311,海大集团,2016-03-29,14.60665656,14.76805608,13.59342624,14.0327916,12464285.0,197908414.0,0.822382,-3.8698,30.846674,4.811361,0.941032,88.957858
sz.002311,海大集团,2016-03-30,14.18522448,14.47215696,13.8086256,14.45422368,9637027.0,152554076.0,0.635842,3.0032,31.77306,4.955856,0.969293,91.629436
sz.002311,海大集团,2016-03-31,14.31075744,14.78598936,14.0776248,14.57975664,12204052.0,196772262.0,0.805212,0.8685,32.049004,4.998897,0.977711,92.425225
sz.002312,川发龙蟒,2016-03-29,14.4802196,14.4802196,14.4802196,14.4802196,0.0,0.0,,0.0,-554.706472,14.506802,14.750749,114.242634
sz.002312,川发龙蟒,2016-03-30,14.4802196,14.4802196,14.4802196,14.4802196,0.0,0.0,,0.0,-554.706472,14.506802,14.750749,114.242634
sz.002312,川发龙蟒,2016-03-31,14.4802196,14.4802196,14.4802196,14.4802196,0.0,0.0,,0.0,-554.706472,14.506802,14.750749,114.242634
sz.002313,日海智能,2016-03-29,15.5447916,15.79390685,14.96684422,15.38535784,19423506.0,300628832.0,6.225483,-0.8986,-166.413893,2.511056,1.678935,30.570031
sz.002313,日海智能,2016-03-30,15.57468543,16.32203118,15.35546401,16.1426682,23984191.0,378631152.0,7.687241,4.9223,-174.60525,2.634657,1.761577,32.074774
sz.002313,日海智能,2016-03-31,16.39178345,16.39178345,15.61454387,15.72415458,24814518.0,396806496.0,7.953371,-2.5926,-170.078447,2.566351,1.715907,31.243206
sz.002314,南山控股,2016-03-29,6.25828788,6.25828788,6.25828788,6.25828788,0.0,0.0,,0.0,63.703774,2.372593,2.702606,25.187874
sz.002314,南山控股,2016-03-30,6.25828788,6.25828788,6.25828788,6.25828788,0.0,0.0,,0.0,63.703774,2.372593,2.702606,25.187874
sz.002314,南山控股,2016-03-31,6.25828788,6.25828788,6.25828788,6.25828788,0.0,0.0,,0.0,63.703774,2.372593,2.702606,25.187874
sz.002315,焦点科技,2016-03-29,19.48411116,19.6153455,18.67436736,18.76930284,2137691.0,145785361.0,3.550811,-4.2041,48.887188,4.167238,15.978263,-85.022685
sz.002315,焦点科技,2016-03-30,18.987096,19.79125536,18.97871934,19.7689176,2557432.0,177737531.0,4.248022,5.3258,51.49082,4.389177,16.829232,-89.55082
sz.002315,焦点科技,2016-03-31,19.3919679,19.7689176,19.23281136,19.5036567,4617439.0,321663216.0,7.669797,-1.3418,50.799912,4.330282,16.603416,-88.34922
sz.002316,亚联发展,2016-03-29,13.1728476,13.29260076,12.62397895,12.80360869,9921582.0,127962838.0,3.15246,-3.9671,217.968351,5.881485,5.944303,106.464146
sz.002316,亚联发展,2016-03-30,12.92336185,13.35247734,12.83354698,13.32253905,8816182.0,115632342.0,2.801233,4.053,226.80261,6.119862,6.185226,110.779139
sz.002316,亚联发展,2016-03-31,13.24270361,13.91132542,13.10299159,13.7716134,14144323.0,190257381.0,4.494184,3.3708,234.447642,6.32615,6.393717,114.513267
sz.002317,众生药业,2016-03-29,9.25071,9.566172,9.25071,9.33597,17979634.0,198589835.0,3.792807,1.108,27.650829,4.047461,5.125233,-48.234684
sz.002317,众生药业,2016-03-30,9.412704,9.694062,9.353022,9.625854,15264319.0,170093690.0,3.220011,3.105,28.509394,4.173136,5.284373,-49.732382
sz.002317,众生药业,2016-03-31,9.856056,9.856056,9.489438,9.515016,12576721.0,141474606.0,2.653061,-1.1515,28.181119,4.125084,5.223526,-49.159733
sz.002318,久立特材,2016-03-29,8.1029312,8.1029312,7.61208056,7.73674104,26574861.0,266408361.0,3.284284,-4.5192,68.047339,3.395186,3.07062,96.799163
sz.002318,久立特材,2016-03-30,7.8302364,8.0250184,7.79128,8.0250184,20251947.0,205589015.0,2.502859,3.7261,70.582839,3.521693,3.185034,100.40598
sz.002318,久立特材,2016-03-31,8.18863528,8.18863528,7.91594048,7.986062,20902247.0,215488681.0,2.583227,-0.4854,70.240204,3.504598,3.169572,99.918572
sz.002319,乐通股份,2016-03-29,15.778038,16.3672179,15.3286635,15.6082743,13283684.0,210328425.0,6.643629,-2.129,1218.102803,5.618475,7.037619,-820.792052
sz.002319,乐通股份,2016-03-30,15.778038,16.2873291,15.678177,16.2873291,13972546.0,224848135.0,6.988152,4.3506,1271.097679,5.862913,7.343798,-856.501495
sz.002319,乐通股份,2016-03-31,16.3172874,16.676787,16.1874681,16.4471067,15691440.0,258204746.0,7.847831,0.981,1283.567061,5.920427,7.415841,-864.903717
sz.002320,海峡股份,2016-03-29,3.2002671,3.3321519,3.1982064,3.2662095,9533998.0,150896761.0,2.238678,0.827,57.056045,3.288127,9.879139,137.027081
sz.002320,海峡股份,2016-03-30,3.29712,3.3610017,3.2703309,3.3610017,10637193.0,171608637.0,2.497719,2.9022,58.71193,3.383555,10.165852,141.003892
sz.002320,海峡股份,2016-03-31,3.3898515,3.4083978,3.3321519,3.3403947,9887285.0,161386859.0,2.321633,-0.6131,58.351955,3.36281,10.103523,140.139368
sz.002321,华英农业,2016-03-29,11.08401537,11.21790339,10.49108271,10.67278788,15116587.0,169972566.0,3.569787,-4.9404,343.393727,3.990133,3.215469,57.162171
sz.002321,华英农业,2016-03-30,10.78754904,10.94056392,10.65366102,10.9023102,13616545.0,153914117.0,3.215551,2.1505,350.778538,4.075942,3.284619,58.391465
sz.002321,华英农业,2016-03-31,11.16052281,11.16052281,10.75885875,10.76842218,14032151.0,160627067.0,3.313697,-1.2281,346.470732,4.025887,3.244281,57.674377
sz.002322,理工能科,2016-03-29,12.30928235,12.37276862,11.7096898,11.82255428,4516676.0,76538336.0,2.857069,-4.0092,63.979484,2.450945,15.175731,31.961012
sz.002322,理工能科,2016-03-30,11.98479697,12.4150928,11.95658085,12.39393071,5117052.0,88459547.0,3.236842,4.8329,67.071571,2.569398,15.909164,33.505667
sz.002322,理工能科,2016-03-31,12.49974116,12.6267137,12.31633638,12.4150928,4634326.0,81852597.0,2.931489,0.1707,67.186093,2.573785,15.936329,33.562877
sz.002323,雅博股份,2016-03-29,6.9793962,7.179542,6.591958,6.6617336,10774702.0,405276096.0,14.33872,-6.9028,33.879331,14.783992,9.742882,186.806793
sz.002323,雅博股份,2016-03-30,6.720492,7.3282742,6.7039662,7.3282742,15240681.0,598868544.0,20.28194,10.0055,37.269132,16.263206,10.717707,205.497771
sz.002323,雅博股份,2016-03-31,7.89566,8.060918,7.5449458,8.060918,16894742.0,728809776.0,22.483125,9.9975,40.995111,17.889119,11.789209,226.042399
sz.002324,普利特,2016-03-29,6.16034865,6.19310306,5.96130262,6.01169402,4416790.0,106267725.0,2.823271,-2.9292,24.740171,3.501996,2.311166,-41.660579
sz.002324,普利特,2016-03-30,6.046968,6.20570091,6.03688972,6.19310306,4543652.0,110165810.0,2.904363,3.0176,25.486731,3.607672,2.380908,-42.91773
sz.002324,普利特,2016-03-31,6.2233379,6.24097489,6.12759424,6.15782908,4018929.0,98631439.0,2.568953,-0.5696,25.341567,3.587124,2.367347,-42.673284
sz.002326,永太科技,2016-03-29,14.06929392,14.06929392,14.06929392,14.06929392,0.0,0.0,,0.0,84.263648,7.000712,8.192984,60.628294
sz.002326,永太科技,2016-03-30,14.06929392,14.06929392,14.06929392,14.06929392,0.0,0.0,,0.0,84.263648,7.000712,8.192984,60.628294
sz.002326,永太科技,2016-03-31,14.06929392,14.06929392,14.06929392,14.06929392,0.0,0.0,,0.0,84.263648,7.000712,8.192984,60.628294
sz.002327,富安娜,2016-03-29,5.4291069,5.4531561,5.3208855,5.3569593,5914028.0,52820789.0,1.261548,-1.4381,17.055718,3.11079,3.534714,173.472326
sz.002327,富安娜,2016-03-30,5.3870208,5.5253037,5.3569593,5.5072668,9446683.0,85688886.0,2.015114,2.8058,17.534274,3.198074,3.633892,178.339676
sz.002327,富安娜,2016-03-31,5.5493529,5.5613775,5.4591684,5.471193,7070898.0,64730904.0,1.508325,-0.655,17.419421,3.177126,3.610089,177.171512
sz.002328,新朋股份,2016-03-29,4.667184,4.76927865,4.5505044,4.61370585,15348496.0,146858144.0,4.718784,-1.7598,47.098209,1.905355,1.073774,-20.106292
sz.002328,新朋股份,2016-03-30,4.65259905,4.83734175,4.65259905,4.81789515,17021954.0,166025909.0,5.233277,4.4257,49.18264,1.98968,1.121296,-20.996138
sz.002328,新朋股份,2016-03-31,4.82761845,5.0172228,4.80817185,4.9783296,19660018.0,199316928.0,6.044331,3.33,50.820407,2.055936,1.158635,-21.695303
sz.002329,皇氏集团,2016-03-29,17.2320204,17.44989652,15.845536,15.845536,25760163.0,429595008.0,6.18899,-9.3484,72.594733,5.17797,7.953202,82.213666
sz.002329,皇氏集团,2016-03-30,15.90495676,17.1329858,15.8950533,17.01414428,20765786.0,345191888.0,4.98907,7.375,77.948595,5.559845,8.539751,88.276924
sz.002329,皇氏集团,2016-03-31,16.9349166,16.94482006,16.44964706,16.56848858,17038112.0,286403600.0,4.09348,-2.6193,75.906868,5.414215,8.316067,85.964664
sz.002330,得利斯,2016-03-29,11.12358211,11.34188613,10.7167428,10.915201,11506287.0,127160514.0,2.292089,-3.8462,244.247667,4.229867,3.560301,-161.246614
sz.002330,得利斯,2016-03-30,11.00450719,11.34188613,10.87550936,11.23273412,11985014.0,134105447.0,2.387453,2.9091,251.353053,4.352918,3.663873,-165.937424
sz.002330,得利斯,2016-03-31,11.29227158,11.53042142,11.12358211,11.26250285,13917431.0,158809857.0,2.772397,0.265,252.019183,4.364454,3.673583,-166.377188
sz.002331,皖通科技,2016-03-29,13.82992805,13.82992805,13.19200115,13.37192925,20040105.0,329712736.0,8.77988,-4.4977,68.684733,3.881681,5.411571,24.695565
sz.002331,皖通科技,2016-03-30,13.53550025,14.10799875,13.47007185,14.067106,19701501.0,331208672.0,8.631532,5.1988,72.255499,4.08348,5.692907,25.979432
sz.002331,皖通科技,2016-03-31,14.230677,14.557819,14.0834631,14.1488915,20845065.0,364951280.0,9.132545,0.5814,72.675589,4.107222,5.726005,26.130475
sz.002332,仙琚制药,2016-03-29,6.42286125,6.45711651,6.21732969,6.25729416,12337684.0,136229614.0,2.638487,-3.4361,62.667219,5.420992,2.69911,394.887174
sz.002332,仙琚制药,2016-03-30,6.31438626,6.48566256,6.30867705,6.47424414,13691807.0,153231685.0,2.928075,3.4672,64.839988,5.608946,2.792692,408.578517
sz.002332,仙琚制药,2016-03-31,6.5084994,6.60555597,6.46282572,6.52562703,14464509.0,165315689.0,3.093322,0.7937,65.522934,3.262084,2.814856,33.417505
sz.002333,罗普斯金,2016-03-29,10.273032,10.273032,9.7360326,9.8761194,2471250.0,52558899.0,1.019136,-2.7586,26.840378,3.92306,4.708298,-60.909912
sz.002333,罗普斯金,2016-03-30,10.039554,10.16096256,9.81074556,10.0629018,3102754.0,66650691.0,1.279566,1.8913,27.347997,3.997255,4.797344,-62.061873
sz.002333,罗普斯金,2016-03-31,10.08158004,10.45514484,10.00686708,10.23100596,3659306.0,79871941.0,1.509086,1.6705,27.804854,4.06403,4.877485,-63.098637
sz.002334,英威腾,2016-03-29,7.71507006,7.77138444,7.46165535,7.54612692,11674882.0,94312152.0,2.217963,-2.5455,41.050974,3.96358,5.557591,1592.834312
sz.002334,英威腾,2016-03-30,7.54612692,7.81831309,7.54612692,7.80892736,11303237.0,92655676.0,2.147358,3.4826,41.849556,3.962975,5.751139,-2199.030548
sz.002334,英威腾,2016-03-31,7.83708455,7.93094185,7.76199871,7.7901559,12601466.0,105370925.0,2.393993,-0.2404,41.748956,3.953449,5.737314,-2193.744417
sz.002335,科华数据,2016-03-29,20.1039288,20.34776358,19.1086848,19.31768604,3228244.0,126986708.0,1.75664,-3.6725,58.951136,7.295453,5.219366,43.680786
sz.002335,科华数据,2016-03-30,19.71080742,20.68614654,19.43711532,20.6761941,4289230.0,172750463.0,2.333972,7.0325,63.096849,7.808503,5.586416,46.752618
sz.002335,科华数据,2016-03-31,20.7508374,21.61172346,20.5517886,21.11907768,3958928.0,168045397.0,2.140302,2.142,64.47369,7.978893,5.708318,47.772811
sz.002337,赛象科技,2016-03-29,7.61426589,7.61426589,7.28108051,7.37907621,10658501.0,80792910.0,1.887149,-3.2134,-47.934458,3.536624,12.361971,-15.51084
sz.002337,赛象科技,2016-03-30,7.38887578,7.62406546,7.38887578,7.62406546,10093567.0,77462098.0,1.787124,3.3201,-49.525908,3.654041,12.772395,-16.025808
sz.002337,赛象科技,2016-03-31,7.65346417,7.70246202,7.55546847,7.61426589,9938807.0,77377226.0,1.759723,-0.1285,-49.46225,3.649345,12.755978,-16.005209
sz.002338,奥普光电,2016-03-29,27.294344,28.20578013,25.85164296,26.21719221,664009.0,36320164.0,0.557619,-3.7229,147.313059,9.035482,18.676478,-235.830194
sz.002338,奥普光电,2016-03-30,26.26105812,28.0254425,26.21719221,27.17249425,593458.0,32916178.0,0.498372,3.6438,152.680852,9.364716,19.357012,-244.423375
sz.002338,奥普光电,2016-03-31,27.3430839,27.34795789,26.806945,26.88005485,651980.0,36137518.0,0.547517,-1.0762,151.03765,9.26393,19.148685,-241.79281
sz.002339,积成电子,2016-03-29,13.67724987,13.7590605,12.72527163,12.95582886,17151937.0,303013920.0,5.79513,-5.8378,43.251241,4.708455,5.069532,138.647401
sz.002339,积成电子,2016-03-30,13.2384474,13.72187385,12.99301551,13.72187385,13680189.0,245619193.0,4.622129,5.9127,45.808577,4.986854,5.36928,146.845267
sz.002339,积成电子,2016-03-31,13.4615673,13.81855914,13.11201279,13.4615673,24219543.0,437088288.0,8.183064,-1.897,44.939579,4.892252,5.267424,144.059585
sz.002340,格林美,2016-03-29,3.7466044,3.79025416,3.6738548,3.70295464,21289366.0,217846273.0,1.824722,-0.7797,91.839498,3.351955,2.86578,67.94784
sz.002340,格林美,2016-03-30,3.7466044,3.84481636,3.728417,3.84117888,28494149.0,297446544.0,2.442247,3.7328,95.267691,3.477077,2.972754,70.484204
sz.002340,格林美,2016-03-31,3.86664124,3.91392848,3.819354,3.84845384,29486425.0,313561904.0,2.527296,0.1894,95.448123,3.483663,2.978385,70.617696
sz.002342,巨力索具,2016-03-29,6.01,6.02,5.85,5.88,13669170.0,80818681.0,1.661035,-1.8364,208.075475,2.344153,4.229934,-32.918684
sz.002342,巨力索具,2016-03-30,5.94,6.1,5.92,6.09,14923270.0,89615127.0,1.813429,3.5714,215.506742,2.427873,4.381003,-34.094351
sz.002342,巨力索具,2016-03-31,6.12,6.15,6.04,6.06,15538013.0,94642375.0,1.888131,-0.4926,214.445133,2.415913,4.359422,-33.926398
sz.002343,慈文传媒,2016-03-29,32.524898,32.524898,30.46027404,30.7572405,4056770.0,179053643.0,2.758867,-5.3319,69.922826,14.050399,14.459111,132.731695
sz.002343,慈文传媒,2016-03-30,31.0400657,32.06530705,30.72188735,31.76126996,5303691.0,236018752.0,3.606855,3.2644,72.205364,14.509056,14.931109,137.064546
sz.002343,慈文传媒,2016-03-31,31.817835,34.87941779,31.76834059,34.28548487,8319760.0,394252720.0,5.657978,7.9475,77.943858,15.662157,16.117754,147.957699
sz.002344,海宁皮城,2016-03-29,9.40019348,9.43709316,9.1326708,9.22492,12871851.0,129332843.0,1.163954,-1.9608,20.224386,2.210536,6.052239,-60.275323
sz.002344,海宁皮城,2016-03-30,9.29871936,9.56624204,9.26181968,9.55701712,15105728.0,153930430.0,1.365955,3.6,20.952464,2.290115,6.27012,-62.445234
sz.002344,海宁皮城,2016-03-31,9.57546696,9.81531488,9.56624204,9.62159156,25729805.0,270281520.0,2.326651,0.6757,21.094035,2.305589,6.312486,-62.867161
sz.002345,潮宏基,2016-03-29,8.2239994,8.32485977,7.85935037,8.02227866,11245880.0,116823772.0,1.351473,-3.9926,33.991788,3.50177,3.244374,105.759935
sz.002345,潮宏基,2016-03-30,8.1464145,8.35589373,8.07658809,8.27830883,9841923.0,103930983.0,1.182753,3.1915,35.076633,3.613528,3.347918,109.135252
sz.002345,潮宏基,2016-03-31,8.534339,8.6895088,8.31710128,8.38692769,13646344.0,149690450.0,1.639949,1.3121,35.53687,3.660941,3.391846,110.567204
sz.002346,柘中股份,2016-03-29,19.2685999,19.2685999,19.2685999,19.2685999,0.0,0.0,,0.0,86.05313,6.557125,22.918412,774.904511
sz.002346,柘中股份,2016-03-30,19.2685999,19.2685999,19.2685999,19.2685999,0.0,0.0,,0.0,86.05313,6.557125,22.918412,774.904511
sz.002346,柘中股份,2016-03-31,19.2685999,19.2685999,19.2685999,19.2685999,0.0,0.0,,0.0,86.05313,6.557125,22.918412,774.904511
sz.002347,泰尔股份,2016-03-29,9.050403,9.1456704,8.53119567,8.73602058,6098553.0,113140542.0,4.237201,-4.5289,357.217939,3.403674,10.963558,-75.318799
sz.002347,泰尔股份,2016-03-30,8.8598682,9.0027693,8.7169671,8.92655538,4897655.0,91145359.0,3.402831,2.181,365.008952,3.477909,11.202676,-76.961521
sz.002347,泰尔股份,2016-03-31,8.9551356,9.21712095,8.95037223,9.11709018,6390856.0,121673338.0,4.440289,2.1345,372.799965,3.552144,11.441794,-78.604243
sz.002348,高乐股份,2016-03-29,6.4131963,6.50268276,6.1646228,6.24913779,10737364.0,136582810.0,2.897463,-3.8256,104.526185,4.933907,14.364569,-51.309594
sz.002348,高乐股份,2016-03-30,6.34359572,6.7611992,6.27896661,6.63691245,12151039.0,157206443.0,3.278941,6.2053,111.012297,5.240068,15.255926,-54.493483
sz.002348,高乐股份,2016-03-31,6.60708363,6.73634185,6.57228334,6.59216922,9574241.0,127966331.0,2.583595,-0.6742,110.263899,5.204742,15.153078,-54.126111
sz.002349,精华制药,2016-03-29,12.07369958,12.07369958,12.07369958,12.07369958,0.0,0.0,,0.0,138.499352,5.311227,13.858407,-27.569673
sz.002349,精华制药,2016-03-30,12.07369958,12.07369958,12.07369958,12.07369958,0.0,0.0,,0.0,138.499352,5.311227,13.858407,-27.569673
sz.002349,精华制药,2016-03-31,12.07369958,12.07369958,12.07369958,12.07369958,0.0,0.0,,0.0,138.499352,5.311227,13.858407,-27.569673
sz.002350,北京科锐,2016-03-29,6.5591037,6.5635748,6.2729533,6.3176643,2634951.0,37496581.0,1.211049,-3.0864,72.055761,2.931543,2.109324,-25.773586
sz.002350,北京科锐,2016-03-30,6.3668464,6.6395835,6.3668464,6.6395835,2666592.0,38696483.0,1.225591,5.0955,75.727392,3.080921,2.216806,-27.08689
sz.002350,北京科锐,2016-03-31,6.6529968,6.7603032,6.5993436,6.6485257,2161484.0,32256640.0,0.993439,0.1347,75.829382,3.085071,2.219791,-27.12337
sz.002351,漫步者,2016-03-29,5.51479095,5.517695,5.22729,5.29408315,7058488.0,129987606.0,5.388901,-4.1535,52.352144,3.173714,8.102573,-80.851628
sz.002351,漫步者,2016-03-30,5.3550682,5.7732514,5.32893175,5.6687056,8128618.0,154950103.0,6.205907,7.0763,56.056711,3.398294,8.675931,-86.57289
sz.002351,漫步者,2016-03-31,5.7209785,6.23499535,5.633857,6.23499535,12251613.0,251127362.0,9.353665,9.9897,61.656639,3.737775,9.542636,-95.221309
sz.002352,顺丰控股,2016-03-29,11.7616257,11.93286776,11.63094097,11.716562,1557435.0,40715155.0,2.390125,-0.345,125.885354,4.31278,4.499972,-41.324325
sz.002352,顺丰控股,2016-03-30,11.716562,12.12664167,11.45068617,12.05453975,1705898.0,44561858.0,2.617964,2.8846,129.516663,4.437187,4.629779,-42.516373
sz.002352,顺丰控股,2016-03-31,12.08608434,12.61332963,12.08608434,12.47363216,1865504.0,51220774.0,2.862904,3.4766,134.019485,4.591452,4.790739,-43.994512
sz.002353,杰瑞股份,2016-03-29,16.16083009,16.16083009,16.16083009,16.16083009,0.0,0.0,,0.0,114.946857,2.166481,5.953243,-9.82154
sz.002353,杰瑞股份,2016-03-30,16.16083009,16.16083009,16.16083009,16.16083009,0.0,0.0,,0.0,114.946857,2.166481,5.953243,-9.82154
sz.002353,杰瑞股份,2016-03-31,16.16083009,16.16083009,16.16083009,16.16083009,0.0,0.0,,0.0,114.946857,2.166481,5.953243,-9.82154
sz.002354,天娱数科,2016-03-29,27.91265884,27.91265884,27.91265884,27.91265884,0.0,0.0,,0.0,63.780957,4.643625,24.547313,46.639815
sz.002354,天娱数科,2016-03-30,27.91265884,27.91265884,27.91265884,27.91265884,0.0,0.0,,0.0,63.780957,4.643625,24.547313,46.639815
sz.002354,天娱数科,2016-03-31,27.91265884,27.91265884,27.91265884,27.91265884,0.0,0.0,,0.0,63.780957,4.643625,24.547313,46.639815
sz.002355,兴民智通,2016-03-29,18.5453532,19.07379606,17.96705724,18.28611708,14298516.0,266342454.0,4.184278,-1.9775,314.827684,4.781535,8.553502,-202.318324
sz.002355,兴民智通,2016-03-30,18.5453532,19.13361978,18.07673406,19.06382544,18927634.0,353657600.0,5.53893,4.253,328.217302,4.984894,8.917282,-210.92292
sz.002355,兴民智通,2016-03-31,19.26323784,20.96821386,19.26323784,20.96821386,38532859.0,787297792.0,11.276148,9.9895,361.0047,5.482862,9.808078,-231.993149
sz.002356,赫美集团,2016-03-29,13.6550782,13.7538176,13.2891616,13.3472436,1872394.0,43365018.0,0.780164,-2.0878,67.568919,4.596187,5.653397,-176.010365
sz.002356,赫美集团,2016-03-30,13.4285584,13.9338718,13.4227502,13.881598,2752587.0,64989399.0,1.146911,4.0035,70.274028,4.780194,5.87973,-183.056907
sz.002356,赫美集团,2016-03-31,13.8874062,14.2184736,13.8874062,13.9745292,3140333.0,76078877.0,1.308472,0.6695,70.744482,4.812196,5.919092,-184.282392
sz.002357,富临运业,2016-03-29,12.208158,12.208158,11.756004,11.88260712,3513364.0,46229965.0,1.121594,-1.9403,22.929024,4.903807,3.179357,15.078259
sz.002357,富临运业,2016-03-30,11.982081,12.3438042,11.90069328,12.3438042,4763171.0,63632014.0,1.520579,3.8813,23.818963,5.094138,3.302757,15.663488
sz.002357,富临运业,2016-03-31,12.37997652,12.886389,12.33476112,12.6150966,6691254.0,93300629.0,2.136093,2.1978,24.342457,5.206097,3.375345,16.007741
sz.002358,森源电气,2016-03-29,13.51654409,13.64178648,13.2949614,13.60325036,11964412.0,167776297.0,1.728581,0.6415,61.499832,5.110526,6.650509,-252.374079
sz.002358,森源电气,2016-03-30,13.6803226,13.88263723,13.57434827,13.8730032,15917083.0,227165817.0,2.29965,1.983,62.719375,5.211867,6.782388,-257.378664
sz.002358,森源电气,2016-03-31,13.95007544,14.04641574,13.60325036,13.68995663,15094409.0,216348580.0,2.180793,-1.3194,61.891828,5.1431,6.692899,-253.982695
sz.002360,同德化工,2016-03-29,10.74840266,10.86126957,9.88887773,9.90624187,19680622.0,229694378.0,8.03235,-9.8024,55.121555,4.586296,6.622406,-26.737632
sz.002360,同德化工,2016-03-30,9.92360601,10.17538604,9.90624187,10.14933983,11047312.0,128177354.0,4.508795,2.454,56.474232,4.698843,6.784919,-27.39377
sz.002360,同德化工,2016-03-31,10.3316633,11.16514202,10.25352467,11.16514202,16539815.0,207538853.0,6.750477,10.0086,62.126486,5.169129,7.463991,-30.135491
sz.002361,神剑股份,2016-03-29,5.21635064,5.2707312,5.02392712,5.08667392,11266639.0,138248768.0,4.117581,-4.4025,44.155906,4.151931,4.442371,10.793155
sz.002361,神剑股份,2016-03-30,5.09504016,5.36694296,5.09504016,5.35857672,10988406.0,137987447.0,4.015896,5.3454,46.516214,4.373868,4.679834,11.370092
sz.002361,神剑股份,2016-03-31,5.38367544,5.49661968,5.23308312,5.333478,10071287.0,129178152.0,3.68072,-0.4684,46.298339,4.353382,4.657914,11.316836
sz.002362,汉王科技,2016-03-29,24.05,24.28,22.78,23.42,7626331.0,178126958.0,4.329155,-2.2129,1039.817359,6.75966,13.769503,-54.109268
sz.002362,汉王科技,2016-03-30,23.78,25.76,23.45,25.76,11924805.0,293063584.0,6.769222,9.9915,1143.710298,7.435048,15.145278,-59.515574
sz.002362,汉王科技,2016-03-31,26.6,26.9,25.61,25.9,17414603.0,454320144.0,9.885555,0.5435,1149.926115,7.475456,15.227589,-59.839028
sz.002363,隆基机械,2016-03-29,11.54645388,11.66981343,10.87208834,11.19282317,27335910.0,373217264.0,7.089823,-4.357,94.577436,3.907668,3.78777,103.050289
sz.002363,隆基机械,2016-03-30,11.30795875,11.68626137,11.23394302,11.66981343,23821636.0,330672640.0,6.178363,4.2616,98.607922,4.074196,3.949189,107.441852
sz.002363,隆基机械,2016-03-31,11.70270931,11.72738122,11.37375051,11.47243815,20488673.0,287075200.0,5.313928,-1.6913,96.940134,4.005288,3.882395,105.624653
sz.002364,中恒电气,2016-03-29,21.32934055,22.07887486,20.64458081,20.90367909,9345231.0,214593125.0,2.214058,-3.7084,84.706875,10.681353,14.106345,-362.076264
sz.002364,中恒电气,2016-03-30,21.1905379,22.46752228,21.1905379,22.43976175,11629960.0,274898944.0,2.755352,7.3484,90.931461,11.46626,15.142934,-388.683019
sz.002364,中恒电气,2016-03-31,23.02273288,23.06900043,21.85679062,22.21767751,12976549.0,313926112.0,3.074384,-0.9897,90.031521,11.352779,14.993066,-384.83626
sz.002365,永安药业,2016-03-29,10.68723138,10.76791315,10.47621752,10.63137477,5422064.0,92962285.0,3.526375,-0.233,181.69481,2.87177,5.762451,-165.140317
sz.002365,永安药业,2016-03-30,10.77411944,10.97892701,10.69964396,10.95410185,6029841.0,105415475.0,3.921658,3.0356,187.210356,2.958946,5.937377,-170.153333
sz.002365,永安药业,2016-03-31,10.96030814,11.06581507,10.82997605,10.95410185,7115764.0,125758564.0,4.627916,0.0,187.397055,2.959013,5.937377,114.71688
sz.002366,融发核电,2016-03-29,24.75146025,24.785776,23.5308,24.3053555,3476105.0,170449422.0,3.227638,-1.9964,83.871094,16.276742,28.075316,89.900527
sz.002366,融发核电,2016-03-30,24.452423,25.2465875,24.18279925,25.2465875,3669383.0,185641965.0,3.407101,3.8725,87.119026,16.907064,29.16254,93.381951
sz.002366,融发核电,2016-03-31,25.4818955,25.6583765,24.256333,24.57497925,4221259.0,213938045.0,3.919529,-2.6602,84.801491,16.457303,28.38676,90.89781
sz.002367,康力电梯,2016-03-29,8.6334252,8.68952688,8.24694696,8.39031792,15058270.0,203587528.0,3.273863,-3.1655,20.356849,4.557408,3.039941,-102.545613
sz.002367,康力电梯,2016-03-30,8.49005424,8.7892632,8.43395256,8.77056264,18629310.0,257480611.0,4.050253,4.5319,21.262387,4.440949,3.17771,-45.383337
sz.002367,康力电梯,2016-03-31,8.86406544,9.18197496,8.73316152,9.03237048,21764422.0,314819616.0,4.731867,2.9851,21.897085,4.573514,3.272567,-46.738064
sz.002368,太极股份,2016-03-29,23.43973044,23.63972814,22.37307604,22.666406,8335374.0,286754688.0,2.298438,-4.0903,70.125495,6.571807,2.92584,88.840629
sz.002368,太极股份,2016-03-30,22.9330696,24.28638737,22.87307029,24.18638852,10492490.0,368366976.0,2.893252,6.7059,74.828029,7.012504,3.122043,94.798177
sz.002368,太极股份,2016-03-31,24.3330535,24.50638484,23.9330581,24.16638875,8732675.0,317202176.0,2.407992,-0.0827,74.766153,7.006706,3.119462,94.719789
sz.002369,卓翼科技,2016-03-29,9.4353715,9.51482726,8.72026966,8.938773,27406099.0,249045122.0,6.568297,-5.3628,-82.590433,3.218788,1.157475,-20.297882
sz.002369,卓翼科技,2016-03-30,8.99836482,9.57441908,8.99836482,9.5346912,27272799.0,254662364.0,6.536349,6.6667,-88.096462,3.433374,1.23464,-21.651075
sz.002369,卓翼科技,2016-03-31,9.58435105,10.01142576,9.46516741,9.66380681,37163627.0,366471104.0,8.90684,1.3542,-87.672279,3.547032,1.257968,-110.223204
sz.002370,亚太药业,2016-03-29,14.58516228,14.58516228,12.47415195,12.60209197,2481149.0,65586517.0,1.218521,-4.9722,94.135265,6.648838,11.280342,22.113219
sz.002370,亚太药业,2016-03-30,12.80876431,13.22702976,12.65129967,13.22702976,1528339.0,40232776.0,0.750585,4.959,98.803433,6.978553,11.839735,23.209814
sz.002370,亚太药业,2016-03-31,13.41401902,13.55672135,12.83828893,12.94654587,1270764.0,33731446.0,0.624087,-2.1205,96.708271,6.830571,11.588669,22.717642
sz.002371,北方华创,2016-03-29,18.7611904,19.28152029,18.12360307,18.47537539,8480756.0,216032796.0,2.492647,-2.0591,229.739714,4.747447,10.39133,22381.870219
sz.002371,北方华创,2016-03-30,19.06166259,20.2269084,18.6879045,19.82383595,12245496.0,323828032.0,3.599171,7.2987,246.507706,5.093949,11.149761,24015.453766
sz.002371,北方华创,2016-03-31,19.8604789,20.7399097,19.42809209,19.94842198,11696872.0,318197888.0,3.437921,0.6285,248.056923,5.128183,11.219834,656.558394
sz.002372,伟星新材,2016-03-29,4.6679725,4.910815,4.662576,4.910815,7259179.0,129699414.0,1.387562,4.0,21.74223,4.705098,3.834753,1605.083835
sz.002372,伟星新材,2016-03-30,4.96208175,4.98906425,4.81097975,4.96208175,9005995.0,163815183.0,1.721459,1.0439,21.96921,4.754218,3.874786,1621.840205
sz.002372,伟星新材,2016-03-31,4.91351325,5.0888995,4.91351325,5.040331,7261955.0,134752142.0,1.388093,1.5769,22.315652,4.829189,3.935889,1647.415716
sz.002373,千方科技,2016-03-29,14.61906,14.78474268,14.131758,14.37053598,7614595.0,225460988.0,3.48851,-3.3115,54.920511,14.52565,10.44539,112.071314
sz.002373,千方科技,2016-03-30,14.61906,15.80807688,14.21947236,15.80807688,13362501.0,417386768.0,6.121826,10.0034,60.414425,15.978707,11.490284,123.282245
sz.002373,千方科技,2016-03-31,16.20766452,16.3733472,15.80807688,16.06634694,13539802.0,447089680.0,6.203054,1.6338,61.401467,16.239765,11.67801,125.296413
sz.002374,中锐股份,2016-03-29,6.97956896,7.13296608,6.86226528,7.0607792,6692348.0,103951312.0,2.940474,0.3849,45.364315,2.768066,4.053732,-724.653152
sz.002374,中锐股份,2016-03-30,7.105896,7.6021808,7.10138432,7.56157568,12020324.0,196822733.0,5.281472,7.0927,48.581848,2.964396,4.341249,-776.050276
sz.002374,中锐股份,2016-03-31,7.66083264,7.97665024,7.49390048,7.53901728,12787052.0,218676019.0,5.618356,-0.2983,48.436914,2.955552,4.328298,-773.73509
sz.002375,亚厦股份,2016-03-29,12.3285541,12.63912073,11.86740971,12.18738745,33348498.0,433665616.0,2.949008,-0.1542,29.910377,2.495237,1.922364,-40.846422
sz.002375,亚厦股份,2016-03-30,12.44148742,12.68617628,12.12150968,12.65794295,44402069.0,587905728.0,3.926475,3.861,31.065218,2.591578,1.996587,-42.423504
sz.002375,亚厦股份,2016-03-31,12.62029851,13.13790956,12.46030964,12.74264294,51973850.0,707848352.0,4.596048,0.6691,31.273089,2.60892,2.009947,-42.707379
sz.002376,新北洋,2016-03-29,10.38300236,10.48103228,9.9663752,10.21145,12012837.0,149762557.0,2.097617,-2.0376,49.712392,4.008107,6.163771,34.163724
sz.002376,新北洋,2016-03-30,10.2522958,10.6607538,10.16243504,10.63624632,11213908.0,142848912.0,1.958112,4.16,51.780428,4.174845,6.420184,35.584935
sz.002376,新北洋,2016-03-31,10.6607538,11.028366,10.44018648,10.67709212,12298437.0,161084084.0,2.147487,0.384,51.979277,4.190877,6.444839,35.72159
sz.002377,国创高新,2016-03-29,7.45125129,7.4800206,7.04848095,7.08684003,7346522.0,55296533.0,1.702273,-4.522,103.097898,4.270794,2.214812,-41.648859
sz.002377,国创高新,2016-03-30,7.24027635,7.43207175,7.14437865,7.42248198,6071536.0,46327787.0,1.406844,4.7361,107.980749,4.473065,2.319709,-43.621403
sz.002377,国创高新,2016-03-31,7.47043083,7.73894439,7.3841229,7.66222623,10868934.0,85395502.0,2.518456,3.23,111.468499,4.617544,2.394635,-45.030364
sz.002378,章源钨业,2016-03-29,6.9659037,7.52755248,6.80543262,7.27225758,64698458.0,636972720.0,7.010089,5.7264,-57.649676,4.641117,6.856447,-379.711238
sz.002378,章源钨业,2016-03-30,7.0753158,7.38896382,7.04613924,7.29414,46010054.0,454314144.0,4.985197,0.3009,-57.823145,4.655082,6.877078,-380.853799
sz.002378,章源钨业,2016-03-31,7.29414,7.33790484,7.0388451,7.08990408,31451159.0,307917952.0,3.407739,-2.8,-56.204097,4.52474,6.68452,-370.189893
sz.002379,宏桥控股,2016-03-29,4.34,4.34,4.34,4.34,0.0,0.0,,0.0,231.729085,3.051229,2.630844,-5.370442
sz.002379,宏桥控股,2016-03-30,4.34,4.34,4.34,4.34,0.0,0.0,,0.0,231.729085,3.051229,2.630844,-5.370442
sz.002379,宏桥控股,2016-03-31,4.34,4.34,4.34,4.34,0.0,0.0,,0.0,231.729085,3.051229,2.630844,-5.370442
sz.002380,科远智慧,2016-03-29,32.4309096,32.5705776,31.3508104,31.471856,2653680.0,91087096.0,2.601153,-2.8456,107.433649,7.118212,16.31646,-78.990456
sz.002380,科远智慧,2016-03-30,31.9746608,33.5110088,31.844304,33.3247848,4099443.0,143391815.0,3.892194,5.8876,113.758884,7.537302,17.277104,-83.641077
sz.002380,科远智慧,2016-03-31,33.1292496,33.4644528,32.496088,32.682312,4210558.0,148918934.0,3.997691,-1.9279,131.249212,8.696155,19.933443,-96.500819
sz.002381,双箭股份,2016-03-29,10.78565444,10.91289672,10.41889728,10.50871536,9699688.0,138040292.0,4.485271,-2.5,56.483572,5.112468,6.310107,-114.062974
sz.002381,双箭股份,2016-03-30,10.57607892,11.08504804,10.56859408,11.07007836,10472904.0,151454814.0,4.842817,5.3419,59.500856,5.38557,6.647186,-120.156082
sz.002381,双箭股份,2016-03-31,11.1524116,11.1524116,10.86798768,10.92038156,9296986.0,136075122.0,4.299056,-1.3523,58.530714,5.225102,6.551165,-168.792521
sz.002382,蓝帆医疗,2016-03-29,9.33423406,9.3695075,8.9506354,9.03000064,2160036.0,44637981.0,0.90524,-3.2593,29.851564,4.417244,3.348087,-76.938705
sz.002382,蓝帆医疗,2016-03-30,9.0608649,9.47532782,9.0608649,9.42682684,2509658.0,52752004.0,1.051762,4.3945,31.1634,4.611362,3.49522,-80.3198
sz.002382,蓝帆医疗,2016-03-31,9.45328192,9.66933174,9.38714422,9.40919012,2628180.0,56716764.0,1.101432,-0.1871,31.105097,4.602734,3.488681,-80.169529
sz.002383,合众思壮,2016-03-29,11.1396432,11.26894263,10.56276882,10.77826787,8427440.0,277005456.0,6.441483,-4.2415,105.900638,3.58244,8.473671,-331.336579
sz.002383,合众思壮,2016-03-30,10.7749525,11.2059506,10.7749525,11.17942764,8898724.0,294026096.0,6.801707,3.7219,109.842188,3.715776,8.789056,-343.6687
sz.002383,合众思壮,2016-03-31,11.2059506,11.38166521,11.11312024,11.16285079,8166427.0,277016560.0,6.241979,-0.1483,109.679314,3.710266,8.776023,-343.159108
sz.002384,东山精密,2016-03-29,11.95513424,12.35725568,11.68705328,12.0317288,7249478.0,135989961.0,1.534944,1.3441,484.10275,5.89894,4.061694,109.051772
sz.002384,东山精密,2016-03-30,12.0317288,12.33810704,11.9998144,12.287044,5312261.0,101616731.0,1.124774,2.122,494.375487,6.024117,4.147884,111.365868
sz.002384,东山精密,2016-03-31,12.29342688,12.606188,11.9998144,12.05087744,6359326.0,122738265.0,1.34647,-1.9221,484.873205,5.908329,4.068158,109.22533
sz.002385,大北农,2016-03-29,6.91725719,6.91725719,6.66127795,6.73690818,15866204.0,185337746.0,1.042874,-3.1773,44.547653,5.180175,1.966513,-56.508908
sz.002385,大北农,2016-03-30,6.83580925,6.94634574,6.76017902,6.9230749,15948027.0,187830235.0,1.048252,2.7634,45.778677,5.323323,2.020855,-58.070466
sz.002385,大北农,2016-03-31,6.95216345,7.06269994,6.82999154,6.8648978,17842465.0,212303573.0,1.172772,-0.8403,45.393982,5.27859,2.003873,-57.582479
sz.002386,天原股份,2016-03-29,4.94652238,5.20055206,4.91829686,5.10881912,14651530.0,105395902.0,2.181903,3.281,300.506236,1.255088,0.454534,-4.762606
sz.002386,天原股份,2016-03-30,5.08764998,5.20760844,5.02414256,5.15821378,16743199.0,120753356.0,2.493394,0.9669,303.411683,1.267222,0.458929,-4.808654
sz.002386,天原股份,2016-03-31,5.10176274,5.14410102,5.03825532,5.0453117,13674825.0,98111888.0,2.036452,-2.1888,296.770661,1.239486,0.448884,-4.703403
sz.002387,维信诺,2016-03-29,13.43,13.5,12.96,13.11,6817468.0,89756501.0,2.341083,-3.0326,-9.59346,5.088003,14.296172,1119.348871
sz.002387,维信诺,2016-03-30,13.18,13.62,13.18,13.58,5821193.0,77928575.0,1.998967,3.5851,-9.93739,5.270411,14.808697,1159.478083
sz.002387,维信诺,2016-03-31,13.58,14.17,13.58,13.79,9259025.0,128649252.0,3.179501,1.5464,-10.091061,5.351912,15.037697,1177.408157
sz.002388,新亚制程,2016-03-29,12.30171852,12.9872931,11.59683198,11.8768554,54301551.0,698266416.0,14.917062,-5.8914,1065.799291,8.648308,8.631361,-86.174207
sz.002388,新亚制程,2016-03-30,11.9734152,13.06454094,11.54855208,13.06454094,59039008.0,756796976.0,16.218478,10.0,1172.37922,9.513139,9.494497,-94.791628
sz.002388,新亚制程,2016-03-31,13.43146818,14.36809824,12.85210938,14.36809824,77995239.0,1107435136.0,21.425904,9.9778,1289.357191,10.462343,10.441841,-104.249773
sz.002389,航天彩虹,2016-03-29,12.67904399,12.67904399,12.67904399,12.67904399,0.0,0.0,,0.0,93.466233,2.784323,10.045429,19.587907
sz.002389,航天彩虹,2016-03-30,12.67904399,12.67904399,12.67904399,12.67904399,0.0,0.0,,0.0,93.466233,2.784323,10.045429,19.587907
sz.002389,航天彩虹,2016-03-31,12.67904399,12.67904399,12.67904399,12.67904399,0.0,0.0,,0.0,92.005345,2.762028,9.971885,2579.367767
sz.002390,信邦制药,2016-03-29,8.8921152,8.92916568,8.5679235,8.7068628,18053568.0,169681389.0,2.472446,-1.9812,91.248347,6.414323,3.839901,102.902259
sz.002390,信邦制药,2016-03-30,8.74391328,8.9847414,8.74391328,8.9847414,10563962.0,100967138.0,1.446741,3.1915,94.160528,6.619035,3.962451,106.186374
sz.002390,信邦制药,2016-03-31,9.00326664,9.10515546,8.8921152,8.91064044,9281294.0,89841269.0,1.271078,-0.8247,93.383947,6.564445,3.929771,105.31061
sz.002391,长青股份,2016-03-29,7.51117147,7.55328035,7.34273595,7.34273595,6741466.0,95116706.0,3.30622,-2.7875,21.265361,1.758186,2.774496,-317.971466
sz.002391,长青股份,2016-03-30,7.41116288,7.65328894,7.39537205,7.6322345,7658334.0,109732411.0,3.75588,3.9427,22.103781,1.827505,2.883884,-330.507975
sz.002391,长青股份,2016-03-31,7.66381616,8.17438633,7.61118006,8.1585955,14851221.0,220996534.0,7.283491,6.8966,23.628179,1.95354,3.082773,-353.301629
sz.002392,北京利尔,2016-03-29,5.1369822,5.17503392,4.98477532,5.0418529,17366212.0,92458188.0,2.958463,-2.7523,-137.088285,2.085619,3.598703,185.650994
sz.002392,北京利尔,2016-03-30,5.07990462,5.18454685,5.06087876,5.18454685,15386033.0,82947928.0,2.621125,2.8302,-140.968142,2.144646,3.700553,190.905268
sz.002392,北京利尔,2016-03-31,5.22259857,5.27016322,5.18454685,5.24162443,21560893.0,118580456.0,3.673059,1.1009,-142.520085,2.168256,3.741293,193.006977
sz.002393,力生制药,2016-03-29,22.83518698,22.99573724,22.1682859,22.26091105,3734189.0,135969588.0,2.054188,-2.804,57.589037,2.214688,8.489486,-151.69572
sz.002393,力生制药,2016-03-30,22.52643648,23.27361269,22.38441125,23.24891265,4685156.0,173665682.0,2.577318,4.4383,60.145,2.312982,8.866273,-158.428401
sz.002393,力生制药,2016-03-31,23.27361269,23.73056343,23.19951257,23.4032879,4717209.0,179502686.0,2.594951,0.664,60.544369,2.328341,8.925146,-159.480382
sz.002394,联发股份,2016-03-29,10.3415502,10.58251836,10.22106612,10.30138884,3322147.0,51606477.0,1.026304,-1.0925,17.209554,1.966821,1.419377,-18.270536
sz.002394,联发股份,2016-03-30,10.40179224,10.65614752,10.3415502,10.62267972,3809015.0,59762244.0,1.176711,3.1189,17.746305,2.028164,1.463646,-18.840378
sz.002394,联发股份,2016-03-31,10.70300244,10.70300244,10.45534072,10.50219564,3200108.0,50529693.0,0.988603,-1.1342,17.545023,2.00516,1.447045,-18.626687
sz.002395,双象股份,2016-03-29,16.5315297,16.7868429,16.03366896,16.1485599,7964249.0,204683282.0,4.45462,-6.814,195.383011,5.61818,4.567241,46.891343
sz.002395,双象股份,2016-03-30,16.66556913,16.78046007,15.86771538,16.48684989,6384587.0,163835272.0,3.571072,2.0949,199.476014,5.735874,4.662918,47.873652
sz.002395,双象股份,2016-03-31,16.63365498,17.51448552,16.48046706,17.20172685,8136432.0,218139261.0,4.550927,4.336,208.125381,5.984584,4.865104,49.949474
sz.002396,星网锐捷,2016-03-29,15.89509714,15.99782691,15.18532782,15.4094655,12506022.0,207589142.0,2.374907,-2.9982,33.910118,3.599246,1.97141,28.746132
sz.002396,星网锐捷,2016-03-30,15.55889062,16.05386133,15.42814364,16.02584412,18626981.0,314141008.0,3.537283,4.0,35.263879,3.537589,2.048298,19.143852
sz.002396,星网锐捷,2016-03-31,16.09121761,16.20328645,15.81104551,15.876419,17929386.0,307396736.0,3.404809,-0.9324,34.935078,3.504604,2.0292,18.965354
sz.002397,梦洁股份,2016-03-29,6.63746208,6.72667528,6.25384532,6.45011436,7129182.0,51723098.0,2.173273,-3.2128,30.456094,3.764717,3.228178,-92.768403
sz.002397,梦洁股份,2016-03-30,6.50364228,6.69099,6.48579964,6.69099,6559543.0,48503681.0,1.999623,3.7344,32.637404,3.64033,3.340916,-42.681262
sz.002397,梦洁股份,2016-03-31,6.72667528,6.914023,6.63746208,6.85157376,11310473.0,85611612.0,3.429023,2.4,33.51001,3.737659,3.43024,-43.822404
sz.002398,垒知集团,2016-03-29,5.6055768,5.6099837,5.2089558,5.2970938,8358240.0,103018989.0,3.285827,-6.4591,20.388333,2.062647,3.062198,-40.23076
sz.002398,垒知集团,2016-03-30,5.3499766,5.5438802,5.3279421,5.5306595,5433450.0,66897109.0,2.136021,4.4093,21.287319,2.153596,3.19722,-42.004662
sz.002398,垒知集团,2016-03-31,5.5350664,5.6143906,5.508625,5.5659147,4397564.0,55429931.0,1.728789,0.6374,21.423016,2.167324,3.217601,-42.27242
sz.002399,海普瑞,2016-03-29,17.13016928,17.15304,16.50122448,16.70706096,5598408.0,164057746.0,0.699626,-2.6649,38.470087,2.818081,10.22571,15.955748
sz.002399,海普瑞,2016-03-30,16.81569688,17.47323008,16.81569688,17.4103356,5551302.0,166664360.0,0.693739,4.2095,40.089464,2.936707,10.656156,16.627397
sz.002399,海普瑞,2016-03-31,17.438924,17.69050192,17.3817472,17.45035936,5079420.0,155852857.0,0.634769,0.2299,40.181624,2.943458,10.680653,16.665621
sz.002400,省广集团,2016-03-29,10.2185988,10.230029,9.7328153,9.7842512,11652690.0,201850054.0,1.39902,-3.8202,28.222567,6.534978,1.609551,-166.234583
sz.002400,省广集团,2016-03-30,9.944274,10.3786216,9.8185418,10.3729065,18557345.0,327717376.0,2.227992,6.0163,29.920537,6.928145,1.706387,-176.235846
sz.002400,省广集团,2016-03-31,10.515784,10.85869,10.401482,10.458633,18891666.0,350192992.0,2.268131,0.8264,30.231998,6.794835,1.719491,58.190151
sz.002401,中远海科,2016-03-29,12.70602879,12.87826085,12.15018896,12.28327737,8808968.0,139611583.0,2.943396,-4.2125,86.754623,6.712533,7.313365,62.705586
sz.002401,中远海科,2016-03-30,12.40853705,13.1522664,12.40853705,13.05049291,10497023.0,170930939.0,3.507437,6.246,92.173331,7.131799,7.770159,66.622188
sz.002401,中远海科,2016-03-31,13.2305537,13.30101227,12.88608958,12.92523323,10336542.0,172961415.0,3.453814,-0.9598,91.288644,7.063347,7.695581,65.982743
sz.002402,和而泰,2016-03-29,7.6901198,7.7281897,7.36652565,7.43885846,6071409.0,120110472.0,2.506228,-4.2157,86.606188,6.507052,5.844589,-83.866057
sz.002402,和而泰,2016-03-30,7.6520499,8.01371395,7.62540097,8.01371395,8076546.0,165693223.0,3.333932,7.7277,93.298887,7.0099,6.296243,-90.347006
sz.002402,和而泰,2016-03-31,8.1088887,8.16599355,7.88427629,7.94899512,7613817.0,160119870.0,3.142922,-0.8076,92.545405,6.953288,6.245395,-89.617363
sz.002403,爱仕达,2016-03-29,11.6668748,11.7609625,11.22466261,11.31875031,4777726.0,58011648.0,1.652636,-3.451,33.939963,2.305403,1.674367,-111.695343
sz.002403,爱仕达,2016-03-30,11.44106432,11.77978004,11.40342924,11.77037127,3703204.0,45651807.0,1.280954,3.99,35.294176,2.397389,1.741175,-116.152015
sz.002403,爱仕达,2016-03-31,11.79859758,12.09026945,11.7609625,11.77978004,5430971.0,68918811.0,1.878597,0.0799,35.322388,2.399306,1.742567,-116.244862
sz.002404,嘉欣丝绸,2016-03-29,5.20767855,5.25125745,5.04788925,5.19315225,7359887.0,52151484.0,1.876201,-1.3793,63.721566,2.96972,1.848756,-715.62098
sz.002404,嘉欣丝绸,2016-03-30,5.22220485,5.33841525,5.1713628,5.33841525,9655442.0,70102720.0,2.46139,2.7972,65.503987,3.052789,1.90047,-735.63835
sz.002404,嘉欣丝绸,2016-03-31,5.3456784,5.4183099,5.3166258,5.3456784,11058224.0,81699151.0,2.818991,0.1361,65.593108,3.056942,1.903056,-736.639219
sz.002405,四维图新,2016-03-29,11.67377214,11.67377214,11.67377214,11.67377214,0.0,0.0,,0.0,144.291607,6.943765,12.256497,76.765946
sz.002405,四维图新,2016-03-30,11.67377214,11.67377214,11.67377214,11.67377214,0.0,0.0,,0.0,144.291607,6.943765,12.256497,76.765946
sz.002405,四维图新,2016-03-31,11.67377214,11.67377214,11.67377214,11.67377214,0.0,0.0,,0.0,144.291607,6.943765,12.256497,76.765946
sz.002406,远东传动,2016-03-29,7.08307782,7.10660964,6.7065687,6.80069598,13582530.0,119239556.0,3.477217,-3.9867,53.362202,2.242572,5.237805,39.657566
sz.002406,远东传动,2016-03-30,6.8634475,7.0203263,6.83207174,7.00463842,11286740.0,99723121.0,2.88948,2.9988,54.962453,2.309824,5.394878,40.846835
sz.002406,远东传动,2016-03-31,7.0203263,7.11445358,6.94973084,6.99679448,13046257.0,116912654.0,3.339928,-0.112,54.900905,2.307237,5.388837,40.801094
sz.002407,多氟多,2016-03-29,18.2775215,18.658409,17.77475,18.09215625,28747696.0,2054933616.0,15.392585,-1.8865,456.757069,8.624658,8.148735,52.608581
sz.002407,多氟多,2016-03-30,18.455269,19.9026415,18.120088,19.9026415,39389398.0,2946880144.0,21.090548,10.007,502.464829,9.487729,8.964181,57.873131
sz.002407,多氟多,2016-03-31,19.9331125,20.43334475,19.56492125,19.653795,36022851.0,2824035584.0,19.287974,-1.2503,496.182416,9.369102,8.8521,57.149532
sz.002408,齐翔腾达,2016-03-29,3.691008,3.713792,3.468864,3.50304,19954858.0,251495491.0,2.67802,-5.2388,53.885609,1.790013,2.319769,109.971609
sz.002408,齐翔腾达,2016-03-30,3.54576,3.679616,3.540064,3.67392,24398055.0,309743328.0,3.274315,4.878,56.514176,1.877331,2.432928,115.336078
sz.002408,齐翔腾达,2016-03-31,3.71664,3.822016,3.682464,3.7736,26906914.0,356397200.0,3.611014,2.7132,58.047506,1.928266,2.498938,118.465351
sz.002409,雅克科技,2016-03-29,13.20067968,13.44407616,12.58980224,12.77115648,3688260.0,99668341.0,4.468993,-4.3944,49.371588,3.35424,4.425346,-60.690141
sz.002409,雅克科技,2016-03-30,12.84274368,13.63974784,12.84274368,13.63974784,4360790.0,121026497.0,5.283885,6.8012,52.729446,3.582369,4.726323,-64.817797
sz.002409,雅克科技,2016-03-31,13.82587456,13.83541952,13.37248896,13.37726144,4907810.0,139808381.0,5.946698,-1.9244,51.638495,3.454055,4.635368,73.310894
sz.002410,广联达,2016-03-29,8.76365916,8.80295808,8.4492678,8.48856672,10960787.0,143828525.0,1.265491,-3.4996,60.541067,5.553719,9.497864,101.799177
sz.002410,广联达,2016-03-30,8.6130133,8.8750061,8.50821618,8.8750061,13672794.0,181978489.0,1.57861,4.5525,63.297181,5.806551,9.930251,106.433553
sz.002410,广联达,2016-03-31,9.0060025,9.12389926,8.8095079,8.86845628,19647277.0,269300016.0,2.268401,-0.0738,63.141451,5.578006,9.924674,-50.771034
sz.002412,汉森制药,2016-03-29,9.0775104,9.09912352,8.58040864,8.645248,3556313.0,57770551.0,1.240106,-3.6145,47.674209,3.984954,6.062206,-633.454919
sz.002412,汉森制药,2016-03-30,8.70468408,9.03428416,8.70468408,9.0234776,3246465.0,53400096.0,1.13206,4.375,49.759955,4.159296,6.327427,-661.168572
sz.002412,汉森制药,2016-03-31,9.0775104,9.21799568,9.0234776,9.1315432,3245082.0,54796649.0,1.131578,1.1976,50.355883,4.209108,6.403205,-669.086759
sz.002413,雷科防务,2016-03-29,13.2259392,13.2259392,12.39793536,12.6096768,9178461.0,371365760.0,4.218625,-4.9547,88.768977,6.214215,6.310741,215.671031
sz.002413,雷科防务,2016-03-30,12.8308992,13.82956032,12.8150976,13.80743808,10240365.0,429700704.0,4.7067,9.4987,97.200917,6.804487,6.910183,236.157077
sz.002413,雷科防务,2016-03-31,13.89908736,14.3162496,13.72526976,13.87064448,11845215.0,524086256.0,5.444325,0.4578,97.645875,6.835636,6.941815,237.238135
sz.002414,高德红外,2016-03-29,3.39695946,3.42626886,3.20205195,3.30610032,8611011.0,194765212.0,1.852321,-2.8005,213.516581,5.441415,21.40591,-328.863775
sz.002414,高德红外,2016-03-30,3.34859895,3.51419706,3.34859895,3.47609484,8982385.0,211478173.0,1.932207,5.1418,224.49527,5.721204,22.506568,-345.773438
sz.002414,高德红外,2016-03-31,3.56402304,3.56402304,3.4438545,3.46583655,7552671.0,179794333.0,1.62466,-0.2951,223.832763,5.70432,22.440149,-344.753027
sz.002415,海康威视,2016-03-29,10.86906384,10.86906384,10.57367016,10.6234956,15353642.0,462247728.0,0.486582,-2.3872,20.787219,7.106378,4.795133,35.003196
sz.002415,海康威视,2016-03-30,10.7480592,11.08971936,10.73738232,11.0683656,15881131.0,485958064.0,0.503299,4.1876,21.657705,7.403965,4.995935,36.468991
sz.002415,海康威视,2016-03-31,11.14310376,11.29258008,10.94736096,10.96871472,12996007.0,404937648.0,0.411865,-0.9003,21.462716,7.337305,4.950955,36.140653
sz.002416,爱施德,2016-03-29,11.09683069,11.70910984,10.91023133,11.4875231,53722981.0,1046096352.0,5.53924,1.6512,140.708114,4.397835,0.393938,-17.766479
sz.002416,爱施德,2016-03-30,11.6041477,12.22225808,11.37672973,12.15811455,68641170.0,1392068560.0,7.077416,5.8376,148.922039,4.654562,0.416934,-18.803609
sz.002416,爱施德,2016-03-31,11.9540215,12.245583,11.74992845,12.02399626,67494724.0,1384726544.0,6.959209,-1.1031,147.279254,4.603216,0.412335,-18.596183
sz.002418,康盛股份,2016-03-29,8.51278325,8.5160815,8.0147475,8.1466775,13476238.0,336327040.0,7.302765,-4.6332,103.881605,4.939634,4.293674,65.561204
sz.002418,康盛股份,2016-03-30,8.2390285,8.931661,8.22913375,8.86239775,16488108.0,425363216.0,8.934896,8.7854,113.008046,5.373602,4.670891,71.321034
sz.002418,康盛股份,2016-03-31,8.90857325,9.39011775,8.8722925,8.96794175,20632039.0,565389600.0,11.18049,1.1909,114.35388,5.437597,4.726518,72.17041
sz.002419,天虹股份,2016-03-29,6.96104545,7.0274384,6.6699379,6.8129381,5136003.0,68484227.0,0.64184,-2.1277,8.833629,1.936835,0.613625,6.091441
sz.002419,天虹股份,2016-03-30,6.81804525,7.0376527,6.81804525,6.9661526,5448995.0,74076789.0,0.680954,2.2489,9.032286,1.980392,0.627425,6.22843
sz.002419,天虹股份,2016-03-31,6.90997395,7.0887242,6.90997395,7.04275985,5890624.0,80897239.0,0.736144,1.0997,9.131615,2.00217,0.634325,6.296924
sz.002420,毅昌科技,2016-03-29,8.99944929,9.0893439,8.66983572,8.86960152,6196657.0,54817670.0,1.60019,-1.9868,76.916077,2.202755,0.957716,27.650993
sz.002420,毅昌科技,2016-03-30,8.8895781,9.21919167,8.86960152,9.21919167,5875617.0,53509184.0,1.517287,3.9414,79.947679,2.289576,0.995464,28.740841
sz.002420,毅昌科技,2016-03-31,9.27912141,9.66866472,9.20920338,9.5887584,10340594.0,98178826.0,2.670298,4.0087,83.152516,2.381357,1.035369,29.892965
sz.002421,达实智能,2016-03-29,5.1612604,5.17070173,4.88116761,5.01964045,11324327.0,180106263.0,2.482263,-2.7439,63.905793,5.724366,6.312094,-23.220238
sz.002421,达实智能,2016-03-30,5.06055288,5.20846705,5.04481733,5.20217283,11467857.0,186637659.0,2.513724,3.6364,66.22964,5.932525,6.541625,-24.06461
sz.002421,达实智能,2016-03-31,5.25252659,5.37841099,5.20217283,5.24308526,17048429.0,286368544.0,3.736971,0.7864,66.750502,5.979181,6.593071,-24.253866
sz.002422,科伦药业,2016-03-29,12.34919982,12.39175392,12.0428103,12.11089686,4566547.0,65550693.0,0.624716,-2.0647,31.549869,1.876762,2.639482,144.502442
sz.002422,科伦药业,2016-03-30,12.1704726,12.56197032,12.1704726,12.51941622,7109569.0,103508105.0,0.972608,3.3732,32.827121,1.915219,2.728516,91.375504
sz.002422,科伦药业,2016-03-31,12.54494868,12.5960136,12.41728638,12.44281884,5750622.0,84363355.0,0.786701,-0.6118,32.626276,1.903501,2.711822,90.816442
sz.002423,中粮资本,2016-03-29,14.4161472,14.9727552,14.100736,14.7408352,17095182.0,268438000.0,3.672355,1.2747,-41.094238,4.051559,8.373643,1102.668257
sz.002423,中粮资本,2016-03-30,14.6758976,15.121184,14.4161472,15.1026304,21422410.0,341685120.0,4.601923,2.4544,-42.102844,4.150999,8.579164,1129.731858
sz.002423,中粮资本,2016-03-31,15.121184,15.4365952,14.6851744,15.0655232,23596680.0,384416368.0,5.068995,-0.2457,-41.999397,4.1408,8.558085,1126.956104
sz.002424,ST百灵,2016-03-29,18.38559168,18.64266624,17.5191552,17.68101696,19948562.0,376555808.0,2.726475,-3.1299,63.70345,9.901048,13.79925,87.644383
sz.002424,ST百灵,2016-03-30,17.8524,18.43319808,17.68101696,18.36654912,17795478.0,337540480.0,2.432202,3.8772,66.173374,10.284934,14.334277,91.04255
sz.002424,ST百灵,2016-03-31,18.48080448,18.71883648,18.090432,18.24277248,17626740.0,340018928.0,2.409139,-0.6739,65.727415,10.215621,14.237675,90.428992
sz.002425,凯撒文化,2016-03-29,14.7455844,14.8354965,14.2360825,14.54777778,6260116.0,151555342.0,1.652574,-2.4518,129.240692,5.454428,16.661107,-71.22771
sz.002425,凯撒文化,2016-03-30,14.76956096,15.33301012,14.3559653,14.84748478,7444690.0,182614146.0,1.965283,2.0602,131.903253,5.566798,17.004352,-72.695112
sz.002425,凯撒文化,2016-03-31,14.69763128,15.285057,14.5957309,14.98535,11692022.0,291843248.0,3.086514,0.9285,133.128031,5.618488,17.162245,-73.370117
sz.002426,胜利精密,2016-03-29,7.89968,8.16036944,7.8404324,7.99447616,16666304.0,338979984.0,2.658756,0.6965,83.197415,4.765161,3.968279,-46.429666
sz.002426,胜利精密,2016-03-30,8.2551656,8.70149752,8.2354164,8.62250072,21132865.0,454294496.0,3.371302,7.8557,89.73318,5.139499,4.280017,-50.077056
sz.002426,胜利精密,2016-03-31,8.689648,9.1636288,8.689648,8.79629368,26589189.0,600686864.0,4.241743,2.0156,97.981566,5.173923,4.433234,-214.011952
sz.002427,尤夫股份,2016-03-29,13.10699576,13.10699576,13.10699576,13.10699576,0.0,0.0,,0.0,56.951448,2.745246,2.887949,-168.641811
sz.002427,尤夫股份,2016-03-30,13.10699576,13.10699576,13.10699576,13.10699576,0.0,0.0,,0.0,56.951448,2.745246,2.887949,-168.641811
sz.002427,尤夫股份,2016-03-31,13.10699576,13.10699576,13.10699576,13.10699576,0.0,0.0,,0.0,56.951448,2.745246,2.887949,-168.641811
sz.002428,云南锗业,2016-03-29,18.8391425,19.3759835,18.4812485,19.3561005,25861090.0,495433632.0,4.025785,2.4737,208.227096,7.933005,31.616127,-68.96427
sz.002428,云南锗业,2016-03-30,19.5946965,20.0321225,19.346159,20.0321225,35437883.0,701997936.0,5.5166,3.4926,215.499537,8.21007,32.720337,-71.372883
sz.002428,云南锗业,2016-03-31,20.201128,20.201128,18.709903,19.08768,40498606.0,789442592.0,6.3044,-4.7146,205.339509,7.858674,31.177691,-400.222496
sz.002429,兆驰股份,2016-03-29,3.16592124,3.20679581,3.00613883,3.05444514,21753062.0,180868054.0,1.37001,-4.7509,37.992805,2.689121,2.166476,49.954531
sz.002429,兆驰股份,2016-03-30,3.09160384,3.18821646,3.06930862,3.18078472,17902340.0,150946041.0,1.127491,4.1363,39.564284,2.80035,2.256087,52.020777
sz.002429,兆驰股份,2016-03-31,3.19193233,3.28482908,3.16963711,3.24023864,26818554.0,232752955.0,1.689035,1.8692,40.303803,2.852693,2.298257,52.993128
sz.002430,杭氧股份,2016-03-29,7.11225642,7.18181394,6.91227855,6.99053076,5393604.0,43493624.0,0.666423,-1.5912,50.326397,1.840713,1.118118,-44.201571
sz.002430,杭氧股份,2016-03-30,7.03400421,7.29484491,7.03400421,7.26006615,7731883.0,64040378.0,0.955337,3.8557,52.266842,1.911686,1.161229,-45.90586
sz.002430,杭氧股份,2016-03-31,7.3904865,7.3904865,7.17311925,7.2165927,7763429.0,64811908.0,0.959235,-0.5988,51.953867,1.900239,1.154276,-45.630975
sz.002431,棕榈股份,2016-03-29,11.099596,11.330175,10.550977,10.9445515,45836485.0,1259292160.0,12.972055,-2.1329,-71.800524,3.437401,3.444613,14.384392
sz.002431,棕榈股份,2016-03-30,11.0956205,12.037814,10.97238,12.037814,66797714.0,1934278720.0,18.904233,9.9891,-78.972753,3.780766,3.788699,15.821263
sz.002431,棕榈股份,2016-03-31,12.045765,13.2423905,11.727725,12.64209,93764849.0,2909363024.0,26.536126,5.0198,-82.830386,4.217094,3.980313,18.194245
sz.002432,九安医疗,2016-03-29,16.1490198,16.3771133,15.6015954,15.74757524,12736013.0,222490973.0,3.430526,-3.5754,-45.58549,9.273034,15.323746,165.56745
sz.002432,九安医疗,2016-03-30,15.94829752,16.52309314,15.82056516,16.52309314,13888274.0,246512684.0,3.740895,4.9247,-47.83043,9.729701,16.078391,173.721119
sz.002432,九安医疗,2016-03-31,16.54134062,17.18912616,16.422732,16.96103266,23022551.0,423116240.0,6.20127,2.6505,-49.098161,9.987584,16.504544,178.325544
sz.002434,万里扬,2016-03-29,9.539012,9.539012,9.539012,9.539012,0.0,0.0,,0.0,55.542522,5.077163,5.959256,558.485308
sz.002434,万里扬,2016-03-30,9.539012,9.539012,9.539012,9.539012,0.0,0.0,,0.0,55.542522,5.077163,5.959256,558.485308
sz.002434,万里扬,2016-03-31,9.539012,9.539012,9.539012,9.539012,0.0,0.0,,0.0,55.542522,5.077163,5.959256,558.485308
sz.002436,兴森科技,2016-03-29,4.7940236,4.83481045,4.62773875,4.6748005,6647561.0,100054802.0,2.051771,-3.0579,52.706353,3.375119,3.486678,31.632435
sz.002436,兴森科技,2016-03-30,4.7124499,4.91638415,4.7124499,4.89128455,6453543.0,99419088.0,1.991887,4.6309,55.147117,3.531416,3.648142,33.097292
sz.002436,兴森科技,2016-03-31,4.89755945,4.9508961,4.8504977,4.8818722,6417714.0,100269797.0,1.980828,-0.1924,55.040996,3.524621,3.641122,33.033603
sz.002437,誉衡药业,2016-03-29,9.2093649,9.24531345,8.76817815,8.9283126,7523240.0,206456436.0,1.060111,-2.845,28.534629,5.807852,7.413133,36.169137
sz.002437,誉衡药业,2016-03-30,9.03615825,9.542706,9.019818,9.5296338,10126819.0,287819152.0,1.426985,6.735,30.456435,6.199011,7.912407,38.605126
sz.002437,誉衡药业,2016-03-31,9.5623143,9.7649334,9.41525205,9.57865455,13322510.0,391593008.0,1.877295,0.5144,30.613104,6.230898,7.953108,38.803712
sz.002438,江苏神通,2016-03-29,8.79001788,8.95524378,8.45484534,8.54926014,4488464.0,82321951.0,3.322914,-3.4648,227.251894,4.193019,9.341534,-78.376917
sz.002438,江苏神通,2016-03-30,8.7097653,8.91275712,8.62479198,8.89387416,4503892.0,83812800.0,3.334336,4.0309,236.412241,4.362036,9.718084,-81.53623
sz.002438,江苏神通,2016-03-31,9.00717192,9.05437932,8.8041801,8.87027046,5718938.0,108178607.0,4.233863,-0.2654,235.78482,4.350459,9.692293,-81.319838
sz.002439,启明星辰,2016-03-29,22.84252334,22.84252334,22.84252334,22.84252334,0.0,0.0,,0.0,84.215022,12.154002,13.402695,38.52591
sz.002439,启明星辰,2016-03-30,22.84252334,22.84252334,22.84252334,22.84252334,0.0,0.0,,0.0,84.215022,12.154002,13.402695,38.52591
sz.002439,启明星辰,2016-03-31,22.84252334,22.84252334,22.84252334,22.84252334,0.0,0.0,,0.0,84.215022,12.154002,13.402695,38.52591
sz.002440,闰土股份,2016-03-29,9.2985717,9.38643222,9.03499014,9.18142434,9288792.0,175328644.0,1.605724,-2.4378,19.019477,2.416704,3.097034,165.157663
sz.002440,闰土股份,2016-03-30,9.274166,9.4938173,9.2497603,9.4206002,11318613.0,217759156.0,1.956613,2.605,19.514934,2.479659,3.177712,169.460016
sz.002440,闰土股份,2016-03-31,9.4206002,9.8599028,9.2985717,9.58167782,14812901.0,289495312.0,2.560659,1.7098,19.848609,2.522057,3.232046,172.357519
sz.002441,众业达,2016-03-29,12.25845278,12.25845278,11.5845786,11.85715692,11681218.0,182990488.0,3.732958,-3.2736,47.037095,3.685835,1.273018,751.190582
sz.002441,众业达,2016-03-30,12.02373256,12.493173,11.91015826,12.47802976,10225135.0,165323092.0,3.267638,5.2363,49.500085,3.878836,1.339677,790.524954
sz.002441,众业达,2016-03-31,12.59917568,12.7203216,12.3417406,12.38717032,11568917.0,191733024.0,3.69707,-0.7281,49.139647,3.850592,1.329922,784.768705
sz.002442,龙星科技,2016-03-29,12.82389488,12.86095816,12.10116092,12.2308824,4212600.0,56340642.0,2.184551,-3.7199,-76.863381,5.732876,3.647524,35.774021
sz.002442,龙星科技,2016-03-30,12.36060388,12.87022398,12.25867986,12.7868316,3792695.0,51557065.0,1.966799,4.5455,-80.357171,5.993461,3.81332,37.400113
sz.002442,龙星科技,2016-03-31,12.95361636,13.6207554,12.8331607,12.85169234,6443627.0,91557359.0,3.341507,0.5072,-80.76478,6.023863,3.832663,37.589823
sz.002443,金洲管道,2016-03-29,8.15772262,8.16552159,7.78337206,7.8769597,16814070.0,170737990.0,3.420191,-3.8095,55.763906,2.683887,1.990067,-114.994439
sz.002443,金洲管道,2016-03-30,7.99394425,8.18111953,7.8769597,8.14992365,17860654.0,183367136.0,3.63308,3.4653,57.696319,2.776893,2.05903,-118.979395
sz.002443,金洲管道,2016-03-31,8.1889185,8.21231541,8.04073807,8.10312983,15639937.0,162986786.0,3.181358,-0.5742,57.365048,2.760949,2.047208,-118.29626
sz.002444,巨星科技,2016-03-29,14.41682132,14.68499824,14.13014944,14.333594,12057315.0,187675079.0,1.294526,-0.5773,34.522316,4.098213,5.245824,155.546829
sz.002444,巨星科技,2016-03-30,14.57402848,15.3970542,14.4260688,15.33232184,23222540.0,373743072.0,2.493273,6.9677,36.927742,4.383766,5.611339,166.38493
sz.002444,巨星科技,2016-03-31,15.720716,16.17384252,15.60974624,15.63748868,41706497.0,711819008.0,4.477791,1.9903,37.662734,4.471018,5.723025,169.696573
sz.002445,中南文化,2016-03-29,11.65702857,11.85529719,10.9630884,11.17301988,15132898.0,296030288.0,2.459264,-3.6702,100.735251,7.088348,12.807739,-66.029177
sz.002445,中南文化,2016-03-30,11.58705141,11.69201715,11.30131134,11.5462314,11159821.0,220478329.0,1.813595,3.3403,104.100103,7.32512,13.235555,-68.234745
sz.002445,中南文化,2016-03-31,11.66869143,11.8378029,11.4879171,11.6045457,13669546.0,273533312.0,2.221453,0.5051,104.625861,7.362115,13.302402,-68.579365
sz.002446,盛路通信,2016-03-29,15.37832652,15.5357241,14.865327,15.0693609,6129478.0,159185952.0,3.647881,-3.0383,96.247382,8.786695,12.867789,597.782917
sz.002446,盛路通信,2016-03-30,15.5065764,16.57921176,15.48908778,16.57921176,11575285.0,321540352.0,6.888884,10.0193,105.890737,9.667065,14.157057,657.676834
sz.002446,盛路通信,2016-03-31,17.1388476,17.49444954,16.94064324,17.48862,18662331.0,550508336.0,11.106649,5.4852,111.699089,10.197325,14.933605,693.751935
sz.002448,中原内配,2016-03-29,11.09271968,11.77309612,10.88602304,11.40276464,69746086.0,914727680.0,15.211073,1.3782,40.340997,3.840794,7.049967,-89.86402
sz.002448,中原内配,2016-03-30,11.43721408,12.4448602,11.26496688,12.02285456,89190518.0,1235498304.0,19.45175,5.4381,42.534767,4.049659,7.433349,-94.750885
sz.002448,中原内配,2016-03-31,11.79032084,12.1434276,11.64391072,11.67836016,70672096.0,972651648.0,15.413028,-2.8653,41.316006,3.933623,7.220359,-92.03596
sz.002449,国星光电,2016-03-29,8.99479632,9.10994055,8.52067302,8.66291001,14581792.0,189002388.0,4.403759,-4.3381,37.972849,2.199223,3.309661,198.389252
sz.002449,国星光电,2016-03-30,8.74418829,9.00156951,8.69000277,8.99479632,14684211.0,191845163.0,4.43469,3.8311,39.427634,2.283478,3.436458,205.989778
sz.002449,国星光电,2016-03-31,9.02866227,9.10994055,8.88642528,8.98802313,14208091.0,188637656.0,4.2909,-0.0753,39.397944,2.281758,3.433871,205.834666
sz.002451,摩恩电气,2016-03-29,10.26670096,11.2815476,10.0499376,11.2815476,27958570.0,310537136.0,10.09895,9.9904,345.278184,7.407872,8.721451,998.108729
sz.002451,摩恩电气,2016-03-30,11.40963504,12.20771832,10.89728528,11.8727204,34469651.0,407763248.0,12.450826,5.2402,363.371364,7.796057,9.178471,1050.41137
sz.002451,摩恩电气,2016-03-31,11.7249272,11.84316176,11.44904656,11.7249272,23876476.0,282233504.0,8.624452,-1.2448,358.848069,7.699011,9.064216,1037.33571
sz.002452,长高电新,2016-03-29,10.64358144,10.68977754,9.7473771,9.9783576,19888325.0,219098973.0,6.092895,-6.087,83.306034,4.64761,8.551695,-65.713023
sz.002452,长高电新,2016-03-30,10.163142,10.97619336,10.1169459,10.97619336,22853126.0,261985254.0,7.001177,10.0,91.636638,5.112371,9.406865,-72.284325
sz.002452,长高电新,2016-03-31,11.15263012,11.57050552,10.96690772,11.2362052,31750620.0,384215824.0,9.726972,2.3689,93.333613,5.207044,9.581066,-73.622924
sz.002453,华软科技,2016-03-29,10.0586209,10.6779203,9.3793893,9.589152,64628550.0,647228896.0,12.617504,-1.5385,195.935866,4.570165,4.858382,-119.13854
sz.002453,华软科技,2016-03-30,9.5691746,9.8388695,9.1596379,9.8188921,56657836.0,537016496.0,11.061372,2.3958,200.630162,4.679658,4.974781,-121.992901
sz.002453,华软科技,2016-03-31,9.6191181,9.7589599,9.4393215,9.5392085,40223705.0,386284416.0,7.852919,-2.8484,194.915366,4.546362,4.833078,-118.518027
sz.002454,松芝股份,2016-03-29,9.17907456,9.27468992,8.91613232,8.95198808,4716606.0,71249604.0,1.862861,-2.6641,19.1198,2.65018,2.106221,44.961913
sz.002454,松芝股份,2016-03-30,8.9938198,9.26871396,8.9938198,9.25676204,5309376.0,81399965.0,2.09698,3.4045,19.770741,2.740406,2.177928,46.492659
sz.002454,松芝股份,2016-03-31,9.262738,9.63324752,9.25078608,9.42408892,10421957.0,165093972.0,4.116234,1.8076,20.128121,2.789943,2.217297,47.333069
sz.002455,百川股份,2016-03-29,7.3014872,7.3014872,6.9879264,7.0327208,5844421.0,46415310.0,2.012671,-3.2059,61.86536,4.708249,1.621511,71.089704
sz.002455,百川股份,2016-03-30,7.10439184,7.31940496,7.0775152,7.31044608,5949861.0,47960282.0,2.048982,3.949,64.308451,4.89418,1.685545,73.897069
sz.002455,百川股份,2016-03-31,7.32836384,7.66880128,7.27461056,7.54337696,12598735.0,104738809.0,4.338687,3.1863,66.394858,4.913971,1.738901,104.284416
sz.002456,欧菲光,2016-03-29,9.60806825,9.60806825,9.20393507,9.41392584,21376421.0,509306384.0,2.611419,-1.4925,50.999505,4.031193,1.324956,-9.636225
sz.002456,欧菲光,2016-03-30,9.5882578,10.35690326,9.57637153,10.35690326,73669257.0,1892888640.0,8.999696,10.0168,56.108042,4.434991,1.457674,-10.601469
sz.002456,欧菲光,2016-03-31,10.35690326,10.59859075,10.2618131,10.51538686,58459356.0,1538043712.0,7.141601,1.5302,56.966619,4.502856,1.47998,-10.763695
sz.002457,青龙管业,2016-03-29,8.56962548,8.60432032,8.3267616,8.37880386,7965546.0,77569092.0,3.02626,-3.4,66.650998,1.820756,3.951907,26.936814
sz.002457,青龙管业,2016-03-30,8.48288838,8.74309968,8.45686725,8.71707855,10838874.0,107479532.0,4.117891,4.0373,69.341877,1.894265,4.111456,28.024325
sz.002457,青龙管业,2016-03-31,8.70840484,8.9339213,8.69973113,8.77779452,13351472.0,135547811.0,5.072474,0.6965,69.824855,1.907459,4.140093,28.21952
sz.002458,益生股份,2016-03-29,12.87958318,13.10403044,12.35382316,12.91955324,3519924.0,144705633.0,2.419157,0.0476,-35.185971,32.749478,23.377959,-610.641748
sz.002458,益生股份,2016-03-30,12.8672847,13.83579,12.76274762,13.6205666,4975221.0,215612524.0,3.419347,5.426,-37.095158,34.526461,24.646444,-643.775093
sz.002458,益生股份,2016-03-31,13.83271538,14.75202676,13.6205666,14.43226628,4510209.0,207375042.0,3.099756,5.9594,-39.305795,36.58402,26.115217,-682.14002
sz.002459,晶澳科技,2016-03-29,7.9168317,7.9363433,7.6826925,7.7363494,1660000.0,26436245.0,0.835267,-2.0383,-19.15119,5.075335,19.125468,-45.075062
sz.002459,晶澳科技,2016-03-30,7.707082,7.9460991,7.707082,7.9412212,1313000.0,21045112.0,0.660666,2.6482,-19.658346,5.209738,19.631943,-46.268727
sz.002459,晶澳科技,2016-03-31,7.950977,8.0095118,7.8826864,7.9265875,2297527.0,37401905.0,1.156054,-0.1843,-19.622121,5.200138,19.595766,-46.183465
sz.002460,赣锋锂业,2016-03-29,10.3338342,10.5642063,9.982791,10.22632722,29626730.0,1382851696.0,11.655271,-2.2646,145.082405,9.749881,13.09378,-194.531458
sz.002460,赣锋锂业,2016-03-30,10.3557744,11.24874054,10.3557744,11.24874054,47353829.0,2342231584.0,18.629181,9.9979,159.587533,10.72466,14.402877,-213.98043
sz.002460,赣锋锂业,2016-03-31,11.56029138,11.7050967,11.1675618,11.24215848,52069827.0,2704740224.0,20.484473,-0.0585,159.494152,10.718384,14.39445,-213.855222
sz.002461,珠江啤酒,2016-03-29,5.66578044,5.71042804,5.43807768,5.49611956,5889586.0,72948735.0,0.86591,-3.2993,100.691563,2.478816,2.380895,-24.062343
sz.002461,珠江啤酒,2016-03-30,5.54969668,5.67470996,5.52737288,5.66578044,6991056.0,87660079.0,1.027852,3.0869,103.799832,2.555335,2.454392,-24.805129
sz.002461,珠江啤酒,2016-03-31,5.66578044,5.73275184,5.63452712,5.65685092,8287834.0,105373544.0,1.218509,-0.1576,103.633174,2.540965,2.450304,-12.521942
sz.002462,嘉事堂,2016-03-29,31.69295808,31.92985152,30.10238784,30.2885184,3506980.0,128072841.0,1.784947,-4.7366,51.278451,6.451268,1.090474,-103.74223
sz.002462,嘉事堂,2016-03-30,30.85537056,31.88754912,30.35620224,31.5998928,2714396.0,99370474.0,1.381546,4.3296,53.498607,6.730582,1.137687,-108.233863
sz.002462,嘉事堂,2016-03-31,31.8537072,31.92139104,31.1345664,31.27839456,1581613.0,58836191.0,0.804993,-1.0174,52.954311,6.662105,1.126112,-107.132689
sz.002463,沪电股份,2016-03-29,3.84549516,3.87014577,3.67294089,3.75510959,43934474.0,201183233.0,2.625699,-2.7659,1381.535441,2.370317,2.265502,140.086624
sz.002463,沪电股份,2016-03-30,3.79619394,3.89479638,3.77154333,3.89479638,41278129.0,192830124.0,2.466945,3.7199,1432.92735,2.458491,2.349777,145.297724
sz.002463,沪电股份,2016-03-31,3.91123012,3.95231447,3.85371203,3.87836264,38949308.0,184958341.0,2.327765,-0.4219,1426.881244,2.448118,2.339862,144.684653
sz.002465,海格通信,2016-03-29,11.40828724,11.59516246,11.123525,11.15912028,27668580.0,351607552.0,1.506234,-3.0162,46.646068,4.389788,7.068742,126.756548
sz.002465,海格通信,2016-03-30,11.3015014,11.59516246,11.3015014,11.568466,27836622.0,357983936.0,1.515382,3.6683,48.357168,4.550817,7.328042,131.406309
sz.002465,海格通信,2016-03-31,11.71084712,11.73754358,11.4794778,11.50617426,31283630.0,406582400.0,1.703031,-0.5385,48.096783,4.526312,7.288583,130.698737
sz.002466,天齐锂业,2016-03-29,27.34146828,28.07304264,26.23601808,26.60450148,15341538.0,2311731104.0,9.295547,-3.3499,156.134125,13.350068,20.711158,-578.828803
sz.002466,天齐锂业,2016-03-30,26.9262504,29.26477188,26.6206788,29.26477188,17966658.0,2797416576.0,10.886126,9.9993,171.746482,14.684985,22.782133,-636.707772
sz.002466,天齐锂业,2016-03-31,30.55716,31.27255704,29.9819664,30.1617144,21422854.0,3638822016.0,12.98026,3.0649,177.010378,15.135068,23.480388,-656.222371
sz.002467,二六三,2016-03-29,6.89997579,6.94320195,6.5379567,6.60279594,21417864.0,264918856.0,3.600816,-4.307,177.715955,6.333124,14.839753,-67.557907
sz.002467,二六三,2016-03-30,6.71086134,6.99183138,6.67844172,6.95400849,23002061.0,290397120.0,3.867154,5.3191,187.168931,6.669992,15.629102,-71.151413
sz.002467,二六三,2016-03-31,7.12150986,7.15933275,6.9702183,7.00263792,28544851.0,373176720.0,4.79902,0.6993,175.624444,4.695162,14.444557,22.954041
sz.002468,申通快递,2016-03-29,29.268152,29.411156,27.7237088,28.2957248,6304374.0,187635839.0,1.90019,-3.3225,2546.628678,13.525277,6.806885,208.079466
sz.002468,申通快递,2016-03-30,28.3052584,29.7925,28.3052584,29.3730216,5356834.0,163248601.0,1.614594,3.8073,2643.585902,14.040222,7.066042,216.001629
sz.002468,申通快递,2016-03-31,29.840168,30.459852,29.268152,29.4397568,6308996.0,196491005.0,1.901583,0.2272,2649.592102,14.072121,7.082096,216.492383
sz.002469,三维化学,2016-03-29,6.3223518,6.37651525,6.1549375,6.2534165,6211059.0,79207035.0,2.204876,-1.474,33.884189,3.494034,6.801261,13.820253
sz.002469,三维化学,2016-03-30,6.27803625,6.5488535,6.27803625,6.5291577,8725153.0,114108000.0,3.097359,4.4095,35.378295,3.648101,7.101159,14.42965
sz.002469,三维化学,2016-03-31,6.55377745,6.86891025,6.50453795,6.8147468,12735870.0,172847473.0,4.521131,4.3741,36.925762,3.807671,7.411768,15.060811
sz.002470,金正大,2016-03-29,7.56238161,7.56238161,7.56238161,7.56238161,0.0,0.0,,0.0,22.004145,3.045862,1.378725,152.308119
sz.002470,金正大,2016-03-30,7.56238161,7.56238161,7.56238161,7.56238161,0.0,0.0,,0.0,22.004145,3.045862,1.378725,152.308119
sz.002470,金正大,2016-03-31,7.56238161,7.56238161,7.56238161,7.56238161,0.0,0.0,,0.0,22.004145,3.045862,1.378725,152.308119
sz.002471,中超控股,2016-03-29,6.6862987,6.71558176,6.45203422,6.50083932,27502308.0,184658674.0,2.185907,-2.7737,77.592748,5.025027,1.637959,-212.369284
sz.002471,中超控股,2016-03-30,6.56916646,6.77414788,6.54964442,6.7351038,26351905.0,179321130.0,2.094472,3.6036,80.388883,5.206109,1.696984,-220.022231
sz.002471,中超控股,2016-03-31,6.80343094,6.80343094,6.65701564,6.69605972,27905952.0,192042257.0,2.217989,-0.5797,78.131129,5.086819,1.683997,-141.553569
sz.002472,双环传动,2016-03-29,9.7581614,9.7675578,9.443382,9.537346,2238579.0,45755861.0,1.163081,-2.3569,50.718254,4.217222,4.914601,216.248903
sz.002472,双环传动,2016-03-30,9.6501028,10.007166,9.5561388,10.007166,3202218.0,67359452.0,1.663752,4.9261,53.21669,4.424967,5.1567,226.901558
sz.002472,双环传动,2016-03-31,10.1058282,10.195094,9.8709182,9.9930714,2916743.0,62489855.0,1.51543,-0.1408,53.141737,4.418735,5.149437,226.581979
sz.002474,榕基软件,2016-03-29,13.56407325,13.74294015,13.16659125,13.2957729,21093915.0,285246816.0,4.798686,-3.1137,499.759397,6.061162,13.02421,-106.32683
sz.002474,榕基软件,2016-03-30,13.46470275,14.20004445,13.4150175,14.14042215,30122185.0,419593888.0,6.85254,6.3528,531.507938,6.446213,13.851608,-113.081523
sz.002474,榕基软件,2016-03-31,14.20004445,14.25966675,13.8721218,13.92180705,28103221.0,397234144.0,6.393243,-1.546,550.642857,6.375374,13.978501,190.730135
sz.002475,立讯精密,2016-03-29,5.7117448,5.7506664,5.59498,5.65920064,5100858.0,148781374.0,0.409218,-1.3569,33.938953,7.085828,3.689087,-30.085787
sz.002475,立讯精密,2016-03-30,5.68449968,5.89273024,5.68449968,5.86937728,6744278.0,200740115.0,0.541063,3.7139,35.199409,7.348988,3.826096,-31.20314
sz.002475,立讯精密,2016-03-31,5.87326944,5.87326944,5.55022016,5.692284,20174470.0,584823104.0,1.618505,-3.0172,34.137358,7.127251,3.710653,-30.261666
sz.002476,宝莫股份,2016-03-29,7.41823221,7.49704477,7.15223982,7.22120081,11560605.0,85507089.0,1.921116,-2.9139,185.843066,4.398615,6.048647,-43.453746
sz.002476,宝莫股份,2016-03-30,7.2901618,7.46749006,7.21134924,7.43793535,12699224.0,94870996.0,2.110329,3.0014,191.420893,4.530633,6.230189,-44.757951
sz.002476,宝莫股份,2016-03-31,7.41823221,7.46749006,7.2901618,7.31971651,15443461.0,115843425.0,2.56636,-1.5894,188.378442,4.458623,6.131166,-44.046566
sz.002478,常宝股份,2016-03-29,4.2990665,4.30272528,4.15637408,4.16003286,4610868.0,53190537.0,1.563245,-2.9035,22.076319,1.558898,1.556282,-18.802169
sz.002478,常宝股份,2016-03-30,4.21125578,4.3356543,4.20027944,4.3173604,5457101.0,63657392.0,1.850148,3.7819,22.91122,1.617854,1.615139,-19.513245
sz.002478,常宝股份,2016-03-31,4.28809016,4.37590088,4.25881992,4.32833674,8591898.0,101153984.0,2.912953,0.2542,22.969718,1.596822,1.619245,-15.31817
sz.002479,富春环保,2016-03-29,7.3228896,7.3698312,7.0960052,7.2446536,7806115.0,71990787.0,1.069373,-1.2793,39.008471,2.733342,2.563311,138.558965
sz.002479,富春环保,2016-03-30,7.2915952,7.8236,7.2915952,7.8236,17372632.0,168170062.0,2.379906,7.9914,43.902132,2.916309,2.768148,85.737212
sz.002479,富春环保,2016-03-31,7.901836,7.901836,7.6749516,7.7140696,12327535.0,122648384.0,1.68877,-1.4,43.287502,2.875481,2.729394,84.536891
sz.002480,新筑股份,2016-03-29,9.87019168,10.08908706,9.53189882,9.81049294,17255243.0,170317837.0,2.759903,-0.6048,-40.26912,2.753167,6.037911,263.039346
sz.002480,新筑股份,2016-03-30,9.88014147,10.09903685,9.80054315,10.01943853,12910805.0,129308729.0,2.065028,2.1298,-41.126779,2.811805,6.166507,268.641604
sz.002480,新筑股份,2016-03-31,10.1487858,10.73582341,9.96968958,10.60647614,25166162.0,260406836.0,4.02522,5.859,-43.536392,2.976548,6.527802,284.381281
sz.002481,双塔食品,2016-03-29,8.0657493,8.12370678,7.83391938,7.93051518,45056650.0,370961824.0,4.023743,-2.3781,58.972605,4.075165,9.000639,80.248762
sz.002481,双塔食品,2016-03-30,8.02711098,8.22996216,7.90153644,8.19132384,64453315.0,537849504.0,5.755945,3.2887,60.91202,4.209184,9.296641,82.887881
sz.002481,双塔食品,2016-03-31,8.24928132,8.44247292,7.95949392,8.03677056,78036470.0,661564144.0,6.968976,-1.8868,59.762737,4.129765,9.121232,81.323959
sz.002482,广田集团,2016-03-29,8.318287,8.37659275,7.9140338,7.99566185,6439859.0,134076861.0,1.340618,-4.6803,43.639743,2.858826,1.539626,35.286886
sz.002482,广田集团,2016-03-30,8.10449925,8.5670582,8.08895105,8.53207475,7535853.0,161578543.0,1.568776,6.7088,46.567446,3.050619,1.642917,37.654212
sz.002482,广田集团,2016-03-31,8.629251,8.9324409,8.55539705,8.73420135,10205571.0,229667548.0,2.124545,2.369,47.670638,3.122888,1.681838,38.546248
sz.002483,润邦股份,2016-03-29,5.8181999,5.91607616,5.6550728,5.75294906,11342029.0,120936246.0,3.157238,-1.2138,-10.063449,1.583067,2.468278,13.176537
sz.002483,润邦股份,2016-03-30,5.8181999,6.0900784,5.8181999,6.05745298,14140681.0,154549538.0,3.936288,5.293,-10.596108,1.666859,2.598924,13.873972
sz.002483,润邦股份,2016-03-31,6.06832812,6.18795466,5.93238887,5.95413915,19596744.0,218693556.0,5.455072,-1.7056,-10.415385,1.63843,2.554597,13.637342
sz.002484,江海股份,2016-03-29,7.77695964,7.829154,7.53773549,7.71171669,4143796.0,72805186.0,1.354442,-1.5547,45.911594,3.585843,5.406953,-177.96625
sz.002484,江海股份,2016-03-30,7.95529037,8.03358191,7.72041575,7.96398943,6483460.0,117558647.0,2.119185,3.2713,47.21031,3.63209,5.58383,-188.704365
sz.002484,江海股份,2016-03-31,7.99878567,8.23366029,7.99878567,8.09447533,6929133.0,129129457.0,2.264858,1.6385,47.983827,3.6916,5.675318,-191.796189
sz.002485,ST雪发,2016-03-29,8.8822595,8.8822595,8.8822595,8.8822595,0.0,0.0,,0.0,214.503943,2.461072,4.783745,21.77965
sz.002485,ST雪发,2016-03-30,8.8822595,8.8822595,8.8822595,8.8822595,0.0,0.0,,0.0,214.503943,2.461072,4.783745,21.77965
sz.002485,ST雪发,2016-03-31,8.8822595,8.8822595,8.8822595,8.8822595,0.0,0.0,,0.0,214.503943,2.461072,4.783745,21.77965
sz.002486,嘉麟杰,2016-03-29,5.232843,5.24281032,5.07336588,5.11323516,15453200.0,79878480.0,1.930443,-2.2857,-42.32249,4.375384,6.00121,-21.240265
sz.002486,嘉麟杰,2016-03-30,5.1331698,5.2826796,5.1331698,5.2826796,18446111.0,96664772.0,2.304324,3.3138,-43.72499,4.520377,6.200081,-21.944133
sz.002486,嘉麟杰,2016-03-31,5.34248352,5.34248352,5.15310444,5.16307176,28604164.0,150040196.0,3.573287,-2.2642,-42.73499,4.418029,6.059701,-21.447285
sz.002487,大金重工,2016-03-29,9.18077895,9.27793005,8.82131988,8.97676164,8274894.0,76527170.0,1.532388,-2.5316,53.842993,3.038173,6.264757,62.048653
sz.002487,大金重工,2016-03-30,9.10305807,9.51109269,9.08362785,9.4236567,10448181.0,99980798.0,1.934848,4.9784,56.523489,3.189424,6.576639,65.137655
sz.002487,大金重工,2016-03-31,9.50137758,9.9094122,9.39451137,9.76368555,17975828.0,179296924.0,3.328857,3.6083,58.562996,3.304506,6.81394,67.487983
sz.002488,金固股份,2016-03-29,16.05644256,16.3961232,15.61877712,16.25241216,53221240.0,1309298928.0,13.846979,0.4846,246.943003,7.931359,8.013038,154.207513
sz.002488,金固股份,2016-03-30,16.44184944,16.93177344,15.94539312,16.5594312,76539094.0,1927703840.0,19.913764,1.8891,251.607923,8.081188,8.16441,157.120597
sz.002488,金固股份,2016-03-31,16.36999392,17.55234384,16.25241216,16.47451104,75370833.0,1941391344.0,19.609808,-0.5128,250.317626,8.039746,8.122541,156.314851
sz.002489,浙江永强,2016-03-29,7.13582215,7.22337825,7.03075483,7.0920441,43047281.0,349625424.0,2.304309,-0.7353,34.089985,5.601933,4.978119,65.488098
sz.002489,浙江永强,2016-03-30,7.1796002,7.33720118,7.15333337,7.33720118,51684773.0,428081984.0,2.766672,3.4568,35.268405,5.79558,5.150203,67.751884
sz.002489,浙江永强,2016-03-31,7.41600167,7.4422685,7.24088947,7.2671563,46226879.0,386530960.0,2.474513,-0.9547,34.931713,5.740253,5.101036,67.105088
sz.002490,山东墨龙,2016-03-29,8.4,8.43,7.82,8.03,11205305.0,91169414.0,3.735952,-5.0827,-24.124875,2.468585,3.969671,-30.504739
sz.002490,山东墨龙,2016-03-30,8.1,8.3,8.06,8.28,9201394.0,75530954.0,3.067829,3.1133,-24.875961,2.54544,4.09326,-31.454451
sz.002490,山东墨龙,2016-03-31,8.3,8.44,8.18,8.35,10071345.0,83689796.0,3.357879,0.8454,-25.666149,2.73802,4.127865,-23.91822
sz.002491,通鼎互联,2016-03-29,14.51451625,14.51451625,14.51451625,14.51451625,0.0,0.0,,0.0,96.385209,6.320569,5.664673,-287.931688
sz.002491,通鼎互联,2016-03-30,14.51451625,14.51451625,14.51451625,14.51451625,0.0,0.0,,0.0,96.385209,6.320569,5.664673,-287.931688
sz.002491,通鼎互联,2016-03-31,14.51451625,14.51451625,14.51451625,14.51451625,0.0,0.0,,0.0,96.385209,6.320569,5.664673,-287.931688
sz.002492,恒基达鑫,2016-03-29,7.7973555,7.7973555,7.7973555,7.7973555,0.0,0.0,,0.0,106.245774,3.125767,22.455456,-76.133053
sz.002492,恒基达鑫,2016-03-30,7.7973555,7.7973555,7.7973555,7.7973555,0.0,0.0,,0.0,106.245774,3.125767,22.455456,-76.133053
sz.002492,恒基达鑫,2016-03-31,7.7973555,7.7973555,7.7973555,7.7973555,0.0,0.0,,0.0,105.390013,3.081252,22.416985,-67.476326
sz.002493,荣盛石化,2016-03-29,3.67761114,3.68305542,3.5660034,3.58233624,4097161.0,54264015.0,0.201024,-2.5185,90.748805,5.13058,1.164667,-27.341142
sz.002493,荣盛石化,2016-03-30,3.64494546,3.71027682,3.5932248,3.6884997,8824399.0,118147023.0,0.432961,2.9635,93.438169,5.282627,1.199182,-28.151404
sz.002493,荣盛石化,2016-03-31,3.77560818,3.810996,3.66400044,3.69122184,9356299.0,127921848.0,0.459058,0.0738,93.507127,5.286525,1.200067,-28.17218
sz.002494,华斯股份,2016-03-29,17.01796544,17.11760224,15.95185168,15.95185168,27577470.0,450709792.0,11.158944,-10.0056,308.804284,3.971699,9.841306,-33.606363
sz.002494,华斯股份,2016-03-30,16.11148225,17.44828635,15.4630325,17.2188349,27804652.0,459444288.0,11.250871,7.9425,332.91455,4.281794,10.609678,-36.23022
sz.002494,华斯股份,2016-03-31,17.2188349,18.356116,16.86966965,17.9371177,29060165.0,519617824.0,11.758902,4.1715,346.802063,4.460409,11.05226,-37.741562
sz.002495,佳隆股份,2016-03-29,4.1137646,4.1419894,3.951472,4.0008654,8726602.0,50052268.0,2.178161,-3.4072,95.855567,3.480362,11.347027,14.003506
sz.002495,佳隆股份,2016-03-30,4.0432026,4.1772704,4.0290902,4.1702142,11322812.0,66012224.0,2.826176,4.2328,99.912946,3.627679,11.827324,14.596247
sz.002495,佳隆股份,2016-03-31,4.1913828,4.23372,4.163158,4.1772704,12252615.0,72840695.0,3.058255,0.1692,100.082003,3.633817,11.847336,14.620945
sz.002496,*ST辉丰,2016-03-29,6.96059208,6.96829185,6.56790381,6.67056741,27141765.0,712335648.0,11.838974,-4.0605,56.919133,3.303708,3.044509,-4567.126842
sz.002496,*ST辉丰,2016-03-30,6.75783147,7.33788081,6.73729875,7.33788081,43029894.0,1183735200.0,18.769222,10.0038,62.613237,3.634206,3.349077,-5024.015253
sz.002496,*ST辉丰,2016-03-31,7.54064142,7.8537654,7.37381307,7.50727575,53403122.0,1582773904.0,23.293923,2.3085,64.058663,3.718101,3.42639,-5139.994618
sz.002497,雅化集团,2016-03-29,6.13551672,6.1544535,5.90827536,5.9650857,19549726.0,124176696.0,2.655974,-3.0769,49.067572,2.782519,4.558538,-51.838328
sz.002497,雅化集团,2016-03-30,5.99349087,6.46691037,5.99349087,6.35328969,37336038.0,246337333.0,5.072375,6.5079,52.260858,2.963603,4.855204,-55.211933
sz.002497,雅化集团,2016-03-31,6.39116325,6.40063164,6.25860579,6.29647935,22393883.0,149466816.0,3.042373,-0.8942,53.858951,2.887809,4.7523,-114.946295
sz.002498,汉缆股份,2016-03-29,4.33745796,4.35538134,4.22095599,4.26576444,19159114.0,91555623.0,0.576218,-2.0576,45.679508,3.633676,3.795354,-107.273899
sz.002498,汉缆股份,2016-03-30,4.3016112,4.3912281,4.3016112,4.3912281,20606639.0,99890323.0,0.619753,2.9412,47.023023,3.740549,3.906982,-110.429014
sz.002498,汉缆股份,2016-03-31,4.40915148,4.43603655,4.35538134,4.37330472,24199407.0,118735075.0,0.727807,-0.4082,46.831092,3.725282,3.891035,-109.978284
sz.002500,山西证券,2016-03-29,9.5222919,9.67852985,9.20159295,9.4071692,52846782.0,608996192.0,2.123666,-0.5217,22.583625,3.867598,8.442858,2.434908
sz.002500,山西证券,2016-03-30,9.6045224,9.7854295,9.54696105,9.74431425,56203211.0,661610160.0,2.258545,3.5839,23.393003,4.006209,8.745443,2.522173
sz.002500,山西证券,2016-03-31,9.8347678,10.07323625,9.64563765,9.7525373,61960404.0,741792240.0,2.4899,0.0844,23.412744,4.00959,8.752823,2.524301
sz.002501,利源股份,2016-03-29,10.19311104,10.23292788,9.93430158,10.03384368,18188557.0,183500795.0,2.700428,-1.5625,20.060159,2.578749,4.174625,63.964127
sz.002501,利源股份,2016-03-30,10.07366052,10.37228682,10.07366052,10.37228682,25009911.0,257414347.0,3.713184,3.373,20.731716,2.582911,4.315436,-4.521132
sz.002501,利源股份,2016-03-31,10.40214945,10.44196629,10.26279051,10.29265314,22118404.0,229693538.0,3.283886,-0.7678,20.572547,2.56308,4.282304,-4.486421
sz.002506,协鑫集成,2016-03-29,8.09,8.46,7.94,8.4,153958237.0,1270347872.0,6.971985,3.8319,66.389372,61.560048,6.745836,-1552.925982
sz.002506,协鑫集成,2016-03-30,8.54,8.59,8.22,8.49,173421309.0,1454529984.0,7.853368,1.0714,67.100687,62.21962,6.818113,-1569.564474
sz.002506,协鑫集成,2016-03-31,8.52,8.52,8.29,8.3,113981368.0,954776416.0,5.161636,-2.2379,65.599022,60.827191,6.665529,-1534.438768
sz.002507,涪陵榨菜,2016-03-29,4.8125086,4.8125086,4.8125086,4.8125086,0.0,0.0,,0.0,36.349671,4.531895,6.145701,-59.226032
sz.002507,涪陵榨菜,2016-03-30,4.8125086,4.8125086,4.8125086,4.8125086,0.0,0.0,,0.0,36.349671,4.531895,6.145701,-59.226032
sz.002507,涪陵榨菜,2016-03-31,4.8125086,4.8125086,4.8125086,4.8125086,0.0,0.0,,0.0,36.344706,4.159768,6.145701,-46.225035
sz.002508,老板电器,2016-03-29,17.37489292,17.71588808,17.25197606,17.65641218,2959461.0,130503871.0,0.625596,1.412,26.10024,7.517839,4.771024,42.589621
sz.002508,老板电器,2016-03-30,17.67623748,18.437529,17.67227242,18.437529,5391901.0,246292364.0,1.139786,4.424,27.25491,7.850427,4.982094,44.473779
sz.002508,老板电器,2016-03-31,18.5961314,18.5961314,18.10842902,18.23531094,3506658.0,161510436.0,0.741267,-1.0968,26.955985,7.764325,4.927452,43.986002
sz.002510,天汽模,2016-03-29,5.94014005,5.94014005,5.71888787,5.82951396,25288006.0,307257584.0,7.94134,2.9737,30.3807,2.789784,2.763677,326.500444
sz.002510,天汽模,2016-03-30,5.8679926,6.41150339,5.8198943,6.41150339,29174623.0,376201088.0,9.161877,9.9835,33.413757,3.068302,3.039589,359.09661
sz.002510,天汽模,2016-03-31,6.62313591,6.90691588,6.47403118,6.67604404,34478208.0,476186288.0,10.827392,4.126,34.792419,3.194901,3.165003,373.913049
sz.002511,中顺洁柔,2016-03-29,4.3891398,4.50816732,4.3147476,4.47469083,7108115.0,83944522.0,1.469867,0.9228,69.684732,2.512223,2.047747,29.121891
sz.002511,中顺洁柔,2016-03-30,4.44493395,4.67183016,4.44493395,4.63835367,9903100.0,121853562.0,2.047835,3.6575,72.233467,2.604108,2.122643,30.18703
sz.002511,中顺洁柔,2016-03-31,4.6495125,4.7982969,4.53420459,4.6123164,9445421.0,118568882.0,1.953192,-0.5614,71.827986,2.58949,2.110728,30.017576
sz.002512,ST达华,2016-03-29,21.84951944,22.656179,21.3615402,21.7100968,10683748.0,235672385.0,2.508536,-1.3575,193.526341,16.601062,17.188368,220.428229
sz.002512,ST达华,2016-03-30,21.84951944,22.39725124,21.57067416,22.08852968,12281369.0,271128352.0,2.883656,1.7431,196.899736,16.890439,17.487982,224.270556
sz.002512,ST达华,2016-03-31,22.158241,22.49683884,21.8096844,22.38729248,11348778.0,252523143.0,2.664684,1.3526,199.562943,17.118894,17.724519,227.303972
sz.002513,蓝丰生化,2016-03-29,14.1651816,14.3148138,13.48684896,13.59657924,3701391.0,51340278.0,1.737527,-5.0174,-67.894546,4.173727,4.589891,-701.533221
sz.002513,蓝丰生化,2016-03-30,13.716285,14.08537776,13.6664076,14.08537776,2431302.0,33820740.0,1.141315,3.595,-70.335362,4.323773,4.754899,-726.753418
sz.002513,蓝丰生化,2016-03-31,14.1651816,14.28488736,13.94572104,14.0654268,3085945.0,43520977.0,1.448621,-0.1416,-70.235737,4.317649,4.748164,-725.724022
sz.002514,宝馨科技,2016-03-29,10.79446706,10.97954365,10.3542849,10.46933251,6427851.0,135684621.0,3.757789,-4.6903,120.641335,5.86445,10.254107,-41.409771
sz.002514,宝馨科技,2016-03-30,10.7044298,11.06457884,10.56437184,11.03956849,5508923.0,118930133.0,3.220574,5.4467,127.21234,6.18387,10.812621,-43.665248
sz.002514,宝馨科技,2016-03-31,11.1546161,11.23464922,10.74944843,10.84948983,7546913.0,164400892.0,4.412004,-1.7218,125.022005,6.077397,10.626449,-42.913423
sz.002515,金字火腿,2016-03-29,5.79439095,5.79439095,5.79439095,5.79439095,0.0,0.0,,0.0,268.360433,4.355598,31.467154,186.628472
sz.002515,金字火腿,2016-03-30,5.79439095,5.79439095,5.79439095,5.79439095,0.0,0.0,,0.0,268.360433,4.355598,31.467154,186.628472
sz.002515,金字火腿,2016-03-31,5.79439095,5.79439095,5.79439095,5.79439095,0.0,0.0,,0.0,268.360433,4.355598,31.467154,186.628472
sz.002516,旷达科技,2016-03-29,4.32862505,4.35693985,4.1835117,4.2755348,6115200.0,73580693.0,2.246216,-1.9481,32.594283,3.883197,4.29626,2142.658513
sz.002516,旷达科技,2016-03-30,4.26491675,4.3746366,4.2613774,4.3746366,6784130.0,82849675.0,2.491925,2.3179,33.34978,3.973205,4.395842,2192.322783
sz.002516,旷达科技,2016-03-31,4.37817595,4.4029514,4.3321644,4.3817153,6319859.0,77968063.0,2.32139,0.1618,33.403744,3.979635,4.402955,2195.870231
sz.002517,恺英网络,2016-03-29,15.08380737,15.08380737,13.7789358,13.94085417,4845530.0,216227433.0,2.747444,-5.4886,44.984613,49.481348,12.746077,8867.173764
sz.002517,恺英网络,2016-03-30,14.15357046,14.51550564,13.9376793,14.51550564,5659567.0,253876115.0,3.209008,4.1221,46.838909,51.521002,13.271479,9232.684684
sz.002517,恺英网络,2016-03-31,14.85204186,15.9060987,14.604402,14.7313968,10065105.0,482670224.0,5.706974,1.4873,47.535551,52.287281,13.468867,9370.003704
sz.002518,科士达,2016-03-29,14.7402484,14.8073512,13.81870328,14.0692204,6333269.0,202753284.0,2.250336,-3.0817,40.008391,5.366316,6.11772,300.480381
sz.002518,科士达,2016-03-30,14.2481612,15.433644,14.2481612,15.37101472,7943432.0,262930648.0,2.822459,9.2528,43.710281,5.86285,6.683779,328.283176
sz.002518,科士达,2016-03-31,15.2547032,15.63942592,14.762616,14.986292,6697792.0,228531619.0,2.379859,-2.5029,42.616252,5.716108,6.51649,320.066542
sz.002519,银河电子,2016-03-29,10.00869048,10.0695504,9.77631624,10.03082136,4059457.0,72771074.0,0.933243,-1.8939,44.821872,5.273259,6.747953,66.730528
sz.002519,银河电子,2016-03-30,10.1248776,10.512168,9.97549416,10.50110256,7566478.0,139728587.0,1.731979,4.6884,46.923284,5.520488,7.064321,69.859097
sz.002519,银河电子,2016-03-31,10.50110256,10.55642976,10.36278456,10.49556984,5724983.0,108425554.0,1.310458,-0.0527,46.898561,5.51758,7.060599,69.82229
sz.002520,日发精机,2016-03-29,11.83991424,11.852728,11.3401776,11.46190832,2699985.0,48893154.0,0.863731,-3.2973,153.225558,9.728185,9.051491,-71.432663
sz.002520,日发精机,2016-03-30,11.532384,12.0449344,11.532384,12.0449344,3378508.0,62610729.0,1.080792,5.0866,161.019591,10.223023,9.511907,-75.066186
sz.002520,日发精机,2016-03-31,12.10259632,12.51263664,12.07056192,12.2691752,6230466.0,120115541.0,1.99314,1.8617,164.017296,10.413345,9.688991,-76.463694
sz.002521,齐峰新材,2016-03-29,7.91478424,7.97137616,7.71267024,7.80968496,10359670.0,100305713.0,2.545818,-1.8293,18.343682,1.460477,2.02863,-6.731632
sz.002521,齐峰新材,2016-03-30,7.60757096,7.93903792,7.60757096,7.93095336,35126861.0,336201664.0,8.632186,1.5528,17.966538,1.44806,2.06013,-7.759331
sz.002521,齐峰新材,2016-03-31,7.8420232,7.89053056,7.74500848,7.76926216,21326563.0,206183414.0,5.240857,-2.0387,17.600248,1.418538,2.01813,-7.601139
sz.002522,浙江众成,2016-03-29,12.28673568,12.6426015,11.49072003,11.6124636,43703169.0,565290464.0,10.696811,-5.4157,161.607018,7.933592,22.640641,2583.664055
sz.002522,浙江众成,2016-03-30,11.45326047,11.94023475,11.43453069,11.93086986,24949399.0,311295744.0,6.106628,2.7419,166.038178,8.151126,23.261433,2654.506457
sz.002522,浙江众成,2016-03-31,12.06197832,12.15562722,11.73420717,11.79039651,20561846.0,261318636.0,5.032728,-1.1774,164.083255,8.055156,22.987554,2623.252456
sz.002523,天桥起重,2016-03-29,2.89301904,2.99700432,2.88559152,2.94872544,10138383.0,80189810.0,3.353767,1.0178,54.617388,2.535766,4.868861,59.102702
sz.002523,天桥起重,2016-03-30,2.96729424,3.07127952,2.94872544,3.063852,10440651.0,84834062.0,3.453756,3.9043,56.749805,2.63477,5.058955,61.410238
sz.002523,天桥起重,2016-03-31,3.063852,3.10841712,3.03785568,3.04899696,8454202.0,69781646.0,2.796641,-0.4848,56.474654,2.621995,5.034427,61.112491
sz.002524,光正眼科,2016-03-29,7.58,7.58,7.58,7.58,0.0,0.0,,0.0,430.092877,4.94297,6.895413,-11.195947
sz.002524,光正眼科,2016-03-30,7.58,7.58,7.58,7.58,0.0,0.0,,0.0,430.092877,4.94297,6.895413,-11.195947
sz.002524,光正眼科,2016-03-31,7.58,7.58,7.58,7.58,0.0,0.0,,0.0,430.092877,4.94297,6.895413,-11.195947
sz.002526,山东矿机,2016-03-29,2.6517426,2.67893996,2.57355019,2.59734788,14516100.0,111708879.0,3.463919,-3.0457,-15.24263,2.085924,3.791921,30.729391
sz.002526,山东矿机,2016-03-30,2.6177459,2.70273765,2.60754689,2.69593831,16442406.0,128739361.0,3.923586,3.7958,-15.821212,2.165102,3.935856,31.895821
sz.002526,山东矿机,2016-03-31,2.70613732,2.9237162,2.69593831,2.86932148,43798775.0,361752544.0,10.451528,6.4313,-16.838717,2.304346,4.188981,33.947128
sz.002527,新时达,2016-03-29,15.1649347,15.441354,14.8980471,15.3746321,17310090.0,275582672.0,4.84718,2.8699,49.36526,4.424095,6.286602,550.210512
sz.002527,新时达,2016-03-30,15.536671,15.8702805,15.2697834,15.8035586,22296891.0,364774816.0,6.243586,2.7898,50.742468,4.547519,6.461987,565.560464
sz.002527,新时达,2016-03-31,15.8035586,15.917939,15.4508857,15.5843295,14350976.0,236296503.0,4.018567,-1.3872,50.038562,4.484436,6.372346,557.714933
sz.002528,ST英飞拓,2016-03-29,9.21973612,9.58914124,8.850331,9.55066154,21302910.0,256927541.0,4.152854,2.9875,129.215717,3.843118,4.90481,-338.646899
sz.002528,ST英飞拓,2016-03-30,9.4275265,9.7738438,9.3890468,9.7353641,27446253.0,342753408.0,5.350457,1.9339,131.714651,3.917441,4.999665,-345.196073
sz.002528,ST英飞拓,2016-03-31,9.57374936,9.65070876,9.31978334,9.41983056,24694939.0,305290592.0,4.814107,-3.2411,127.445639,3.790473,4.83762,-334.0079
sz.002529,*ST海源,2016-03-29,17.05,17.08,16.17,16.4,8242461.0,135980657.0,4.12123,-3.8123,1277.611537,3.337326,14.05396,270.239533
sz.002529,*ST海源,2016-03-30,16.6,17.04,16.52,17.03,6780967.0,113808883.0,3.390484,3.8415,1326.690517,3.465529,14.593837,280.620685
sz.002529,*ST海源,2016-03-31,17.06,17.42,16.88,16.92,9280435.0,159587616.0,4.640217,-0.6459,1318.121171,3.443144,14.499573,278.808103
sz.002530,金财互联,2016-03-29,12.45462,12.5791662,12.08720871,12.16193643,4224080.0,83151524.0,1.576149,-3.9823,154.665477,7.516132,12.037558,-171.809817
sz.002530,金财互联,2016-03-30,12.23666415,12.66634854,12.23666415,12.51066579,3935341.0,79162792.0,1.468411,2.8674,159.100329,7.731648,12.382721,-176.736263
sz.002530,金财互联,2016-03-31,12.54180234,13.17076065,12.54180234,13.0150779,5382017.0,111940636.0,2.008215,4.0319,165.515027,8.043377,12.881974,-183.862016
sz.002531,天顺风能,2016-03-29,5.39843487,5.41874883,5.25115866,5.29178658,3742764.0,39292450.0,0.457253,-1.5123,28.153894,4.09933,4.099147,100.595942
sz.002531,天顺风能,2016-03-30,5.34764997,5.51524014,5.3324145,5.51016165,5762674.0,61651074.0,0.704025,4.1267,29.315715,4.268496,4.268305,104.747214
sz.002531,天顺风能,2016-03-31,5.53047561,5.586339,5.48984769,5.56602504,6465442.0,70499605.0,0.789882,1.0138,29.612925,4.311771,4.311578,105.809167
sz.002532,天山铝业,2016-03-29,6.1227282,6.1323855,5.890953,6.0068406,2888744.0,35931995.0,1.264614,-1.8928,33.676278,3.335388,3.253505,57.312119
sz.002532,天山铝业,2016-03-30,5.9682114,6.180672,5.9682114,6.16618605,4485207.0,56788219.0,1.963503,2.6527,34.569619,3.423867,3.339812,58.832457
sz.002532,天山铝业,2016-03-31,6.15652875,6.26275905,6.1130709,6.16618605,4952553.0,63506146.0,2.168094,0.0,34.820369,3.398073,3.578644,-206.540435
sz.002533,金杯电工,2016-03-29,6.5319356,6.58873504,6.2479384,6.389937,20474118.0,186072759.0,4.092069,-2.2801,33.988223,2.474304,1.538088,25.369464
sz.002533,金杯电工,2016-03-30,6.4609363,6.77333322,6.4609363,6.7449335,15835918.0,147980389.0,3.165053,5.5556,35.876457,2.611765,1.623537,26.778879
sz.002533,金杯电工,2016-03-31,6.71653378,6.92953168,6.68103413,6.76623329,15371897.0,147135249.0,3.072312,0.3158,36.090027,2.587987,1.62891,65.593708
sz.002534,西子洁能,2016-03-29,7.27925754,7.31569938,7.0606065,7.12893495,2804356.0,44099554.0,0.7145,-2.5529,-40.45594,2.565599,2.392677,-35.026317
sz.002534,西子洁能,2016-03-30,7.16082156,7.3794726,7.16082156,7.35214122,2965232.0,47460700.0,0.755488,3.131,-41.722612,2.645928,2.467591,-36.122988
sz.002534,西子洁能,2016-03-31,7.37036214,7.46602197,7.23370524,7.25648139,4260467.0,68439235.0,1.0778,-1.3011,-41.179753,2.611501,2.435485,-35.652986
sz.002535,林州重机,2016-03-29,6.6146642,6.80695095,6.4608348,6.49160068,11283448.0,96875664.0,3.485476,-2.0882,-17.54492,1.770411,4.221877,12.279358
sz.002535,林州重机,2016-03-30,6.57620685,6.74541919,6.4608348,6.73003625,11914420.0,103138189.0,3.680384,3.673,-18.189343,1.835438,4.376946,12.730377
sz.002535,林州重机,2016-03-31,6.73003625,7.29151356,6.69927037,7.04538652,27749828.0,250204057.0,8.571967,4.6857,-19.041644,1.921441,4.582037,13.326887
sz.002536,飞龙股份,2016-03-29,12.26790272,12.3339776,11.01248,11.7833536,38430051.0,815036768.0,14.803792,-2.8597,125.009837,4.068532,3.730584,27.863266
sz.002536,飞龙股份,2016-03-30,12.17980288,12.90112032,11.95404704,12.63131456,48613748.0,1100369344.0,18.726694,7.1963,134.005872,4.361314,3.999047,29.868379
sz.002536,飞龙股份,2016-03-31,12.4991648,12.59827712,11.90449088,12.12474048,43725809.0,969745888.0,16.843792,-4.0105,128.631618,4.186406,3.838667,28.670519
sz.002537,海联金汇,2016-03-29,11.1102016,11.1102016,10.5726112,10.81452688,9017429.0,217881961.0,3.00581,-1.4694,99.370325,4.936654,3.521265,-310.445679
sz.002537,海联金汇,2016-03-30,11.1326012,11.2893984,10.7966072,11.07436224,12781651.0,313914448.0,4.26055,2.4027,101.757847,5.055264,3.605869,-317.904606
sz.002537,海联金汇,2016-03-31,10.975804,11.27595864,10.7294084,10.91756504,10476254.0,256775295.0,3.492085,-1.4159,100.317101,4.983689,3.554815,-313.403529
sz.002538,司尔特,2016-03-29,7.15821036,7.19736906,6.99374382,7.05639774,8883685.0,80521385.0,1.548915,-1.8519,26.22843,2.148246,2.175715,10.703561
sz.002538,司尔特,2016-03-30,7.11121992,7.2835182,7.09555644,7.26785472,8973760.0,82470635.0,1.56462,2.9967,27.014409,2.212621,2.240914,11.024312
sz.002538,司尔特,2016-03-31,7.36966734,7.96487958,7.3618356,7.85523522,35201238.0,340841952.0,6.137512,8.0819,29.197686,2.391443,2.422022,11.915285
sz.002539,云图控股,2016-03-29,11.26879605,11.35765394,10.86489655,10.91336449,7008237.0,95599338.0,1.76348,-3.5689,68.032922,4.577434,2.33763,105.980405
sz.002539,云图控股,2016-03-30,10.9052865,11.13954821,10.9052865,11.10723625,6322204.0,86352882.0,1.590854,1.7765,69.241501,4.658751,2.379157,107.863107
sz.002539,云图控股,2016-03-31,11.1476262,11.21225012,10.99414439,11.04261233,6628865.0,90845675.0,1.668019,-0.5818,68.838641,4.631645,2.365315,107.23554
sz.002540,亚太科技,2016-03-29,5.1537655,5.17371556,4.99416502,5.0540152,6849718.0,52216440.0,0.972219,-1.9355,32.959018,3.039929,3.455817,148.445412
sz.002540,亚太科技,2016-03-30,5.10721536,5.2202657,5.07396526,5.2202657,7540585.0,58512924.0,1.070278,3.2895,34.043196,3.139927,3.569496,153.328485
sz.002540,亚太科技,2016-03-31,5.23356574,5.30006594,5.21361568,5.2202657,9347828.0,73749860.0,1.32679,0.0,34.043196,3.139927,3.569496,153.328485
sz.002541,鸿路钢构,2016-03-29,7.6847888,7.7220936,7.46096,7.5868637,2984059.0,48612886.0,1.809583,-1.3939,24.671717,1.72933,1.365757,-25.448992
sz.002541,鸿路钢构,2016-03-30,7.6568102,7.8433342,7.5915268,7.8246818,4257655.0,70366367.0,2.581913,3.1346,25.445077,1.783538,1.408568,-26.246717
sz.002541,鸿路钢构,2016-03-31,7.8386711,7.8573235,7.7034412,7.7593984,3773623.0,62948842.0,2.288388,-0.8343,25.232782,1.768657,1.396816,-26.027733
sz.002542,中化岩土,2016-03-29,8.80603461,8.80603461,8.80603461,8.80603461,0.0,0.0,,0.0,69.727559,6.079693,8.199912,24.552186
sz.002542,中化岩土,2016-03-30,8.80603461,8.80603461,8.80603461,8.80603461,0.0,0.0,,0.0,69.727559,6.079693,8.199912,24.552186
sz.002542,中化岩土,2016-03-31,8.80603461,8.80603461,8.80603461,8.80603461,0.0,0.0,,0.0,69.727559,6.079693,8.199912,24.552186
sz.002543,万和电气,2016-03-29,6.267834,6.304041,6.15519,6.231627,3641357.0,56214524.0,1.214562,-0.5138,21.576395,2.471174,1.622021,-95.953377
sz.002543,万和电气,2016-03-30,6.295995,6.456915,6.279903,6.456915,5229949.0,82780317.0,1.744431,3.6152,22.356432,2.560513,1.680661,-99.422317
sz.002543,万和电气,2016-03-31,6.392547,6.392547,6.247719,6.31611,5703767.0,89540730.0,1.902471,-2.1807,21.648475,2.449195,1.647814,155.300162
sz.002544,普天科技,2016-03-29,28.6633073,28.6633073,28.6633073,28.6633073,0.0,0.0,,0.0,142.507029,13.297932,6.666856,-61.615959
sz.002544,普天科技,2016-03-30,28.6633073,28.6633073,28.6633073,28.6633073,0.0,0.0,,0.0,142.507029,13.297932,6.666856,-61.615959
sz.002544,普天科技,2016-03-31,28.6633073,28.6633073,28.6633073,28.6633073,0.0,0.0,,0.0,142.507029,13.297932,6.666856,-61.615959
sz.002545,东方铁塔,2016-03-29,6.37083104,6.49272194,6.16767954,6.47646982,11467599.0,90061579.0,3.353099,2.0487,102.910559,2.429673,5.244336,-612.042345
sz.002545,东方铁塔,2016-03-30,6.500848,6.6633692,6.500848,6.65524314,16598828.0,134783666.0,4.853458,2.7603,105.751252,2.49674,5.389099,-628.936864
sz.002545,东方铁塔,2016-03-31,6.6633692,6.7039995,6.4602177,6.500848,14988731.0,120956521.0,4.38267,-2.3199,103.297926,2.438818,5.264077,-614.346143
sz.002546,新联电子,2016-03-29,11.6002533,13.02354679,11.32053088,12.90013984,129705523.0,1956707008.0,19.743265,8.9646,70.720857,7.911814,14.238948,24.720554
sz.002546,新联电子,2016-03-30,12.71091585,13.30326921,12.5052376,12.95772975,126011883.0,1981331456.0,19.181034,0.4464,71.036575,7.947135,14.302515,24.830913
sz.002546,新联电子,2016-03-31,12.71091585,12.99063827,12.19260666,12.57105464,100271985.0,1532475328.0,15.263008,-2.9841,68.916753,7.709982,13.875709,24.089927
sz.002547,春兴精工,2016-03-29,9.6848505,9.77424912,9.436521,9.51598644,15750418.0,151786038.0,2.301231,-2.2449,53.513004,5.177684,4.577856,-19.422557
sz.002547,春兴精工,2016-03-30,9.62525142,9.91331364,9.52591962,9.84378138,24262008.0,238502153.0,3.544826,3.4447,55.356354,5.356038,4.735548,-20.091601
sz.002547,春兴精工,2016-03-31,9.95304636,10.19144268,9.81398184,9.97291272,40232586.0,406076960.0,5.878224,1.3118,56.082522,5.426299,4.797669,-20.355164
sz.002548,金新农,2016-03-29,11.5457004,11.83434291,11.06462955,11.38287642,12695888.0,197140405.0,4.144883,-1.9133,56.839131,6.7894,2.356208,43.342317
sz.002548,金新农,2016-03-30,11.4716895,12.44123229,11.3236677,12.19699632,13464769.0,213792720.0,4.395903,7.1521,60.904348,7.274987,2.524728,46.442223
sz.002548,金新农,2016-03-31,12.19699632,12.70767153,12.02677125,12.33021594,12102555.0,202270628.0,3.951175,1.0922,61.569565,7.354447,2.552303,46.94948
sz.002549,凯美特气,2016-03-29,8.03299536,8.12740022,7.74978078,7.91284372,3464820.0,31938635.0,0.611143,-1.4957,-118.280246,6.585514,34.429344,-47656.684155
sz.002549,凯美特气,2016-03-30,8.03299536,8.4106148,7.83560338,8.40203254,5652193.0,53874608.0,0.996963,6.1822,-125.592582,6.992645,36.55784,-50602.921679
sz.002549,凯美特气,2016-03-31,8.4106148,8.65091808,8.4106148,8.4535261,5454263.0,54175268.0,0.962051,0.6129,-126.362302,7.035501,36.781892,-50913.051944
sz.002550,千红制药,2016-03-29,6.41232774,6.48397386,6.20535006,6.3287406,6826856.0,108655621.0,1.680302,-1.2422,38.24393,4.607932,13.440141,-165.540067
sz.002550,千红制药,2016-03-30,6.37650468,6.53969862,6.3486423,6.51581658,7903298.0,128062203.0,1.945248,2.956,39.374411,4.744141,13.837429,-170.433389
sz.002550,千红制药,2016-03-31,6.51581658,6.69095154,6.4879542,6.51581658,8286978.0,136974513.0,2.039684,0.0,39.374411,4.744141,13.837429,-170.433389
sz.002551,尚荣医疗,2016-03-29,14.66118318,15.01782408,14.1359484,14.79735516,9126316.0,205909165.0,3.398074,1.5125,66.558471,6.762022,5.667034,-110.278617
sz.002551,尚荣医疗,2016-03-30,15.2058711,16.24985628,14.89462086,16.1785281,13382351.0,322188880.0,4.982758,9.3339,72.770984,7.393183,6.195991,-120.571932
sz.002551,尚荣医疗,2016-03-31,16.1785281,17.1511851,16.0164186,16.08774678,12274924.0,314744416.0,4.570421,-0.5611,72.36265,7.351699,6.161224,-119.895376
sz.002552,宝鼎科技,2016-03-29,14.6523117,14.7792138,13.8225672,14.0763714,6725557.0,98252364.0,4.005717,-5.5665,1007.692883,5.329723,13.352238,345.385411
sz.002552,宝鼎科技,2016-03-30,14.056848,14.6327883,14.056848,14.4180309,5299434.0,77679339.0,3.156324,2.4272,1032.151448,5.459085,13.676321,353.768552
sz.002552,宝鼎科技,2016-03-31,14.3399373,14.6230266,14.154465,14.4180309,7489681.0,110273335.0,4.460827,0.0,1032.151448,5.459085,13.676321,353.768552
sz.002553,南方精工,2016-03-29,9.50309404,9.84128244,9.40163752,9.62145998,11449307.0,130155204.0,5.222266,1.0657,60.32096,6.126509,13.106573,-390.916275
sz.002553,南方精工,2016-03-30,9.6383694,9.93428425,9.59609585,9.90892012,10563990.0,122171574.0,4.818455,2.9877,62.123168,6.309551,13.498158,-402.595672
sz.002553,南方精工,2016-03-31,9.99346722,9.99346722,9.61300527,9.68064295,10411730.0,120392022.0,4.749006,-2.3038,60.692003,6.164194,13.187194,-393.320857
sz.002554,惠博普,2016-03-29,6.71914224,6.73362315,6.47296677,6.51158253,8947040.0,121854243.0,3.352693,-3.7803,45.535301,3.587208,5.316635,-1928.379303
sz.002554,惠博普,2016-03-30,6.59364102,6.84947043,6.56950617,6.84464346,12399344.0,173067036.0,4.646362,5.1149,47.864386,3.77069,5.588576,-2027.013975
sz.002554,惠博普,2016-03-31,6.8542974,6.93152892,6.73362315,6.83981649,13075743.0,184341066.0,4.899827,-0.0705,47.830631,3.768031,5.584635,-2025.584487
sz.002555,三七互娱,2016-03-29,13.81411511,13.81411511,13.81411511,13.81411511,0.0,0.0,,0.0,74.757643,10.616007,8.123326,74.143423
sz.002555,三七互娱,2016-03-30,13.81411511,13.81411511,13.81411511,13.81411511,0.0,0.0,,0.0,74.757643,10.616007,8.123326,74.143423
sz.002555,三七互娱,2016-03-31,13.81411511,13.81411511,13.81411511,13.81411511,0.0,0.0,,0.0,74.757643,10.616007,8.123326,74.143423
sz.002556,辉隆股份,2016-03-29,7.48744272,7.530474,7.18622376,7.30993869,15907261.0,216718013.0,3.428862,-2.5108,38.278715,3.05301,0.643091,32.791222
sz.002556,辉隆股份,2016-03-30,7.40138016,7.63267329,7.3691067,7.62191547,16851068.0,234675065.0,3.632302,4.2678,39.912391,3.183308,0.670537,34.1907
sz.002556,辉隆股份,2016-03-31,7.64343111,7.71335694,7.56812637,7.59502092,17181076.0,244237624.0,3.703436,-0.3529,39.771557,3.172075,0.668171,34.070055
sz.002557,洽洽食品,2016-03-29,13.961412,14.02346272,13.3021231,13.33314846,5563676.0,97349529.0,1.097372,-5.2893,23.94704,3.053704,2.631939,-71.243646
sz.002557,洽洽食品,2016-03-30,13.44173722,13.94589932,13.4184682,13.87609226,4235570.0,74481214.0,0.835418,4.0721,24.922196,3.178055,2.739115,-74.144784
sz.002557,洽洽食品,2016-03-31,13.961412,14.29493462,13.961412,14.10878246,7950363.0,145139221.0,1.568119,1.6769,25.34012,3.231348,2.785048,-75.388128
sz.002558,巨人网络,2016-03-29,30.0763559,30.55997074,28.8423902,29.166462,1338701.0,158005822.0,4.123959,-4.878,-247.127262,12.976248,16.708826,-371.340205
sz.002558,巨人网络,2016-03-30,29.40826942,30.0638916,29.20634776,30.0514273,1178692.0,140547326.0,3.63104,3.0342,-254.625567,13.369972,17.215803,-382.607365
sz.002558,巨人网络,2016-03-31,30.3630348,32.656466,29.92179858,31.38012168,2788028.0,351479744.0,8.588709,4.4214,-265.883587,13.961112,17.976983,-399.523975
sz.002559,亚威股份,2016-03-29,6.73189152,6.77142444,6.51163668,6.58505496,7585120.0,88947676.0,2.589503,-2.6711,58.029063,2.964099,4.779082,45.486031
sz.002559,亚威股份,2016-03-30,6.66976836,6.88437564,6.66976836,6.8617854,7650080.0,91729341.0,2.61168,4.2024,60.467677,3.088663,4.979918,47.397536
sz.002559,亚威股份,2016-03-31,6.89567076,7.0312122,6.83919516,6.90696588,8675415.0,106265914.0,2.961722,0.6584,60.865818,3.109,5.012708,47.709619
sz.002560,通达股份,2016-03-29,12.134277,12.3880658,11.73138728,12.23896488,7920296.0,301843040.0,8.966474,1.4996,95.004616,3.863197,4.267966,23.352718
sz.002560,通达股份,2016-03-30,12.31827388,13.46349584,12.24848196,13.46349584,14170104.0,582390656.0,16.041808,10.0052,104.510002,4.249717,4.694984,25.689201
sz.002560,通达股份,2016-03-31,13.5777008,13.8632132,13.07329556,13.1177086,15168100.0,644256496.0,17.171628,-2.5683,101.825839,4.14057,4.574401,25.029417
sz.002561,徐家汇,2016-03-29,10.2138971,10.2611108,9.914877,10.0250423,3552282.0,45396249.0,0.904704,-2.0753,20.925089,2.793315,2.654142,197.175791
sz.002561,徐家汇,2016-03-30,10.1194697,10.3240624,10.1037318,10.30045555,3024310.0,39223115.0,0.770239,2.7473,21.499954,2.870055,2.727058,202.592708
sz.002561,徐家汇,2016-03-31,10.3083245,10.37914505,10.229635,10.2925866,3853481.0,50517602.0,0.981414,-0.0764,21.483529,2.765476,2.724975,176.728911
sz.002562,兄弟科技,2016-03-29,8.18242125,8.28758625,7.65075375,7.82895,6286391.0,170292760.0,5.807571,-5.534,89.354164,8.498562,7.946466,-1228.288462
sz.002562,兄弟科技,2016-03-30,7.84355625,8.17657875,7.84355625,8.144445,6325268.0,173360605.0,5.843487,4.0299,92.955003,8.841041,8.266697,-1277.786654
sz.002562,兄弟科技,2016-03-31,8.2087125,8.71993125,8.097705,8.5826325,12084020.0,348157152.0,11.163608,5.3802,97.956169,9.316707,8.711462,-1346.534143
sz.002563,森马服饰,2016-03-29,6.66992895,6.6885774,6.49587675,6.6637128,6080716.0,64268538.0,0.331615,0.1869,21.408687,3.127666,3.055225,-16.593774
sz.002563,森马服饰,2016-03-30,6.66992895,6.9745203,6.6388482,6.86884575,7335617.0,80262287.0,0.400052,3.0784,22.067723,3.223947,3.149276,-17.10459
sz.002563,森马服饰,2016-03-31,6.88127805,7.01803335,6.80668425,6.837765,5472971.0,60550666.0,0.298471,-0.4525,21.967869,3.209359,3.135026,-17.027194
sz.002564,天沃科技,2016-03-29,7.60927104,7.64921472,7.30969344,7.39956672,23375092.0,174718227.0,4.735452,-3.0105,356.06884,1.906639,2.786101,31.749866
sz.002564,天沃科技,2016-03-30,7.44949632,7.8389472,7.44949632,7.82896128,28389734.0,218556377.0,5.751345,5.803,376.731404,2.017281,2.947777,33.592301
sz.002564,天沃科技,2016-03-31,7.87889088,7.87889088,7.69914432,7.74907392,27399709.0,213340277.0,5.55078,-1.0204,372.887206,1.996697,2.917698,33.249523
sz.002565,顺灏股份,2016-03-29,5.15319048,5.20297976,4.8855731,4.93536238,19128007.0,153255294.0,2.788311,-4.2271,36.827938,3.197037,2.993595,-1891.334801
sz.002565,顺灏股份,2016-03-30,4.978928,5.1967561,4.97270434,5.15319048,18172454.0,148717939.0,2.649019,4.4136,38.453383,3.338142,3.125721,-1974.811117
sz.002565,顺灏股份,2016-03-31,5.21542708,5.27766368,5.14696682,5.1656378,13145209.0,109912978.0,1.916192,0.2416,38.546265,3.346205,3.133271,-1979.581192
sz.002566,益盛药业,2016-03-29,10.9297577,10.9579514,10.525648,10.6102291,6435102.0,73457336.0,3.123589,-3.2562,305.43482,2.093611,4.558873,-37.746899
sz.002566,益盛药业,2016-03-30,10.7605955,11.0801241,10.713606,11.0519304,5776850.0,66904881.0,2.804074,4.163,318.149999,2.180768,4.748658,-39.318293
sz.002566,益盛药业,2016-03-31,11.1271136,11.27748,11.0143388,11.1365115,7013788.0,83281150.0,3.404482,0.7653,320.58482,2.197457,4.784999,-39.619199
sz.002567,唐人神,2016-03-29,7.2505983,7.35845844,6.92102565,7.01690133,13248792.0,156309191.0,3.155556,-4.095,69.011451,3.204161,0.611167,27.019407
sz.002567,唐人神,2016-03-30,7.1307537,7.34048175,6.95697903,7.22063715,17021789.0,204082363.0,4.054197,2.9035,71.015199,3.297194,0.628912,27.803916
sz.002567,唐人神,2016-03-31,7.20865269,7.63410102,7.14273816,7.46631858,15049605.0,185959217.0,3.584468,3.4025,73.431484,3.409381,0.650311,28.749941
sz.002568,百润股份,2016-03-29,12.06124733,12.1412478,11.49183222,11.64712725,5236955.0,131016313.0,2.401364,-3.3958,44.334473,22.257758,9.431789,-132.48939
sz.002568,百润股份,2016-03-30,11.76948091,12.11301234,11.7177159,12.11301234,5545799.0,140410597.0,2.542982,4.0,46.107852,23.148068,9.80906,-137.788966
sz.002568,百润股份,2016-03-31,12.12713007,12.22595418,11.99536459,12.03771778,6324976.0,162725086.0,2.900268,-0.6216,45.821245,23.00418,9.748087,-136.932469
sz.002569,*ST步森,2016-03-29,43.64,43.64,43.64,43.64,0.0,0.0,,0.0,531.116782,11.782367,15.184272,-1446.218277
sz.002569,*ST步森,2016-03-30,43.64,43.64,43.64,43.64,0.0,0.0,,0.0,531.116782,11.782367,15.184272,-1446.218277
sz.002569,*ST步森,2016-03-31,43.64,43.64,43.64,43.64,0.0,0.0,,0.0,531.116782,11.782367,15.184272,-1446.218277
sz.002570,贝因美,2016-03-29,11.75,11.85,11.5,11.62,13151552.0,153555727.0,1.288723,-1.3582,114.643362,3.239226,2.62068,2783.896983
sz.002570,贝因美,2016-03-30,11.7,11.99,11.67,11.99,14826776.0,175392348.0,1.452879,3.1842,118.293796,3.342369,2.704127,2872.540863
sz.002570,贝因美,2016-03-31,12.02,12.09,11.88,11.91,12565155.0,150385120.0,1.231262,-0.6672,117.504513,3.320068,2.686085,2853.374618
sz.002571,德力股份,2016-03-29,13.81,13.95,13.36,13.4,13222818.0,180458182.0,5.351727,-2.6163,-84.194402,3.326923,6.124671,-17.616095
sz.002571,德力股份,2016-03-30,13.53,13.87,13.36,13.79,12979864.0,176764076.0,5.253396,2.9105,-86.644836,3.423752,6.302926,-18.128803
sz.002571,德力股份,2016-03-31,13.7,14.43,13.7,14.22,16832601.0,238500210.0,6.81273,3.1182,-88.906457,3.66864,6.499168,-38.066931
sz.002572,索菲亚,2016-03-29,16.38598566,16.4125186,15.8818598,16.10549458,3251305.0,138368842.0,1.218525,-1.6435,40.820341,8.130891,5.863169,-483.606079
sz.002572,索菲亚,2016-03-30,16.109285,16.3556623,15.8818598,16.2419497,2581428.0,109925148.0,0.967468,0.8473,41.166195,8.199781,5.912845,-487.703471
sz.002572,索菲亚,2016-03-31,16.2419497,16.46558448,16.14339878,16.36703356,2081938.0,89462438.0,0.780269,0.7701,41.483227,8.26293,5.958381,-491.459414
sz.002573,清新环境,2016-03-29,19.5075408,19.5075408,19.5075408,19.5075408,0.0,0.0,,0.0,47.116637,8.821251,10.556644,-187.757295
sz.002573,清新环境,2016-03-30,19.5075408,19.5075408,19.5075408,19.5075408,0.0,0.0,,0.0,47.116637,8.821251,10.556644,-187.757295
sz.002573,清新环境,2016-03-31,19.5075408,19.5075408,19.5075408,19.5075408,0.0,0.0,,0.0,47.116637,8.821251,10.556644,-187.757295
sz.002574,明牌珠宝,2016-03-29,10.88611868,11.25433952,10.65007968,11.02774208,30163781.0,350890464.0,5.712837,-0.3413,100.956184,2.010964,1.176888,-54.792802
sz.002574,明牌珠宝,2016-03-30,11.2826642,11.40540448,10.75393684,11.16936548,33582873.0,392443632.0,6.360393,1.2842,102.25271,2.03679,1.192002,-55.496477
sz.002574,明牌珠宝,2016-03-31,11.06550832,11.11271612,10.79170308,10.857794,23208036.0,268669920.0,4.395461,-2.7895,99.400352,1.979973,1.158751,-53.948392
sz.002575,群兴玩具,2016-03-29,13.5,13.6,12.68,12.79,11122882.0,145298804.0,1.889333,-5.6089,414.0309,8.415238,23.575795,165.508398
sz.002575,群兴玩具,2016-03-30,13.0,13.26,12.79,13.25,8505109.0,110865171.0,1.444678,3.5966,428.921769,8.717897,24.423713,171.461006
sz.002575,群兴玩具,2016-03-31,13.34,13.59,13.15,13.25,9987067.0,133293435.0,1.696404,0.0,428.921769,8.717897,24.423713,171.461006
sz.002576,通达动力,2016-03-29,21.33826895,21.37680307,20.230413,20.38454948,7721518.0,165458042.0,6.514725,-5.5357,349.785131,4.126924,4.07946,-96.60836
sz.002576,通达动力,2016-03-30,20.7120895,21.18413247,20.40381654,21.0974307,5459979.0,117930927.0,4.606641,3.4972,362.017692,4.271249,4.222126,-99.986913
sz.002576,通达动力,2016-03-31,21.28046777,22.14748547,21.28046777,21.31900189,7749046.0,173804167.0,6.537951,1.0502,365.819705,4.316107,4.266468,-101.037004
sz.002577,雷柏科技,2016-03-29,37.4,37.4,35.66,36.2,8334090.0,303417024.0,2.963206,-3.4409,-24.254476,7.317428,20.507169,-484.438402
sz.002577,雷柏科技,2016-03-30,36.8,38.78,36.32,38.7,9597041.0,362272576.0,3.412251,6.9061,-25.929509,7.822775,21.92341,-517.894093
sz.002577,雷柏科技,2016-03-31,39.1,42.57,38.71,42.03,18428108.0,757093856.0,6.552158,8.6046,-28.160652,8.495897,23.809843,-562.457073
sz.002578,闽发铝业,2016-03-29,4.54681656,4.58567824,4.45937778,4.49823946,4545151.0,42316521.0,1.714844,-2.1142,208.519562,4.081732,3.477652,-48.156028
sz.002578,闽发铝业,2016-03-30,4.48366633,4.7119787,4.48366633,4.6634016,8807849.0,83979391.0,3.323121,3.6717,216.175788,4.231601,3.605341,-49.924176
sz.002578,闽发铝业,2016-03-31,4.70226328,4.7119787,4.59053595,4.60510908,6820905.0,65078087.0,2.573465,-1.25,213.473591,4.178706,3.560274,-49.300124
sz.002579,中京电子,2016-03-29,9.66932135,9.66932135,9.20738616,9.32482731,40360739.0,485573488.0,11.516504,5.9609,133.497565,6.542983,7.211208,-325.273667
sz.002579,中京电子,2016-03-30,9.2387038,10.2565271,9.1604097,10.2565271,39693477.0,491219856.0,11.326108,9.9916,146.836113,7.196732,7.931723,-357.773723
sz.002579,中京电子,2016-03-31,10.34265061,10.6479976,10.03730362,10.20172123,38437172.0,507174720.0,10.967635,-0.5344,146.051492,7.158276,7.88934,-355.861955
sz.002580,圣阳股份,2016-03-29,9.73088,9.8585978,9.3720538,9.4754444,6745679.0,106870762.0,3.984988,-1.0794,105.90943,3.236275,2.521187,71.597531
sz.002580,圣阳股份,2016-03-30,9.5849168,10.1140334,9.5058534,10.0106428,10198964.0,164794832.0,6.025004,5.6483,111.891477,3.419068,2.663591,75.641551
sz.002580,圣阳股份,2016-03-31,9.9863156,10.3147328,9.822107,9.9072522,10612757.0,174938507.0,6.269451,-1.0328,110.541356,3.214229,2.636081,58.290559
sz.002581,ST未名,2016-03-29,26.46241455,26.5921812,25.70377875,25.9333659,2860705.0,74849980.0,1.733484,-1.9992,67.704802,8.654003,19.969959,-69.284827
sz.002581,ST未名,2016-03-30,26.06313255,26.9914632,26.06313255,26.8517145,3474488.0,92288146.0,2.105414,3.5412,70.102355,8.960457,20.677132,-71.738331
sz.002581,ST未名,2016-03-31,27.0313914,27.8898477,26.6520735,27.60036825,6936697.0,189841415.0,4.203387,2.7881,72.056882,9.210284,21.253632,-73.73847
sz.002582,好想你,2016-03-29,10.06937029,10.1277335,9.50290384,9.5784327,4877845.0,137039722.0,5.26765,-4.4521,-1273.703715,2.918829,3.699779,63.91196
sz.002582,好想你,2016-03-30,9.6470953,9.9217457,9.612764,9.8874144,4859951.0,138875187.0,5.248326,3.2258,-1314.790932,3.012985,3.819127,65.973636
sz.002582,好想你,2016-03-31,9.956077,10.87615584,9.956077,10.87615584,11128864.0,345143808.0,12.018209,10.0,-1446.270025,3.314284,4.201039,72.570999
sz.002583,海能达,2016-03-29,10.0080786,10.0475582,9.7613311,9.8501602,11504653.0,115066698.0,1.369396,-1.5779,60.613054,6.710907,6.194102,342.411438
sz.002583,海能达,2016-03-30,9.9488592,10.264696,9.8797699,10.2252164,18386107.0,186898904.0,2.188493,3.8076,62.920966,6.966433,6.429949,355.449148
sz.002583,海能达,2016-03-31,10.2943057,10.4028746,10.0574281,10.1363873,18312451.0,189091508.0,2.179726,-0.8687,62.374355,6.905914,6.374091,352.36127
sz.002584,西陇科学,2016-03-29,14.6440378,14.6440378,14.01643618,14.21379518,4500174.0,162854535.0,4.372192,-1.6389,92.84216,4.894412,3.353634,21.754893
sz.002584,西陇科学,2016-03-30,14.35984084,15.63477998,14.35984084,15.63477998,7446672.0,283012880.0,7.234894,9.9972,102.123798,5.383718,3.688904,23.929778
sz.002584,西陇科学,2016-03-31,15.78872,16.1044944,15.2755866,15.44136816,6655418.0,264351490.0,6.466143,-1.2371,100.860464,5.317118,3.64327,23.633752
sz.002585,双星新材,2016-03-29,6.87522106,6.9029717,6.70177956,6.75728084,3882891.0,38002563.0,0.720933,-2.2088,57.977785,1.33638,2.934955,31.264859
sz.002585,双星新材,2016-03-30,6.7989068,6.95153532,6.78503148,6.95153532,5534200.0,54936035.0,1.02753,2.8748,59.644497,1.374798,3.019328,32.163644
sz.002585,双星新材,2016-03-31,7.01397426,7.18741576,6.99316128,7.02784958,9258563.0,94498372.0,1.71903,1.0978,60.299277,1.38989,3.052474,32.516738
sz.002586,ST围海,2016-03-29,9.0624192,9.17569944,8.78865862,8.89249884,11257045.0,107238063.0,1.627,-2.8866,108.396336,4.327598,3.615939,183.185195
sz.002586,ST围海,2016-03-30,9.02465912,9.1568194,8.93025892,9.12849934,9646242.0,92606350.0,1.394188,2.6539,111.273097,4.442449,3.711903,188.046798
sz.002586,ST围海,2016-03-31,9.2040195,9.7704207,9.2040195,9.45890004,29083065.0,293544352.0,4.203426,3.6194,115.300561,4.603241,3.846253,194.853041
sz.002587,奥拓电子,2016-03-29,8.95951776,9.05650848,8.38363536,8.44425456,19300356.0,276537968.0,8.128971,-7.4419,247.453991,8.85641,17.530151,-30.014179
sz.002587,奥拓电子,2016-03-30,8.79584592,9.02013696,8.4260688,9.0019512,17621514.0,255080049.0,7.339461,6.6045,263.796969,9.441328,18.687921,-31.996451
sz.002587,奥拓电子,2016-03-31,8.9110224,9.69301008,8.8200936,9.69301008,21814078.0,336906752.0,9.085688,7.6768,284.048049,10.166116,20.122549,-34.452744
sz.002588,史丹利,2016-03-29,11.74564035,11.74564035,11.3696029,11.44038642,2424583.0,63022044.0,0.681479,-2.5989,24.327548,4.26634,2.141469,-26.425039
sz.002588,史丹利,2016-03-30,11.5465617,11.94029503,11.52444185,11.86066357,2835837.0,74942903.0,0.797071,3.6736,25.198419,4.419066,2.218128,-27.370995
sz.002588,史丹利,2016-03-31,11.8562396,11.9889587,11.73236844,11.9889587,3395537.0,91228061.0,0.954386,1.0817,25.470987,4.466866,2.242122,-27.667063
sz.002589,瑞康医药,2016-03-29,11.6137175,11.70240407,11.11960661,11.4447907,4540098.0,121558187.0,1.563801,-1.2391,63.60095,4.812627,1.541353,33.181029
sz.002589,瑞康医药,2016-03-30,11.44056753,11.97268695,11.40678217,11.87555404,6656124.0,184209732.0,2.29265,3.7638,65.994786,4.993766,1.599367,34.429909
sz.002589,瑞康医药,2016-03-31,12.40767346,12.40767346,11.64750286,11.74885894,5051368.0,141446438.0,1.739904,-1.0669,65.290717,4.94049,1.582304,34.062592
sz.002590,万安科技,2016-03-29,20.2862478,20.48625306,19.3814621,20.0957666,19392417.0,406854992.0,5.362148,-1.3096,108.986655,12.958222,5.935822,320.852468
sz.002590,万安科技,2016-03-30,20.3814884,22.10534326,20.1910072,21.53389966,33617779.0,740334400.0,9.295567,7.1564,116.786174,13.885564,6.360613,343.813948
sz.002590,万安科技,2016-03-31,21.905338,21.92438612,20.8576914,20.97198012,27721043.0,623103184.0,7.665075,-2.6095,115.29871,12.997021,6.248112,129.175687
sz.002591,恒大高新,2016-03-29,13.75784725,13.81537135,13.1538442,13.5756876,5163665.0,72599137.0,3.420307,-1.4614,-55.993086,4.908661,20.923127,-73.483004
sz.002591,恒大高新,2016-03-30,13.5565129,13.94959425,13.5565129,13.94959425,3874225.0,55683477.0,2.566208,2.7542,-57.535268,5.043857,21.499399,-75.5069
sz.002591,恒大高新,2016-03-31,13.94959425,14.189278,13.68114845,13.79619665,3143136.0,45512482.0,2.081949,-1.0997,-56.902578,4.988392,21.26298,-74.676583
sz.002592,ST八菱,2016-03-29,30.70062344,31.05003072,29.8412704,30.0301392,1858435.0,59707202.0,1.543136,-3.2258,72.19443,6.463254,13.884104,-42.509688
sz.002592,ST八菱,2016-03-30,30.23789488,31.4466552,30.23789488,31.38055112,2213659.0,72361481.0,1.838093,4.4969,75.440909,6.753897,14.508452,-44.421288
sz.002592,ST八菱,2016-03-31,31.7299584,31.89994032,31.03114384,31.10669136,2134206.0,71235108.0,1.77212,-0.8727,74.782533,6.694956,14.381836,-44.033621
sz.002593,日上集团,2016-03-29,7.4619324,7.4919,7.042386,7.2521592,5442548.0,132017033.0,4.159427,-3.2,148.247709,3.231559,4.399104,16.153356
sz.002593,日上集团,2016-03-30,7.3120944,7.90844964,7.192224,7.8365274,8662864.0,219851643.0,6.62053,8.0578,160.193289,3.491954,4.753578,17.454969
sz.002593,日上集团,2016-03-31,8.0013492,8.36695392,7.8065598,8.0762682,12881037.0,346134592.0,9.844237,3.0593,165.094039,3.598782,4.899003,17.988964
sz.002594,比亚迪,2016-03-29,18.5227845,18.8659167,18.0652749,18.06845205,14590200.0,844984528.0,1.930352,-2.0327,49.871812,4.839766,1.759929,64.29495
sz.002594,比亚迪,2016-03-30,18.15741225,18.7197678,18.15741225,18.681642,10424155.0,605828128.0,1.379165,3.3937,51.564315,5.004014,1.819656,66.476931
sz.002594,比亚迪,2016-03-31,18.69117345,18.98982555,18.5482017,18.68481915,10193415.0,601474592.0,1.348637,0.017,51.573084,5.004865,1.819965,66.488237
sz.002595,豪迈科技,2016-03-29,16.13440644,16.6139854,15.9288726,16.6139854,2776319.0,52524290.0,0.595977,2.9724,24.034487,5.411695,6.74104,-246.247048
sz.002595,豪迈科技,2016-03-30,16.99936135,17.07643654,16.71675232,16.91372225,4842008.0,95350518.0,1.039408,1.8041,24.468099,5.509329,6.862657,-250.689649
sz.002595,豪迈科技,2016-03-31,16.82808315,16.85377488,16.4427072,16.57116585,4890578.0,94726140.0,1.049834,-2.0253,24.020236,5.148446,6.704454,107.627833
sz.002596,海南瑞泽,2016-03-29,8.61282135,8.61282135,8.61282135,8.61282135,0.0,0.0,,0.0,106.873889,4.090253,4.7537,67.989243
sz.002596,海南瑞泽,2016-03-30,8.61282135,8.61282135,8.61282135,8.61282135,0.0,0.0,,0.0,106.873889,4.090253,4.7537,67.989243
sz.002596,海南瑞泽,2016-03-31,8.61282135,8.61282135,8.61282135,8.61282135,0.0,0.0,,0.0,106.873889,4.090253,4.7537,67.989243
sz.002597,金禾实业,2016-03-29,11.10473308,11.19415626,10.35683012,10.6088409,16328016.0,214448285.0,2.962044,-3.832,34.357727,3.649143,2.214111,-280.550266
sz.002597,金禾实业,2016-03-30,10.6494878,10.974663,10.6494878,10.83646354,11447495.0,152071500.0,2.076675,2.1456,35.094904,3.727439,2.261617,-286.569735
sz.002597,金禾实业,2016-03-31,10.90149858,10.92588672,10.58445276,10.64135842,12510491.0,165353236.0,2.269512,-1.8004,34.463038,3.660329,2.220897,-281.41019
sz.002598,山东章鼓,2016-03-29,8.8028314,8.8376252,8.4027027,8.58537015,3744021.0,37180311.0,1.394898,-2.4704,55.76449,4.143749,6.902483,82.15488
sz.002598,山东章鼓,2016-03-30,8.7854345,9.4465167,8.7854345,9.2899446,12967491.0,136532025.0,4.831256,8.2067,60.340907,4.483813,7.468948,88.897074
sz.002598,山东章鼓,2016-03-31,9.1681663,9.5161043,9.15946785,9.220357,9617359.0,103049347.0,3.583108,-0.7491,59.888915,4.450227,7.413001,88.231178
sz.002599,盛通股份,2016-03-29,8.58766983,8.58766983,8.58766983,8.58766983,0.0,0.0,,0.0,203.263453,6.111908,5.657907,842.456971
sz.002599,盛通股份,2016-03-30,8.58766983,8.58766983,8.58766983,8.58766983,0.0,0.0,,0.0,203.263453,6.111908,5.657907,842.456971
sz.002599,盛通股份,2016-03-31,8.58766983,8.58766983,8.58766983,8.58766983,0.0,0.0,,0.0,203.263453,6.111908,5.657907,842.456971
sz.002600,领益智造,2016-03-29,3.98025633,3.98025633,3.7974177,3.83961123,13159877.0,108746740.0,3.133253,-3.7603,169.952782,2.68847,1.470985,-860.169294
sz.002600,领益智造,2016-03-30,3.87242842,3.96150365,3.84898757,3.95681548,12077983.0,100641530.0,2.875664,3.0525,175.140596,2.770536,1.515887,-886.425988
sz.002600,领益智造,2016-03-31,4.00838535,4.02713803,3.8911811,3.90993378,14060852.0,118622609.0,3.347768,-1.1848,173.065471,2.737709,1.497926,-875.923311
sz.002601,龙佰集团,2016-03-29,9.31464765,9.37378827,8.67627684,8.9928531,16874923.0,874273664.0,10.257466,-3.4547,94.841616,4.598643,3.97351,104.464184
sz.002601,龙佰集团,2016-03-30,9.18592983,9.89213841,9.1146132,9.89213841,21852135.0,1202434368.0,13.282878,10.0,104.325778,5.058508,4.370861,114.910602
sz.002601,龙佰集团,2016-03-31,10.2452427,10.5931287,9.89561727,10.09217286,30986353.0,1812945248.0,18.835136,2.0222,106.435408,5.160798,4.459247,117.234274
sz.002602,世纪华通,2016-03-29,7.47066635,7.54845203,7.18869326,7.2924075,7761931.0,176003005.0,1.371419,-3.8872,57.627548,6.002086,7.589221,495.042501
sz.002602,世纪华通,2016-03-30,7.3572289,7.56465738,7.31185392,7.56465738,8929268.0,204485648.0,1.57767,3.7333,59.778976,6.226164,7.872552,513.524088
sz.002602,世纪华通,2016-03-31,7.65216627,8.102675,7.57762166,8.102675,19209300.0,463374640.0,3.394001,7.1123,64.030609,6.668985,8.432468,550.047223
sz.002603,以岭药业,2016-03-29,8.2882087,8.54294375,8.23229125,8.325487,13248560.0,178801062.0,1.490658,1.0558,35.536149,3.120087,4.745617,-41.52982
sz.002603,以岭药业,2016-03-30,8.4373219,8.6112873,8.325487,8.6112873,14416265.0,196400280.0,1.622042,3.4328,36.756046,3.227194,4.908526,-42.955471
sz.002603,以岭药业,2016-03-31,8.67963085,9.05241385,8.62992645,8.8473832,22600714.0,322902272.0,2.542912,2.7417,37.300926,3.334516,5.04206,552.659593
sz.002605,姚记科技,2016-03-29,13.72194543,13.72194543,13.72194543,13.72194543,0.0,0.0,,0.0,62.220438,5.776197,7.321927,-2952.991117
sz.002605,姚记科技,2016-03-30,13.72194543,13.72194543,13.72194543,13.72194543,0.0,0.0,,0.0,62.220438,5.776197,7.321927,-2952.991117
sz.002605,姚记科技,2016-03-31,13.72194543,13.72194543,13.72194543,13.72194543,0.0,0.0,,0.0,62.220438,5.776197,7.321927,-2952.991117
sz.002606,大连电瓷,2016-03-29,8.3876974,8.39739416,7.93194968,8.0725527,4924001.0,82858535.0,3.328619,-3.7572,92.112628,4.631826,5.578546,72.105815
sz.002606,大连电瓷,2016-03-30,8.20830734,8.76587104,8.1452784,8.69314534,12256723.0,215969253.0,8.285531,7.6877,99.193959,4.987906,6.007407,77.649085
sz.002606,大连电瓷,2016-03-31,8.78526456,8.83374836,8.5331488,8.67375182,5001573.0,89208159.0,3.381058,-0.2231,98.972667,4.976779,5.994005,77.475858
sz.002607,中公教育,2016-03-29,6.77578825,6.903057,6.51616,6.597612,10212380.0,134517561.0,4.000907,-3.8576,290.530475,5.707013,0.886002,-215.214261
sz.002607,中公教育,2016-03-30,6.7299715,6.94887375,6.617975,6.93869225,8729506.0,115845484.0,3.419961,5.1698,305.550183,6.002051,0.931806,-226.340307
sz.002607,中公教育,2016-03-31,6.99978125,7.23395575,6.99978125,7.025235,12018562.0,167775456.0,4.708516,1.2472,309.361154,6.076912,0.943428,-229.163334
sz.002608,江苏国信,2016-03-29,8.15623375,8.15623375,8.15623375,8.15623375,0.0,0.0,,0.0,-0.614203,-5.988285,3.390176,-15.622028
sz.002608,江苏国信,2016-03-30,8.15623375,8.15623375,8.15623375,8.15623375,0.0,0.0,,0.0,-0.614203,-5.988285,3.390176,-15.622028
sz.002608,江苏国信,2016-03-31,8.15623375,8.15623375,8.15623375,8.15623375,0.0,0.0,,0.0,-0.614203,-5.988285,3.390176,-15.622028
sz.002609,捷顺科技,2016-03-29,14.2163125,14.2163125,13.4814385,13.717648,12568263.0,198840328.0,4.245311,-5.0273,66.563518,10.454201,14.456914,-64.92549
sz.002609,捷顺科技,2016-03-30,14.3912825,15.0736655,14.330043,14.7937135,23253241.0,390798672.0,7.842283,7.8444,71.785019,11.274269,15.590971,-70.018497
sz.002609,捷顺科技,2016-03-31,14.7237255,14.819959,14.505013,14.627492,16934426.0,283443424.0,5.711228,-1.1236,70.978445,11.147592,15.415791,-69.231772
sz.002611,东方精工,2016-03-29,6.66843196,6.66843196,6.66843196,6.66843196,0.0,0.0,,0.0,113.034302,7.403978,5.403501,465.697849
sz.002611,东方精工,2016-03-30,6.66843196,6.66843196,6.66843196,6.66843196,0.0,0.0,,0.0,113.034302,7.403978,5.403501,465.697849
sz.002611,东方精工,2016-03-31,6.66843196,6.66843196,6.66843196,6.66843196,0.0,0.0,,0.0,113.034302,7.403978,5.403501,465.697849
sz.002612,朗姿股份,2016-03-29,32.69485604,32.69485604,32.69485604,32.69485604,0.0,0.0,,0.0,200.130597,6.566286,13.189393,-275.88916
sz.002612,朗姿股份,2016-03-30,32.69485604,32.69485604,32.69485604,32.69485604,0.0,0.0,,0.0,200.130597,6.566286,13.189393,-275.88916
sz.002612,朗姿股份,2016-03-31,32.69485604,32.69485604,32.69485604,32.69485604,0.0,0.0,,0.0,202.695715,6.491086,13.189393,-145.591897
sz.002613,北玻股份,2016-03-29,5.0483812,5.0483812,4.81081032,4.86277895,9223299.0,61104224.0,2.524719,-3.2496,215.290294,3.156518,5.232983,-21.099936
sz.002613,北玻股份,2016-03-30,4.87762713,5.04095711,4.81081032,5.01868484,10067913.0,66852849.0,2.755918,3.2061,222.192731,3.25772,5.400758,-21.776423
sz.002613,北玻股份,2016-03-31,5.01868484,5.07065347,4.96671621,4.99641257,8583995.0,57933295.0,2.349721,-0.4438,209.364337,3.250444,5.364824,-74.212644
sz.002614,奥佳华,2016-03-29,10.4153041,10.472576,9.981674,10.145308,6136039.0,76591159.0,2.206122,-2.5923,38.105064,3.04845,2.425335,111.489907
sz.002614,奥佳华,2016-03-30,10.3007603,10.554393,10.227125,10.554393,7991274.0,101476873.0,2.873144,4.0323,39.641558,3.171371,2.52313,115.985467
sz.002614,奥佳华,2016-03-31,10.6280283,11.127112,10.4971211,11.0862035,14074856.0,185343349.0,5.060405,5.0388,41.639001,3.331169,2.650265,121.829696
sz.002615,哈尔斯,2016-03-29,12.55314,12.8300475,11.8368726,11.8996383,12112030.0,400593216.0,11.775868,-7.5975,145.473723,9.357028,7.704288,-79.517161
sz.002615,哈尔斯,2016-03-30,12.1580853,12.4977585,11.9070225,12.442377,9837718.0,325842240.0,9.564678,4.561,152.108733,9.783799,8.055678,-83.143913
sz.002615,哈尔斯,2016-03-31,12.5420637,12.6011373,12.1063959,12.2503878,9114572.0,303534016.0,8.861602,-1.543,149.761655,9.632832,7.931377,-81.86098
sz.002616,长青集团,2016-03-29,8.26540344,8.3700288,8.06923089,8.1520593,2352897.0,44498550.0,1.060868,-1.4233,63.30074,4.343414,4.335246,-12.807535
sz.002616,长青集团,2016-03-30,8.31771612,8.56620135,8.21745015,8.47465416,3207219.0,61612406.0,1.446063,3.9572,65.805689,4.515293,4.506801,-13.314358
sz.002616,长青集团,2016-03-31,8.4572166,8.62287342,8.40490392,8.57056074,2496893.0,48956427.0,1.125793,1.1317,66.550404,4.566392,4.557804,-13.465035
sz.002617,露笑科技,2016-03-29,8.64944588,8.7352384,8.189286,8.33357342,3307104.0,71157468.0,1.003171,-3.6519,90.676827,8.571503,4.338432,538.055471
sz.002617,露笑科技,2016-03-30,8.37257002,8.6182486,8.37257002,8.59485064,2836776.0,61804575.0,0.860502,3.1352,93.51976,8.84024,4.474452,554.924781
sz.002617,露笑科技,2016-03-31,8.5597537,8.64554622,8.4427639,8.45056322,3563149.0,77912127.0,1.080839,-1.6788,91.949782,8.691833,4.399336,545.608894
sz.002620,ST瑞和,2016-03-29,11.38382656,11.38382656,10.9590008,11.02667216,1676125.0,49394972.0,1.794363,-3.0413,54.447489,3.284701,1.934132,69.135463
sz.002620,ST瑞和,2016-03-30,11.09810304,11.53796688,11.0529888,11.51165024,1945479.0,58204358.0,2.082718,4.3982,56.842213,3.42917,2.0192,72.176197
sz.002620,ST瑞和,2016-03-31,11.51540976,12.406416,11.51540976,12.21844,4902220.0,155612414.0,5.248035,6.1398,60.332198,3.639713,2.143174,76.607656
sz.002622,皓宸医疗,2016-03-29,11.4,11.655,11.155,11.425,13720822.0,313092896.0,4.033664,-2.0154,106.88206,8.512294,65.503087,-50.788018
sz.002622,皓宸医疗,2016-03-30,11.55,12.44,11.55,12.36,14732503.0,356592688.0,4.331079,8.1838,115.629082,9.208924,70.863734,-54.944412
sz.002622,皓宸医疗,2016-03-31,12.42,12.79,12.255,12.36,16447279.0,410169264.0,4.835191,0.0,114.893412,8.997626,70.863734,97.265685
sz.002623,亚玛顿,2016-03-29,31.99740489,32.2866786,30.6070248,30.97094979,3720707.0,124772796.0,2.333734,-3.825,92.892128,2.450645,4.890673,-18.749789
sz.002623,亚玛顿,2016-03-30,31.3535376,33.8730183,31.2602235,33.4997619,4669199.0,161307117.0,2.928655,8.1651,100.476873,2.650743,5.290002,-20.28073
sz.002623,亚玛顿,2016-03-31,33.6863901,36.0192426,33.60240741,35.76729453,7471522.0,280031888.0,4.686352,6.7688,107.277954,2.830166,5.648071,-21.653493
sz.002624,完美世界,2016-03-29,20.574075,20.574075,20.574075,20.574075,0.0,0.0,,0.0,63.483888,22.358048,16.191504,-260.219571
sz.002624,完美世界,2016-03-30,20.574075,20.574075,20.574075,20.574075,0.0,0.0,,0.0,63.483888,22.358048,16.191504,-260.219571
sz.002624,完美世界,2016-03-31,22.494322,22.6314825,21.25439108,21.35314664,12042647.0,483459008.0,4.334678,3.7867,65.887811,23.204673,16.804622,-270.073218
sz.002625,光启技术,2016-03-29,26.70962202,27.479035,26.54185528,27.16664176,5944813.0,277363888.0,3.162182,1.645,352.435206,27.774839,34.897127,-460.581418
sz.002625,光启技术,2016-03-30,27.40961428,29.17405758,27.189782,28.82695398,9322424.0,455871280.0,4.95881,6.1116,373.974581,29.472322,37.029895,-488.73024
sz.002625,光启技术,2016-03-31,28.6938976,28.79802868,27.768288,28.28315834,8424262.0,412017600.0,4.481057,-1.8864,366.919873,28.916352,36.331358,-479.510765
sz.002626,金达威,2016-03-29,15.804438,16.11242192,15.04258304,15.44782504,13513554.0,258067073.0,2.3465,-3.8345,97.523926,7.525342,9.119851,-36.3667
sz.002626,金达威,2016-03-30,15.7233896,16.20157516,15.56939764,16.19347032,12728576.0,250603136.0,2.210196,4.8269,102.231271,7.88858,9.560054,-38.122071
sz.002626,金达威,2016-03-31,16.11242192,17.28762372,15.804438,17.09310756,21342829.0,434516096.0,3.70598,5.5556,107.910787,8.326834,10.091168,-40.239964
sz.002627,三峡旅游,2016-03-29,6.2312474,6.2772911,5.93656772,5.96419394,2823998.0,55859954.0,2.155759,-4.6146,48.991263,2.842121,1.720441,-41.013775
sz.002627,三峡旅游,2016-03-30,6.0317247,6.25887362,6.01330722,6.25580404,2788109.0,55624483.0,2.128362,4.8893,51.386615,2.981082,1.804559,-43.019081
sz.002627,三峡旅游,2016-03-31,6.2312474,6.39393514,6.2312474,6.3233348,3379245.0,69715610.0,2.579619,1.0795,51.941329,3.013262,1.824039,-43.483467
sz.002628,成都路桥,2016-03-29,7.53138776,7.58048416,7.24662864,7.37427928,17461421.0,131086006.0,2.568736,-1.9582,296.209699,2.108877,3.832586,-22.539129
sz.002628,成都路桥,2016-03-30,7.42337568,7.64921912,7.32518288,7.62958056,21168088.0,161062429.0,3.114021,3.462,305.677198,2.190458,3.965272,-137.391633
sz.002628,成都路桥,2016-03-31,7.7572312,7.7572312,7.609942,7.6590384,23112540.0,180931664.0,3.400068,0.3861,306.857419,2.198915,3.980582,-137.922103
sz.002629,仁智股份,2016-03-29,12.48,13.55,12.48,13.1,25196606.0,329559424.0,7.036555,3.4755,-54.943825,8.325292,22.042629,-117.630383
sz.002629,仁智股份,2016-03-30,13.19,14.17,13.1,13.93,21203240.0,288224880.0,5.921344,6.3359,-58.424998,8.852772,23.439223,-125.0833
sz.002629,仁智股份,2016-03-31,14.25,14.25,13.37,13.56,23353279.0,321737184.0,6.521777,-2.6561,-56.87315,8.617631,22.816645,-121.760916
sz.002630,ST华西,2016-03-29,6.92939886,6.99763824,6.65023776,6.71227356,18015492.0,197964621.0,2.983845,-3.479,37.450614,2.759035,2.114988,-207.432717
sz.002630,ST华西,2016-03-30,6.71847714,6.87977022,6.6378306,6.84875232,27534620.0,299875712.0,4.560465,2.0333,41.062864,2.802988,2.202188,45.837796
sz.002630,ST华西,2016-03-31,6.8549559,6.92939886,6.75569862,6.78051294,17442935.0,191802984.0,2.889014,-0.9964,40.653724,2.77506,2.180246,45.381079
sz.002631,德尔未来,2016-03-29,27.87618231,27.87618231,27.87618231,27.87618231,0.0,0.0,,0.0,124.646125,12.339087,22.271682,251.359102
sz.002631,德尔未来,2016-03-30,27.87618231,27.87618231,27.87618231,27.87618231,0.0,0.0,,0.0,124.646125,12.339087,22.271682,251.359102
sz.002631,德尔未来,2016-03-31,27.87618231,27.87618231,27.87618231,27.87618231,0.0,0.0,,0.0,124.646125,12.339087,22.271682,251.359102
sz.002632,道明光学,2016-03-29,9.6976644,9.8159286,9.3428718,9.461136,9504626.0,229556704.0,3.646096,-3.4594,157.662352,5.136457,16.447934,28.863172
sz.002632,道明光学,2016-03-30,9.58334234,9.91053996,9.46902028,9.91053996,9371698.0,230557689.0,3.595104,4.75,165.151314,5.380439,17.229211,30.234173
sz.002632,道明光学,2016-03-31,9.9539035,10.0327463,9.6976644,9.72525938,9506622.0,237970995.0,3.646862,-1.8695,162.063759,5.27985,16.907106,29.668936
sz.002633,申科股份,2016-03-29,18.88,18.88,18.88,18.88,0.0,0.0,,0.0,135.726871,5.250749,12.285609,-20.119208
sz.002633,申科股份,2016-03-30,18.88,18.88,18.88,18.88,0.0,0.0,,0.0,135.726871,5.250749,12.285609,-20.119208
sz.002633,申科股份,2016-03-31,18.88,18.88,18.88,18.88,0.0,0.0,,0.0,135.726871,5.250749,12.285609,-20.119208
sz.002634,棒杰股份,2016-03-29,11.148113,11.3252835,10.7283552,11.1617415,8211525.0,333589520.0,11.598082,1.3614,144.739196,8.057156,15.236707,56.398063
sz.002634,棒杰股份,2016-03-30,11.2435125,12.2792785,11.1917242,12.2792785,12107730.0,530736256.0,17.101141,10.0122,159.230788,8.863856,16.762238,62.044755
sz.002634,棒杰股份,2016-03-31,12.892561,13.5085692,12.53822,12.9797834,17740663.0,855540560.0,25.05718,5.7048,168.314542,9.369518,17.718486,65.584268
sz.002635,安洁科技,2016-03-29,15.3234432,15.562872,14.61114252,14.814657,5202600.0,129984802.0,2.831706,-3.0932,32.179252,4.343198,5.14427,-407.60869
sz.002635,安洁科技,2016-03-30,15.01218576,15.8322294,14.94035712,15.8023008,7096194.0,183349727.0,3.862365,6.6667,34.324535,4.632744,5.487221,-434.782603
sz.002635,安洁科技,2016-03-31,15.93997236,16.02377244,15.40724328,15.49104336,12044705.0,315708816.0,6.555774,-1.9697,32.775405,4.334393,5.35171,29.857702
sz.002636,金安国纪,2016-03-29,14.43109885,14.43109885,13.8078288,13.92289404,9833181.0,144067399.0,3.990931,-3.4574,192.495116,7.649394,4.145286,-83.21574
sz.002636,金安国纪,2016-03-30,14.08590313,14.5749304,14.06672559,14.51739778,11521906.0,171840516.0,4.676324,4.27,200.714604,7.976021,4.322289,-86.769029
sz.002636,金安国纪,2016-03-31,14.53657532,14.92971489,14.31603361,14.42151008,14473409.0,220544768.0,5.874232,-0.6605,199.38888,7.923339,4.29374,-86.195918
sz.002637,赞宇科技,2016-03-29,10.0877665,10.11887415,9.332295,9.5544925,2959348.0,64822402.0,2.618593,-3.8031,219.546625,2.945026,1.21884,56.006367
sz.002637,赞宇科技,2016-03-30,9.71003075,10.11887415,9.5633804,10.1055423,2844143.0,63188691.0,2.516653,5.7674,232.208849,3.114879,1.289136,59.236501
sz.002637,赞宇科技,2016-03-31,10.21664105,10.50994175,10.13664995,10.3010761,3661299.0,85112556.0,3.239718,1.9349,236.701896,3.175149,1.31408,60.382678
sz.002638,勤上股份,2016-03-29,7.11532486,7.33142584,7.0032725,7.07130429,8111411.0,145173633.0,2.193109,-1.8333,377.640334,2.961568,7.715256,-51.837196
sz.002638,勤上股份,2016-03-30,7.09131364,7.4034595,7.09131364,7.3634408,9642023.0,176198291.0,2.606946,4.1313,393.241774,3.083919,8.033996,-53.978744
sz.002638,勤上股份,2016-03-31,7.35543706,7.45948568,7.26339405,7.3234221,7648323.0,140402667.0,2.067902,-0.5435,391.10459,3.067159,7.990333,-53.685381
sz.002639,雪人集团,2016-03-29,10.9523043,10.9523043,10.9523043,10.9523043,0.0,0.0,,0.0,428.45726,4.175757,9.99758,45.56428
sz.002639,雪人集团,2016-03-30,10.9523043,10.9523043,10.9523043,10.9523043,0.0,0.0,,0.0,428.45726,4.175757,9.99758,45.56428
sz.002639,雪人集团,2016-03-31,10.9523043,10.9523043,10.9523043,10.9523043,0.0,0.0,,0.0,428.45726,4.175757,9.99758,45.56428
sz.002640,跨境通,2016-03-29,16.34736903,16.65823056,16.14506232,16.64342763,5895197.0,196310274.0,1.608986,2.2741,132.989721,11.108227,5.507431,304.606298
sz.002640,跨境通,2016-03-30,16.6779678,17.03323812,16.58421591,16.96909209,8390438.0,286422384.0,2.290017,1.9567,135.591951,11.325583,5.615196,310.566575
sz.002640,跨境通,2016-03-31,16.97896071,17.3687712,16.6779678,16.70757366,8392748.0,289067888.0,2.290647,-1.5411,133.502281,11.151039,5.528658,305.780292
sz.002641,公元股份,2016-03-29,5.59320489,5.64101006,5.43613076,5.47027731,2973174.0,24038176.0,0.439476,-2.6731,26.177506,3.026827,1.958611,87.455328
sz.002641,公元股份,2016-03-30,5.52491179,5.63418075,5.50442386,5.63418075,2551776.0,20849444.0,0.377188,2.9963,26.961851,3.117518,2.017296,90.075712
sz.002641,公元股份,2016-03-31,5.62052213,5.69564454,5.60686351,5.62735144,2760138.0,22803728.0,0.407986,-0.1212,26.92917,3.113739,2.014851,89.966529
sz.002642,荣联科技,2016-03-29,25.66837004,25.66837004,23.71946296,24.35136116,9704379.0,360358624.0,4.511459,-4.0367,75.186629,6.132239,10.058395,-421.196286
sz.002642,荣联科技,2016-03-30,24.66398448,26.0741152,24.6440298,26.06746364,10854018.0,414121216.0,5.045913,7.0472,80.485223,6.564394,10.767236,-450.879062
sz.002642,荣联科技,2016-03-31,26.16723704,26.57963376,25.72823408,25.774795,11128963.0,436016144.0,5.173732,-1.1227,78.647518,4.595659,10.630107,18.990121
sz.002643,万润股份,2016-03-29,10.98989325,11.00375625,10.62252375,10.7923455,4822329.0,149926883.0,1.555896,-2.0755,41.045933,4.084282,6.48885,24.35296
sz.002643,万润股份,2016-03-30,10.9171125,11.173578,10.743825,11.0904,4817735.0,152416065.0,1.554414,2.7617,42.179507,4.197078,6.668054,25.025521
sz.002643,万润股份,2016-03-31,11.1666465,11.2775505,10.9171125,10.92750975,4974764.0,159303932.0,1.605078,-1.4687,41.559996,4.135434,6.570117,24.657958
sz.002644,佛慈制药,2016-03-29,11.761349,11.82883215,11.4721355,11.52033775,2980400.0,35879578.0,0.670823,-2.7665,142.088221,4.94657,18.628327,13.703099
sz.002644,佛慈制药,2016-03-30,11.65530405,11.8963153,11.56854,11.8770344,3534139.0,43196464.0,0.795458,3.0962,146.487605,5.099728,19.205104,14.127379
sz.002644,佛慈制药,2016-03-31,12.00236025,12.00236025,11.7999108,11.8384726,4021155.0,49600104.0,0.905074,-0.3247,146.011996,5.08317,19.142749,14.081511
sz.002645,华宏科技,2016-03-29,8.61482718,8.65777248,8.20684683,8.2454976,2998655.0,58557989.0,2.086416,-4.048,-491.354698,5.917205,13.037209,-124.940436
sz.002645,华宏科技,2016-03-30,8.33997726,8.52464205,8.33997726,8.48599128,2614835.0,51241952.0,1.81936,2.9167,-505.685877,6.08979,13.417461,-128.584532
sz.002645,华宏科技,2016-03-31,8.61053265,8.80808103,8.55470376,8.56758735,3173832.0,64212963.0,2.208301,0.9615,-510.548241,6.148346,13.546475,-129.820922
sz.002646,天佑德酒,2016-03-29,16.84562412,16.94926051,16.23322727,16.56297942,4821647.0,84725056.0,1.071477,-2.1703,34.53633,3.367687,5.807583,-19.108294
sz.002646,天佑德酒,2016-03-30,16.5818224,17.13769031,16.3933926,17.10000435,6810325.0,120766307.0,1.513406,3.2423,35.656108,3.476878,5.995883,-19.727846
sz.002646,天佑德酒,2016-03-31,16.98694647,17.13769031,16.85504561,17.0528969,4728028.0,85321144.0,1.050673,-0.2755,35.557882,3.4673,5.979366,-19.673499
sz.002647,*ST仁东,2016-03-29,8.22294048,8.22294048,8.22294048,8.22294048,0.0,0.0,,0.0,448.956928,5.274634,1.176607,-8026.381335
sz.002647,*ST仁东,2016-03-30,8.22294048,8.22294048,8.22294048,8.22294048,0.0,0.0,,0.0,448.956928,5.274634,1.176607,-8026.381335
sz.002647,*ST仁东,2016-03-31,8.22294048,8.22294048,8.22294048,8.22294048,0.0,0.0,,0.0,448.956928,5.274634,1.176607,-8026.381335
sz.002648,卫星化学,2016-03-29,2.61448668,2.89669554,2.595024,2.757213,20072038.0,172109441.0,2.509005,4.6798,-15.966572,2.028023,1.623335,-28.354319
sz.002648,卫星化学,2016-03-30,2.757213,2.97130248,2.7409941,2.95508358,22141049.0,196536383.0,2.767631,7.1765,-17.112408,2.173563,1.739834,-30.389158
sz.002648,卫星化学,2016-03-31,2.96481492,3.1140288,2.88047664,2.97454626,15969961.0,147678619.0,1.996245,0.6586,-17.225113,2.187879,1.751292,-30.589307
sz.002649,博彦科技,2016-03-29,11.15515632,11.25833562,10.61567598,10.74833508,5885619.0,216911807.0,4.457804,-3.6469,35.790264,3.763172,3.768852,53.622385
sz.002649,博彦科技,2016-03-30,10.85446236,11.27307552,10.760127,11.27307552,5405893.0,202105575.0,4.094457,4.8821,37.537567,3.946892,3.952849,56.240263
sz.002649,博彦科技,2016-03-31,11.4086826,11.58850938,11.2465437,11.37035886,6747329.0,261026962.0,5.110469,0.863,37.861505,3.980953,3.986961,56.7256
sz.002650,ST加加,2016-03-29,5.26328244,5.2824915,5.14802808,5.21525979,12516719.0,67767038.0,1.109606,-1.0929,42.33907,3.455082,3.56095,-34.184344
sz.002650,ST加加,2016-03-30,5.25367791,5.3785368,5.23446885,5.36893227,17795810.0,98428405.0,1.577597,2.9466,43.58663,3.556889,3.665877,-35.191618
sz.002650,ST加加,2016-03-31,5.38814133,5.40735039,5.32090962,5.34972321,14348842.0,80139421.0,1.272024,-0.3578,43.430685,3.544164,3.652761,-35.065709
sz.002651,利君股份,2016-03-29,8.4386625,8.4386625,8.0355125,8.1454625,10098325.0,90378940.0,3.228322,-3.6836,59.667545,4.896618,15.537877,-65.394771
sz.002651,利君股份,2016-03-30,8.191275,8.411175,8.154625,8.411175,10113098.0,91611984.0,3.233044,3.2621,61.613956,5.05635,16.044737,-67.528008
sz.002651,利君股份,2016-03-31,8.557775,8.631075,8.2737375,8.3287125,10281393.0,94246057.0,3.286846,-0.9804,61.009897,5.006778,15.887436,-66.865969
sz.002652,扬子新材,2016-03-29,7.44569172,7.44569172,7.44569172,7.44569172,0.0,0.0,,0.0,94.128766,6.381129,2.673254,-25.289636
sz.002652,扬子新材,2016-03-30,7.44569172,7.44569172,7.44569172,7.44569172,0.0,0.0,,0.0,94.128766,6.381129,2.673254,-25.289636
sz.002652,扬子新材,2016-03-31,7.44569172,7.44569172,7.44569172,7.44569172,0.0,0.0,,0.0,94.128766,6.381129,2.673254,-25.289636
sz.002653,海思科,2016-03-29,14.16033125,14.23004365,13.67234445,13.7507709,2522033.0,40267761.0,0.672315,-3.4862,45.804908,7.904397,14.059643,130.388478
sz.002653,海思科,2016-03-30,13.91633785,14.1864734,13.8379114,14.116761,3241690.0,52315108.0,0.864159,2.6616,47.02405,8.11478,14.433854,133.858894
sz.002653,海思科,2016-03-31,14.2039015,14.8835974,14.09061885,14.6918883,6151232.0,102313621.0,1.639775,4.0741,48.939845,8.445382,15.021899,139.312404
sz.002654,万润科技,2016-03-29,15.58951962,15.87601903,14.9177279,15.44133027,38666730.0,607274304.0,10.142433,-0.7619,200.959102,8.726461,13.528075,85.343439
sz.002654,万润科技,2016-03-30,15.69819181,16.12300128,15.22398589,15.92541548,50469419.0,803246448.0,13.238324,3.135,207.259163,9.000035,13.95218,88.018953
sz.002654,万润科技,2016-03-31,15.96493264,16.56756933,15.7080711,15.74758826,46467387.0,756367024.0,12.188575,-1.1166,204.944855,8.899539,13.796386,87.036111
sz.002655,共达电声,2016-03-29,17.3708145,17.6281599,16.4107182,16.9748985,13194131.0,227102541.0,3.665036,-4.4568,321.233534,9.767771,8.754207,-373.546102
sz.002655,共达电声,2016-03-30,16.9847964,17.7469347,16.925409,17.6380578,11266022.0,196434819.0,3.129451,3.9067,333.783183,10.149369,9.096208,-388.139448
sz.002655,共达电声,2016-03-31,17.519283,18.2022381,17.3708145,17.6875473,10514696.0,189861433.0,2.920749,0.2806,334.719723,10.177846,9.121731,-389.228504
sz.002656,*ST摩登,2016-03-29,7.967693,8.07248,7.696023,7.890073,3176551.0,64872069.0,1.98923,-2.7273,418.818085,3.360967,5.61121,-48.241998
sz.002656,*ST摩登,2016-03-30,8.1501,8.262649,8.002622,8.243244,3295283.0,69474508.0,2.063582,4.4761,437.564984,3.511408,5.862376,-50.401379
sz.002656,*ST摩登,2016-03-31,8.243244,8.30534,8.107409,8.11129,2483892.0,52510459.0,1.555471,-1.6008,430.560648,3.455199,5.768533,-49.594577
sz.002657,中科金财,2016-03-29,59.47375214,62.22698186,58.21684292,60.47129914,17096596.0,1036918416.0,8.874094,0.7814,130.338299,12.794811,15.540897,103.277045
sz.002657,中科金财,2016-03-30,61.847914,65.838102,61.16958204,64.55126637,20706219.0,1311198272.0,10.747691,6.7469,139.132156,13.65807,16.589433,110.245094
sz.002657,中科金财,2016-03-31,64.87048141,65.61864166,63.13474963,63.31430809,16870202.0,1087212048.0,8.756583,-1.9162,136.466048,13.396349,16.271539,108.132531
sz.002658,雪迪龙,2016-03-29,14.0977018,14.1751617,13.5554825,13.66392636,5889632.0,104991624.0,2.064706,-3.4483,40.581868,6.782773,10.645023,-117.753651
sz.002658,雪迪龙,2016-03-30,13.80335418,14.23712962,13.74138626,14.23712962,5721762.0,103269727.0,2.005856,4.195,42.284282,7.067311,11.091582,-122.69343
sz.002658,雪迪龙,2016-03-31,14.29135155,14.39204942,14.18290769,14.22163764,5576731.0,102665918.0,1.955013,-0.1088,42.238271,7.05962,11.079513,-122.559923
sz.002659,凯文教育,2016-03-29,18.99,18.99,18.18,18.6,3359073.0,61968775.0,1.080088,-2.6178,1850.193913,9.663353,7.577914,45.677355
sz.002659,凯文教育,2016-03-30,18.41,19.5,18.3,19.22,3911749.0,73861620.0,1.257797,3.3333,1911.867043,9.985464,7.830511,47.199933
sz.002659,凯文教育,2016-03-31,19.28,20.25,19.12,19.82,6464060.0,127829277.0,2.078476,3.1218,1971.550718,10.297186,8.07496,48.673396
sz.002660,茂硕电源,2016-03-29,12.58438905,12.67117794,12.21794707,12.26616312,9127561.0,116964863.0,5.046554,-2.3041,221.888884,4.082423,3.825457,-29.186646
sz.002660,茂硕电源,2016-03-30,12.46867053,12.91225819,12.42045448,12.83511251,10714963.0,140551917.0,5.924216,4.6384,232.1809,4.271781,4.002896,-30.540429
sz.002660,茂硕电源,2016-03-31,12.88332856,13.09547918,12.55545942,12.79653967,13182109.0,174700764.0,7.288281,-0.3005,231.483136,4.258943,3.990866,-30.448648
sz.002661,克明食品,2016-03-29,15.198975,15.37859925,14.646285,14.7236616,3164397.0,170521976.0,3.859262,-4.3447,56.379278,2.989682,3.278041,5.284379
sz.002661,克明食品,2016-03-30,14.91986655,16.19658045,14.7844575,16.19658045,5143516.0,291889408.0,6.272973,10.0038,62.019322,3.288762,3.605968,5.813015
sz.002661,克明食品,2016-03-31,16.5475386,16.9067871,16.02801,16.02801,6198062.0,368939216.0,7.559085,-1.0408,61.373838,3.254533,3.568438,5.752515
sz.002662,峰璟股份,2016-03-29,6.40473717,6.47013612,6.15186123,6.21726018,4860261.0,69881251.0,0.843166,-2.9932,23.583755,2.450894,2.957786,-149.591624
sz.002662,峰璟股份,2016-03-30,6.2782992,6.50937549,6.25649955,6.4962957,6430740.0,94531794.0,1.115615,4.4881,24.642213,2.560892,3.090534,-156.305414
sz.002662,峰璟股份,2016-03-31,6.5834943,6.59221416,6.45705633,6.50065563,4897371.0,73498847.0,0.849604,0.0671,24.658751,2.56261,3.092608,-156.410317
sz.002663,普邦股份,2016-03-29,6.5115253,6.59105538,6.17352246,6.23317002,22809230.0,144710031.0,2.300194,-4.4207,49.917028,2.528152,4.39695,19.189281
sz.002663,普邦股份,2016-03-30,6.3127001,6.50158404,6.24311128,6.50158404,18591647.0,119030586.0,1.874873,4.3062,52.066565,2.637019,4.586292,20.015614
sz.002663,普邦股份,2016-03-31,6.50158404,6.92905822,6.461819,6.62087916,35976675.0,242469410.0,3.628064,1.8349,53.021915,2.685405,4.670444,20.382873
sz.002664,信质集团,2016-03-29,22.06549158,22.7300568,21.670605,22.47964092,12195821.0,282461568.0,3.301145,1.8769,45.595094,6.520686,6.189957,53.363342
sz.002664,信质集团,2016-03-30,22.633743,23.32720236,22.28701332,23.2597827,14973928.0,355427952.0,4.053119,3.4704,47.177443,6.746982,6.404776,55.215284
sz.002664,信质集团,2016-03-31,23.57761824,23.596881,22.78784508,22.96120992,11886473.0,285743056.0,3.217412,-1.2836,46.571852,6.660375,6.322561,54.506516
sz.002666,德联集团,2016-03-29,8.3220215,8.41717975,7.924087,7.96734075,17002321.0,159831412.0,3.828098,-6.4975,35.030806,2.700805,3.484763,19.440333
sz.002666,德联集团,2016-03-30,8.05384825,8.34797375,8.05384825,8.2874185,14056315.0,133664841.0,3.1648,4.0174,36.438124,2.809307,3.624759,20.221324
sz.002666,德联集团,2016-03-31,8.22686325,8.34797375,8.00194375,8.07114975,17497272.0,164736350.0,3.939537,-2.6096,35.487234,2.735995,3.530167,19.693628
sz.002667,威领股份,2016-03-29,27.92589639,28.0020526,25.96340944,26.2446016,2512378.0,114445800.0,2.913155,-5.0847,977.881229,8.013313,37.697845,502.81426
sz.002667,威领股份,2016-03-30,27.58612253,27.58612253,25.58262839,27.12918527,2823033.0,129271266.0,3.273366,3.3705,1010.841065,8.283405,38.968464,519.761795
sz.002667,威领股份,2016-03-31,27.51582449,29.29085,26.07471467,28.14850685,4355095.0,203333608.0,5.049825,3.7573,1048.821274,8.594636,40.432621,539.290741
sz.002668,TCL智家,2016-03-29,14.21156109,14.56336332,13.78273707,14.3427063,4064697.0,277338512.0,3.332559,0.9228,42.663569,6.816258,2.422708,41.758518
sz.002668,TCL智家,2016-03-30,14.54670996,14.98177899,14.36976801,14.8839405,4222329.0,298217936.0,3.461798,3.7736,44.273515,7.073476,2.514131,43.334311
sz.002668,TCL智家,2016-03-31,14.8839405,15.01092237,14.363523,14.43638145,4235219.0,298220176.0,3.472366,-3.007,42.942214,6.860777,2.438531,42.031252
sz.002669,康达新材,2016-03-29,22.954848,23.13657388,21.4245248,21.79754108,5891551.0,136229079.0,3.905761,-6.7131,40.499648,6.324086,6.26977,-57.535936
sz.002669,康达新材,2016-03-30,21.88362176,22.476622,21.83579916,22.3809768,4053491.0,93815605.0,2.687232,2.6766,41.583666,6.493358,6.437587,-59.07595
sz.002669,康达新材,2016-03-31,22.39054132,22.53400912,21.8549282,21.97926696,4163956.0,96426676.0,2.760464,-1.7949,40.837293,6.37681,6.322041,-58.015613
sz.002670,国盛证券,2016-03-29,13.7536374,14.04616595,12.8904384,13.24051355,3963552.0,110948775.0,3.097765,-4.3644,207.956015,7.100432,5.261587,-116.57542
sz.002670,国盛证券,2016-03-30,13.54742875,13.7440463,13.25969575,13.619362,5798802.0,162968682.0,4.532128,2.8613,213.906223,7.303596,5.412136,-119.910972
sz.002670,国盛证券,2016-03-31,13.7056819,13.98861935,13.42754,13.7920018,5560708.0,158816133.0,4.346042,1.2676,216.617711,7.396177,5.480741,-121.43097
sz.002671,龙泉股份,2016-03-29,12.98083781,13.29963045,12.88121511,13.0505737,5080923.0,66553858.0,1.605044,-0.3802,223.137929,3.915064,11.818075,-39.28796
sz.002671,龙泉股份,2016-03-30,13.17012094,13.45902677,13.12030959,13.45902677,7253004.0,96895464.0,2.291197,3.1298,230.121635,4.037597,12.187954,-40.517583
sz.002671,龙泉股份,2016-03-31,13.5486872,13.5486872,13.20000775,13.20000775,7679559.0,102903149.0,2.425944,-1.9245,225.692943,3.959893,11.953397,-39.737822
sz.002672,东江环保,2016-03-29,15.19029595,15.19029595,14.6056969,14.7356078,4968322.0,79450233.0,1.156651,-2.9933,41.51692,5.014525,5.745263,-66.266461
sz.002672,东江环保,2016-03-30,14.9211948,15.403721,14.9211948,15.33876555,6880672.0,112531186.0,1.601855,4.0932,43.21629,5.219779,5.980428,-68.978879
sz.002672,东江环保,2016-03-31,15.45011775,15.7377776,15.403721,15.46867645,8921324.0,149786545.0,2.07693,0.8469,43.582308,5.263988,6.031079,-69.563092
sz.002673,西部证券,2016-03-29,20.8683248,21.3397478,20.271189,20.75046905,192053256.0,5102903296.0,6.869915,-0.6396,37.200008,6.289042,13.101593,3.467995
sz.002673,西部证券,2016-03-30,21.1197504,21.6540298,20.92332415,21.39474715,221405070.0,5992677632.0,7.919855,3.1049,38.355025,6.48431,13.508383,3.575672
sz.002673,西部证券,2016-03-31,21.5126029,22.2354515,21.056894,21.2297491,208461534.0,5703721984.0,7.456854,-0.7712,38.059228,6.434302,13.404205,3.548096
sz.002674,兴业科技,2016-03-29,10.40002952,10.4957805,10.02439106,10.13487296,3914247.0,54523412.0,1.627058,-2.5496,250.86623,2.098222,1.41488,188.256331
sz.002674,兴业科技,2016-03-30,10.18643118,10.62099332,10.18643118,10.58416602,3859185.0,54399759.0,1.60417,4.4331,261.98748,2.19124,1.477604,196.601997
sz.002674,兴业科技,2016-03-31,10.6062624,10.88614988,10.6062624,10.85668804,3533397.0,51688232.0,1.468748,2.5748,268.733156,2.24766,1.515649,201.664122
sz.002675,东诚药业,2016-03-29,12.3632748,12.3632748,12.3632748,12.3632748,0.0,0.0,,0.0,98.44844,4.314141,11.114758,59.694947
sz.002675,东诚药业,2016-03-30,12.3632748,12.3632748,12.3632748,12.3632748,0.0,0.0,,0.0,98.44844,4.314141,11.114758,59.694947
sz.002675,东诚药业,2016-03-31,12.3632748,12.3632748,12.3632748,12.3632748,0.0,0.0,,0.0,98.44844,4.314141,11.114758,59.694947
sz.002676,顺威股份,2016-03-29,9.958212,10.22376432,9.7369184,10.19057028,5947296.0,107917338.0,1.499723,1.768,3470.246309,6.983261,6.13226,753.830847
sz.002676,顺威股份,2016-03-30,10.19057028,10.6220928,10.0965205,10.50038132,8492959.0,160576310.0,2.14166,3.0402,3575.747826,7.195564,6.318692,776.748615
sz.002676,顺威股份,2016-03-31,10.61102812,11.0370183,10.52804302,10.81019236,10794833.0,211035161.0,2.722121,2.9505,3681.249342,7.407868,6.505123,799.666382
sz.002677,浙江美大,2016-03-29,6.8207489,6.88005976,6.52843109,6.57503248,3382199.0,53222130.0,0.895947,-3.4225,39.886493,6.337904,11.987396,-72.510303
sz.002677,浙江美大,2016-03-30,6.64281632,6.75720155,6.61739738,6.72330963,2763125.0,43650205.0,0.731954,2.2552,40.785995,6.480834,12.25773,-74.145522
sz.002677,浙江美大,2016-03-31,6.77414751,6.9054787,6.71907314,6.79956645,4716081.0,75890318.0,1.249293,1.1342,41.248596,6.55434,12.396759,-74.986492
sz.002678,珠江钢琴,2016-03-29,9.03216015,9.09066807,8.6299182,8.75424753,5194676.0,62824501.0,0.54489,-2.9197,78.327771,6.041535,7.80775,219.022879
sz.002678,珠江钢琴,2016-03-30,8.84200941,9.0687276,8.78350149,9.0687276,4311758.0,52764264.0,0.452277,3.5923,81.141551,6.258566,8.088228,226.890869
sz.002678,珠江钢琴,2016-03-31,9.1418625,9.3612672,9.0687276,9.22962438,6936110.0,87293427.0,0.727556,1.7742,82.643624,6.286693,8.207537,193.005445
sz.002679,福建金森,2016-03-29,11.95810992,12.03099104,11.34142352,11.4367296,2376619.0,49169713.0,1.713743,-4.3601,71.261542,4.017031,15.96481,563.731324
sz.002679,福建金森,2016-03-30,11.49839824,11.90204752,11.49839824,11.8852288,2426895.0,50746098.0,1.749996,3.9216,74.056112,4.174562,16.590881,585.838434
sz.002679,福建金森,2016-03-31,11.89083504,12.20478448,11.89083504,11.99174736,2764693.0,59480318.0,1.993577,0.8962,74.719822,4.211976,16.739572,591.088873
sz.002681,奋达科技,2016-03-29,11.480385,11.600303,11.07478,11.268765,8350116.0,266842339.0,3.874545,-2.144,66.668747,8.266261,11.408414,359.231705
sz.002681,奋达科技,2016-03-30,11.413372,11.974165,11.413372,11.945949,9988664.0,331333152.0,4.634849,6.0094,70.675132,8.763013,12.09399,380.819338
sz.002681,奋达科技,2016-03-31,12.02707,12.09761,11.692005,11.801342,10317487.0,347480864.0,4.787426,-1.2105,69.819602,8.656936,11.947591,376.209479
sz.002682,龙洲股份,2016-03-29,7.68840576,7.8272768,7.49272384,7.67578112,7866204.0,95672895.0,3.004726,-0.8157,74.420357,2.328529,1.327635,23.515228
sz.002682,龙洲股份,2016-03-30,7.7641536,7.99770944,7.7010304,7.99770944,8831452.0,109686834.0,3.373431,4.1941,77.541606,2.426189,1.383318,24.501475
sz.002682,龙洲股份,2016-03-31,8.06714496,8.10501888,7.87777536,7.90933696,9661332.0,122329776.0,3.690428,-1.105,76.684792,2.39938,1.368032,24.230741
sz.002683,广东宏大,2016-03-29,7.33246592,7.38534428,7.050448,7.12976554,6046335.0,49534518.0,1.277406,-3.3453,48.653672,2.422763,1.641754,-16.134467
sz.002683,广东宏大,2016-03-30,7.16501778,7.37653122,7.16501778,7.37653122,5846846.0,48354348.0,1.23526,3.4611,50.337606,2.506616,1.698576,-16.692891
sz.002683,广东宏大,2016-03-31,7.38534428,7.43822264,7.30602674,7.35009204,6792922.0,56834237.0,1.435137,-0.3584,50.157184,2.497632,1.692488,-16.63306
sz.002685,华东重机,2016-03-29,7.52938548,7.59765711,7.26605205,7.3148175,8115428.0,61761237.0,1.449184,-3.8462,243.802186,6.440108,3.405148,-118.65631
sz.002685,华东重机,2016-03-30,7.36358295,7.6074102,7.36358295,7.59765711,6480795.0,49878443.0,1.157285,3.8667,253.229204,6.689126,3.536814,-123.244354
sz.002685,华东重机,2016-03-31,7.65617565,7.75370655,7.55864475,7.72444728,8691640.0,68313884.0,1.552079,1.6688,257.455109,6.800755,3.595836,-125.301063
sz.002686,亿利达,2016-03-29,11.6927382,11.8376895,11.12259642,11.28687456,6220276.0,73256196.0,2.222509,-4.1051,50.160782,5.748694,5.996609,-65.668401
sz.002686,亿利达,2016-03-30,11.43182586,11.7410553,11.34485508,11.7410553,5359048.0,64061751.0,1.914791,4.024,52.179238,5.98002,6.237911,-68.310879
sz.002686,亿利达,2016-03-31,11.79903582,12.04062132,11.62509426,11.7893724,6173419.0,75471192.0,2.205767,0.4115,52.393967,6.004629,6.263581,-68.591994
sz.002687,乔治白,2016-03-29,7.72424776,7.791028,7.33469636,7.57399222,2264199.0,30979940.0,0.711447,-2.7162,78.84919,4.888104,7.192123,-80.797141
sz.002687,乔治白,2016-03-30,7.60181732,8.11936418,7.60181732,8.0414539,4654280.0,66018802.0,1.462449,6.1719,83.715709,5.189795,7.636016,-85.783886
sz.002687,乔治白,2016-03-31,8.069279,8.10823414,7.90789342,7.99136872,3319106.0,47679415.0,1.042916,-0.6228,83.194296,5.157471,7.588456,-85.249592
sz.002688,金河生物,2016-03-29,6.2704392,6.46388892,6.2037324,6.31379862,3681445.0,69984480.0,1.744839,-0.3684,48.476477,4.819746,3.854507,70.984191
sz.002688,金河生物,2016-03-30,6.3871761,6.49057164,6.31379862,6.4705596,5083685.0,97680984.0,2.409438,2.4828,49.680066,4.939412,3.950207,72.746609
sz.002688,金河生物,2016-03-31,6.5372664,7.11761556,6.47723028,6.8708004,8861882.0,182584006.0,4.200134,6.1856,52.75306,5.244943,4.19455,77.246399
sz.002689,ST远智,2016-03-29,8.11983852,8.19944478,7.63335582,7.81910376,20430938.0,181586746.0,2.170915,-3.7037,77.023162,6.385617,5.343173,-123.034285
sz.002689,ST远智,2016-03-30,7.960626,8.20828992,7.9164003,8.17290936,21769057.0,199218040.0,2.313099,4.5249,80.508373,6.674559,5.584946,-128.601447
sz.002689,ST远智,2016-03-31,8.21713506,8.21713506,7.96947114,8.02254198,23662631.0,216471474.0,2.514303,-1.8398,79.027158,6.551759,5.482192,-126.235403
sz.002690,美亚光电,2016-03-29,13.9471488,14.20940288,13.71469632,13.84582336,3420148.0,79870287.0,1.047584,-2.3129,53.940578,8.511937,18.654542,-97.249248
sz.002690,美亚光电,2016-03-30,14.13191872,14.4835776,13.89350592,14.47165696,4301648.0,101898674.0,1.317586,4.52,56.378701,8.896678,19.497731,-101.64493
sz.002690,美亚光电,2016-03-31,14.54914112,14.82927616,14.23324416,14.25708544,6424870.0,156245424.0,1.967924,-1.4827,55.542773,8.764767,19.208637,-100.137839
sz.002691,冀凯股份,2016-03-29,15.04577876,15.04577876,15.04577876,15.04577876,0.0,0.0,,0.0,214.829479,6.097096,18.436254,135.501046
sz.002691,冀凯股份,2016-03-30,15.04577876,15.04577876,15.04577876,15.04577876,0.0,0.0,,0.0,214.829479,6.097096,18.436254,135.501046
sz.002691,冀凯股份,2016-03-31,15.04577876,15.04577876,15.04577876,15.04577876,0.0,0.0,,0.0,214.829479,6.097096,18.436254,135.501046
sz.002692,远程股份,2016-03-29,7.4993074,7.51261978,7.24637218,7.32624646,4758549.0,78831097.0,2.493652,-2.0759,41.300646,3.860666,1.765381,-202.287566
sz.002692,远程股份,2016-03-30,7.40168328,7.86761658,7.40168328,7.84542928,7407346.0,128295490.0,3.881718,7.0866,44.227464,4.134257,1.890487,-216.622905
sz.002692,远程股份,2016-03-31,7.91199118,8.15605148,7.8986788,7.987428,9745139.0,176592452.0,5.106806,1.81,45.027961,4.209085,1.924704,-220.543682
sz.002693,*ST双成,2016-03-29,11.14,11.14,10.67,10.83,3201656.0,34696909.0,0.793635,-2.6954,86.178063,4.638363,19.655244,48.104136
sz.002693,*ST双成,2016-03-30,10.95,11.19,10.83,11.19,3766231.0,41570423.0,0.933583,3.3241,89.042708,4.792546,20.308604,49.703166
sz.002693,*ST双成,2016-03-31,11.1,11.19,10.95,11.05,4337950.0,48075027.0,1.075302,-1.2511,87.928679,4.732586,20.05452,49.081321
sz.002694,顾地科技,2016-03-29,7.742808,7.8552036,7.5991914,7.6366566,3130277.0,38655798.0,1.032673,-1.9246,153.851086,4.471533,2.355096,-127.929402
sz.002694,顾地科技,2016-03-30,7.711587,7.9800876,7.711587,7.961355,4091559.0,51642658.0,1.349798,4.2518,160.392588,4.661655,2.455231,-133.368755
sz.002694,顾地科技,2016-03-31,7.9738434,8.0924832,7.867692,7.8801804,4092122.0,52190001.0,1.349984,-1.0196,158.757213,4.614124,2.430197,-132.008917
sz.002695,煌上煌,2016-03-29,7.3482296,7.359912,7.03981424,7.07719792,1006089.0,30804586.0,0.887554,-3.4735,63.016536,2.51113,3.332958,-68.85741
sz.002695,煌上煌,2016-03-30,7.1496288,7.32953776,7.12159104,7.30383648,990995.0,30683148.0,0.874238,3.2024,65.034563,2.591546,3.439692,-71.062483
sz.002695,煌上煌,2016-03-31,7.3131824,7.41598752,7.28514464,7.3015,1171415.0,36862718.0,1.033401,-0.032,65.013759,2.590716,3.438591,-71.039751
sz.002696,百洋股份,2016-03-29,14.18518233,14.18518233,14.18518233,14.18518233,0.0,0.0,,0.0,74.823707,4.60979,2.355929,-89.786378
sz.002696,百洋股份,2016-03-30,14.18518233,14.18518233,14.18518233,14.18518233,0.0,0.0,,0.0,74.823707,4.60979,2.355929,-89.786378
sz.002696,百洋股份,2016-03-31,14.18518233,14.18518233,14.18518233,14.18518233,0.0,0.0,,0.0,74.823707,4.60979,2.355929,-89.786378
sz.002697,红旗连锁,2016-03-29,4.51292295,4.51292295,4.51292295,4.51292295,0.0,0.0,,0.0,40.598465,3.574309,1.326242,-14.066153
sz.002697,红旗连锁,2016-03-30,4.51292295,4.51292295,4.51292295,4.51292295,0.0,0.0,,0.0,40.598465,3.574309,1.326242,-14.066153
sz.002697,红旗连锁,2016-03-31,4.51292295,4.51292295,4.51292295,4.51292295,0.0,0.0,,0.0,40.598465,3.574309,1.326242,-14.066153
sz.002698,博实股份,2016-03-29,11.8371394,11.96605874,11.3683418,11.47382126,6552718.0,129861929.0,1.260061,-3.5468,73.877211,7.781657,18.605907,-2113.909281
sz.002698,博实股份,2016-03-30,11.64962036,11.92503895,11.52656099,11.90745904,7184722.0,143624327.0,1.381593,3.7794,76.669302,8.075755,19.309093,-2193.801665
sz.002698,博实股份,2016-03-31,12.0715382,12.18287763,11.84885934,11.88401916,6637714.0,135966777.0,1.276406,-0.1968,76.518378,8.059858,19.271083,-2189.483157
sz.002700,万憬能源,2016-03-29,14.8288855,15.14057545,14.68720825,14.89500155,5589507.0,88114097.0,1.785252,0.4459,60.099293,7.964595,15.770037,86.36858
sz.002700,万憬能源,2016-03-30,14.923337,15.5089363,14.923337,15.32947845,6528448.0,105344560.0,2.085144,2.9169,61.852348,8.196917,16.230038,88.887892
sz.002700,万憬能源,2016-03-31,15.301143,16.1700968,15.29169785,15.9623035,11825101.0,199167601.0,3.776861,4.1282,64.405711,8.535298,16.900039,92.557324
sz.002701,奥瑞金,2016-03-29,7.95881712,7.96883241,7.63165098,7.72178859,10798677.0,251925848.0,1.702526,-2.7334,22.319572,5.635579,3.406977,-293.235654
sz.002701,奥瑞金,2016-03-30,7.79857248,8.24258367,7.7451576,8.23256838,21817985.0,526275392.0,3.439836,6.6148,23.795964,6.00836,3.632342,-312.632565
sz.002701,奥瑞金,2016-03-31,8.25927582,8.25927582,8.05229316,8.1457692,21628283.0,529142128.0,3.409927,-1.0543,23.545074,5.491055,3.594045,26.583224
sz.002702,海欣食品,2016-03-29,11.2013682,11.30167896,10.59393082,10.68866876,21593164.0,419428400.0,13.166563,-4.8611,-138.415016,7.09508,6.689399,-24467.894399
sz.002702,海欣食品,2016-03-30,10.82241644,11.0899118,10.70538722,11.02861078,19147876.0,374991232.0,11.675534,3.1804,-142.817162,7.320732,6.902148,-25246.070393
sz.002702,海欣食品,2016-03-31,11.1177759,11.4800092,10.9505913,11.13449436,25496922.0,513510064.0,15.546904,0.9601,-144.188323,7.391017,6.968414,-25488.45308
sz.002703,浙江世宝,2016-03-29,9.98056928,9.98056928,9.98056928,9.98056928,0.0,0.0,,0.0,149.136361,5.535131,9.531697,-31.092695
sz.002703,浙江世宝,2016-03-30,9.98056928,9.98056928,9.98056928,9.98056928,0.0,0.0,,0.0,149.136361,5.535131,9.531697,-31.092695
sz.002703,浙江世宝,2016-03-31,9.98056928,9.98056928,9.98056928,9.98056928,0.0,0.0,,0.0,149.136361,5.535131,9.531697,-31.092695
sz.002705,新宝股份,2016-03-29,8.51204688,8.63839392,8.38569984,8.57756016,4787519.0,87119653.0,4.377026,2.5741,27.79549,3.5323,1.284541,44.506107
sz.002705,新宝股份,2016-03-30,8.6337144,8.82557472,8.45121312,8.7974976,5572495.0,102588467.0,5.094697,2.5641,28.508195,3.622872,1.317478,45.647289
sz.002705,新宝股份,2016-03-31,8.7507024,8.80685664,8.63839392,8.67583008,3968166.0,73727043.0,3.627927,-1.383,28.113933,3.572768,1.299257,45.015997
sz.002706,良信股份,2016-03-29,4.88563245,4.9891815,4.8071862,4.84170255,610279.0,28416405.0,1.698256,-1.4267,48.232248,6.868702,5.913842,247.343838
sz.002706,良信股份,2016-03-30,4.8845865,5.06762775,4.8845865,5.02056,693302.0,32940152.0,1.929288,3.6941,50.013997,7.122439,6.132305,256.480972
sz.002706,良信股份,2016-03-31,5.0728575,5.1774525,5.062398,5.09482245,866361.0,42383343.0,2.410868,1.4792,50.753787,7.227791,6.223012,260.274753
sz.002707,众信旅游,2016-03-29,23.0279625,23.35976325,21.690855,21.809709,7256580.0,326422912.0,4.308753,-6.0981,98.476476,11.752617,2.196596,33.870306
sz.002707,众信旅游,2016-03-30,21.8790405,22.86453825,21.8790405,22.6317825,7065475.0,319252032.0,4.19528,3.7693,102.18835,12.195608,2.279392,35.146979
sz.002707,众信旅游,2016-03-31,22.5327375,23.513283,22.48816725,22.96358325,8286862.0,386012784.0,4.920505,1.4661,103.686517,12.374406,2.31281,35.662263
sz.002708,光洋股份,2016-03-29,14.0828784,15.3225684,13.7357652,14.41015656,45232751.0,665471600.0,28.685562,-1.3578,123.716495,6.513639,10.925461,-431.222496
sz.002708,光洋股份,2016-03-30,14.32089888,15.28289832,14.17213608,15.0746304,35242786.0,523410400.0,22.350158,4.6111,129.421247,6.813993,11.42925,-451.106809
sz.002708,光洋股份,2016-03-31,14.87628,14.9754552,14.45974416,14.50933176,25715890.0,379872864.0,16.308421,-3.75,124.56795,6.558468,11.000654,-434.190304
sz.002709,天赐材料,2016-03-29,5.827584,5.827584,5.827584,5.827584,0.0,0.0,,0.0,110.359042,12.371305,11.547559,-1625.904639
sz.002709,天赐材料,2016-03-30,5.827584,5.827584,5.827584,5.827584,0.0,0.0,,0.0,110.359042,12.371305,11.547559,-1625.904639
sz.002709,天赐材料,2016-03-31,5.827584,5.827584,5.827584,5.827584,0.0,0.0,,0.0,110.359042,12.371305,11.547559,-1625.904639
sz.002712,思美传媒,2016-03-29,18.48589695,18.54980838,17.236719,17.47106091,1436082.0,131569625.0,4.943095,-5.4898,88.582558,8.237911,3.193462,-1062.839729
sz.002712,思美传媒,2016-03-30,17.5272255,19.21797333,17.5272255,19.21797333,2132102.0,204243643.0,7.338844,9.9989,97.439832,9.061611,3.512773,-1169.111921
sz.002712,思美传媒,2016-03-31,19.21797333,19.8706446,19.09208718,19.37484684,2307021.0,232015663.0,7.940928,0.8163,98.235219,9.135579,3.541447,-1178.65521
sz.002713,*ST东易,2016-03-29,14.24438325,14.49407275,13.5557235,13.93025775,5844571.0,203434803.0,9.364313,-5.4918,83.187703,10.420129,3.754489,-25.603726
sz.002713,*ST东易,2016-03-30,14.17189275,14.691408,13.69265,14.6350265,5927797.0,208646055.0,9.49766,5.0593,87.39639,10.947311,3.944439,-26.899086
sz.002713,*ST东易,2016-03-31,14.6350265,14.6350265,13.82554925,14.095375,5428999.0,190954054.0,8.698474,-3.6874,84.173738,10.543641,3.798992,-25.90721
sz.002714,牧原股份,2016-03-29,6.14608905,6.14608905,6.14608905,6.14608905,0.0,0.0,,0.0,52.611076,8.900711,10.437362,81.734074
sz.002714,牧原股份,2016-03-30,6.14608905,6.14608905,6.14608905,6.14608905,0.0,0.0,,0.0,52.611076,8.900711,10.437362,81.734074
sz.002714,牧原股份,2016-03-31,6.14608905,6.14608905,6.14608905,6.14608905,0.0,0.0,,0.0,52.611076,8.900711,10.437362,81.734074
sz.002715,登云股份,2016-03-29,20.2325715,20.42494677,18.8395092,19.49623857,3506035.0,102480958.0,6.519018,-3.6077,-50.905608,5.686253,11.26687,-72.456511
sz.002715,登云股份,2016-03-30,19.53604035,20.19940335,19.42326864,20.0335626,3037095.0,90347854.0,5.647085,2.756,-52.308586,5.842969,11.577389,-74.453441
sz.002715,登云股份,2016-03-31,20.00702808,20.21930424,19.73504925,19.79475192,2003709.0,60291027.0,3.725638,-1.1921,-51.68504,5.773317,11.43938,-73.565917
sz.002716,湖南白银,2016-03-29,7.20012134,7.21756913,7.00819565,7.07798681,15651947.0,191280531.0,5.432797,-2.0129,52.000221,3.114779,1.058095,52.590155
sz.002716,湖南白银,2016-03-30,7.29899215,7.35715145,7.13614611,7.28154436,20906871.0,260736143.0,7.256783,2.8759,53.495708,3.204358,1.088525,54.102608
sz.002716,湖南白银,2016-03-31,7.18267355,7.3862311,7.1535939,7.30480808,21285019.0,266392548.0,7.388038,0.3195,53.666621,3.214596,1.092002,54.27546
sz.002717,ST岭南,2016-03-29,10.83015505,10.83015505,10.83015505,10.83015505,0.0,0.0,,0.0,91.298733,15.994642,8.11797,-260164.988053
sz.002717,ST岭南,2016-03-30,10.83015505,10.83015505,10.83015505,10.83015505,0.0,0.0,,0.0,91.298733,15.994642,8.11797,-260164.988053
sz.002717,ST岭南,2016-03-31,10.83015505,10.83015505,10.83015505,10.83015505,0.0,0.0,,0.0,91.298733,15.994642,8.11797,-260164.988053
sz.002718,友邦吊顶,2016-03-29,30.35723724,30.69247788,28.7947764,29.333556,1285704.0,64273686.0,6.167518,-3.1621,33.49275,6.506397,9.849914,25.956205
sz.002718,友邦吊顶,2016-03-30,29.8124712,30.78826092,29.44131192,30.70445076,1143607.0,57513686.0,5.485879,4.6735,35.058023,6.810471,10.310247,27.16926
sz.002718,友邦吊顶,2016-03-31,30.70445076,31.0696236,30.4111152,30.48295248,1138273.0,58447755.0,5.460292,-0.7214,34.805119,6.761341,10.23587,26.973265
sz.002719,麦趣尔,2016-03-29,29.1548736,29.8343304,27.487116,28.3518792,4629866.0,214228756.0,13.697234,-1.9231,63.40629,4.43244,9.647754,49.935556
sz.002719,麦趣尔,2016-03-30,28.86456024,30.8844,27.7341912,30.7917468,7395174.0,349993648.0,21.878264,8.6057,68.862823,4.813881,10.478007,54.232842
sz.002719,麦趣尔,2016-03-31,28.413648,29.031336,27.71566056,27.71566056,11681192.0,534644400.0,34.558241,-9.99,68.449526,4.345821,9.412468,10.01345
sz.002721,金一文化,2016-03-29,21.12483741,21.3131865,20.36152794,20.66883435,13054028.0,274400464.0,5.379062,-0.7143,88.523772,6.773291,1.768381,631.837803
sz.002721,金一文化,2016-03-30,21.05544564,21.5114487,20.7183999,21.46188315,16981986.0,362275392.0,6.997623,3.8369,91.920367,7.033177,1.836233,656.08098
sz.002721,金一文化,2016-03-31,21.6105798,21.76918956,20.83735722,21.06535875,17277350.0,369645904.0,7.119331,-1.8476,90.22207,6.681102,1.803133,116.506811
sz.002722,物产金轮,2016-03-29,26.66547305,27.93310165,26.3485659,27.7067394,7356283.0,221415824.0,16.082242,4.1525,87.063757,9.067739,10.120027,146.338453
sz.002722,物产金轮,2016-03-30,27.7067394,28.94720453,27.3445598,28.50353452,8021806.0,248699502.0,17.537203,2.8758,89.567552,9.328511,10.411061,150.546879
sz.002722,物产金轮,2016-03-31,28.63029738,28.77516922,27.8878292,27.9783741,5908270.0,183892578.0,12.916609,-1.8424,87.917324,9.156639,10.219243,147.773144
sz.002723,小崧股份,2016-03-29,14.14431166,14.14431166,13.27312972,13.45019922,2484180.0,47642873.0,4.463337,-4.1393,84.593376,5.562663,4.075436,-420.644311
sz.002723,小崧股份,2016-03-30,13.6697654,14.1301461,13.5281098,14.1301461,2360689.0,45956266.0,4.24146,5.0553,88.869818,5.843872,4.281461,-441.90911
sz.002723,小崧股份,2016-03-31,14.08764942,14.26471892,14.0239044,14.05223552,2340723.0,46719903.0,4.205587,-0.5514,88.379809,5.81165,4.257854,-439.472519
sz.002724,海洋王,2016-03-29,9.48176978,9.64137874,8.96802844,9.2024541,2927816.0,54165211.0,4.790353,-2.9458,114.931251,5.057211,8.233163,46.253407
sz.002724,海洋王,2016-03-30,9.20744188,9.5765376,9.20744188,9.54162314,3029398.0,56942715.0,4.956557,3.6856,119.1672,5.243601,8.536608,47.958139
sz.002724,海洋王,2016-03-31,9.57154982,9.69624432,9.476782,9.6762932,3834135.0,73583655.0,6.273229,1.4114,120.849121,5.317609,8.657093,48.635018
sz.002725,跃岭股份,2016-03-29,11.9668015,11.9668015,11.4517746,11.48812944,1783143.0,34320648.0,3.366962,-4.2908,54.544366,3.416584,4.710097,-383.443152
sz.002725,跃岭股份,2016-03-30,11.62143052,12.421237,11.62143052,12.28793592,2890953.0,57858031.0,5.458748,6.962,58.341759,3.654448,5.038015,-410.138561
sz.002725,跃岭股份,2016-03-31,12.22128538,12.68783916,12.00921548,12.0576886,3378877.0,68783309.0,6.380055,-1.8738,57.24857,3.585972,4.943615,-402.453519
sz.002726,龙大美食,2016-03-29,5.30660552,5.32821222,5.0559678,5.12510924,6604292.0,78893624.0,6.068746,-3.8898,44.690349,3.347075,1.212192,138.322587
sz.002726,龙大美食,2016-03-30,5.17696532,5.3368549,5.14671594,5.3152482,5111988.0,61996432.0,4.697454,3.71,46.348338,3.47125,1.257163,143.454285
sz.002726,龙大美食,2016-03-31,5.31956954,5.47513778,5.31956954,5.37142562,6395031.0,79988851.0,5.876454,1.0569,46.838199,3.507938,1.270451,144.970469
sz.002727,一心堂,2016-03-29,19.451205,19.451205,18.2763,18.920322,4915273.0,212788192.0,5.122069,-3.3778,32.669115,4.979296,2.126954,-102.049298
sz.002727,一心堂,2016-03-30,19.103085,20.5086195,19.0987335,20.356317,8105341.0,368901888.0,8.44635,7.5897,35.148602,5.357209,2.288383,-109.79453
sz.002727,一心堂,2016-03-31,20.36502,21.3876225,20.3606685,20.878497,10206652.0,490637856.0,10.636067,2.5652,36.050233,5.494632,2.347084,-112.610978
sz.002728,特一药业,2016-03-29,8.35987172,8.39855692,8.13936608,8.21286796,1400643.0,29901769.0,2.469834,-1.8039,52.351669,5.279132,8.220079,-16.626374
sz.002728,特一药业,2016-03-30,8.30958096,8.54169216,8.24381612,8.52621808,2242063.0,48860732.0,3.953558,3.8154,54.349071,5.48055,8.533704,-17.260729
sz.002728,特一药业,2016-03-31,8.5300866,8.6461422,8.47592732,8.61519404,2931716.0,64981127.0,5.169663,1.0436,54.916235,5.537743,8.622758,-17.440855
sz.002729,好利科技,2016-03-29,24.3571014,26.14422,24.3571014,25.7932428,961125.0,68617860.0,5.436227,4.909,161.620008,12.69725,30.599891,-28.693615
sz.002729,好利科技,2016-03-30,25.8147312,26.2444992,25.4852424,26.180034,885585.0,64152261.0,5.008965,1.4996,164.043635,12.887656,31.058762,-29.1239
sz.002729,好利科技,2016-03-31,26.32329,26.6885928,25.96515,26.1657084,548005.0,40143648.0,3.099576,-0.0547,163.953871,12.880604,31.041767,-29.107963
sz.002730,电光科技,2016-03-29,17.3067318,17.36943735,16.5542652,17.13533663,3631394.0,148123288.0,7.781003,-1.3478,110.982881,7.294466,11.380061,-59.018873
sz.002730,电光科技,2016-03-30,17.13533663,17.13533663,17.13533663,17.13533663,0.0,0.0,,0.0,110.982881,7.294466,11.380061,-59.018873
sz.002730,电光科技,2016-03-31,17.13533663,17.13533663,17.13533663,17.13533663,0.0,0.0,,0.0,110.982881,7.294466,11.380061,-59.018873
sz.002731,ST萃华,2016-03-29,14.25805094,14.3378641,13.5682372,13.72786352,2056119.0,50224601.0,3.848969,-3.68,59.994183,3.380682,1.209482,64.892506
sz.002731,ST萃华,2016-03-30,13.8532842,14.50319136,13.8532842,14.4803876,2626874.0,65594914.0,4.917398,5.4817,63.282901,3.566002,1.275782,68.449737
sz.002731,ST萃华,2016-03-31,14.25235,14.64001392,14.22954624,14.37777068,4509145.0,113886622.0,8.44093,-0.7087,62.83444,3.540731,1.266741,67.96466
sz.002732,燕塘乳业,2016-03-29,22.6302681,22.95227982,21.76262541,22.22775345,2000541.0,49980912.0,3.291887,-2.3576,40.706257,4.978162,3.78731,-11.057866
sz.002732,燕塘乳业,2016-03-30,22.4513727,23.1669543,22.4513727,23.1669543,2156005.0,54838480.0,3.547703,4.2253,42.42624,5.188507,3.947338,-11.5251
sz.002732,燕塘乳业,2016-03-31,23.256402,23.38162878,22.99700367,23.1669543,2495307.0,64730179.0,4.106024,0.0,42.42624,5.188507,3.947338,-11.5251
sz.002733,雄韬股份,2016-03-29,21.33148953,21.7857455,20.31173123,20.52495342,10430885.0,236015459.0,11.073139,-6.779,51.150269,5.600205,2.802143,-49.249797
sz.002733,雄韬股份,2016-03-30,20.75671667,21.61887596,20.75671667,21.61887596,8343777.0,190803286.0,8.857523,5.3297,53.876435,5.89868,2.95149,-51.874673
sz.002733,雄韬股份,2016-03-31,21.85990974,22.3419773,21.4149243,21.48908854,8970538.0,211562847.0,9.522875,-0.6003,53.552991,5.863268,2.933771,-51.563247
sz.002734,利民股份,2016-03-29,10.041638,10.2728124,9.861033,10.1319405,3181296.0,88700662.0,4.14364,0.1786,52.600885,4.934154,4.36961,-127.227665
sz.002734,利民股份,2016-03-30,9.9730081,10.2980971,9.969396,10.2764245,3403715.0,95696838.0,4.433341,1.426,54.841666,4.797533,4.431761,-1009.160355
sz.002734,利民股份,2016-03-31,10.3342181,10.3847875,10.1933462,10.2655882,3175498.0,90376018.0,4.136088,-0.1055,54.783836,4.792474,4.427088,-1008.096214
sz.002735,王子新材,2016-03-29,11.32103936,11.326848,10.54558592,10.54558592,3198402.0,119348326.0,14.384538,-5.2947,110.172216,6.468933,6.586439,21.197111
sz.002735,王子新材,2016-03-30,10.54558592,11.59985408,10.53977728,11.59985408,4297679.0,166259623.0,19.328442,9.9972,121.186404,7.115649,7.244901,23.316239
sz.002735,王子新材,2016-03-31,11.62018432,12.41015936,11.472064,11.95708544,4452331.0,182674270.0,20.023976,3.0796,124.918484,7.334783,7.468017,24.03429
sz.002736,国信证券,2016-03-29,12.34576046,12.41481692,12.0465158,12.13091814,21047908.0,335304160.0,0.958876,-1.2492,9.126535,3.130984,4.452802,1.895849
sz.002736,国信证券,2016-03-30,12.276704,12.57594866,12.276704,12.53758396,21709569.0,352132528.0,0.98902,3.3523,9.432485,3.235945,4.602073,1.959404
sz.002736,国信证券,2016-03-31,12.57594866,12.87519332,12.51456514,12.59896748,26785234.0,442411568.0,1.220251,0.4896,9.478666,3.251788,4.624605,1.968997
sz.002737,葵花药业,2016-03-29,12.03310314,12.15910422,11.74610068,11.79160107,2255750.0,76620786.0,1.877863,-2.5456,32.444674,4.198948,3.241589,-468.435632
sz.002737,葵花药业,2016-03-30,11.84760155,12.23610488,11.84760155,12.22560479,2410068.0,82836400.0,2.00633,3.6806,33.638838,4.353495,3.3609,-485.676955
sz.002737,葵花药业,2016-03-31,12.28160527,12.48810704,12.21860473,12.33060569,3123606.0,110214676.0,2.600335,0.8589,33.927749,4.390886,3.389765,-489.848243
sz.002738,中矿资源,2016-03-29,9.29238228,9.29238228,8.6850576,8.85498264,3606706.0,102204155.0,6.274496,-4.6425,71.538432,5.972026,10.172182,41.231021
sz.002738,中矿资源,2016-03-30,8.81407476,9.0626688,8.77316688,9.03434796,2934502.0,83273296.0,5.10508,2.0256,72.987505,6.092995,10.378228,42.066191
sz.002738,中矿资源,2016-03-31,9.0312012,9.3301434,8.97455952,9.27350172,3964109.0,115606820.0,6.896261,2.6472,74.919602,6.254286,10.652957,43.179751
sz.002739,万达电影,2016-03-29,53.0000075,53.0000075,53.0000075,53.0000075,0.0,0.0,,0.0,79.528034,19.941223,11.78571,83.0744
sz.002739,万达电影,2016-03-30,53.0000075,53.0000075,53.0000075,53.0000075,0.0,0.0,,0.0,79.528034,19.941223,11.78571,83.0744
sz.002739,万达电影,2016-03-31,53.0000075,53.0000075,53.0000075,53.0000075,0.0,0.0,,0.0,79.519087,10.351352,11.785905,36.740942
sz.002741,光华科技,2016-03-29,27.36354624,27.75670064,25.64349574,26.41997568,14970584.0,403954320.0,11.388978,-4.0685,166.966593,13.279078,11.214927,223.82079
sz.002741,光华科技,2016-03-30,26.72467034,27.520808,26.42980454,27.36354624,13704101.0,374991136.0,10.425492,3.5714,172.929686,13.753331,11.61546,231.814389
sz.002741,光华科技,2016-03-31,27.3733751,30.09596932,27.3733751,28.90667726,32659891.0,971744624.0,24.846244,5.6394,182.681827,14.528932,12.270499,244.887255
sz.002742,*ST三圣,2016-03-29,10.41903152,10.41903152,10.41903152,10.41903152,0.0,0.0,,0.0,40.221408,3.999327,3.471258,20.774616
sz.002742,*ST三圣,2016-03-30,10.41903152,10.41903152,10.41903152,10.41903152,0.0,0.0,,0.0,40.221408,3.999327,3.471258,20.774616
sz.002742,*ST三圣,2016-03-31,10.41903152,10.41903152,10.41903152,10.41903152,0.0,0.0,,0.0,40.221408,3.999327,3.471258,20.774616
sz.002743,富煌钢构,2016-03-29,12.67806258,12.75677955,12.10852215,12.18260871,2037380.0,54310928.0,3.668311,-4.5009,105.482468,4.285776,2.09096,76.353286
sz.002743,富煌钢构,2016-03-30,12.18723912,12.71510586,12.02980518,12.61786725,1880342.0,50759125.0,3.385564,3.5728,109.251131,4.438897,2.165666,79.081225
sz.002743,富煌钢构,2016-03-31,12.6873234,13.09479948,12.6873234,12.96977841,2975943.0,83272506.0,5.358198,2.789,112.298135,4.562698,2.226066,81.286793
sz.002745,木林森,2016-03-29,12.9323355,12.99593715,12.49136406,12.63128769,1307832.0,39079277.0,1.755486,-2.3599,51.817049,5.271021,3.411383,16.264273
sz.002745,木林森,2016-03-30,12.70760967,13.09345968,12.70760967,13.08921957,1340701.0,40953290.0,1.799606,3.6254,53.695612,5.462115,3.535059,16.853914
sz.002745,木林森,2016-03-31,13.144341,13.25034375,13.02561792,13.08921957,1633266.0,50561858.0,2.192312,0.0,53.695612,5.462115,3.535059,16.853914
sz.002746,仙坛股份,2016-03-29,7.301689,7.43812932,7.035204,7.18017184,2501146.0,83875797.0,4.972457,-2.659,237.922749,5.425014,3.056695,-170.016914
sz.002746,仙坛股份,2016-03-30,7.1844356,7.41041488,7.1844356,7.38909608,1784564.0,61317823.0,3.547841,2.9097,244.845679,5.582868,3.145637,-174.963962
sz.002746,仙坛股份,2016-03-31,7.5894928,8.12885844,7.568174,8.0691658,8664416.0,318938352.0,17.225479,9.2037,267.380524,6.096698,3.435151,-191.067108
sz.002747,埃斯顿,2016-03-29,8.253153,8.253153,7.814961,7.8939,1755565.0,86978290.0,5.851883,-4.6322,115.225949,11.707001,12.266225,153.505088
sz.002747,埃斯顿,2016-03-30,8.03889,8.29665,7.91001,8.261208,1616475.0,81830278.0,5.38825,4.6531,120.587483,12.251735,12.83698,160.647774
sz.002747,埃斯顿,2016-03-31,8.483526,8.507691,8.261208,8.286984,1739722.0,90505834.0,5.799073,0.312,121.073276,12.301092,12.888694,161.294952
sz.002748,世龙实业,2016-03-29,14.17696579,14.17696579,13.39581451,13.49345842,1784826.0,52728815.0,4.832262,-5.1944,90.295375,3.739336,3.980551,235.201967
sz.002748,世龙实业,2016-03-30,13.71199479,14.07467217,13.58645262,14.03747449,1429419.0,42533164.0,3.870028,4.0317,93.935815,3.890095,4.141035,244.68461
sz.002748,世龙实业,2016-03-31,14.0886213,14.40480158,14.05142362,14.18626521,1435770.0,43919988.0,3.887223,1.06,94.931491,3.931328,4.184928,247.278154
sz.002749,国光股份,2016-03-29,9.6999427,9.71901205,9.4711105,9.56772854,1039210.0,78383507.0,5.542453,-0.9997,42.181717,6.916725,9.329444,14.33939
sz.002749,国光股份,2016-03-30,9.66307529,10.02920681,9.6109524,9.9923394,1611240.0,124134043.0,8.59328,4.4379,44.053719,7.223686,9.74348,14.975764
sz.002749,国光股份,2016-03-31,10.02793552,10.59365957,9.99615327,10.53645152,2477410.0,202519767.0,13.212853,5.4453,46.452573,7.617037,10.274041,15.791239
sz.002752,昇兴股份,2016-03-29,12.22548085,12.22548085,11.59828945,11.6695612,4352908.0,108379402.0,7.254847,-4.4358,77.415371,7.562881,5.060486,66.575833
sz.002752,昇兴股份,2016-03-30,11.8311105,12.18746925,11.783596,12.18746925,3306276.0,83473477.0,5.51046,4.4381,80.851151,7.89853,5.285076,69.530542
sz.002752,昇兴股份,2016-03-31,12.50106495,13.0664875,12.4963135,12.62460265,6775396.0,181346798.0,11.292327,3.5867,83.751075,8.18183,5.474638,72.024425
sz.002753,永东股份,2016-03-29,10.10833258,10.18612888,9.70379182,9.7245375,1938442.0,74174975.0,7.847943,-5.8262,70.459211,4.327886,4.2772,64.324282
sz.002753,永东股份,2016-03-30,9.79714738,10.0616548,9.75565602,9.99682455,1536410.0,58706478.0,6.220283,2.8,72.432069,4.449067,4.396962,66.125362
sz.002753,永东股份,2016-03-31,10.04868875,10.21465419,9.98645171,10.00460418,1738598.0,67598592.0,7.038858,0.0778,72.488436,4.452529,4.400384,66.176821
sz.002755,奥赛康,2016-03-29,19.24503432,19.31721708,18.2955534,18.42881388,1731764.0,58211361.0,6.834112,-4.4342,166.075023,6.599291,12.14642,25.500775
sz.002755,奥赛康,2016-03-30,18.21781812,19.43382,18.21781812,19.3782948,2298170.0,77966569.0,9.069337,5.1522,187.482265,6.957399,12.71499,23.070076
sz.002755,奥赛康,2016-03-31,19.41160992,19.63926324,19.24503432,19.26169188,1985826.0,69277465.0,7.836725,-0.6017,186.354148,6.915535,12.638482,22.931259
sz.002756,永兴材料,2016-03-29,12.5338,12.6403373,12.1828536,12.2517895,1535385.0,60616310.0,3.07077,-2.6637,35.277946,2.74997,2.327309,35.021852
sz.002756,永兴材料,2016-03-30,12.3144585,12.6842056,12.283124,12.68107215,1991933.0,79467502.0,3.983866,3.5038,36.514027,2.846324,2.408854,36.24896
sz.002756,永兴材料,2016-03-31,12.6967394,12.972483,12.69360595,12.73120735,1929607.0,78914847.0,3.859214,0.3954,36.658387,2.857577,2.418377,36.392272
sz.002757,南兴股份,2016-03-29,20.97510732,21.44694,20.3388481,20.9107665,1639570.0,94429514.0,5.996964,-0.8475,128.472749,9.01412,13.773392,32.041608
sz.002757,南兴股份,2016-03-30,21.089491,21.089491,20.73561649,20.96795834,1824526.0,106774002.0,6.673467,0.2735,128.824128,9.038774,13.811063,32.129243
sz.002757,南兴股份,2016-03-31,21.00012875,21.04302263,20.3388481,20.45323178,2219790.0,127318708.0,8.119203,-2.4548,125.661722,8.816888,13.472025,31.340527
sz.002758,浙农股份,2016-03-29,17.44563535,17.97147495,16.77247,17.2620448,1875118.0,143392362.0,13.3937,4.4719,90.839164,8.283305,3.496053,35.247922
sz.002758,浙农股份,2016-03-30,17.2756441,18.631041,17.044456,18.46104975,1846142.0,143706021.0,13.186729,6.9459,97.148765,8.858655,3.738886,37.696209
sz.002758,浙农股份,2016-03-31,18.359055,19.39486835,18.23439475,18.55171175,1688218.0,139763652.0,12.0587,0.4911,97.625861,8.90216,3.757248,37.881335
sz.002759,天际股份,2016-03-29,13.65357222,13.65357222,13.65357222,13.65357222,0.0,0.0,,0.0,58.30215,6.413439,8.428708,37.509193
sz.002759,天际股份,2016-03-30,13.65357222,13.65357222,13.65357222,13.65357222,0.0,0.0,,0.0,58.30215,6.413439,8.428708,37.509193
sz.002759,天际股份,2016-03-31,13.65357222,13.65357222,13.65357222,13.65357222,0.0,0.0,,0.0,58.30215,6.413439,8.428708,37.509193
sz.002760,凤形股份,2016-03-29,44.13682374,44.9839236,41.75131264,42.10183672,1802799.0,79534842.0,8.194541,-6.4677,120.598082,6.763114,8.976075,328.967498
sz.002760,凤形股份,2016-03-30,42.1602574,43.26051354,42.1602574,42.841832,1505600.0,66028320.0,6.843636,1.7576,122.717753,6.881984,9.133842,334.749535
sz.002760,凤形股份,2016-03-31,42.96841014,44.95471326,42.42315046,43.3773549,2229719.0,99329189.0,10.135086,1.25,124.251724,6.968009,9.248015,338.933904
sz.002761,浙江建投,2016-03-29,10.4543768,10.51493569,9.74679398,9.85834983,7076093.0,225387596.0,23.586977,-8.1651,99.641208,5.86787,6.222452,-169.981945
sz.002761,浙江建投,2016-03-30,9.89659755,10.4543768,9.88703562,10.3268844,4786228.0,152356977.0,15.954093,4.7527,104.376824,6.14675,6.518184,-178.060622
sz.002761,浙江建投,2016-03-31,10.3268844,10.54680879,10.21532855,10.37469405,5378368.0,175589437.0,17.927893,0.463,104.86005,6.175207,6.548361,-178.884976
sz.002762,*ST金比,2016-03-29,16.20647712,16.20647712,16.20647712,16.20647712,0.0,0.0,,0.0,89.813147,7.661214,16.85724,15.50567
sz.002762,*ST金比,2016-03-30,16.20647712,16.20647712,16.20647712,16.20647712,0.0,0.0,,0.0,89.813147,7.661214,16.85724,15.50567
sz.002762,*ST金比,2016-03-31,16.20647712,16.20647712,16.20647712,16.20647712,0.0,0.0,,0.0,89.813147,7.661214,16.85724,15.50567
sz.002763,汇洁股份,2016-03-29,12.05672468,12.18817292,11.67698532,11.8303416,1408995.0,45880933.0,2.60925,-2.965,42.285587,4.642597,3.707669,50.244288
sz.002763,汇洁股份,2016-03-30,11.91432242,12.37073992,11.91432242,12.33787786,1672438.0,55769585.0,3.097107,4.2901,44.099691,4.84177,3.866733,52.39983
sz.002763,汇洁股份,2016-03-31,12.3780426,13.10100792,12.3780426,12.9987704,4259383.0,150220418.0,7.887746,5.3566,46.461942,5.101125,4.073859,55.206686
sz.002765,蓝黛科技,2016-03-29,10.76691396,10.85807767,10.23432597,10.33508586,2196433.0,47754732.0,4.22391,-3.8393,60.509535,4.487724,5.719289,18.739631
sz.002765,蓝黛科技,2016-03-30,10.4118553,10.86287576,10.38786485,10.8436834,2680835.0,59749762.0,5.155452,4.9211,63.487255,4.708568,6.00074,19.661823
sz.002765,蓝黛科技,2016-03-31,10.87727003,11.16995352,10.8436834,10.8916643,3213866.0,73587217.0,6.180512,0.4425,63.768172,4.729403,6.027292,19.748822
sz.002766,索菱股份,2016-03-29,15.74053254,15.74053254,15.74053254,15.74053254,0.0,0.0,,0.0,84.222899,6.059411,7.179607,21.615919
sz.002766,索菱股份,2016-03-30,15.74053254,15.74053254,15.74053254,15.74053254,0.0,0.0,,0.0,84.222899,6.059411,7.179607,21.615919
sz.002766,索菱股份,2016-03-31,15.74053254,15.74053254,15.74053254,15.74053254,0.0,0.0,,0.0,84.222899,6.059411,7.179607,21.615919
sz.002767,先锋电子,2016-03-29,23.87464569,24.142167,22.58271351,22.85023482,1735516.0,61658397.0,6.942064,-5.0434,66.239188,5.808958,12.028271,11.285579
sz.002767,先锋电子,2016-03-30,23.0329323,24.12259227,23.0329323,24.11606736,1392395.0,50250429.0,5.56958,5.5397,69.908635,6.130756,12.694601,11.910766
sz.002767,先锋电子,2016-03-31,24.10301754,24.8599071,24.03124353,24.24004065,1617360.0,60613345.0,6.46944,0.5141,70.268014,6.162273,12.75986,11.971995
sz.002768,国恩股份,2016-03-29,32.07116577,32.627385,28.587804,30.90279465,7033682.0,691362528.0,35.16841,-2.4809,110.136676,11.13094,10.607519,72.492296
sz.002768,国恩股份,2016-03-30,31.295164,33.99495576,30.828072,33.99495576,22294622.0,792300096.0,37.157703,10.006,120.901166,12.218851,11.644272,79.577515
sz.002768,国恩股份,2016-03-31,36.433176,37.39538552,35.966084,37.39538552,8257386.0,324840336.0,13.76231,10.0027,132.994605,13.441071,12.809019,87.537454
sz.002769,普路通,2016-03-29,25.888849,25.99396162,24.136972,24.43284456,4163415.0,266298311.0,11.252473,-6.8428,55.314026,9.301136,2.548238,29.804595
sz.002769,普路通,2016-03-30,24.7403963,26.5506692,24.7403963,26.278155,3432389.0,226105116.0,9.276727,7.5526,59.491663,10.003611,2.740696,32.055611
sz.002769,普路通,2016-03-31,26.56234838,28.36872822,26.56234838,27.2124894,3644376.0,256462891.0,9.849665,3.5556,61.606922,10.359295,2.838143,33.195366
sz.002771,真视通,2016-03-29,30.67907,30.67907,30.67907,30.67907,0.0,0.0,,0.0,110.193149,12.752757,9.330984,36.51681
sz.002771,真视通,2016-03-30,30.67907,30.67907,30.67907,30.67907,0.0,0.0,,0.0,110.193149,12.752757,9.330984,36.51681
sz.002771,真视通,2016-03-31,30.67907,30.67907,30.67907,30.67907,0.0,0.0,,0.0,110.193149,12.752757,9.330984,36.51681
sz.002772,众兴菌业,2016-03-29,20.39565,20.50986564,19.05361623,19.53087444,8296128.0,402668432.0,22.271485,-3.6038,65.229049,7.234793,15.559275,-139.854247
sz.002772,众兴菌业,2016-03-30,19.68180225,20.84843343,19.60021965,20.57105259,10820152.0,537953280.0,29.047388,5.3258,68.703027,7.620105,16.387934,-147.302625
sz.002772,众兴菌业,2016-03-31,20.5588152,21.41951163,20.2732761,20.38749174,10766043.0,549477632.0,28.902129,-0.8923,68.089972,7.552108,16.2417,-145.988205
sz.002773,康弘药业,2016-03-29,31.51483236,31.6522448,30.16913812,30.325504,545524.0,35366509.0,1.196325,-3.7594,73.107702,12.214731,13.879412,32.488839
sz.002773,康弘药业,2016-03-30,30.4202712,31.26369928,30.4202712,31.1310252,484761.0,31671539.0,1.063072,2.6562,75.049626,12.539185,14.248084,33.351823
sz.002773,康弘药业,2016-03-31,31.18314716,31.8891628,31.154717,31.33003632,574423.0,38200627.0,1.2597,0.6393,75.529395,12.619344,14.339167,33.565031
sz.002775,文科股份,2016-03-29,9.13897985,9.18997625,8.71400985,8.8563748,2146758.0,89846389.0,7.15586,-3.6969,51.604471,4.655943,4.781901,20.271543
sz.002775,文科股份,2016-03-30,8.9201203,9.4640819,8.8988718,9.46195705,2354183.0,101633868.0,7.847277,6.8378,55.133087,4.974307,5.108879,21.657673
sz.002775,文科股份,2016-03-31,9.5405765,9.9187998,9.52995225,9.561825,3006189.0,137651024.0,10.02063,1.0555,55.714999,5.026809,5.162801,21.886263
sz.002777,久远银海,2016-03-29,18.621235,18.621235,17.1315362,17.64117,6195360.0,567370288.0,30.9768,2.2727,126.907356,35.176374,16.015507,239.938898
sz.002777,久远银海,2016-03-30,18.00967444,19.405287,18.00771431,19.24455634,5762424.0,555395120.0,28.81212,9.0889,138.441824,38.373515,17.471138,261.746678
sz.002777,久远银海,2016-03-31,18.9152545,21.169404,18.621235,21.169404,5539461.0,561831792.0,27.697305,10.002,150.988998,20.57343,19.207773,41.792736
sz.002778,中晟高科,2016-03-29,26.06091107,26.73519978,25.0946623,25.36576807,2165734.0,79599431.0,9.711812,-3.5931,91.945732,8.193109,5.6352,-1429.564355
sz.002778,中晟高科,2016-03-30,25.720291,26.54055974,25.59516526,26.33201684,2204951.0,82995655.0,9.887673,3.8093,95.448187,8.505207,5.84986,-1484.020219
sz.002778,中晟高科,2016-03-31,26.64483119,27.3191199,26.38762828,27.08972271,3096846.0,119878345.0,13.887202,2.8775,98.194716,8.749945,6.01819,-1526.723018
sz.002779,中坚科技,2016-03-29,21.91217302,22.14169343,21.16740271,21.32666177,1715215.0,78680275.0,7.796432,-2.7552,80.454109,11.009392,8.69401,93.548955
sz.002779,中坚科技,2016-03-30,21.46718447,22.25411159,21.46718447,22.23537523,1619982.0,75781865.0,7.363555,4.2609,83.8822,11.478494,9.064455,97.535008
sz.002779,中坚科技,2016-03-31,22.44147519,23.22371822,22.3899502,22.483632,2918118.0,141761401.0,13.264173,1.1165,84.81874,11.606651,9.16566,98.623981
sz.002780,三夫户外,2016-03-29,36.296762,36.3990064,34.76820822,35.2998791,1602542.0,111010345.0,9.426718,-3.6153,149.413688,22.354343,14.105242,782.815054
sz.002780,三夫户外,2016-03-30,36.23541536,36.807984,35.6321734,36.807984,1234455.0,87872272.0,7.2615,4.2723,155.797039,23.30938,14.707856,816.258999
sz.002780,三夫户外,2016-03-31,36.041151,37.7793058,36.02070212,36.95112616,1916695.0,138696420.0,11.274676,0.3889,156.402916,23.400028,14.765053,819.43334
sz.002782,可立克,2016-03-29,11.84139736,11.9299036,11.29929664,11.39149064,4767718.0,148866881.0,11.191826,-4.5426,91.473323,11.57111,7.075027,-616.112764
sz.002782,可立克,2016-03-30,11.49106016,12.04791192,11.49106016,12.04791192,4918007.0,156714317.0,11.544617,5.7624,96.744366,12.237881,7.482717,-651.615539
sz.002782,可立克,2016-03-31,12.22861216,12.63795352,12.08110176,12.36874704,7880553.0,263847650.0,18.498951,2.663,99.320663,12.563775,7.681982,-668.968019
sz.002783,凯龙股份,2016-03-29,16.2786659,16.2786659,15.578751,15.67583597,1742254.0,122418893.0,8.348126,-4.0094,59.377414,8.364464,6.507176,-112.729101
sz.002783,凯龙股份,2016-03-30,15.8271079,16.3463996,15.8271079,16.29221264,1590306.0,113312514.0,7.620057,3.932,61.712144,8.693356,6.763039,-117.16163
sz.002783,凯龙股份,2016-03-31,16.36446192,16.82730887,16.33736844,16.7528018,2556649.0,188663845.0,12.250355,2.827,63.456778,8.939122,6.954233,-120.473849
sz.002785,万里石,2016-03-29,24.07211213,24.39134445,23.21417527,23.52343158,5794395.0,137550079.0,11.58879,-2.2793,225.293445,8.86359,7.330628,-212.851301
sz.002785,万里石,2016-03-30,23.77283183,24.36141642,23.56333562,24.33148839,6472571.0,155856271.0,12.945142,3.4351,233.032533,9.168064,7.582443,-220.162987
sz.002785,万里石,2016-03-31,24.29158435,24.8402649,24.15192021,24.39134445,6831501.0,167876096.0,13.663002,0.246,233.605798,9.190618,7.601096,-220.704593
sz.002786,银宝山新,2016-03-29,11.27184908,11.48988602,10.74657827,10.83247161,3121573.0,103768556.0,9.822445,-4.1228,54.769904,6.622814,1.734369,-436.926526
sz.002786,银宝山新,2016-03-30,11.00425829,11.4634573,10.9679188,11.44033217,2997685.0,101484644.0,9.432615,5.6115,57.843299,6.994451,1.831692,-461.444513
sz.002786,银宝山新,2016-03-31,11.53943987,12.08453222,11.50310038,11.78060194,4925703.0,175660896.0,15.49938,2.9743,59.563732,7.202487,1.886172,-475.169256
sz.002787,华源控股,2016-03-29,14.0648615,14.15247867,13.42387273,13.5576042,2830959.0,83993000.0,8.042497,-3.3531,48.16005,7.739334,4.565352,-724.338102
sz.002787,华源控股,2016-03-30,13.7420614,14.295433,13.70055853,14.29082157,3455038.0,104810353.0,9.815449,5.4082,50.764624,8.15789,4.812254,-763.511489
sz.002787,华源控股,2016-03-31,14.35999302,14.69662741,14.30004443,14.44299876,4120336.0,129340487.0,11.7055,1.0649,51.305196,8.24476,4.863497,-771.641815
sz.002788,鹭燕医药,2016-03-29,13.81125594,13.82594564,13.15609532,13.23248176,4304035.0,197031753.0,13.429126,-4.778,50.36609,8.243284,0.875448,97.793517
sz.002788,鹭燕医药,2016-03-30,13.3823167,13.77600066,13.367627,13.74662126,3465607.0,160301859.0,10.813126,3.8854,52.323031,8.563572,0.909463,101.59322
sz.002788,鹭燕医药,2016-03-31,13.81419388,14.08448436,13.6908004,13.86120092,4418813.0,208684588.0,13.787248,0.8335,52.75915,8.63495,0.917044,102.440012
sz.002789,*ST建艺,2016-03-29,33.7488186,33.7546104,31.1656758,31.6116444,5403474.0,300984256.0,26.618099,-6.8283,55.701411,7.543159,2.391137,-2448.387856
sz.002789,*ST建艺,2016-03-30,32.1329064,32.781588,31.7448558,32.549916,3540497.0,197311543.0,17.440872,2.9681,57.354696,7.767049,2.462108,-2521.05895
sz.002789,*ST建艺,2016-03-31,32.9437584,33.215973,32.1618654,32.231367,3729486.0,210267492.0,18.371852,-0.9786,56.793396,7.691037,2.438013,-2496.386665
sz.002790,瑞尔特,2016-03-29,13.6128282,13.6469689,12.7282737,12.8369032,6408188.0,270616880.0,16.02047,-6.0854,42.570821,11.638842,8.118408,-1322.909705
sz.002790,瑞尔特,2016-03-30,12.9144957,13.1845176,12.8431106,13.1689991,5068606.0,212775160.0,12.671515,2.587,43.672145,11.939943,8.328434,-1357.133916
sz.002790,瑞尔特,2016-03-31,13.190725,13.3241841,13.0510585,13.0789918,4739277.0,201197772.0,11.848192,-0.6835,43.373655,11.858336,8.271511,-1347.858195
sz.002791,坚朗五金,2016-03-29,18.14142564,19.79180472,18.14142564,19.79180472,34710.0,1076707.0,0.078246,43.9963,30.926246,5.102865,2.861536,-301.883205
sz.002791,坚朗五金,2016-03-30,21.77353404,21.77353404,21.77353404,21.77353404,13624.0,465532.0,0.030712,10.0129,34.022853,5.613808,3.148058,-332.110402
sz.002791,坚朗五金,2016-03-31,23.95279908,23.95279908,23.95279908,23.95279908,28237.0,1061428.0,0.063654,10.0088,37.428126,6.175682,3.46314,-365.350601
sz.002792,通宇通讯,2016-03-29,11.76870387,11.76870387,11.76870387,11.76870387,7316.0,265790.0,0.024387,9.9909,22.023658,5.110542,4.101842,-36.988331
sz.002792,通宇通讯,2016-03-30,12.94460244,12.94460244,12.94460244,12.94460244,3800.0,151848.0,0.012667,9.9917,24.224205,5.621174,4.511688,-40.68411
sz.002792,通宇通讯,2016-03-31,14.24035844,14.24035844,14.24035844,14.24035844,14900.0,655004.0,0.049667,10.01,26.649051,6.183855,4.963308,-44.756594
sh.600000,浦发银行,2016-03-30,8.706039,8.854017,8.706039,8.8145562,35562148.0,634175200.0,0.190646,2.4069,6.940962,1.299076,2.396558,1.822752
sh.600000,浦发银行,2016-03-31,8.8688148,8.9181408,8.7405672,8.8441518,23762112.0,425380432.0,0.127387,0.3358,6.964267,1.303438,2.404605,1.828872
sh.600004,白云机场,2016-03-30,7.53437748,7.75706844,7.5158199,7.74469672,10814416.0,133888978.0,0.940384,3.5567,11.345686,1.558308,2.550947,-20.779574
sh.600004,白云机场,2016-03-31,7.6704664,7.75706844,7.6395371,7.6704664,10320709.0,128317185.0,0.897453,-0.9585,11.236942,1.543372,2.526497,-20.580409
sh.600006,东风股份,2016-03-30,5.73060663,5.73060663,5.73060663,5.73060663,0.0,0.0,,0.0,43.312606,1.940397,0.775699,94.267665
sh.600006,东风股份,2016-03-31,5.73060663,5.73060663,5.73060663,5.73060663,0.0,0.0,,0.0,43.312606,1.940397,0.775699,94.267665
sh.600007,中国国贸,2016-03-30,11.04416241,11.32450855,11.04416241,11.31713102,2939732.0,44712127.0,0.291848,2.6087,24.620372,2.734806,6.803091,-48.667683
sh.600007,中国国贸,2016-03-31,11.37615126,11.37615126,11.1400703,11.19909054,2506163.0,38122086.0,0.248804,-1.043,24.363576,2.706281,6.732133,-48.160067
sh.600008,首创环保,2016-03-30,2.8865574,2.98045746,2.82743514,2.96654634,84284821.0,703025584.0,3.49685,2.2782,38.339936,2.728283,2.911554,53.013111
sh.600008,首创环保,2016-03-31,2.97697968,2.98045746,2.92481298,2.94220188,43734259.0,370936720.0,1.814468,-0.8206,38.025305,2.705893,2.887661,52.578068
sh.600009,上海机场,2016-03-30,27.2644566,27.6347718,27.09781476,27.39406692,6201691.0,183766965.0,0.567154,1.3009,22.524278,2.806093,9.07161,39.224133
sh.600009,上海机场,2016-03-31,27.4959036,28.12543944,27.4033248,27.85696092,11617696.0,350046096.0,1.062455,1.6898,22.904884,2.853509,9.224898,39.886927
sh.600010,包钢股份,2016-03-30,2.0815377,2.10976194,2.06742558,2.10270588,64089331.0,189868142.0,0.407123,2.0548,-50.425062,1.961298,4.096589,31.378176
sh.600010,包钢股份,2016-03-31,2.10270588,2.10976194,2.07448164,2.08859376,52593910.0,156186896.0,0.334099,-0.6711,-50.086639,1.948134,4.069095,31.167585
sh.600011,华能国际,2016-03-30,6.0564104,6.1947548,6.0564104,6.187069,24686423.0,197024681.0,0.235109,2.6786,8.875863,1.540923,0.949251,-22.074584
sh.600011,华能国际,2016-03-31,6.2101264,6.2101264,6.110211,6.1255826,16063846.0,128431248.0,0.152989,-0.9938,8.787655,1.525609,0.939818,-21.855209
sh.600012,皖通高速,2016-03-30,9.1138096,9.2211888,8.993008,9.2077664,9570435.0,129957349.0,0.821074,3.003,24.26371,2.803662,9.376219,92.391636
sh.600012,皖通高速,2016-03-31,9.2279,9.328568,9.0802536,9.1138096,8326060.0,113651710.0,0.714315,-1.0204,24.016121,2.775053,9.280543,91.448864
sh.600015,华夏银行,2016-03-30,5.37505155,5.46062451,5.36435493,5.44457958,29202916.0,296349248.0,0.375107,1.9019,5.760691,0.969839,1.848602,1.040779
sh.600015,华夏银行,2016-03-31,5.47132113,5.49271437,5.42318634,5.43388296,21541389.0,219459036.0,0.276696,-0.1965,5.749373,0.967934,1.84497,1.038734
sh.600016,民生银行,2016-03-30,4.6261325,4.70306375,4.60048875,4.6876775,75089889.0,681081728.0,0.254096,2.2371,7.232029,1.140085,2.15947,-41.012924
sh.600016,民生银行,2016-03-31,4.70306375,4.7081925,4.6466475,4.67229125,34874010.0,317617024.0,0.11801,-0.3282,7.208291,1.103458,2.152382,-58.60041
sh.600017,日照港,2016-03-30,4.2142,4.515848,4.152096,4.453744,140325223.0,688489968.0,4.562452,6.3559,43.391387,1.520533,3.416038,-119.087938
sh.600017,日照港,2016-03-31,4.436,4.684416,4.382768,4.631184,133866248.0,691884624.0,4.352448,3.9841,45.120127,1.581112,3.552135,-123.832478
sh.600018,上港集团,2016-03-30,3.74493004,3.81207022,3.74493004,3.8046102,24284641.0,123280873.0,0.106721,2.0,18.009383,1.98271,4.004826,50.882378
sh.600018,上港集团,2016-03-31,3.82699026,4.16269116,3.8046102,4.1403111,152142008.0,817102848.0,0.668604,8.8235,19.598447,2.157654,4.358193,55.371999
sh.600019,宝钢股份,2016-03-30,3.13241412,3.18069796,3.11430768,3.17466248,41721244.0,218099913.0,0.254022,2.5341,90.134383,0.760064,0.52775,-16.749735
sh.600019,宝钢股份,2016-03-31,3.17466248,3.18673344,3.15052056,3.168627,40735392.0,214035528.0,0.248019,-0.1901,85.355792,0.766418,0.526785,-39.614377
sh.600020,中原高速,2016-03-30,4.05486084,4.13239164,4.05486084,4.12463856,21600315.0,113808529.0,0.961137,2.5048,8.20012,1.396092,2.282809,58.599172
sh.600020,中原高速,2016-03-31,4.15565088,4.19441628,4.14014472,4.16340396,27309700.0,146487001.0,1.215184,0.9398,8.277189,1.409213,2.304264,59.149916
sh.600021,上海电力,2016-03-30,9.47607618,9.61713861,9.44288502,9.60884082,14192217.0,163178937.0,0.663269,2.4779,18.596058,2.41571,1.456996,15.542149
sh.600021,上海电力,2016-03-31,9.65032977,9.79968999,9.63373419,9.67522314,16895799.0,197867543.0,0.78962,0.6908,18.724528,2.432399,1.467062,15.649521
sh.600022,山东钢铁,2016-03-30,1.85586138,1.89141428,1.8487508,1.8843037,23481449.0,61789115.0,0.364829,1.9231,-18.865556,1.41452,0.511838,-9.983135
sh.600022,山东钢铁,2016-03-31,1.89141428,1.89852486,1.87008254,1.89141428,27153185.0,71870241.0,0.421876,0.3774,-18.936747,1.419858,0.513769,-10.020807
sh.600023,浙能电力,2016-03-30,3.73244625,3.79431,3.7255725,3.79431,34083528.0,186834349.0,1.140833,2.4119,10.221908,1.391418,1.76622,27.473594
sh.600023,浙能电力,2016-03-31,3.81493125,3.85617375,3.78743625,3.8355525,44190016.0,245668847.0,1.479114,1.087,10.333016,1.406542,1.785418,27.77222
sh.600026,中远海能,2016-03-30,5.4753985,5.55121171,5.43328005,5.55121171,31788004.0,207062805.0,1.161828,2.648,68.185972,1.034007,2.07968,-73.127757
sh.600026,中远海能,2016-03-31,5.56805909,5.66071968,5.52594064,5.59333016,31499389.0,209703056.0,1.15128,0.7587,68.703316,1.041853,2.095459,-73.682596
sh.600027,华电国际,2016-03-30,3.7627335,3.8166795,3.749247,3.8166795,32932310.0,185032701.0,0.554411,1.982,7.255695,1.317583,0.786097,16.169147
sh.600027,华电国际,2016-03-31,3.8166795,3.82342275,3.78296325,3.80993625,26080194.0,147285961.0,0.439056,-0.1767,7.242876,1.315255,0.784708,16.140579
sh.600028,中国石化,2016-03-30,2.48852468,2.6352281,2.48852468,2.57002658,425936048.0,2019017200.0,0.445737,4.185,17.780819,0.84793,0.283655,9.794367
sh.600028,中国石化,2016-03-31,2.57546004,2.61892772,2.5537262,2.58632696,231981828.0,1105397824.0,0.242766,0.6343,17.893593,0.853308,0.285454,9.856487
sh.600029,南方航空,2016-03-30,5.9544371,6.05974065,5.9161449,6.05974065,69027991.0,432411600.0,0.982934,2.4272,12.013377,1.561123,0.555791,-5.461394
sh.600029,南方航空,2016-03-31,6.1076059,6.126752,6.02144845,6.04059455,70863166.0,449037152.0,1.009066,-0.316,16.086432,1.589818,0.55576,-4.937343
sh.600030,中信证券,2016-03-30,13.09839985,13.46077633,13.09839985,13.34753368,194669842.0,3433495968.0,1.98346,3.2107,10.819655,1.539675,3.824563,2.788852
sh.600030,中信证券,2016-03-31,13.43057829,13.74765771,13.2871376,13.4381278,186468309.0,3330753168.0,1.899895,0.6787,10.893092,1.550125,3.850522,2.807781
sh.600031,三一重工,2016-03-30,4.71897252,4.8204558,4.71051558,4.79508498,32412357.0,182790613.0,0.426832,2.3466,-51.127281,1.904083,1.952981,-10.694836
sh.600031,三一重工,2016-03-31,4.83736968,4.8627405,4.76971416,4.81199886,31330614.0,178438636.0,0.412587,0.3527,-51.307624,1.910799,1.95987,-10.732561
sh.600033,福建高速,2016-03-30,2.31712182,2.36510955,2.31712182,2.35825416,14139173.0,48367316.0,0.515201,2.0772,16.367283,1.183927,3.662879,41.414976
sh.600033,福建高速,2016-03-31,2.36510955,2.39253111,2.35139877,2.37882033,21577082.0,74701871.0,0.786222,0.8721,16.510021,1.194252,3.694823,41.776154
sh.600035,楚天高速,2016-03-30,3.7808186,3.84502118,3.7451505,3.84502118,16318154.0,86969241.0,1.122774,2.277,19.102841,1.941719,6.415006,-27.617188
sh.600035,楚天高速,2016-03-31,3.83788756,3.85928842,3.79508584,3.82362032,18093864.0,97031455.0,1.244952,-0.5566,18.131207,1.915341,6.330071,-43.518426
sh.600036,招商银行,2016-03-30,10.47712291,10.8155227,10.47048762,10.77571096,29675475.0,478252592.0,0.143854,2.8499,7.104305,1.173682,2.03299,5.573447
sh.600036,招商银行,2016-03-31,10.8155227,10.84869915,10.62973458,10.67618161,25949603.0,418715088.0,0.125792,-0.9236,7.033197,1.124669,2.014123,2.468713
sh.600037,歌华有线,2016-03-30,13.15402758,13.7351292,13.15402758,13.65588807,22105658.0,337005760.0,1.892037,4.6559,32.059666,2.696803,8.405726,46.170536
sh.600037,歌华有线,2016-03-31,13.76154291,14.12253028,13.70871549,13.95524345,28092405.0,444172448.0,2.404447,2.1921,32.762457,2.75592,8.589991,47.182656
sh.600038,中直股份,2016-03-30,39.66191892,40.9613835,39.66191892,40.80130453,5273578.0,226720328.0,1.343073,3.9089,58.44178,3.900338,2.036175,-176.835468
sh.600038,中直股份,2016-03-31,40.9613835,41.67703066,40.3963989,40.98021632,6468409.0,281399968.0,1.647373,0.4385,58.698045,3.917441,2.045104,-177.610883
sh.600039,四川路桥,2016-03-30,2.04398508,2.04398508,2.04398508,2.04398508,0.0,0.0,,0.0,16.842988,1.53116,0.435743,8.766991
sh.600039,四川路桥,2016-03-31,2.04398508,2.04398508,2.04398508,2.04398508,0.0,0.0,,0.0,16.842988,1.53116,0.435743,8.766991
sh.600048,保利发展,2016-03-30,6.1877331,6.36972525,6.1742522,6.32928255,78528844.0,730377056.0,0.730045,2.8478,8.182121,1.536173,0.817804,17.108394
sh.600048,保利发展,2016-03-31,6.36972525,6.3764657,6.23491625,6.2551376,72070087.0,672241568.0,0.670001,-1.1715,8.086271,1.518178,0.808223,16.907976
sh.600050,中国联通,2016-03-30,3.5259615,3.62551806,3.51766512,3.6089253,99085700.0,428307568.0,0.46746,2.8369,26.559925,1.171869,0.332812,-26.052265
sh.600050,中国联通,2016-03-31,3.64211082,3.71677824,3.58403616,3.64211082,154928616.0,681078656.0,0.730913,0.9195,26.804154,1.182645,0.335873,-26.291827
sh.600051,宁波联合,2016-03-30,8.24554431,8.51126175,8.18741862,8.50295808,8489316.0,85588653.0,2.776173,3.1218,25.023319,1.696892,0.860755,-29.100321
sh.600051,宁波联合,2016-03-31,8.48635074,8.56108377,8.43652872,8.51126175,5916651.0,60603190.0,1.934861,0.0977,25.047756,1.698549,0.861595,-29.12874
sh.600052,东望时代,2016-03-30,6.44202598,6.62902238,6.32047832,6.57292346,17898277.0,123803794.0,2.053051,3.9941,-18.345906,3.306448,5.482746,-121.387347
sh.600052,东望时代,2016-03-31,6.56357364,6.62902238,6.44202598,6.46072562,14188122.0,98774970.0,1.627472,-1.707,-18.032747,3.250008,5.389157,-119.315302
sh.600053,九鼎投资,2016-03-30,38.2140135,39.1155975,37.6693065,39.0968145,6407044.0,261974759.0,1.477841,3.7896,62.987973,15.604493,16.060578,33.653916
sh.600053,九鼎投资,2016-03-31,39.0968145,40.7121525,38.7399375,38.8150695,6980124.0,295341504.0,1.610027,-0.7206,62.53406,15.492042,15.94484,33.411394
sh.600054,黄山旅游,2016-03-30,13.8885712,14.3760981,13.793444,14.26313455,4276309.0,101402907.0,3.635699,3.2716,41.501786,4.019082,7.459433,20.876546
sh.600054,黄山旅游,2016-03-31,14.26908,14.5663525,14.12044375,14.3404254,4602183.0,111082525.0,3.912755,0.5419,41.726681,4.040861,7.499855,20.989675
sh.600055,万东医疗,2016-03-30,12.07200124,12.41176222,11.92099636,12.29850856,9409003.0,272040032.0,4.346964,2.1247,191.119944,10.342612,8.643227,988.135583
sh.600055,万东医疗,2016-03-31,12.19364406,12.38659474,11.98810964,12.00488796,5454392.0,158560877.0,2.519932,-2.3874,186.557053,10.095687,8.436874,964.544351
sh.600056,中国医药,2016-03-30,7.60132849,7.75731471,7.5593322,7.7393163,10607654.0,135718528.0,1.079985,2.7888,21.25697,2.41864,0.634967,14.951153
sh.600056,中国医药,2016-03-31,7.79331153,8.01529192,7.76931365,7.84730676,17217835.0,226719371.0,1.752981,1.3954,21.553579,2.452389,0.643827,15.159774
sh.600057,厦门象屿,2016-03-30,4.36703655,4.46697868,4.35400062,4.44959744,4592227.0,46734091.0,0.82993,3.1218,49.38321,3.0359,0.201241,1621.08511
sh.600057,厦门象屿,2016-03-31,4.47132399,4.50174116,4.41483496,4.4322162,3615132.0,37115723.0,0.653344,-0.3906,49.190307,3.024041,0.200454,1614.752747
sh.600058,五矿发展,2016-03-30,15.75,16.2,15.7,16.15,15219347.0,242974667.0,1.419833,3.7251,-19.507568,2.267157,0.22187,100.417916
sh.600058,五矿发展,2016-03-31,16.17,16.5,16.07,16.46,21689145.0,353986816.0,2.02341,1.9195,-4.463352,3.547644,0.284641,14.090403
sh.600059,古越龙山,2016-03-30,8.239518,8.56909872,8.239518,8.55078868,14643798.0,135374239.0,1.811176,4.1249,38.111013,2.02802,5.485282,-32.460976
sh.600059,古越龙山,2016-03-31,8.43177342,8.5599437,8.39515334,8.40430836,11310402.0,104457261.0,1.398895,-1.7131,55.68372,1.967757,5.394291,-109.886686
sh.600060,海信视像,2016-03-30,13.06766916,13.21924774,12.6847338,13.0836248,18989973.0,308641968.0,1.451299,1.0474,15.231464,1.895131,0.714261,-27.170369
sh.600060,海信视像,2016-03-31,13.0038466,13.45060452,12.94800186,13.27509248,17560100.0,292274704.0,1.342022,1.4634,15.454363,1.922865,0.724714,-27.567984
sh.600061,国投资本,2016-03-30,11.00078284,11.26697748,10.97763548,11.18596172,58265862.0,1121659472.0,2.969165,3.8689,15.843854,2.747222,3.925081,1.180972
sh.600061,国投资本,2016-03-31,11.2264696,11.60840104,10.9081934,11.0817986,58039531.0,1123078992.0,2.957632,-0.9312,15.642135,2.675383,3.9639,2.230953
sh.600062,华润双鹤,2016-03-30,9.74223144,9.97254424,9.73647362,9.95527078,5317953.0,91083751.0,0.930207,2.7332,18.948402,2.051219,2.437745,-21.139902
sh.600062,华润双鹤,2016-03-31,9.97254424,10.05315372,9.94375514,9.9898177,5809354.0,100861762.0,1.016161,0.347,19.014157,2.058337,2.446204,-21.213262
sh.600063,皖维高新,2016-03-30,4.24577862,4.34187649,4.22830628,4.33314032,23526799.0,115441466.0,1.570701,3.1185,74.737216,2.224755,2.342747,-131.893068
sh.600063,皖维高新,2016-03-31,4.34187649,4.39429351,4.31566798,4.33314032,25737575.0,128348367.0,1.718297,0.0,74.737216,2.224755,2.342747,-131.893068
sh.600064,南京高科,2016-03-30,4.63690771,4.74694639,4.6155113,4.73471987,11484110.0,175719131.0,1.486668,2.5828,14.107031,1.33001,3.082139,49.582872
sh.600064,南京高科,2016-03-31,4.79279584,5.15653481,4.78973921,5.04038287,28193765.0,458661616.0,3.649806,6.4558,15.017749,1.415873,3.281115,52.783832
sh.600066,宇通客车,2016-03-30,11.09760988,11.2059627,10.835282,11.0919071,28224601.0,545869360.0,1.482786,0.413,13.894272,3.848093,1.457041,-188.606666
sh.600066,宇通客车,2016-03-31,11.13182656,11.24017938,11.01777096,11.05198764,21421493.0,417420160.0,1.125383,-0.3599,13.844266,3.834243,1.451797,-187.927876
sh.600067,冠城新材,2016-03-30,5.46881922,5.59659537,5.46881922,5.58807696,17754893.0,115125717.0,1.19337,2.9827,45.939792,1.38207,1.318517,14.828656
sh.600067,冠城新材,2016-03-31,5.60511378,5.69029788,5.57955855,5.63066901,20762666.0,137566585.0,1.395533,0.7622,46.289943,1.392604,1.328567,14.941679
sh.600071,凤凰光学,2016-03-30,23.76,24.22,23.09,24.01,4743043.0,112133143.0,1.997302,2.2572,287.405951,11.12339,7.098457,59.917738
sh.600071,凤凰光学,2016-03-31,24.01,24.84,23.65,24.14,4605806.0,112438900.0,1.939512,0.5414,288.962085,11.183617,7.136891,60.242158
sh.600072,中船科技,2016-03-30,15.23499648,15.5968032,14.99053248,15.57724608,12784733.0,200358801.0,2.672229,3.9139,339.374151,6.6069,8.342233,144.102779
sh.600072,中船科技,2016-03-31,15.5968032,15.9390528,15.4501248,15.63591744,13787650.0,221478425.0,2.881856,0.3766,340.652397,6.631784,8.373654,144.645539
sh.600073,光明肉业,2016-03-30,10.1381905,10.3535149,9.96772535,10.21893715,35710335.0,404401552.0,3.80817,2.2442,93.948865,3.395062,1.085266,16.767302
sh.600073,光明肉业,2016-03-31,10.048472,10.4970645,9.9228661,10.21893715,37600455.0,428991776.0,4.009734,0.0,93.948865,3.395062,1.085266,16.767302
sh.600075,新疆天业,2016-03-30,6.50376048,6.7584258,6.34704336,6.70618676,20236324.0,204744227.0,4.613929,3.7374,109.544305,2.845804,1.979898,-125.11071
sh.600075,新疆天业,2016-03-31,6.71271664,7.019621,6.67353736,6.92820268,23356211.0,245484873.0,5.325271,3.3106,113.170893,2.940017,2.045445,-129.252642
sh.600076,康欣新材,2016-03-30,10.402433,10.8496404,10.402433,10.8399185,20746837.0,227427782.0,5.67573,4.4007,-775.89446,107.212698,837.920608,4488.170969
sh.600076,康欣新材,2016-03-31,10.7718652,11.1704631,10.7718652,10.9371375,20144568.0,227451969.0,5.510967,0.8969,-782.853155,108.174246,845.435591,4528.423624
sh.600078,澄星股份,2016-03-30,6.72891355,6.82573245,6.56432142,6.777323,33894708.0,234091512.0,5.11562,3.0928,285.235326,2.594496,1.813097,-25.398072
sh.600078,澄星股份,2016-03-31,6.6805041,6.79668678,6.64177654,6.69018599,19188503.0,132902598.0,2.896059,-1.2857,281.568014,2.561138,1.789786,-25.071525
sh.600079,ST人福,2016-03-30,16.6772658,16.6772658,16.05756412,16.41298126,67601539.0,1221714144.0,6.556933,8.2332,35.425069,2.938982,2.303739,30.326764
sh.600079,ST人福,2016-03-31,16.41298126,17.00534316,16.33096192,16.9506636,42973459.0,789994304.0,4.168161,3.276,36.585579,3.035262,2.379209,31.320256
sh.600080,金花股份,2016-03-30,10.46750508,10.67994522,10.34197227,10.67028885,10241354.0,111581136.0,3.354567,3.3676,132.898728,3.227769,4.620345,-279.005826
sh.600080,金花股份,2016-03-31,10.7185707,11.06620002,10.67028885,10.79582166,11003739.0,123757542.0,3.604287,1.1765,134.462242,3.265743,4.674702,-282.288247
sh.600081,东风科技,2016-03-30,15.252696,15.9781824,15.252696,15.9257376,15814705.0,283186960.0,5.043598,5.4398,31.103183,5.377341,1.240202,-351.772412
sh.600081,东风科技,2016-03-31,15.73344,15.9781824,15.4100304,15.5673648,15280864.0,274135376.0,4.873346,-2.2503,36.463225,5.17432,1.157428,36.071479
sh.600082,海泰发展,2016-03-30,5.912426,6.011296,5.882765,6.001409,8783188.0,52854383.0,1.388811,2.5338,-204.305515,2.253238,5.339045,15.511546
sh.600082,海泰发展,2016-03-31,6.03107,6.120053,5.991522,6.040957,10354279.0,63340336.0,1.637235,0.659,-205.651845,2.268086,5.374228,15.613764
sh.600084,中信尼雅,2016-03-30,5.92,6.07,5.92,6.05,11359769.0,68152649.0,1.138021,2.1959,272.152033,2.918235,14.614338,13.555566
sh.600084,中信尼雅,2016-03-31,6.05,6.24,6.02,6.09,20671524.0,126691189.0,2.070872,0.6612,273.951385,2.937529,14.710962,13.64519
sh.600085,同仁堂,2016-03-30,25.71437697,27.10602026,25.67005712,27.07942835,26701788.0,802931280.0,1.946946,6.187,47.874083,5.88631,3.876338,304.632565
sh.600085,同仁堂,2016-03-31,27.07942835,27.15034011,26.45895045,26.74259749,16983220.0,513249232.0,1.238322,-1.2439,47.278596,5.813092,3.828122,300.843355
sh.600088,中视传媒,2016-03-30,17.1422082,17.7852445,17.1259288,17.7608254,3873451.0,83559258.0,1.168737,3.9048,132.508347,6.214695,11.456072,-679.854952
sh.600088,中视传媒,2016-03-31,17.7119872,18.2736265,17.7119872,17.9968767,4776023.0,106258518.0,1.44107,1.3291,134.269457,6.297292,11.60833,-688.890604
sh.600089,特变电工,2016-03-30,5.15658227,5.2783913,5.15658227,5.27259087,27547843.0,248198054.0,0.866796,2.9445,15.658446,1.44117,0.796832,493.496368
sh.600089,特变电工,2016-03-31,5.31899431,5.33059517,5.27259087,5.28419173,34146118.0,311727232.0,1.074411,0.22,15.692898,1.444341,0.798586,494.582168
sh.600094,大名城,2016-03-30,6.89813511,7.10017254,6.87889345,7.08093088,30878700.0,224657301.0,1.703336,3.5162,26.252266,2.576673,1.909755,-4.915783
sh.600094,大名城,2016-03-31,7.19638084,7.38879744,7.10017254,7.24448499,68413787.0,515947936.0,3.773852,2.3098,26.858636,2.636189,1.953866,-5.029327
sh.600095,湘财股份,2016-03-30,8.797392,9.0744,8.797392,9.02664,11790086.0,110837781.0,3.263569,3.8461,234.197007,4.74891,12.901297,25.966373
sh.600095,湘财股份,2016-03-31,9.036192,9.189024,8.950224,9.0744,9790106.0,93165012.0,2.709962,0.5291,235.436145,4.774036,12.969558,26.103762
sh.600096,云天化,2016-03-30,8.15103452,8.27786597,8.07493565,8.25249968,24322488.0,235295835.0,4.665956,3.3898,128.118171,2.301002,0.257913,-6.905482
sh.600096,云天化,2016-03-31,8.23558882,8.30323226,8.1172128,8.18485624,19296887.0,187115113.0,3.701859,-0.8197,127.068022,2.282141,0.255799,-6.848879
sh.600097,开创国际,2016-03-30,14.17238136,14.58662385,14.17238136,14.51611449,5152552.0,84403476.0,2.543241,2.9375,71.604874,3.65987,5.368733,49.660587
sh.600097,开创国际,2016-03-31,14.51611449,14.58662385,14.1900087,14.40153678,5675508.0,92784197.0,2.801366,-0.7893,71.039687,3.630982,5.326357,49.268609
sh.600098,广州发展,2016-03-30,6.44071725,6.59685585,6.41729646,6.56562813,9864079.0,82278416.0,0.361826,2.8117,19.092102,1.589405,1.256333,-178.199921
sh.600098,广州发展,2016-03-31,6.67492515,6.69834594,6.4797519,6.51878655,10279545.0,86278077.0,0.377065,-0.7134,18.955892,1.578066,1.24737,-176.928578
sh.600099,林海股份,2016-03-30,10.0015446,10.414182,10.0015446,10.4043573,9073738.0,94169717.0,4.14099,4.7478,983.139903,4.909958,6.499876,653.308795
sh.600099,林海股份,2016-03-31,10.4534808,10.7580465,10.4338314,10.6597995,7975602.0,85823455.0,3.639833,2.4551,1007.277427,5.030504,6.659457,669.348482
sh.600100,同方股份,2016-03-30,11.65482836,12.01299169,11.57738764,11.96459124,55914830.0,680628528.0,2.700937,4.2159,30.54712,2.137601,1.328,26.306577
sh.600100,同方股份,2016-03-31,12.03235187,12.61315727,11.96459124,12.40019529,104387820.0,1327226688.0,5.042399,3.6408,31.659273,2.215426,1.376349,27.264341
sh.600101,明星电力,2016-03-30,5.91942628,6.06727504,5.886571,6.05632328,11527156.0,125573809.0,3.5558,3.4612,40.2471,1.888319,2.827679,-102.124321
sh.600101,明星电力,2016-03-31,6.05632328,6.29178612,6.03441976,6.28083436,19950273.0,225104245.0,6.154092,3.7071,41.739081,1.95832,2.932502,-105.910123
sh.600103,青山纸业,2016-03-30,3.86235304,4.03384748,3.85489676,4.01893492,29546743.0,157159804.0,2.782594,4.8638,-86.570221,4.954461,2.725017,-904.108107
sh.600103,青山纸业,2016-03-31,4.04876004,4.04876004,3.9518284,3.98165352,19401732.0,104011310.0,1.827178,-0.9276,-85.767158,4.908501,2.699738,-895.721204
sh.600104,上汽集团,2016-03-30,12.95779746,13.27204745,12.9043081,13.21187192,13331456.0,261898231.0,0.120914,2.8096,7.55791,1.313996,0.343244,-13.89902
sh.600104,上汽集团,2016-03-31,13.29879213,13.5060634,13.19181341,13.41245702,24733931.0,495415472.0,0.224333,1.5182,7.672655,1.333945,0.348455,-14.110037
sh.600105,永鼎股份,2016-03-30,5.32613616,5.504373,5.29817744,5.49388848,12541564.0,193252175.0,3.292141,3.5573,68.413518,3.49207,3.816705,-61.212093
sh.600105,永鼎股份,2016-03-31,5.53582656,5.75250664,5.53582656,5.63368208,17699447.0,285708272.0,4.646077,2.5445,70.15432,3.580926,3.913822,-62.769652
sh.600106,重庆路桥,2016-03-30,4.9317996,5.20774553,4.84373175,5.18426077,41156412.0,350857168.0,4.533933,5.8753,35.66348,2.460578,25.021828,8.786912
sh.600106,重庆路桥,2016-03-31,5.1666472,5.18426077,4.9905115,5.01399626,42012112.0,362797328.0,4.6282,-3.2843,34.492199,2.379766,24.200047,8.498327
sh.600107,ST尔雅,2016-03-30,18.18,18.39,18.13,18.34,4315511.0,78845225.0,1.198753,1.382,6071.219197,12.52812,13.451759,-8.53032
sh.600107,ST尔雅,2016-03-31,18.42,19.38,18.42,19.29,9081318.0,171384043.0,2.522588,5.1799,6385.704379,13.177068,14.148552,-8.972185
sh.600108,亚盛集团,2016-03-30,5.4685812,5.57755655,5.41904695,5.57755655,55114455.0,305983824.0,2.830861,2.7372,83.075018,2.36347,4.881731,34.305587
sh.600108,亚盛集团,2016-03-31,5.5676497,5.6072771,5.47848805,5.53792915,53856086.0,300993248.0,2.766227,-0.7105,82.484787,2.346678,4.847047,34.061853
sh.600109,国金证券,2016-03-30,13.31354166,13.61885568,13.19326644,13.45232076,122153181.0,1771627360.0,4.30593,3.3404,18.634896,2.668569,6.516188,2.29168
sh.600109,国金证券,2016-03-31,13.45232076,13.82239836,13.20251838,13.35054942,97009879.0,1412447792.0,3.419622,-0.7565,18.493917,2.64838,6.466891,2.274342
sh.600110,诺德股份,2016-03-30,6.34761772,6.6202148,6.27946845,6.55206553,49924456.0,332285664.0,4.340079,3.858,53.560086,4.140231,4.484072,-309.834032
sh.600110,诺德股份,2016-03-31,6.56180114,6.60074358,6.46444504,6.51312309,44533927.0,299049552.0,3.871465,-0.5944,53.24175,4.115623,4.457421,-307.992523
sh.600111,北方稀土,2016-03-30,12.12573116,12.29909348,12.01978752,12.279831,38337141.0,485386608.0,1.727517,2.4096,84.577017,5.578322,7.089671,-129.899484
sh.600111,北方稀土,2016-03-31,12.26056852,12.33761844,12.15462488,12.21241232,33997381.0,431511136.0,1.531962,-0.549,84.112673,5.547696,7.050747,-129.186311
sh.600113,浙江东日,2016-03-30,9.77273075,9.77273075,9.77273075,9.77273075,0.0,0.0,,0.0,253.498141,6.414039,9.65229,-1286.638773
sh.600113,浙江东日,2016-03-31,9.77273075,9.77273075,9.77273075,9.77273075,0.0,0.0,,0.0,253.498141,6.414039,9.65229,-1286.638773
sh.600114,东睦股份,2016-03-30,8.26501684,8.66898728,8.2158853,8.41241146,11490640.0,177536859.0,3.095409,3.1459,43.31942,4.09279,4.531497,-162.134585
sh.600114,东睦股份,2016-03-31,8.44516582,8.80000472,8.44516582,8.64169198,16268154.0,258052569.0,4.382401,2.7255,44.500092,4.20434,4.655003,-166.553567
sh.600115,中国东航,2016-03-30,5.8158618,5.9028099,5.8062009,5.9028099,55486153.0,337102096.0,0.712987,2.3451,11.997384,2.254542,0.864309,-70.426748
sh.600115,中国东航,2016-03-31,5.9221317,5.9414535,5.8448445,5.8738272,58847542.0,358187904.0,0.75618,-0.491,17.593545,2.273737,0.851331,10.342044
sh.600116,三峡水利,2016-03-30,8.7686718,9.55814358,8.69001594,9.55814358,51632126.0,1646827328.0,17.443178,9.9899,52.418116,4.836957,8.253959,46.777884
sh.600116,三峡水利,2016-03-31,9.81159024,10.46705574,9.7008894,10.08834234,58832388.0,2025780544.0,19.875684,5.5471,55.325795,5.105267,8.711813,49.372695
sh.600117,西宁特钢,2016-03-30,6.12,6.4,6.03,6.35,26703902.0,165402646.0,3.602699,3.5889,-15.14637,2.150618,0.703763,-11.356234
sh.600117,西宁特钢,2016-03-31,6.36,6.43,6.13,6.24,18211904.0,113908772.0,2.45702,-1.7323,-14.883992,2.113363,0.691571,-11.159512
sh.600118,中国卫星,2016-03-30,33.8168772,34.8724441,33.410145,34.8143395,21224110.0,747817792.0,1.794867,4.7799,110.849378,9.254138,7.802407,-143.632295
sh.600118,中国卫星,2016-03-31,34.8821282,35.250124,34.4076073,34.572237,19920096.0,715667872.0,1.68459,-0.6954,110.07852,9.189783,7.748148,-142.633461
sh.600119,长江投资,2016-03-30,15.9878225,16.46991684,15.9878225,16.41088488,8037619.0,132565794.0,2.61471,3.2178,60.307887,6.112907,2.180321,136.454718
sh.600119,长江投资,2016-03-31,16.4305622,16.70604468,16.31249828,16.42072354,8993244.0,150869358.0,2.925584,0.06,60.344043,6.116572,2.181628,136.536526
sh.600120,浙江东方,2016-03-30,4.14196188,4.14196188,4.14196188,4.14196188,0.0,0.0,,0.0,17.047544,1.95735,1.30326,-372.779396
sh.600120,浙江东方,2016-03-31,4.14196188,4.14196188,4.14196188,4.14196188,0.0,0.0,,0.0,17.047544,1.95735,1.30326,-372.779396
sh.600121,郑州煤电,2016-03-30,3.9560391,4.0545297,3.93141645,4.0381146,6044664.0,29478580.0,0.595332,2.5,-26.120132,1.340409,0.294538,-57.207668
sh.600121,郑州煤电,2016-03-31,4.0545297,4.14481275,4.02990705,4.0709448,9297766.0,46180574.0,0.915726,0.813,-26.332491,1.351306,0.296932,-57.672771
sh.600123,兰花科创,2016-03-30,3.90420083,3.99549576,3.89883054,3.99012547,20114606.0,147679022.0,1.760732,2.7662,73.925238,0.874964,1.769621,-6.658093
sh.600123,兰花科创,2016-03-31,3.98475518,4.09753127,3.94716315,4.0277175,30226836.0,225582976.0,2.645907,0.9421,74.621707,0.883207,1.786293,-6.720821
sh.600125,铁龙物流,2016-03-30,5.73567445,5.9151814,5.7271265,5.8980855,16015708.0,108830780.0,1.226767,3.6036,32.04339,1.852819,1.42623,30.784698
sh.600125,铁龙物流,2016-03-31,5.95792115,6.12888015,5.90663345,6.00920885,26734024.0,187706178.0,2.047765,1.8841,32.647106,1.887727,1.453101,31.364699
sh.600126,杭钢股份,2016-03-30,4.5752964,4.6149666,4.5157911,4.5819081,9064761.0,62620382.0,1.080503,1.7621,-36.562133,5.098193,1.440663,111.811044
sh.600126,杭钢股份,2016-03-31,4.5819081,4.694307,4.5488496,4.5686847,8271034.0,57741707.0,0.985892,-0.2886,-36.456614,5.08348,1.436505,111.488357
sh.600127,金健米业,2016-03-30,5.67,5.82,5.66,5.81,8575185.0,49324188.0,1.57499,2.8319,-45.799578,4.613991,1.951146,35.337966
sh.600127,金健米业,2016-03-31,5.81,5.9,5.79,5.83,11361788.0,66408454.0,2.086801,0.3442,-45.957236,4.629874,1.957862,35.459612
sh.600128,苏豪弘业,2016-03-30,11.29218252,11.6941696,11.29218252,11.67589746,5874033.0,73990243.0,2.380392,3.818,54.01789,2.127323,0.802891,70.332881
sh.600128,苏豪弘业,2016-03-31,11.6941696,12.09615668,11.64848925,12.01393205,11945291.0,155882412.0,4.840707,2.8951,55.581788,2.188913,0.826135,72.369122
sh.600129,太极集团,2016-03-30,15.2926782,15.99567915,15.1000752,15.8512269,8909199.0,144129188.0,2.086982,5.1086,-72.790958,5.611403,0.971675,54.214373
sh.600129,太极集团,2016-03-31,16.0438299,16.563858,15.99567915,16.13050125,11119636.0,188017706.0,2.604777,1.7619,-74.073424,5.710267,0.988795,55.169547
sh.600130,*ST波导,2016-03-30,7.88,8.15,7.8,8.11,36359060.0,289711008.0,4.734253,3.9744,102.135776,6.456766,3.257964,64.553433
sh.600130,*ST波导,2016-03-31,8.23,8.92,8.16,8.67,90468324.0,783866496.0,11.77973,6.9051,109.188308,6.902609,3.482929,69.010883
sh.600131,国网信通,2016-03-30,7.23863104,7.46828304,7.2110728,7.4407248,9187240.0,73622085.0,2.312029,4.1131,32.241382,4.502018,4.362932,-501.776552
sh.600131,国网信通,2016-03-31,7.5325856,7.578516,7.38560832,7.3947944,8008293.0,65191557.0,2.01534,-0.6173,32.042361,4.474228,4.336,-498.679166
sh.600132,重庆啤酒,2016-03-30,10.12267869,10.32989046,10.0536081,10.31454144,3348826.0,44528496.0,0.691947,2.9096,75.786477,4.811051,1.948085,-61.730724
sh.600132,重庆啤酒,2016-03-31,10.35291399,10.47570615,10.29151791,10.39128654,4427634.0,59873030.0,0.914855,0.7441,76.350365,4.846848,1.962579,-62.19003
sh.600133,东湖高新,2016-03-30,7.5273822,7.92125685,7.36983234,7.7899653,53602281.0,462850432.0,9.964195,2.6528,26.15744,3.644773,0.819016,-28.573631
sh.600133,东湖高新,2016-03-31,7.69368483,7.74620145,7.51862943,7.54488774,36992028.0,322431216.0,6.876495,-3.1461,38.499636,3.194297,0.882094,20.513037
sh.600135,乐凯胶片,2016-03-30,14.466112,15.1554368,14.3981504,15.0292224,11612599.0,176846463.0,3.395497,2.7206,157.53899,3.584381,4.880036,15.335657
sh.600135,乐凯胶片,2016-03-31,15.2331072,15.728256,15.0874752,15.4661184,14032432.0,223705287.0,4.10305,2.907,162.118612,3.688578,5.021897,15.781461
sh.600136,ST明诚,2016-03-30,28.9794816,29.9719296,28.5825024,29.95208064,2664701.0,157272030.0,2.210867,5.1385,274.974858,16.915489,34.100266,253.228412
sh.600136,ST明诚,2016-03-31,30.26470176,31.014,29.77840224,29.95208064,2592767.0,159400109.0,2.151184,0.0,274.974858,16.915489,34.100266,253.228412
sh.600137,浪莎股份,2016-03-30,30.48800337,31.57052813,30.2360364,31.27190061,4718128.0,155947799.0,4.853163,3.0126,-830.556929,7.04433,14.319983,167.13788
sh.600137,浪莎股份,2016-03-31,31.08525841,33.8755593,30.89861621,32.20511161,6728966.0,231559244.0,6.921552,2.9842,-855.342275,7.254546,14.747317,172.125581
sh.600138,中青旅,2016-03-30,19.35427736,19.93758315,19.35427736,19.86108403,7177379.0,148275578.0,1.021374,2.7709,51.337695,3.247426,1.416721,-119.691159
sh.600138,中青旅,2016-03-31,19.8897712,20.48263938,19.76546013,19.97583271,11669717.0,246198517.0,1.660654,0.5778,51.634302,3.266188,1.424907,-120.382683
sh.600141,兴发集团,2016-03-30,7.89372294,8.13806862,7.61544036,7.7376132,32355737.0,370385328.0,6.947109,3.4483,78.186972,1.240507,0.487543,-73.650425
sh.600141,兴发集团,2016-03-31,7.73082582,7.85299866,7.5679287,7.78512486,24755621.0,280863680.0,5.315286,0.614,78.667067,1.248124,0.490536,-74.102665
sh.600143,金发科技,2016-03-30,5.2296947,5.3294663,5.2213804,5.3294663,17829045.0,113212617.0,0.696447,2.56,28.003388,1.982371,1.029166,-282.550894
sh.600143,金发科技,2016-03-31,5.321152,5.3544092,5.2878948,5.3128377,18768095.0,120044547.0,0.733129,-0.312,27.916014,1.976185,1.025955,-281.6693
sh.600148,长春一东,2016-03-30,20.60102065,21.19927043,20.38873847,21.17997205,3214218.0,69408738.0,2.271268,4.1271,216.174832,8.534529,5.777082,83.916626
sh.600148,长春一东,2016-03-31,21.4212018,21.5176937,20.95804068,21.16067367,3849960.0,84812765.0,2.720504,-0.0911,215.977861,8.526752,5.771819,83.840164
sh.600149,廊坊发展,2016-03-30,12.33,12.88,12.3,12.8,20010721.0,252221091.0,5.263763,5.0041,-75.852648,23.31816,414.5037,44.393938
sh.600149,廊坊发展,2016-03-31,12.8,12.87,12.56,12.71,16689432.0,211505799.0,4.390107,-0.7031,-75.319309,23.154204,411.589221,44.081793
sh.600150,中国船舶,2016-03-30,23.65850774,24.36181598,23.6389714,24.29343879,13625437.0,334304400.0,0.988699,3.5387,449.594372,1.940309,1.16338,9.183808
sh.600150,中国船舶,2016-03-31,24.43996134,25.07489239,24.1273799,24.53764304,21617037.0,544691888.0,1.568592,1.0052,454.113817,1.959814,1.175075,9.276127
sh.600151,航天机电,2016-03-30,10.83140956,11.10863028,10.83140956,11.0888288,14410759.0,159900328.0,1.152695,3.6078,1488.241796,3.555002,3.693596,64.111188
sh.600151,航天机电,2016-03-31,11.11853102,11.2868436,10.96011918,11.06902732,15931083.0,179167322.0,1.274303,-0.1786,1485.584221,3.548654,3.687,63.996704
sh.600152,维科技术,2016-03-30,10.6308939,10.87046334,10.57100154,10.85049922,8877344.0,95702085.0,3.024708,3.2289,-26.760866,5.646338,3.568232,-81.205
sh.600152,维科技术,2016-03-31,10.8804454,10.95031982,10.75067862,10.84051716,6733136.0,73052843.0,2.294129,-0.092,-26.736247,5.641144,3.564949,-81.130295
sh.600153,建发股份,2016-03-30,10.26618018,10.26618018,10.26618018,10.26618018,0.0,0.0,,0.0,19.30023,2.706948,0.39814,89.596715
sh.600153,建发股份,2016-03-31,10.26618018,10.26618018,10.26618018,10.26618018,0.0,0.0,,0.0,19.30023,2.706948,0.39814,89.596715
sh.600155,华创云信,2016-03-30,13.61416875,13.97322375,13.4645625,13.91338125,11315790.0,155828552.0,2.743222,4.4944,29.455519,18.78953,19.076913,129.110085
sh.600155,华创云信,2016-03-31,14.0230925,14.4619375,13.7837225,13.9831975,17110110.0,242177555.0,4.147905,0.5018,29.603325,18.883814,19.17264,129.757949
sh.600156,华升股份,2016-03-30,10.65469908,10.95398838,10.40529133,10.83427266,9299084.0,99711392.0,2.312568,4.1227,-168.305966,6.457857,5.516934,-89.46528
sh.600156,华升股份,2016-03-31,10.6746517,11.80197473,10.6746517,11.46278019,10906285.0,124526419.0,2.712259,5.8011,-178.069571,6.832484,5.836977,-94.655255
sh.600157,永泰能源,2016-03-30,3.76953984,3.85788843,3.76953984,3.84807192,27954419.0,108939594.0,0.608279,2.0833,81.601627,2.201688,4.530725,14.110301
sh.600157,永泰能源,2016-03-31,3.86770494,3.90697098,3.78917286,3.83825541,36962819.0,144683080.0,0.804299,-0.2551,81.39346,2.196072,4.519167,14.074305
sh.600158,中体产业,2016-03-30,19.74577085,19.86336353,18.96181965,19.5007861,53421232.0,1059801744.0,8.124959,2.6832,192.760398,11.006991,22.331438,262.707634
sh.600158,中体产业,2016-03-31,19.53998366,20.76490741,19.35379525,20.04955194,56445722.0,1164985984.0,8.584961,2.8141,198.184811,11.316736,22.959861,270.100411
sh.600159,大龙地产,2016-03-30,4.3108641,4.4381892,4.3108641,4.4199999,12442820.0,59878984.0,1.499129,2.9661,67.643424,1.877534,6.030343,29.385941
sh.600159,大龙地产,2016-03-31,4.4199999,4.46547315,4.4018106,4.42909455,10419587.0,50850541.0,1.255367,0.2058,67.782608,1.881397,6.042751,29.446406
sh.600160,巨化股份,2016-03-30,7.26397072,7.90057332,7.21036208,7.90057332,63790005.0,719733968.0,3.522527,9.9813,114.667196,2.95234,2.239363,-51.561108
sh.600160,巨化股份,2016-03-31,7.9072744,8.2758338,7.82016036,8.06810032,90177180.0,1087119520.0,4.979645,2.1204,117.098646,3.014943,2.286847,-52.654431
sh.600161,天坛生物,2016-03-30,7.8119756,7.98678904,7.74915202,7.97313174,5075011.0,146405871.0,0.984546,3.1449,-170.84625,7.586799,9.740577,-22.777016
sh.600161,天坛生物,2016-03-31,7.9895205,8.04688116,7.88299356,7.9075767,4592517.0,133832742.0,0.890943,-0.8222,-169.441553,7.52442,9.66049,-22.589743
sh.600162,香江控股,2016-03-30,2.9198202,2.99060372,2.91539623,2.98617975,10667261.0,71214598.0,1.389305,2.5836,49.896175,5.61963,2.644669,24.947875
sh.600162,香江控股,2016-03-31,2.98617975,3.01714754,2.94194005,2.99502769,10190048.0,68760676.0,1.327153,0.2963,50.044016,5.636281,2.652505,25.021794
sh.600163,中闽能源,2016-03-30,5.74272929,5.78095045,5.68539755,5.77139516,8205449.0,49336896.0,1.137403,1.1725,1043.566517,4.093068,8.890677,50.57314
sh.600163,中闽能源,2016-03-31,5.8287269,5.8287269,5.68539755,5.70450813,7441764.0,44753059.0,1.031544,-1.1589,1031.472203,4.045632,8.78764,49.987027
sh.600165,ST宁科,2016-03-30,9.419798,9.700986,9.3143525,9.6798969,12629479.0,170757169.0,2.60464,3.7679,-79.448194,10.488886,11.327193,56.025527
sh.600165,ST宁科,2016-03-31,9.700986,9.8696988,9.6447484,9.7291048,10791541.0,149401183.0,2.225593,0.5083,-79.85207,10.542206,11.384775,56.310333
sh.600166,福田汽车,2016-03-30,2.63000046,2.6691811,2.61530772,2.6691811,29775852.0,160841400.0,0.892812,2.2514,50.068923,0.996541,0.540339,34.415441
sh.600166,福田汽车,2016-03-31,2.6691811,2.69856658,2.65448836,2.66428352,31831441.0,173907149.0,0.954447,-0.1835,49.977054,0.994713,0.539348,34.352293
sh.600167,联美控股,2016-03-30,4.631418,4.75956,4.631418,4.753458,2702462.0,41427887.0,1.280788,3.936,18.115124,2.919423,4.565508,-4.430387
sh.600167,联美控股,2016-03-31,4.72905,4.787019,4.69854,4.710744,2372484.0,36813763.0,1.1244,-0.8986,17.952344,2.893189,4.524482,-4.390576
sh.600168,武汉控股,2016-03-30,6.02412536,6.02412536,6.02412536,6.02412536,0.0,0.0,,0.0,20.431591,1.570047,5.730197,-20.320492
sh.600168,武汉控股,2016-03-31,6.02412536,6.02412536,6.02412536,6.02412536,0.0,0.0,,0.0,20.431591,1.570047,5.730197,-20.320492
sh.600169,ST太重,2016-03-30,4.27,4.39,4.27,4.39,24232981.0,105044228.0,0.999729,2.8103,481.23879,1.95772,1.550941,-16.307362
sh.600169,ST太重,2016-03-31,4.41,4.64,4.36,4.45,50463749.0,225625812.0,2.081876,1.3667,487.816086,1.984477,1.572138,-16.530241
sh.600170,上海建工,2016-03-30,2.6687826,2.73339,2.5992054,2.7284202,123823190.0,663918560.0,2.151478,0.9191,17.443257,1.628513,0.26013,4.687977
sh.600170,上海建工,2016-03-31,2.7135108,2.7135108,2.6638128,2.6737524,88236930.0,476171920.0,1.533152,-2.0036,17.093756,1.595883,0.254918,4.594046
sh.600171,上海贝岭,2016-03-30,14.17353672,14.7601584,14.06945868,14.7128502,15650890.0,238921320.0,2.322753,5.2097,204.869618,5.733513,21.417606,12.522938
sh.600171,上海贝岭,2016-03-31,14.73177348,14.9493912,14.51415576,14.60877216,17584682.0,274483392.0,2.609748,-0.7074,203.420379,5.692955,21.266099,12.434352
sh.600172,黄河旋风,2016-03-30,8.722943,8.9769021,8.6566928,8.97138125,28679182.0,458749056.0,4.522833,4.1667,58.146688,3.599833,7.456286,-66.833357
sh.600172,黄河旋风,2016-03-31,9.0652357,9.164611,8.76158895,8.83336,19835079.0,319265104.0,3.128079,-1.5385,57.252124,3.544451,7.341574,-65.805151
sh.600173,卧龙新能,2016-03-30,5.81801875,6.08589875,5.81801875,6.06915625,11102175.0,79221881.0,1.531213,5.225,21.651925,3.238992,2.492006,272.311578
sh.600173,卧龙新能,2016-03-31,6.10264125,6.42074875,6.0273,6.3119225,18043278.0,134923872.0,2.488531,4.0,22.518002,3.368551,2.591687,283.204041
sh.600176,中国巨石,2016-03-30,4.5778524,4.72460652,4.5559488,4.70489328,11342706.0,240290366.0,1.299831,4.2212,24.15622,2.443379,3.366041,12.764055
sh.600176,中国巨石,2016-03-31,4.7421294,4.81441128,4.6873704,4.71365472,11854476.0,256653699.0,1.358478,0.1862,24.201203,2.447929,3.372309,12.787824
sh.600177,雅戈尔,2016-03-30,4.162485,4.19578488,4.1347351,4.18745991,25923142.0,390464688.0,1.164242,1.4795,7.643254,1.759626,2.316417,9.967853
sh.600177,雅戈尔,2016-03-31,4.20410985,4.20688484,4.14028508,4.19578488,27745294.0,416466752.0,1.246077,0.1988,7.658449,1.763124,2.321022,9.98767
sh.600178,东安动力,2016-03-30,9.8896119,10.15268532,9.66551232,9.9383292,28963607.0,294285920.0,6.268094,1.0902,45.140397,2.674704,4.556748,-2634.590198
sh.600178,东安动力,2016-03-31,9.91884228,9.91884228,9.55833426,9.57782118,21226945.0,211626948.0,4.593781,-3.6274,43.502951,2.57768,4.391455,-2539.02173
sh.600179,安通控股,2016-03-30,8.64856461,8.88194916,8.55521079,8.66190087,4483712.0,58408192.0,1.14967,0.5418,-21.209016,-23.73829,4.697631,1924.419114
sh.600179,安通控股,2016-03-31,8.71524591,8.7352503,8.43518445,8.56187892,4736172.0,60498935.0,1.214403,-1.1547,-20.964108,-23.464176,4.643386,1902.197185
sh.600180,瑞茂通,2016-03-30,13.6648775,13.90291085,13.51500465,13.8940948,4770863.0,74238199.0,0.540578,3.2765,33.842541,4.111135,1.712552,-20.948979
sh.600180,瑞茂通,2016-03-31,13.97343925,14.30844915,13.8940948,14.2643689,6029556.0,96356085.0,0.683198,2.665,34.744436,4.220695,1.758191,-21.507264
sh.600182,S佳通,2016-03-30,15.3445475,15.70120455,15.3113701,15.6763215,3231173.0,60586110.0,1.90069,2.8292,29.135994,5.883703,1.810584,-13.361363
sh.600182,S佳通,2016-03-31,15.68461585,15.75097065,15.46896275,15.61826105,2765849.0,51998335.0,1.62697,-0.3704,29.028083,5.861912,1.803878,-13.311877
sh.600183,生益科技,2016-03-30,4.30454424,4.40464992,4.2940068,4.3993812,14396931.0,119049353.0,1.001488,2.8325,22.056169,2.566157,1.577294,43.631763
sh.600183,生益科技,2016-03-31,4.38884376,4.48894944,4.37830632,4.40991864,11509494.0,97012149.0,0.80063,0.2395,22.108998,2.572304,1.581072,43.73627
sh.600184,光电股份,2016-03-30,21.48429728,21.83332016,21.09649408,21.81393,5770320.0,128443840.0,1.377951,2.7867,242.30549,5.102223,4.167273,9.757512
sh.600184,光电股份,2016-03-31,22.09508732,22.298684,21.83332016,22.13386764,5197593.0,118540969.0,1.241184,1.4667,245.859304,5.177056,4.228393,9.900622
sh.600185,珠免集团,2016-03-30,5.44772295,5.55441426,5.4315576,5.54794812,5163901.0,87940461.0,0.893902,2.8161,10.433854,3.016033,20.325498,14.560543
sh.600185,珠免集团,2016-03-31,5.55441426,5.64170715,5.51885049,5.5608804,6255094.0,107765154.0,1.082794,0.2331,10.458177,3.023064,20.37288,14.594486
sh.600186,莲花控股,2016-03-30,4.76000196,4.87992449,4.75077715,4.87069968,16129502.0,84086630.0,1.518751,3.125,-16.923115,48.534772,3.059967,-794.329921
sh.600186,莲花控股,2016-03-31,4.87069968,4.92604854,4.81535082,4.84302525,18422032.0,97182190.0,1.734615,-0.5682,-16.826961,48.259006,3.042581,-789.816683
sh.600187,国中水务,2016-03-30,4.92,5.1,4.88,5.08,30526883.0,152909504.0,2.097168,3.6735,-62.732668,2.906026,15.577198,56.138819
sh.600187,国中水务,2016-03-31,5.06,5.08,4.97,4.98,20864867.0,104660357.0,1.433397,-1.9685,-61.497773,2.848821,15.27056,55.033724
sh.600188,兖矿能源,2016-03-30,2.7562829,2.77516155,2.70504085,2.76976765,9991873.0,101635018.0,0.337583,2.5974,58.768057,1.523924,0.731979,16.409697
sh.600188,兖矿能源,2016-03-31,2.76976765,2.87764565,2.7293134,2.8641609,25071247.0,261436129.0,0.84705,3.408,60.770864,1.575859,0.756925,16.968937
sh.600189,泉阳泉,2016-03-30,8.05420424,8.35222508,8.05420424,8.30637572,5736108.0,61785128.0,1.847378,3.7214,-41.161278,2.809306,2.04152,-36.955109
sh.600189,泉阳泉,2016-03-31,8.30637572,8.4439238,8.28345104,8.33694196,6409606.0,70145625.0,2.064285,0.368,-41.312745,2.819644,2.049032,-37.091098
sh.600191,华资实业,2016-03-30,16.5604488,16.87588592,16.43230247,16.83645628,3221999.0,54631035.0,0.664423,2.8916,56.105904,3.609115,252.772054,64.720812
sh.600191,华资实业,2016-03-31,16.8561711,17.14203599,16.76745441,16.92517297,4418582.0,75856399.0,0.911176,0.5269,56.401544,3.628133,254.103992,65.061847
sh.600192,长城电工,2016-03-30,8.22479915,8.46291155,8.2148778,8.4133048,13448482.0,112917574.0,3.044379,3.0377,92.562268,1.985057,2.075185,25.431131
sh.600192,长城电工,2016-03-31,8.44306885,8.5918891,8.3537767,8.40338345,12278053.0,104788830.0,2.779425,-0.1179,92.453115,1.982716,2.072738,25.401142
sh.600193,*ST创兴,2016-03-30,11.68,12.08,11.62,12.05,22072656.0,260960785.0,5.189012,4.7826,79.635669,13.348503,276.291884,-54.390795
sh.600193,*ST创兴,2016-03-31,12.18,12.28,11.85,11.9,23559727.0,283270816.0,5.538604,-1.2448,78.644354,13.182339,272.852566,-53.713732
sh.600195,中牧股份,2016-03-30,7.15030316,7.35816081,7.15030316,7.33926466,7109199.0,136798100.0,1.654071,3.243,30.27827,2.74817,1.971266,27.047886
sh.600195,中牧股份,2016-03-31,7.35816081,7.49043386,7.15030316,7.180537,8007619.0,154626999.0,1.863104,-2.1627,29.623437,2.688735,1.928633,26.462916
sh.600196,复星医药,2016-03-30,17.4631296,17.76606144,17.4185808,17.72151264,12892209.0,254164497.0,0.676345,2.5258,18.709434,2.531517,3.650428,135.998148
sh.600196,复星医药,2016-03-31,17.81061024,17.89079808,17.70369312,17.75715168,10561719.0,210853032.0,0.554084,0.2011,18.74706,2.536608,3.657769,136.271649
sh.600197,伊力特,2016-03-30,10.2059412,10.3712196,10.04892672,10.29684432,6285397.0,77549115.0,1.42526,1.8806,24.346782,3.105797,3.360468,33.136966
sh.600197,伊力特,2016-03-31,10.29684432,10.47865056,10.22246904,10.46212272,6029351.0,75672109.0,1.3672,1.6051,24.737581,3.155649,3.414408,33.668859
sh.600198,大唐电信,2016-03-30,16.09,16.88,16.06,16.78,27856369.0,457440464.0,3.444806,5.9343,-219.641659,4.085662,1.758532,-11.688268
sh.600198,大唐电信,2016-03-31,16.96,17.8,16.76,16.78,43698435.0,746641248.0,5.403886,0.0,-219.641659,4.085662,1.758532,-11.688268
sh.600199,金种子酒,2016-03-30,8.0952707,8.2345014,7.9958202,8.20466625,10340119.0,84401025.0,1.860487,1.9777,64.932276,2.059517,2.566651,7.02096
sh.600199,金种子酒,2016-03-31,8.2146113,8.3737321,8.16488605,8.3339519,9589876.0,79729861.0,1.725496,1.5758,65.955451,2.09197,2.607095,7.131593
sh.600201,生物股份,2016-03-30,15.0342125,15.42362325,14.98984925,15.33489675,5737139.0,177104274.0,1.01532,2.6733,35.739361,8.963867,14.726079,164.13334
sh.600201,生物股份,2016-03-31,15.418694,15.57643,15.15744375,15.2510995,4058171.0,126372426.0,0.718188,-0.5464,35.544064,8.914884,14.645609,163.236437
sh.600202,哈空调,2016-03-30,12.61043885,12.61043885,12.61043885,12.61043885,0.0,0.0,,0.0,-642.53513,5.937719,6.106745,148.179341
sh.600202,哈空调,2016-03-31,12.61043885,12.61043885,12.61043885,12.61043885,0.0,0.0,,0.0,-642.53513,5.937719,6.106745,148.179341
sh.600203,福日电子,2016-03-30,11.69948675,11.8488419,11.50034655,11.83888489,6748544.0,79374251.0,2.225988,1.7109,129.796399,2.995362,0.761731,-105.19585
sh.600203,福日电子,2016-03-31,11.93845499,12.03802509,11.62978768,11.80901386,5230530.0,61810394.0,1.725275,-0.2523,38.458131,2.743124,0.72948,89.952287
sh.600206,有研新材,2016-03-30,9.91140164,10.28451425,9.80616475,10.25581328,31718352.0,332659584.0,5.402232,4.0777,296.373995,3.257031,3.472306,215.779871
sh.600206,有研新材,2016-03-31,10.20797833,10.24624629,9.97837057,10.06447348,26604846.0,280787904.0,4.531305,-1.8657,290.844629,3.196265,3.407524,211.754127
sh.600207,安彩高科,2016-03-30,10.99,11.3,10.89,11.22,11869361.0,131631548.0,2.697582,3.9852,-56.702454,9.29459,4.304865,-89.262507
sh.600207,安彩高科,2016-03-31,11.32,11.38,11.1,11.2,10377456.0,116581730.0,2.358513,-0.1783,-56.60138,9.278022,4.297191,-89.103394
sh.600208,衢州发展,2016-03-30,3.73917505,3.7855668,3.71134,3.7855668,63514757.0,256779597.0,0.780571,1.4925,30.18072,1.786241,2.746458,4.073865
sh.600208,衢州发展,2016-03-31,3.77628845,3.79484515,3.7298967,3.73917505,61411964.0,248559615.0,0.754729,-1.2255,29.810858,1.764351,2.7128,4.02394
sh.600210,紫江企业,2016-03-30,3.829331,3.94072972,3.78059406,3.9337673,68460763.0,380181728.0,4.76502,3.6697,66.626849,2.124633,1.040129,-32.764513
sh.600210,紫江企业,2016-03-31,3.8989552,3.91288004,3.83629342,3.87110552,58819799.0,327417568.0,4.093988,-1.5929,65.565536,2.090789,1.02356,-32.242601
sh.600211,西藏药业,2016-03-30,19.271697,19.9887834,19.271697,19.72435779,1565371.0,68266619.0,1.371821,2.3965,69.922168,13.090891,4.63377,123.008299
sh.600211,西藏药业,2016-03-31,19.8543297,20.3921445,19.53612261,19.93948371,1815316.0,81146262.0,1.590861,1.0907,70.684782,13.233668,4.684308,124.349902
sh.600212,绿能慧充,2016-03-30,11.2,11.29,11.01,11.25,16631907.0,185581896.0,3.250342,2.0871,-23.559098,7.44113,15.552913,-661.121878
sh.600212,绿能慧充,2016-03-31,11.21,11.28,10.79,10.89,26998884.0,295652848.0,5.27634,-3.2,-22.805207,7.203014,15.05522,-639.965978
sh.600215,派斯林,2016-03-30,6.60912552,6.60912552,6.60912552,6.60912552,0.0,0.0,,0.0,185.637192,1.37598,3.710095,-1083.754927
sh.600215,派斯林,2016-03-31,6.60912552,6.60912552,6.60912552,6.60912552,0.0,0.0,,0.0,185.637192,1.37598,3.710095,-1083.754927
sh.600216,浙江医药,2016-03-30,10.70752,10.9250165,10.61550225,10.908286,24521835.0,316471360.0,2.619564,3.3281,198.339347,1.86194,2.709836,-53.935043
sh.600216,浙江医药,2016-03-31,10.93338175,11.209435,10.78280725,11.16760875,33916023.0,446659728.0,3.623105,2.3773,203.054469,1.906204,2.774257,-55.217241
sh.600217,中再资环,2016-03-30,8.1756456,8.334396,8.1260361,8.235177,14426889.0,119527428.0,2.183246,1.8405,63.575679,12.709667,6.928578,306.621378
sh.600217,中再资环,2016-03-31,8.2847865,8.5725216,8.1954894,8.3740836,19138283.0,162412649.0,2.896229,1.6867,64.64804,12.924047,7.045446,311.793305
sh.600218,全柴动力,2016-03-30,9.38231614,9.88772984,9.33636944,9.86016182,37626778.0,391254640.0,10.203734,3.074,51.366085,2.190086,1.385321,20.395402
sh.600218,全柴动力,2016-03-31,9.86016182,9.86935116,9.58448162,9.61204964,24965777.0,263882955.0,6.770288,-2.5163,50.073556,2.134976,1.350462,19.882191
sh.600219,南山铝业,2016-03-30,1.87029696,1.91204466,1.86194742,1.90369512,45682498.0,310216608.0,1.611271,2.5487,21.84936,0.81935,1.374421,57.555847
sh.600219,南山铝业,2016-03-31,1.9064783,1.95935872,1.90091194,1.93152692,63430651.0,440463920.0,2.237267,1.462,22.168795,0.831329,1.394515,58.397306
sh.600221,海航控股,2016-03-30,3.06288028,3.11180808,3.05309472,3.11180808,64184380.0,202610036.0,0.54338,1.9231,12.901527,1.2504,1.099755,-19.391028
sh.600221,海航控股,2016-03-31,3.12159364,3.1313792,3.09223696,3.10202252,54245562.0,172175672.0,0.459239,-0.3145,12.860956,1.246468,1.096296,-19.33005
sh.600222,太龙药业,2016-03-30,8.04934544,8.64048464,8.04934544,8.45329056,16861232.0,142573012.0,3.395274,5.0184,215.028812,3.333175,4.42649,34.580766
sh.600222,太龙药业,2016-03-31,8.4237336,8.73900784,8.3252104,8.5715184,15773301.0,136157038.0,3.176202,1.3986,218.036208,3.379793,4.488399,35.064413
sh.600223,福瑞达,2016-03-30,5.5883288,5.6715986,5.505059,5.6530942,10462566.0,63419650.0,1.045245,2.6891,54.367669,2.863001,1.042882,-50.84719
sh.600223,福瑞达,2016-03-31,5.6530942,5.690103,5.5420678,5.597581,9844909.0,59484390.0,0.983539,-0.982,53.833781,2.834887,1.032641,-50.347872
sh.600226,亨通股份,2016-03-30,4.85369108,4.96288548,4.82639248,4.90828828,17929380.0,160765559.0,1.637412,2.5085,70.371587,6.985815,9.745445,89.253675
sh.600226,亨通股份,2016-03-31,4.91920772,5.3505256,4.87552996,5.17035484,29917551.0,276519184.0,2.732239,5.3393,74.128913,7.358806,10.26578,94.019166
sh.600227,赤天化,2016-03-30,6.11,6.23,6.0,6.2,32975655.0,201734512.0,3.469688,1.8062,-14.63635,2.183417,1.789155,-476.188985
sh.600227,赤天化,2016-03-31,6.21,6.38,6.11,6.26,31854280.0,198108880.0,3.351697,0.9677,-14.777992,2.204547,1.806469,-480.797265
sh.600228,*ST返利,2016-03-30,10.77,10.77,10.77,10.77,0.0,0.0,,0.0,-105.666043,44.393663,4.791908,406.113181
sh.600228,*ST返利,2016-03-31,10.77,10.77,10.77,10.77,0.0,0.0,,0.0,-105.666043,44.393663,4.791908,406.113181
sh.600229,城市传媒,2016-03-30,10.04691168,10.31257521,9.94225635,10.25622234,10270086.0,129449124.0,2.594857,4.085,83.512652,4.950013,4.593863,21.137245
sh.600229,城市传媒,2016-03-31,10.3045248,10.465533,10.2240207,10.27232316,12320225.0,158277028.0,3.112848,0.157,83.643755,4.957784,4.601075,21.170428
sh.600230,沧州大化,2016-03-30,7.7796693,8.15202954,7.7796693,8.15202954,3887325.0,47216977.0,1.321373,4.9658,-5.912904,3.18657,2.009941,-8.647415
sh.600230,沧州大化,2016-03-31,8.45789688,8.5110912,8.19192528,8.35815753,4670029.0,58678686.0,1.587429,2.5285,-6.062414,3.267144,2.060763,-8.866069
sh.600231,凌钢股份,2016-03-30,2.2497832,2.45869164,2.22969585,2.45869164,70692851.0,415051264.0,8.792619,10.0719,-12.264554,2.648709,0.586738,28.388905
sh.600231,凌钢股份,2016-03-31,2.410482,2.45869164,2.36227236,2.42253441,61248329.0,366068608.0,7.617931,-1.4706,159.490084,1.488275,0.609924,9.00572
sh.600232,金鹰股份,2016-03-30,7.8686268,8.04605662,7.82234076,7.96891322,7895533.0,81186831.0,2.164829,1.0763,110.85626,3.216654,3.206187,235.615561
sh.600232,金鹰股份,2016-03-31,7.97662756,8.08462832,7.76062604,7.81462642,10017530.0,102180891.0,2.746647,-1.9361,108.709963,3.154376,3.144112,231.053789
sh.600233,圆通速递,2016-03-30,11.06742791,11.06742791,11.06742791,11.06742791,0.0,0.0,,0.0,91.847448,3.875329,4.56767,173.317695
sh.600233,圆通速递,2016-03-31,11.06742791,11.06742791,11.06742791,11.06742791,0.0,0.0,,0.0,91.847448,3.875329,4.56767,173.317695
sh.600234,科新发展,2016-03-30,19.18,19.81,19.01,19.78,15750443.0,306277392.0,7.780076,3.5602,-330.928045,82.214603,368.55391,-2029.993622
sh.600234,科新发展,2016-03-31,19.65,20.52,19.55,20.07,18337547.0,369286976.0,9.058,1.4661,-335.779871,83.419974,373.95738,-2059.755914
sh.600235,民丰特纸,2016-03-30,11.0165556,11.2704833,10.94819045,11.20211815,5327836.0,60690070.0,1.516606,2.6858,788.973918,2.920648,2.83609,-73.27319
sh.600235,民丰特纸,2016-03-31,11.31931555,11.49511165,11.1532859,11.39744715,7066456.0,81868023.0,2.011516,1.7437,802.731092,2.971575,2.885543,-74.550839
sh.600236,桂冠电力,2016-03-30,3.1359739,3.23696289,3.1359739,3.21038684,8076867.0,48474480.0,0.7157,2.8961,41.494927,8.228631,6.293628,116.530172
sh.600236,桂冠电力,2016-03-31,3.27948457,3.30074541,3.17849558,3.189126,18848454.0,115121814.0,1.670182,-0.6623,14.160204,2.898504,3.528377,21.470338
sh.600237,铜峰电子,2016-03-30,7.14,7.32,7.1,7.29,33229803.0,239695207.0,5.887951,3.4043,293.704864,2.874762,6.861979,11.229086
sh.600237,铜峰电子,2016-03-31,7.3,7.58,7.25,7.43,42572046.0,317027168.0,7.543292,1.9204,299.345287,2.92997,6.993759,11.444733
sh.600238,*ST椰岛,2016-03-30,12.54,12.88,12.31,12.83,5773137.0,72755289.0,1.29733,3.218,-440.504656,6.583498,12.411553,305.54951
sh.600238,*ST椰岛,2016-03-31,12.77,12.95,12.68,12.75,7179143.0,91896982.0,1.613285,-0.6235,-437.75794,6.542448,12.334162,303.644291
sh.600239,云南城投,2016-03-30,3.06023845,3.13595569,3.05392868,3.12333615,15713360.0,77007013.0,1.46791,2.6971,27.758746,1.402403,1.583909,10.158999
sh.600239,云南城投,2016-03-31,3.12333615,3.16119477,3.11071661,3.12964592,15980716.0,79562725.0,1.492886,0.202,27.814824,1.405236,1.587108,10.179522
sh.600241,时代万恒,2016-03-30,14.1498314,14.49859485,14.1498314,14.43880683,4487068.0,64848990.0,2.490049,2.1862,-27.731053,5.133196,2.489089,36.692592
sh.600241,时代万恒,2016-03-31,14.48863018,14.55838287,14.30926612,14.48863018,3007775.0,43575129.0,1.669132,0.3451,-27.826743,5.150909,2.497678,36.819205
sh.600243,*ST海华,2016-03-30,9.1946491,9.463615,9.1548023,9.4337299,4716862.0,43996977.0,1.991498,3.724,385.156458,5.807493,3.647489,203.431931
sh.600243,*ST海华,2016-03-31,9.463615,9.7525043,9.4536533,9.7126575,7848502.0,76055292.0,3.313701,2.9567,396.544399,5.979203,3.755335,209.446814
sh.600246,万通发展,2016-03-30,5.26543398,5.48928792,5.26543398,5.44062402,8119997.0,45315699.0,0.667324,3.9033,-11.110235,2.327745,2.597278,152.412749
sh.600246,万通发展,2016-03-31,5.77153854,5.87859912,5.50875348,5.52821904,15412811.0,89511729.0,1.266668,1.61,-11.289112,2.365222,2.639095,154.866622
sh.600248,陕建股份,2016-03-30,5.40107861,5.61301154,5.38823419,5.60658933,9234630.0,78824589.0,1.97579,4.5509,34.13782,2.26529,1.083306,-8.317433
sh.600248,陕建股份,2016-03-31,5.5873227,5.66438922,5.53594502,5.58090049,9355849.0,81528421.0,2.001726,-0.4582,33.981404,2.254911,1.078342,-8.279324
sh.600249,两面针,2016-03-30,6.5344696,7.1365884,6.514728,7.1365884,26408190.0,184718090.0,5.868487,10.0457,108.938617,1.901044,2.953107,-40.418962
sh.600249,两面针,2016-03-31,7.1365884,7.600516,7.057622,7.4129708,41380236.0,308641824.0,9.195608,3.8728,113.15754,1.974667,3.067473,-41.984288
sh.600250,南京商旅,2016-03-30,12.95,13.69,12.95,13.49,8330319.0,111689428.0,3.220163,5.5556,53.534481,10.723836,2.829036,56.888164
sh.600250,南京商旅,2016-03-31,13.4,13.67,13.22,13.29,5082917.0,68183943.0,1.964849,-1.4826,52.74079,10.564846,2.787093,56.044752
sh.600251,冠农股份,2016-03-30,6.97005756,7.17324048,6.95238948,7.16440644,11194743.0,89409369.0,1.426369,3.7084,44.468475,3.291227,4.43434,-309.50957
sh.600251,冠农股份,2016-03-31,7.1555724,7.29691704,7.1555724,7.18207452,15893232.0,129805280.0,2.025023,0.2466,44.578138,3.299343,4.445275,-310.272849
sh.600252,中恒集团,2016-03-30,4.36324241,4.44387728,4.35428298,4.43491785,38833172.0,190666703.0,1.185658,2.2727,33.070242,3.474449,12.807662,-13.159434
sh.600252,中恒集团,2016-03-31,4.44387728,4.45283671,4.39908013,4.40803956,43796754.0,216398324.0,1.337206,-0.6061,32.869817,3.453392,12.73004,-13.079679
sh.600255,鑫科材料,2016-03-30,4.30031808,4.36004472,4.230637,4.35009028,71809824.0,310102144.0,4.592155,1.1574,-74.165839,2.501611,1.36641,-59.961519
sh.600255,鑫科材料,2016-03-31,4.32022696,4.3799536,4.2804092,4.29036364,51202323.0,222062535.0,3.274329,-1.373,-73.147544,2.467264,1.347649,-59.138248
sh.600256,广汇能源,2016-03-30,2.6678872,2.74064776,2.66182382,2.728521,34667960.0,155108915.0,0.663956,2.9748,55.034226,2.149728,4.26499,-35.26927
sh.600256,广汇能源,2016-03-31,2.728521,2.74064776,2.70426748,2.72245762,31279911.0,140448053.0,0.599069,-0.2222,54.911927,2.144951,4.255512,-35.190894
sh.600257,大湖股份,2016-03-30,10.91676675,11.2657045,10.8469792,11.1261294,14624896.0,162255597.0,3.424633,3.1423,1087.09999,6.377874,6.406285,200.833467
sh.600257,大湖股份,2016-03-31,11.0663115,12.09318545,11.0663115,11.4650975,21900106.0,255795042.0,5.12823,3.0466,1120.219523,6.572182,6.601458,206.95205
sh.600258,首旅酒店,2016-03-30,13.65552727,14.07189399,13.65552727,14.04587107,3142741.0,66948586.0,1.358142,2.9075,55.897615,4.404219,2.896185,506.440315
sh.600258,首旅酒店,2016-03-31,14.07189399,14.74848991,13.8572049,14.32561746,5027199.0,110704170.0,2.172515,1.9917,50.88799,4.296345,3.823101,-62.528587
sh.600259,中稀有色,2016-03-30,42.4,44.69,40.5,42.93,15469076.0,659982752.0,5.988666,3.3213,-41.001907,21.191302,3.283016,-412.034432
sh.600259,中稀有色,2016-03-31,42.6,43.15,41.27,42.32,9411313.0,397176096.0,3.643476,-1.4209,-40.419303,20.890191,3.236367,-406.179762
sh.600261,阳光照明,2016-03-30,5.21135321,5.3365311,5.21135321,5.32335448,7883919.0,63181147.0,0.542931,2.4081,34.124547,4.166684,2.956981,70.129957
sh.600261,阳光照明,2016-03-31,5.32994279,5.34970772,5.21794152,5.31676617,8192907.0,65601334.0,0.56421,-0.1238,34.082314,4.161527,2.953321,70.043162
sh.600262,北方股份,2016-03-30,30.5547564,30.76836108,30.24828012,30.74978676,1521747.0,50001304.0,0.895145,2.0025,94.463599,4.902137,4.824615,-69.822938
sh.600262,北方股份,2016-03-31,30.74978676,31.09341168,30.4618848,30.52689492,1180676.0,38980282.0,0.694515,-0.7249,93.778873,4.866604,4.789644,-69.316822
sh.600265,ST景谷,2016-03-30,26.19,26.68,25.52,26.37,560778.0,14598304.0,0.432032,2.2489,-82.060309,-117.953003,37.932159,-9793.012178
sh.600265,ST景谷,2016-03-31,26.36,26.95,26.1,26.27,683703.0,18226218.0,0.526736,-0.3792,-81.749121,-117.505703,37.788313,-9755.875233
sh.600266,城建发展,2016-03-30,6.7383524,6.9037784,6.7107814,6.8706932,30502979.0,376250000.0,2.01069,2.8902,13.663318,1.005918,2.127357,49.364487
sh.600266,城建发展,2016-03-31,6.8706932,6.9148068,6.7769518,6.8320938,28202678.0,350039888.0,1.85906,-0.5618,13.586558,1.000267,2.115406,49.087159
sh.600267,海正药业,2016-03-30,12.60049803,13.096286,12.54437109,12.97467763,14860831.0,204998489.0,1.539134,3.5075,157.010522,1.936288,1.427336,-9.399354
sh.600267,海正药业,2016-03-31,12.91855069,13.096286,12.6285615,12.80629681,12793521.0,175467424.0,1.325023,-1.2978,154.972895,1.91116,1.408812,-9.277372
sh.600268,国电南自,2016-03-30,4.72444632,4.8382884,4.7117972,4.83196384,8383532.0,63333377.0,1.319729,3.2432,159.399104,2.486452,0.868924,59.803215
sh.600268,国电南自,2016-03-31,4.8699112,4.9331568,4.8066656,4.85726208,10309406.0,79456179.0,1.622899,0.5236,160.233654,2.49947,0.873473,60.11632
sh.600269,赣粤高速,2016-03-30,3.2465696,3.30303168,3.23951184,3.30303168,17631269.0,81939247.0,0.754955,2.407,15.348445,0.851604,1.986641,-14.684985
sh.600269,赣粤高速,2016-03-31,3.31008944,3.41595584,3.31008944,3.37360928,32033896.0,152499857.0,1.371662,2.1368,15.676404,0.869801,2.02909,-14.998767
sh.600271,航天信息,2016-03-30,24.86334473,24.86334473,24.86334473,24.86334473,0.0,0.0,,0.0,33.207519,6.712609,2.306499,14.292669
sh.600271,航天信息,2016-03-31,24.86334473,24.86334473,24.86334473,24.86334473,0.0,0.0,,0.0,33.20752,6.712609,2.306499,14.292669
sh.600272,开开实业,2016-03-30,15.06680964,15.68335428,15.06680964,15.53885163,4753635.0,76105767.0,2.971022,3.199,375.247054,8.98305,4.432379,3567.954459
sh.600272,开开实业,2016-03-31,15.5099511,15.76042236,15.24984633,15.35581494,4402375.0,70639990.0,2.751484,-1.1779,370.826909,8.877236,4.380169,3525.926477
sh.600273,嘉化能源,2016-03-30,5.63324328,5.88627312,5.5932912,5.73312348,37737864.0,325007376.0,6.506546,2.1352,16.727654,3.275154,3.316432,-53.203481
sh.600273,嘉化能源,2016-03-31,5.6931714,5.78639292,5.64656064,5.69983008,25331702.0,216681718.0,4.367547,-0.5807,16.630514,3.256135,3.297173,-52.894518
sh.600276,恒瑞医药,2016-03-30,14.0320125,14.269131,14.023008,14.2000965,3844912.0,181502179.0,0.197208,1.3713,46.976627,9.839141,10.478473,60.080988
sh.600276,恒瑞医药,2016-03-31,14.2060995,14.317155,14.10705,14.1760845,3807561.0,179949462.0,0.195293,-0.1691,46.897191,9.822503,10.460754,59.979392
sh.600278,东方创业,2016-03-30,12.05321544,12.41445947,12.02678295,12.37921615,6453202.0,89477925.0,1.235673,4.2285,49.795644,2.513074,0.517659,21.202198
sh.600278,东方创业,2016-03-31,12.37921615,12.53781109,12.28229702,12.40564864,5662675.0,79748257.0,1.084301,0.2135,49.901969,2.51844,0.518764,21.247469
sh.600279,重庆港,2016-03-30,7.472682,7.8166626,7.4430285,7.7751477,25514706.0,326998960.0,5.522994,5.5556,77.848491,1.891203,2.931406,67.598065
sh.600279,重庆港,2016-03-31,7.7810784,7.8759696,7.5794346,7.6031574,31246823.0,406146816.0,6.763786,-2.2121,76.126442,1.849369,2.866562,66.102761
sh.600280,中央商场,2016-03-30,7.17083725,7.40821669,7.04225672,7.29941778,39546525.0,286764176.0,3.443815,2.0747,99.20407,4.96335,1.310262,-9.195619
sh.600280,中央商场,2016-03-31,7.29941778,7.29941778,7.10160158,7.13127401,23784646.0,172544575.0,2.071229,-2.3035,96.918882,4.849018,1.28008,-8.983796
sh.600281,华阳新材,2016-03-30,5.67,5.85,5.67,5.85,6241779.0,36050451.0,1.213405,4.0925,-365.530434,4.489889,1.00208,-84.020078
sh.600281,华阳新材,2016-03-31,5.86,5.98,5.85,5.92,5578973.0,33047628.0,1.084555,1.1966,-369.904302,4.543615,1.01407,-85.025446
sh.600282,南钢股份,2016-03-30,1.5511769,1.5811224,1.5391987,1.5751333,34479203.0,89921420.0,0.889613,1.938,-27.080797,1.292336,0.4232,23.721618
sh.600282,南钢股份,2016-03-31,1.5751333,1.5811224,1.557166,1.5691442,29558409.0,77472530.0,0.76265,-0.3802,-26.977828,1.287422,0.421591,23.631422
sh.600283,钱江水利,2016-03-30,8.92871154,9.2966349,8.82359058,9.24407442,16192854.0,222700855.0,4.820506,4.9217,100.893978,2.85757,6.256669,23.119445
sh.600283,钱江水利,2016-03-31,9.198084,9.2966349,9.08639298,9.1323834,17919008.0,249784998.0,5.334371,-1.2082,118.956603,2.762824,6.09952,21.667421
sh.600284,浦东建设,2016-03-30,6.08742956,6.2082991,6.08742956,6.2082991,9139865.0,102423312.0,1.318808,2.3551,20.654598,1.55788,2.475446,-149.936837
sh.600284,浦东建设,2016-03-31,6.23576945,6.2632398,6.16984061,6.19181689,9446555.0,106764687.0,1.363061,-0.2655,20.599763,1.553744,2.468874,-149.538775
sh.600285,羚锐制药,2016-03-30,7.44184486,7.86450542,7.41165482,7.82676787,18195371.0,184689011.0,3.436541,7.2389,41.916159,3.254688,5.185952,133.085534
sh.600285,羚锐制药,2016-03-31,7.82676787,7.8494104,7.63053261,7.73619775,12262716.0,125784347.0,2.316046,-1.1572,41.431112,3.217025,5.125941,131.545489
sh.600287,苏豪时尚,2016-03-30,7.63213422,7.73172316,7.52349174,7.71361608,13679506.0,115428379.0,3.131783,3.7759,48.829521,2.971736,0.637179,43.132676
sh.600287,苏豪时尚,2016-03-31,7.73172316,8.02143644,7.695509,7.8765798,17315050.0,150442262.0,3.964104,2.1127,49.861131,3.034519,0.65064,44.043929
sh.600288,大恒科技,2016-03-30,13.55985603,13.93405685,13.46138213,13.89466729,18877315.0,262787652.0,4.32173,3.37,238.505048,4.225251,2.211979,-35.239492
sh.600288,大恒科技,2016-03-31,13.95375163,14.2787155,13.90451468,14.04237814,23005618.0,328787008.0,5.266854,1.0631,241.040537,4.270168,2.235494,-35.614115
sh.600289,ST信通,2016-03-30,13.13875269,13.7048214,13.12882166,13.69489037,20698925.0,279098720.0,3.657554,5.8327,73.93644,3.868435,6.516773,63.124282
sh.600289,ST信通,2016-03-31,13.88357994,14.22123496,13.69489037,13.76440758,28417617.0,398569504.0,5.021466,0.5076,74.311752,3.888071,6.549854,63.44471
sh.600292,电投水电,2016-03-30,13.04477709,13.50148701,13.0352623,13.45391306,15181716.0,211671074.0,1.944338,3.9706,38.517715,2.282132,3.122263,-39.226705
sh.600292,电投水电,2016-03-31,13.53954617,14.14849273,13.53003138,13.93916735,33130138.0,481715232.0,4.24301,3.6068,39.906968,2.364444,3.234876,-40.64153
sh.600293,三峡新材,2016-03-30,7.2523959,7.9057649,7.2523959,7.76855741,13604248.0,159010900.0,3.948954,8.0909,-61.81026,6.071636,4.066246,138.35027
sh.600293,三峡新材,2016-03-31,7.87309645,7.87309645,7.53334457,7.56601302,10445159.0,122111799.0,3.031954,-2.6072,-60.198722,5.913334,3.96023,134.743156
sh.600295,鄂尔多斯,2016-03-30,2.64963424,2.70343392,2.6227344,2.69670896,6408747.0,50830894.0,1.047181,2.4266,25.11209,1.183826,0.549355,-16.446443
sh.600295,鄂尔多斯,2016-03-31,2.70007144,2.82784568,2.66308416,2.79422088,12486395.0,102032592.0,2.040261,3.616,26.020133,1.226633,0.56922,-17.041139
sh.600298,安琪酵母,2016-03-30,13.1100736,13.6444516,13.0210106,13.58388876,10802561.0,404223488.0,3.331166,5.0413,44.873698,4.135879,2.983102,124.406777
sh.600298,安琪酵母,2016-03-31,13.6622642,13.715702,13.33451236,13.49482576,8622035.0,326199312.0,2.658761,-0.6557,44.579483,4.108762,2.963543,123.591102
sh.600299,安迪苏,2016-03-30,12.48080388,12.71885736,12.46380006,12.71035545,3670400.0,54516642.0,0.70219,2.8198,27.780274,4.331956,5.516288,95.564542
sh.600299,安迪苏,2016-03-31,12.78687264,13.01642421,12.752865,12.99942039,5196621.0,78944957.0,0.994174,2.2742,28.412066,4.430476,5.641742,97.737916
sh.600300,维维股份,2016-03-30,4.58025914,4.74956833,4.58025914,4.70501328,13969622.0,73438618.0,0.835504,3.125,60.347232,3.371557,2.022398,5924.301244
sh.600300,维维股份,2016-03-31,4.7228353,4.8119454,4.66936924,4.70501328,15962536.0,84574224.0,0.954697,0.0,86.972861,3.28219,2.270752,87.638908
sh.600301,华锡有色,2016-03-30,13.39,13.61,13.39,13.56,2321300.0,31369103.0,0.987165,1.2696,-76.218355,12.734735,49.869131,8.727219
sh.600301,华锡有色,2016-03-31,13.68,14.18,13.6,13.85,3014883.0,41848745.0,1.282121,2.1386,-77.848393,13.007086,50.935654,8.913864
sh.600302,标准股份,2016-03-30,8.07521983,8.28278362,8.02579988,8.26301564,5716181.0,47242081.0,1.652029,3.9801,-37.320869,2.710899,4.185194,124.511946
sh.600302,标准股份,2016-03-31,8.37173953,8.5002314,8.27289963,8.42115948,6864417.0,58413034.0,1.983879,1.9139,-38.035144,2.762782,4.265293,126.894949
sh.600303,曙光股份,2016-03-30,12.190476,12.924028,12.01674,12.817856,58401585.0,749006720.0,10.165531,6.4103,79.658744,3.480335,1.858798,24.006835
sh.600303,曙光股份,2016-03-31,12.914376,12.93368,12.267692,12.422124,50055763.0,647983840.0,8.712836,-3.0873,77.1994,3.372885,1.801411,23.26566
sh.600305,恒顺醋业,2016-03-30,5.56897766,5.64275705,5.52798911,5.6290942,4816392.0,98359415.0,1.598171,1.8793,27.046155,4.286088,4.769779,-62.479206
sh.600305,恒顺醋业,2016-03-31,5.65368733,5.6837456,5.59357079,5.62636163,4268965.0,87947596.0,1.416524,-0.0485,27.033026,4.284008,4.767463,-62.448876
sh.600307,酒钢宏兴,2016-03-30,2.73,2.79,2.72,2.78,59454135.0,163682200.0,0.949237,2.2059,-5.195513,1.347803,0.302397,-2.525657
sh.600307,酒钢宏兴,2016-03-31,2.79,2.81,2.75,2.79,69667560.0,193962053.0,1.112304,0.3597,-5.214202,1.352652,0.303485,-2.534742
sh.600308,华泰股份,2016-03-30,2.61141992,2.68702896,2.59978776,2.68121288,28884108.0,131681900.0,2.473883,3.3632,87.11291,0.848017,0.567022,-17.678345
sh.600308,华泰股份,2016-03-31,2.69284504,2.71610936,2.65213248,2.68121288,22782066.0,104999907.0,1.951252,0.0,87.11291,0.848017,0.567022,-17.678345
sh.600309,万华化学,2016-03-30,9.3172334,9.5569675,9.2589197,9.5504882,12041975.0,174983594.0,0.556897,3.876,19.799932,2.754549,1.635142,29.852916
sh.600309,万华化学,2016-03-31,9.589364,9.7059914,9.5116124,9.5569675,15194716.0,225401235.0,0.7027,0.0678,19.813365,2.756418,1.636251,29.873169
sh.600310,广西能源,2016-03-30,6.22680828,6.28068672,6.08826372,6.26529288,34583012.0,278612448.0,4.177828,0.9926,17.92457,2.516299,1.876589,-275.989977
sh.600310,广西能源,2016-03-31,6.26529288,6.3114744,6.14983908,6.157536,29443215.0,238381034.0,3.55691,-1.7199,17.616285,2.473021,1.844314,-271.24322
sh.600312,平高电气,2016-03-30,12.3663186,12.5953245,12.2899833,12.5953245,14047578.0,206306073.0,1.715282,2.9106,20.431246,2.756989,2.897073,75.491348
sh.600312,平高电气,2016-03-31,12.8497755,13.2993056,12.8497755,13.2229703,48270467.0,746237104.0,5.894073,4.9832,21.449369,2.894374,3.041439,79.253207
sh.600313,农发种业,2016-03-30,4.22243412,4.33313464,4.21057335,4.32918105,5913055.0,63941465.0,1.609927,3.3019,42.40558,4.246295,1.167022,26.993348
sh.600313,农发种业,2016-03-31,4.348949,4.41220644,4.29755233,4.38453131,8018416.0,88473664.0,2.183146,1.2785,42.947751,4.300585,1.181943,27.338468
sh.600315,上海家化,2016-03-30,27.476901,28.023705,27.476901,28.0054782,12584862.0,383618256.0,1.875334,2.4675,9.372567,3.615626,3.543189,68.849767
sh.600315,上海家化,2016-03-31,28.1968596,28.433808,27.8505504,27.9690246,12704337.0,392357264.0,1.893138,-0.1302,9.360367,3.610919,3.538577,68.760148
sh.600316,洪都航空,2016-03-30,18.8878181,19.43170815,18.79881791,19.3822636,15780639.0,304683824.0,2.200574,3.4301,179.81717,2.661,4.992033,52.39906
sh.600316,洪都航空,2016-03-31,19.59981962,21.32048996,19.46137488,20.54915498,37812646.0,784090608.0,5.272888,6.0204,190.642898,2.821203,5.292574,55.553698
sh.600318,新力金融,2016-03-30,13.26360332,13.26360332,13.26360332,13.26360332,0.0,0.0,,0.0,-3662.661318,5.955988,5.287517,42.72828
sh.600318,新力金融,2016-03-31,13.26360332,13.26360332,13.26360332,13.26360332,0.0,0.0,,0.0,-3662.661318,5.955988,5.287517,42.72828
sh.600319,亚星化学,2016-03-30,7.63,7.63,7.63,7.63,0.0,0.0,,0.0,-7.258356,-15.481932,1.836047,52.063674
sh.600319,亚星化学,2016-03-31,7.63,7.63,7.63,7.63,0.0,0.0,,0.0,-7.258356,-15.481932,1.836047,52.063674
sh.600320,振华重工,2016-03-30,3.30478761,3.36501153,3.30478761,3.36501153,12475171.0,55292377.0,0.450639,2.7586,92.389412,1.319783,0.843257,43.070227
sh.600320,振华重工,2016-03-31,3.37253952,3.50804334,3.37253952,3.49298736,32876898.0,150392280.0,1.187607,3.8031,95.903104,1.369977,0.875327,44.708244
sh.600322,津投城开,2016-03-30,5.03,5.06,4.91,4.99,17121192.0,85318741.0,1.548448,0.6048,38.821013,1.205385,1.779311,1.771153
sh.600322,津投城开,2016-03-31,5.0,5.25,4.94,5.19,36705531.0,188080708.0,3.319665,4.008,40.376966,1.253697,1.850626,1.842141
sh.600323,瀚蓝环境,2016-03-30,10.45689894,10.722825,10.39685112,10.722825,10469745.0,128914142.0,1.665274,3.4768,23.773287,2.17966,2.85326,18.196903
sh.600323,瀚蓝环境,2016-03-31,10.78287282,10.81718586,10.5512598,10.61988588,9645884.0,120131055.0,1.534234,-0.96,23.545064,2.158735,2.825869,18.022213
sh.600325,华发股份,2016-03-30,4.37796933,4.46983955,4.33910116,4.45923914,11356726.0,142102255.0,1.389975,3.2733,20.964914,2.063256,1.768491,3.992205
sh.600325,华发股份,2016-03-31,4.50164078,4.50870772,4.36383545,4.39210321,13589712.0,169736511.0,1.663275,-1.5055,20.649277,2.032193,1.741866,3.9321
sh.600326,西藏天路,2016-03-30,4.78583084,4.89610344,4.76377632,4.89058981,11081190.0,97035373.0,2.025071,3.38,40.368413,2.716115,2.829263,4.916003
sh.600326,西藏天路,2016-03-31,4.9071307,4.94572611,4.8519944,4.87404892,12674809.0,112607445.0,2.316303,-0.3382,40.231879,2.706929,2.819694,4.899377
sh.600327,大东方,2016-03-30,3.5185094,3.60605525,3.5101717,3.585211,7900438.0,67487632.0,1.51433,2.7479,32.685067,2.222913,0.540524,101.278968
sh.600327,大东方,2016-03-31,3.58937985,3.68943225,3.5768733,3.64774375,8452823.0,73742955.0,1.620209,1.7442,33.255155,2.261685,0.549952,103.045461
sh.600328,中盐化工,2016-03-30,7.478256,7.59042984,7.4159372,7.58419796,7246591.0,87343197.0,2.017886,2.3549,-222.802511,4.365735,2.248087,79.782163
sh.600328,中盐化工,2016-03-31,7.62158924,7.7586906,7.56550232,7.634053,7771170.0,95665439.0,2.16396,0.6574,-224.267112,4.394434,2.262865,80.306614
sh.600329,达仁堂,2016-03-30,13.0860807,13.49769036,13.07054826,13.46662548,7318137.0,124934371.0,1.364805,3.2143,29.532546,3.399605,1.882941,64.752131
sh.600329,达仁堂,2016-03-31,13.48215792,13.55982012,13.26470376,13.3190673,4846798.0,83646989.0,0.90391,-1.0957,29.208948,3.362355,1.862309,64.042621
sh.600330,天通股份,2016-03-30,9.2890278,9.85272094,9.17787704,9.81302424,36217839.0,434434416.0,6.150935,6.0944,173.593441,2.938736,7.678676,9.199929
sh.600330,天通股份,2016-03-31,9.86066028,9.99562906,9.59866206,9.71775216,31628011.0,388340144.0,5.371437,-0.9709,171.908067,2.910205,7.604126,9.110609
sh.600331,宏达股份,2016-03-30,6.0,6.22,6.0,6.17,21968535.0,134518988.0,2.128734,3.6975,-41.044598,3.058403,2.931512,-12.349366
sh.600331,宏达股份,2016-03-31,6.18,6.22,6.08,6.19,17728166.0,108839797.0,1.717846,0.3241,-41.177644,3.068317,2.941014,-12.389396
sh.600332,白云山,2016-03-30,18.60613572,18.9698274,18.58133856,18.93676452,6208137.0,141091169.0,0.599045,2.7354,22.746642,3.500092,1.546622,37.532764
sh.600332,白云山,2016-03-31,19.011156,19.15993896,18.8458416,18.89543592,5648503.0,129799619.0,0.545044,-0.2182,22.696999,3.492453,1.543247,37.450851
sh.600333,长春燃气,2016-03-30,7.59212856,7.83609156,7.59212856,7.78729896,5339882.0,42434847.0,1.008248,2.835,207.210398,2.208942,2.883763,77.638922
sh.600333,长春燃气,2016-03-31,7.78729896,7.93367676,7.73850636,7.79705748,5241115.0,42098235.0,0.9896,0.1253,207.47006,2.21171,2.887376,77.736214
sh.600335,国机汽车,2016-03-30,8.7034735,9.12832102,8.6444669,9.08111574,7533539.0,113789112.0,1.310728,5.1948,19.811511,1.753889,0.150364,21.518064
sh.600335,国机汽车,2016-03-31,9.14012234,9.4705593,8.1724141,9.41745336,10860767.0,171025639.0,1.889618,3.7037,20.545271,1.818848,0.155933,22.315029
sh.600336,澳柯玛,2016-03-30,6.0924522,6.2857173,6.0832491,6.2489049,21690586.0,145513629.0,3.189454,3.0349,92.5128,4.362943,1.226755,31.511614
sh.600336,澳柯玛,2016-03-31,6.2212956,6.3133266,6.0464367,6.1292646,28403427.0,190241728.0,4.176532,-1.9146,236.347227,4.496427,1.259434,133.762712
sh.600337,美克家居,2016-03-30,5.07642876,5.20778232,4.97211858,5.16528558,2770183.0,36503637.0,0.431226,2.6882,30.047058,2.921058,3.094825,149.011443
sh.600337,美克家居,2016-03-31,5.16914892,5.16914892,5.02620534,5.09574546,2801237.0,36943709.0,0.43606,-1.3463,29.642535,2.881732,3.05316,147.005305
sh.600338,西藏珠峰,2016-03-30,13.736632,14.8593375,13.4064245,14.62819225,15120593.0,324897120.0,9.549848,7.6288,724.719936,17.195792,12.25051,-177.065878
sh.600338,西藏珠峰,2016-03-31,14.4630885,15.84335585,14.27156815,15.60560645,14149122.0,317663872.0,8.936288,6.6817,773.14366,18.344766,13.069054,-188.896916
sh.600339,中油工程,2016-03-30,4.8770507,4.8770507,4.8770507,4.8770507,0.0,0.0,,0.0,-7.539125,4.420746,1.679993,93.761144
sh.600339,中油工程,2016-03-31,4.8770507,4.8770507,4.8770507,4.8770507,0.0,0.0,,0.0,-7.539125,4.420746,1.679993,93.761144
sh.600340,华夏幸福,2016-03-30,15.38755606,15.75888997,15.3745268,15.71980219,9318457.0,223237258.0,0.352203,2.5499,14.852371,5.271235,1.860009,3.40249
sh.600340,华夏幸福,2016-03-31,15.8305509,16.05856295,15.79146312,15.81752164,9972912.0,243796259.0,0.376939,0.6216,14.944699,5.304003,1.871571,3.423641
sh.600343,航天动力,2016-03-30,18.4792406,19.0242048,18.4792406,18.9746626,15498085.0,293747552.0,2.428382,3.6816,221.419798,5.580256,9.263521,129.993189
sh.600343,航天动力,2016-03-31,19.1232892,19.46017616,18.90530352,19.03411324,17350510.0,335085088.0,2.718636,0.3133,245.768903,5.515356,8.155029,-104.333891
sh.600345,长江通信,2016-03-30,19.2696156,20.42201418,19.14681903,20.38423062,10492312.0,220060085.0,5.299147,6.8846,201.976261,3.606351,6.743489,-121.223196
sh.600345,长江通信,2016-03-31,20.44090596,20.45035185,19.90249023,20.1197457,8127165.0,173195542.0,4.104629,-1.2975,199.355623,3.559558,6.655992,-119.650328
sh.600346,恒力石化,2016-03-30,4.51841097,4.64471979,4.49544573,4.61601324,15280510.0,121554702.0,2.288232,3.0769,-81.601362,43.993903,24.041392,2116.226812
sh.600346,恒力石化,2016-03-31,4.66768503,4.69639158,4.57582407,4.58156538,16765177.0,134635011.0,2.510558,-0.7463,-80.992397,43.66559,23.861979,2100.434075
sh.600348,华阳股份,2016-03-30,2.91841848,2.99280096,2.89654128,2.9752992,28359007.0,190814922.0,1.179169,2.4096,29.937186,1.196899,0.949509,-23.628267
sh.600348,华阳股份,2016-03-31,2.97092376,2.9971764,2.88341496,2.953422,31531288.0,212123092.0,1.311072,-0.7353,29.71706,1.188098,0.942528,-23.45453
sh.600350,山东高速,2016-03-30,3.32227872,3.40777854,3.32227872,3.39556428,11428722.0,63245847.0,0.237546,2.583,9.699528,1.165787,3.846382,403.409278
sh.600350,山东高速,2016-03-31,3.4199928,3.44442132,3.37113576,3.43831419,10179770.0,56728472.0,0.211586,1.259,9.821645,1.180464,3.894808,408.488172
sh.600351,亚宝药业,2016-03-30,9.0869772,9.3319092,9.062484,9.3237448,7224216.0,81326628.0,1.043962,3.3484,37.854159,4.744945,4.308922,45.990233
sh.600351,亚宝药业,2016-03-31,9.3645668,9.3645668,9.0869772,9.18495,12834036.0,144772728.0,1.854629,-1.4886,39.867622,3.303207,4.286454,11.196241
sh.600352,浙江龙盛,2016-03-30,7.79836512,7.97719104,7.79059008,7.94609088,33672698.0,343347728.0,1.100439,2.8169,11.737781,2.492314,2.156165,13.348153
sh.600352,浙江龙盛,2016-03-31,7.99274112,8.38149312,7.93831584,8.24931744,61678459.0,647825136.0,2.015681,3.816,12.1857,2.587421,2.238446,13.857525
sh.600353,旭光电子,2016-03-30,5.32118938,5.82472904,5.3075802,5.82472904,43493295.0,368180976.0,7.999208,10.0257,97.905882,4.64408,5.565442,38.346821
sh.600353,旭光电子,2016-03-31,5.86555658,5.92679789,5.64100511,5.67502806,57740345.0,488520848.0,10.6195,-2.5701,95.389609,4.524723,5.422405,37.361272
sh.600354,敦煌种业,2016-03-30,7.36,7.5,7.3,7.47,14592538.0,108115435.0,3.258703,2.4691,-13.812393,7.311181,2.999736,39.420965
sh.600354,敦煌种业,2016-03-31,7.51,7.57,7.41,7.53,17637779.0,132153636.0,3.938744,0.8032,-13.923335,7.369906,3.02383,39.737599
sh.600355,*ST精伦,2016-03-30,7.61,7.97,7.6,7.84,27217239.0,211412934.0,5.530956,3.4301,-108.770672,8.883839,8.933943,199.85515
sh.600355,*ST精伦,2016-03-31,7.76,8.23,7.7,7.92,37221067.0,296821072.0,7.563886,1.0204,-43.363928,9.774956,9.554098,109.107469
sh.600356,恒丰纸业,2016-03-30,8.8940685,9.05893416,8.78994282,9.0242256,3731589.0,38391347.0,1.249145,2.6653,35.317439,1.604566,2.227059,28.043461
sh.600356,恒丰纸业,2016-03-31,9.14570556,9.20644554,9.0242256,9.16305984,3967453.0,41699688.0,1.328101,1.5385,35.860784,1.629252,2.261321,28.474899
sh.600358,ST联合,2016-03-30,12.9,13.29,12.58,13.13,25769398.0,333866272.0,5.965138,5.04,520.730202,21.25135,75.060192,570.082161
sh.600358,ST联合,2016-03-31,13.33,14.12,13.21,13.57,34777540.0,477302544.0,8.050356,3.3511,538.180415,21.963505,77.575537,589.186209
sh.600359,新农开发,2016-03-30,9.41,9.79,9.3,9.67,37719307.0,359423520.0,9.886773,2.6539,44.032772,3.639137,5.710876,9.834661
sh.600359,新农开发,2016-03-31,9.57,9.72,9.43,9.49,24449146.0,233542715.0,6.408473,-1.8614,43.213134,3.571397,5.604572,9.651596
sh.600360,*ST华微,2016-03-30,6.96884384,7.14049024,6.865856,7.1233256,31864362.0,260256249.0,4.317196,2.4691,166.278508,3.099145,5.068488,-1086.152951
sh.600360,*ST华微,2016-03-31,7.20056648,7.61251784,7.20056648,7.45803608,46391499.0,398667376.0,6.28543,4.6988,174.091595,3.244767,5.306646,-1137.189053
sh.600361,创新新材,2016-03-30,5.46835492,6.06366572,5.46835492,6.02114352,33489540.0,231677462.0,5.02991,8.9231,83.953057,1.525436,0.356024,-11.111033
sh.600361,创新新材,2016-03-31,5.91909024,6.0381524,5.80853252,5.97862132,24027627.0,167038713.0,3.608793,-0.7062,83.360168,1.514663,0.35351,-11.032565
sh.600362,江西铜业,2016-03-30,11.71419896,11.90719794,11.71419896,11.8736329,19898271.0,280609776.0,0.958838,2.5362,76.893012,1.067338,0.263736,-18.220369
sh.600362,江西铜业,2016-03-31,11.8736329,11.94076298,11.6638514,11.88202416,22929502.0,322817648.0,1.104905,0.0707,76.947353,1.068092,0.263923,-18.233245
sh.600363,联创光电,2016-03-30,16.03537872,16.03537872,16.03537872,16.03537872,0.0,0.0,,0.0,47.048966,3.864522,3.145703,-65.151679
sh.600363,联创光电,2016-03-31,16.03537872,16.03537872,16.03537872,16.03537872,0.0,0.0,,0.0,47.048966,3.864522,3.145703,-65.151679
sh.600365,ST通葡,2016-03-30,17.01,17.95,17.01,17.86,16158107.0,285965760.0,5.770753,4.7507,1873.780897,10.408855,21.376151,375.995294
sh.600365,ST通葡,2016-03-31,18.0,18.8,17.5,18.3,23538998.0,422337808.0,8.406785,2.4636,1919.943472,10.665288,21.902775,385.258335
sh.600366,宁波韵升,2016-03-30,10.0556812,10.44894794,9.91131746,10.39916734,28206467.0,577069088.0,5.48233,3.6725,37.724429,3.355148,7.983911,-16.237225
sh.600366,宁波韵升,2016-03-31,10.1054618,10.15026434,9.76695372,9.83664656,40187944.0,804249856.0,7.811102,-5.4093,32.279015,3.080176,7.658807,97.118395
sh.600367,红星发展,2016-03-30,9.28475398,9.73057724,9.26537036,9.68211819,8310745.0,81810218.0,2.853965,5.1579,337.432032,2.413336,2.727143,112.336025
sh.600367,红星发展,2016-03-31,9.63365914,9.95348887,9.60458371,9.86626258,7554169.0,76267412.0,2.594151,1.9019,-15.570147,2.89117,2.843292,190.934594
sh.600368,五洲交通,2016-03-30,2.0957065,2.15686525,2.09162925,2.152788,10913689.0,56946847.0,1.308907,3.3268,196.092304,1.445691,1.38565,-8.158225
sh.600368,五洲交通,2016-03-31,2.1609425,2.185406,2.14871075,2.1609425,10692658.0,56822869.0,1.282398,0.3788,196.835078,1.451167,1.390899,-8.189128
sh.600369,西南证券,2016-03-30,7.24726257,7.37621742,7.2214716,7.3074415,65536957.0,557136176.0,1.410881,2.4096,13.498775,2.523088,5.647236,3.768884
sh.600369,西南证券,2016-03-31,7.34182946,7.47078431,7.28165053,7.31603849,68840728.0,589529008.0,1.482005,0.1176,13.514656,2.526057,5.653879,3.773318
sh.600370,三房巷,2016-03-30,4.88566896,5.17908204,4.8788454,5.14155246,12459330.0,184124116.0,3.906999,6.1268,241.314615,3.978123,4.499061,25.605213
sh.600370,三房巷,2016-03-31,5.14155246,5.26096476,5.0494344,5.11425822,12189023.0,184456136.0,3.822236,-0.5309,240.033581,3.957005,4.475177,25.469286
sh.600371,万向德农,2016-03-30,11.82265548,12.48843642,11.77558006,12.45481112,4278039.0,77644420.0,1.900844,5.7681,111.279105,10.868922,9.477898,114.420475
sh.600371,万向德农,2016-03-31,12.441361,12.72381352,12.32703498,12.61621256,4254723.0,79468276.0,1.890484,1.2959,743.577507,11.126688,11.358475,103.219046
sh.600372,中航机载,2016-03-30,18.35287938,18.74114979,18.1824192,18.73167978,13607913.0,265169368.0,0.773545,3.0208,72.94639,6.155978,5.109981,74.012613
sh.600372,中航机载,2016-03-31,18.7506198,19.19571027,18.47598951,18.74114979,12902366.0,256369756.0,0.733438,0.0506,72.983269,6.15909,5.112565,74.050031
sh.600373,中文传媒,2016-03-30,12.81527016,13.19667701,12.6904461,13.18974234,7045375.0,131939262.0,0.557416,3.9344,27.13475,2.750075,2.572467,24.929258
sh.600373,中文传媒,2016-03-31,13.16200366,13.97336005,13.16200366,13.41165178,15638601.0,307984464.0,1.237295,1.6824,25.189497,2.730586,2.297038,14.425482
sh.600375,汉马科技,2016-03-30,6.02372699,6.14589306,5.96734265,6.12709828,32805926.0,210930415.0,5.903101,2.1944,-4.254257,1.134295,0.968104,-6.191691
sh.600375,汉马科技,2016-03-31,6.11770089,6.14589306,5.98613743,6.00493221,31108569.0,200164289.0,5.597678,-1.9939,-4.169432,1.111679,0.948802,-6.068237
sh.600376,首开股份,2016-03-30,7.01939665,7.1957634,6.99823264,7.18165406,18188833.0,182901158.0,0.811273,3.0364,11.399485,1.468707,1.181195,2.974618
sh.600376,首开股份,2016-03-31,7.1957634,7.20987274,7.06172467,7.09699802,14757433.0,148970619.0,0.658223,-1.1788,11.26511,1.451394,1.167271,2.939553
sh.600377,宁沪高速,2016-03-30,5.2146926,5.2843908,5.195684,5.2780546,6945682.0,57420925.0,0.182878,1.9584,16.74138,2.049429,4.789738,-86.079736
sh.600377,宁沪高速,2016-03-31,5.290727,5.38577,5.259046,5.2970632,14306411.0,120288006.0,0.376685,0.3601,16.801674,2.05681,4.806988,-86.389747
sh.600378,昊华科技,2016-03-30,12.1473132,12.47860356,12.0552881,12.46940105,4841055.0,64641005.0,1.628925,4.1507,93.188672,5.487636,8.502719,-209.823967
sh.600378,昊华科技,2016-03-31,12.46940105,12.81909643,12.43259101,12.65345125,5586423.0,76812898.0,1.879727,1.476,94.56415,5.568634,8.62822,-212.920999
sh.600379,宝光股份,2016-03-30,14.57591424,14.57591424,14.57591424,14.57591424,0.0,0.0,,0.0,186.920195,11.806307,8.439182,38.108172
sh.600379,宝光股份,2016-03-31,13.1290404,14.57591424,13.11564342,14.47543689,40502142.0,801971568.0,17.172238,-0.6893,185.631683,11.724921,8.381008,37.845478
sh.600380,健康元,2016-03-30,7.4876637,7.667618,7.4720155,7.6519698,20613543.0,199247284.0,1.333488,3.1646,37.629786,3.299122,1.796036,22.606393
sh.600380,健康元,2016-03-31,7.6441457,7.7849795,7.6284975,7.6519698,21427029.0,210415268.0,1.386113,0.0,37.629786,3.299122,1.796036,22.606393
sh.600381,*ST春天,2016-03-30,15.17,15.17,15.17,15.17,0.0,0.0,,0.0,-238.124095,6.573929,-18.403282,26.513535
sh.600381,*ST春天,2016-03-31,15.17,15.17,15.17,15.17,0.0,0.0,,0.0,-238.124095,6.573929,-18.403282,26.513535
sh.600382,广东明珠,2016-03-30,5.466582,5.5908225,5.39617905,5.549409,12466585.0,165484651.0,3.647903,2.7607,29.136154,1.733167,21.035436,-17.633843
sh.600382,广东明珠,2016-03-31,5.52041955,5.6902149,5.44587525,5.4997128,13582726.0,182518740.0,3.974502,-0.8955,28.875233,1.717646,20.847059,-17.475928
sh.600383,金地集团,2016-03-30,7.80866625,7.9912065,7.79514475,7.896556,28299296.0,330030368.0,0.628755,1.9197,11.98904,1.66052,1.13251,60.817293
sh.600383,金地集团,2016-03-31,7.95740275,7.9641635,7.8289485,7.8559915,26668446.0,311094928.0,0.59252,-0.5137,11.927452,1.65199,1.126693,60.504875
sh.600386,北巴传媒,2016-03-30,6.278958,6.535242,6.0483024,6.5010708,14981127.0,219920476.0,3.715557,6.9571,41.994989,3.487009,2.038367,51.242315
sh.600386,北巴传媒,2016-03-31,6.8299686,7.1375094,6.535242,6.962382,17693783.0,285983152.0,4.388339,7.0959,44.974923,3.734444,2.183008,54.878432
sh.600388,龙净环保,2016-03-30,10.80053373,11.07876762,10.77523974,11.07033629,14429011.0,187193900.0,1.349704,3.3045,25.213579,4.137689,2.001664,39.358828
sh.600388,龙净环保,2016-03-31,11.1293556,11.27268821,11.07876762,11.11249294,18903241.0,250556447.0,1.768228,0.3808,25.309594,4.153446,2.009286,39.508709
sh.600389,江山股份,2016-03-30,9.6148104,9.6148104,9.6148104,9.6148104,0.0,0.0,,0.0,496.181972,4.059523,1.959138,610.026984
sh.600389,江山股份,2016-03-31,9.6148104,9.6148104,9.6148104,9.6148104,0.0,0.0,,0.0,496.181972,4.059523,1.959138,610.026984
sh.600390,五矿资本,2016-03-30,8.77316188,8.77316188,8.77316188,8.77316188,0.0,0.0,,0.0,-83.029527,3.877998,4.279693,125.337706
sh.600390,五矿资本,2016-03-31,8.77316188,8.77316188,8.77316188,8.77316188,0.0,0.0,,0.0,-83.029527,3.877998,4.279693,125.337706
sh.600391,航发科技,2016-03-30,41.393772,42.73002,41.393772,42.6303,8116940.0,342497248.0,2.458715,3.536,446.255152,8.322267,6.959203,4373.454813
sh.600391,航发科技,2016-03-31,42.8796,43.667388,41.992092,42.769908,9062558.0,390438256.0,2.745154,0.3275,447.716572,8.349521,6.981994,4387.777238
sh.600392,盛和资源,2016-03-30,7.91758057,8.05089811,7.71019773,7.95461322,28382045.0,302277088.0,3.016032,2.4809,509.069629,8.393575,9.203409,46.735773
sh.600392,盛和资源,2016-03-31,8.02127199,8.02127199,7.66575855,7.76204344,32455518.0,342934592.0,3.448901,-2.4209,510.2344,8.167473,8.980608,193.939968
sh.600395,盘江股份,2016-03-30,5.8815792,6.0299085,5.8364355,5.9912139,15199965.0,139903725.0,0.918398,3.1077,-306.996052,2.632942,3.701358,-59.560009
sh.600395,盘江股份,2016-03-31,6.0170103,6.1524414,5.9073756,5.9589684,27067178.0,252338929.0,1.635428,-0.5382,-305.343759,2.618772,3.681437,-59.239449
sh.600396,华电辽能,2016-03-30,4.91276096,5.0514276,4.91276096,5.04152284,8209482.0,41433416.0,1.010025,3.0364,81.847377,3.495076,1.714115,-80.17006
sh.600396,华电辽能,2016-03-31,5.0514276,5.14057044,5.02171332,5.11085616,15420893.0,79194024.0,1.897256,1.3752,29.383216,2.081452,1.06224,56.025169
sh.600397,江钨装备,2016-03-30,4.84,4.94,4.83,4.93,13298710.0,64846650.0,1.343358,2.7083,59.337775,1.385852,0.863275,-19.137354
sh.600397,江钨装备,2016-03-31,4.93,5.02,4.91,4.97,16764733.0,83073315.0,1.693476,0.8114,59.819217,1.397096,0.870279,-19.292626
sh.600398,海澜之家,2016-03-30,6.68482554,7.02322257,6.6492048,6.86292924,16080607.0,185728583.0,1.050183,4.3321,17.020684,6.812947,3.346796,154.077321
sh.600398,海澜之家,2016-03-31,6.89261319,6.93417072,6.77981418,6.83324529,4799067.0,55222952.0,0.313415,-0.4325,16.947065,6.783479,3.33232,153.410897
sh.600399,抚顺特钢,2016-03-30,7.54611241,7.63442842,7.43817062,7.62461553,48858689.0,374616432.0,4.325222,1.8349,51.343758,5.262892,2.216253,320.286285
sh.600399,抚顺特钢,2016-03-31,7.6540542,7.66386709,7.4577964,7.51667374,38679072.0,297508544.0,3.42407,-1.4157,50.616884,5.188385,2.184877,315.751988
sh.600400,红豆股份,2016-03-30,5.7983952,6.1467484,5.6860232,6.0231392,52507071.0,550999296.0,4.684788,0.5629,177.268942,6.975211,5.756899,23.798209
sh.600400,红豆股份,2016-03-31,5.9332416,6.0624694,5.759065,5.7759208,38840770.0,404061104.0,3.465453,-4.1045,169.992978,6.688915,5.520608,22.821417
sh.600403,大有能源,2016-03-30,4.7389545,4.8213711,4.6977462,4.7801628,10283383.0,59459350.0,0.430121,1.5762,-23.270998,1.502422,3.055702,-13.356624
sh.600403,大有能源,2016-03-31,4.81312944,4.83785442,4.5741213,4.64829624,18419642.0,104923215.0,0.770434,-2.7586,-22.62904,1.460976,2.971407,-12.988166
sh.600405,动力源,2016-03-30,11.98509071,12.310438,11.82681365,12.29285166,21984108.0,301515808.0,5.186242,4.4063,122.680898,7.652717,5.479224,2525.744006
sh.600405,动力源,2016-03-31,12.3983697,12.4863014,12.09060875,12.16095411,24596515.0,343798944.0,5.802532,-1.073,121.364579,7.570606,5.420434,2498.643749
sh.600406,国电南瑞,2016-03-30,6.6417188,6.8091973,6.6225784,6.7852718,21587630.0,302831360.0,0.978696,3.2023,37.272883,4.883079,4.175611,53.702355
sh.600406,国电南瑞,2016-03-31,6.8761887,6.9623205,6.69914,6.890544,28414756.0,408000400.0,1.288211,1.5515,37.851165,4.958839,4.240395,54.535537
sh.600408,安泰集团,2016-03-30,5.63,5.78,5.5,5.7,32789556.0,184447408.0,3.256809,1.2433,151.421816,3.711236,2.421889,199.698365
sh.600408,安泰集团,2016-03-31,5.72,5.75,5.58,5.58,23772318.0,133547869.0,2.361176,-2.1053,148.233988,3.633105,2.370901,195.494189
sh.600409,三友化工,2016-03-30,5.3698383,5.57365698,5.33848158,5.53446108,25184042.0,175024291.0,1.361016,2.7656,31.604672,2.081936,0.95391,-60.550735
sh.600409,三友化工,2016-03-31,5.53446108,5.65204878,5.487426,5.55797862,19578729.0,138979247.0,1.058089,0.4249,31.795937,2.066111,0.958038,116.509515
sh.600410,华胜天成,2016-03-30,11.24108864,11.59149664,11.16399888,11.58448848,21858651.0,355341424.0,3.429101,4.422,157.542614,4.532672,2.472461,-22.502898
sh.600410,华胜天成,2016-03-31,11.64055376,11.83678224,11.57047216,11.58448848,22745767.0,380002176.0,3.568269,0.0,157.542614,4.532672,2.472461,-22.502898
sh.600415,小商品城,2016-03-30,6.49703613,6.67239473,6.49703613,6.65485887,57500959.0,433452048.0,1.056379,2.7064,60.014352,4.361175,7.250372,-51.738094
sh.600415,小商品城,2016-03-31,6.68993059,6.78637782,6.61978715,6.70746645,73662872.0,564393952.0,1.353297,0.7905,60.488774,4.395651,7.307687,-52.147091
sh.600416,湘电股份,2016-03-30,12.22495625,12.5714125,12.18536125,12.56151375,12412899.0,154732834.0,1.765882,3.9312,148.604145,2.455014,0.99299,55.591229
sh.600416,湘电股份,2016-03-31,12.6704,12.83867875,12.60110875,12.6506025,13050508.0,167624588.0,1.85659,0.7092,149.658075,2.472426,1.000032,55.985493
sh.600418,江淮汽车,2016-03-30,10.54524056,10.78231881,10.48834178,10.77283568,20587783.0,230799945.0,2.481601,2.8985,19.459554,2.011399,0.423334,4.820918
sh.600418,江淮汽车,2016-03-31,10.8107682,10.9055995,10.67800438,10.78231881,25724851.0,292231824.0,3.100811,0.088,19.476684,2.01317,0.423706,4.825162
sh.600419,天润乳业,2016-03-30,13.13331891,13.62079131,13.13331891,13.60454223,1683211.0,55272491.0,2.098483,2.6986,68.188702,5.257479,5.892489,42.792066
sh.600419,天润乳业,2016-03-31,13.58016861,13.81578027,13.28768517,13.66547628,1830402.0,61100207.0,2.281988,0.4479,68.494116,5.281027,5.918881,42.983729
sh.600420,国药现代,2016-03-30,14.2218186,14.46332118,14.0876505,14.37387578,7882455.0,251605140.0,2.739499,1.967,43.737537,7.400568,3.447766,-656.183296
sh.600420,国药现代,2016-03-31,14.57512793,14.57512793,14.1770959,14.37834805,9627655.0,308697232.0,3.346033,0.0311,43.751145,7.40287,3.448839,-656.38746
sh.600421,*ST华嵘,2016-03-30,20.85,21.68,20.85,21.49,2461283.0,52809392.0,1.258325,3.6662,2412.928639,756.140029,132.827491,-619.076723
sh.600421,*ST华嵘,2016-03-31,21.5,21.98,21.35,21.36,2151913.0,46809424.0,1.10016,-0.6049,2398.332049,751.565892,132.023974,-615.331727
sh.600422,昆药集团,2016-03-30,12.48888864,13.0637808,12.46743744,13.01658816,9743343.0,289283424.0,2.861888,5.0918,29.364919,5.600387,2.723841,-86.195869
sh.600422,昆药集团,2016-03-31,12.93936384,13.03803936,12.77204448,12.83210784,10625763.0,319271712.0,3.121079,-1.4173,28.026173,3.561501,2.399429,220.49593
sh.600423,柳化股份,2016-03-30,8.218219,8.55910925,8.1260865,8.3840575,13954297.0,126022273.0,3.494274,2.3622,-21.360513,3.314481,1.310109,-7.194761
sh.600423,柳化股份,2016-03-31,8.39327075,8.439337,8.15372625,8.33799125,13181835.0,118761673.0,3.300843,-0.5495,-21.243147,3.29627,1.302911,-7.15523
sh.600425,青松建化,2016-03-30,4.6960754,4.731787,4.5978685,4.7050033,47648589.0,249131661.0,3.455826,1.5414,-105.054482,1.463754,3.617737,123.751363
sh.600425,青松建化,2016-03-31,4.7139312,4.7139312,4.5978685,4.6157243,37988306.0,197527664.0,2.755191,-1.8975,-103.061039,1.435979,3.549089,121.40314
sh.600426,华鲁恒升,2016-03-30,4.486808,4.62427616,4.486808,4.6204576,11375612.0,135520752.0,1.192881,3.3305,12.825153,1.573289,1.341102,-22.121265
sh.600426,华鲁恒升,2016-03-31,4.63191328,4.66628032,4.60518336,4.61663904,9966108.0,120973376.0,1.045076,-0.0826,12.814553,1.571989,1.339993,-22.102983
sh.600428,中远海特,2016-03-30,5.58608865,5.73563748,5.58608865,5.72684049,19134874.0,123238830.0,1.131942,3.0063,94.525112,2.012145,2.042589,-42.854677
sh.600428,中远海特,2016-03-31,5.74443447,5.92917126,5.72684049,5.85879534,32251231.0,214298458.0,1.907853,2.3041,96.70311,2.058508,2.089653,-43.842112
sh.600429,三元股份,2016-03-30,6.73189988,6.90426716,6.73189988,6.90426716,5361165.0,38235292.0,0.605781,3.0,-556.936954,1.936813,2.44187,5.466454
sh.600429,三元股份,2016-03-31,6.93299504,7.07663444,6.8946912,6.942571,6350668.0,46169930.0,0.71759,0.5548,-560.026757,1.947559,2.455418,5.496782
sh.600433,冠豪高新,2016-03-30,8.87772691,9.06790217,8.7307733,9.05061351,28145152.0,290415136.0,2.364582,2.9499,362.082338,5.468309,10.276739,129.251763
sh.600433,冠豪高新,2016-03-31,9.03332485,9.13705681,8.86043825,8.9036599,26229282.0,273359792.0,2.203623,-1.6237,356.203255,5.37952,10.109877,127.153119
sh.600435,北方导航,2016-03-30,11.27740592,11.60073728,11.2186184,11.59093936,16435252.0,382543472.0,2.207081,4.1832,437.584458,8.87139,10.918346,-275.846082
sh.600435,北方导航,2016-03-31,11.63503,11.87507904,11.59093936,11.62033312,21622769.0,517564336.0,2.90371,0.2536,438.69414,8.893887,10.946034,-276.545607
sh.600436,片仔癀,2016-03-30,32.07861441,35.25588912,32.07861441,33.97624017,5775045.0,315277008.0,1.435823,5.9981,47.079101,7.35837,11.53776,115.454721
sh.600436,片仔癀,2016-03-31,33.8326698,35.07486561,33.55177125,34.35701376,4786923.0,264233612.0,1.190151,1.1207,47.606719,7.440836,11.667065,116.748628
sh.600438,通威股份,2016-03-30,5.59363002,5.59363002,5.59363002,5.59363002,0.0,0.0,,0.0,41.646272,5.793224,1.009432,74.116906
sh.600438,通威股份,2016-03-31,5.59363002,5.59363002,5.59363002,5.59363002,0.0,0.0,,0.0,41.646272,5.793224,1.009432,74.116906
sh.600439,瑞贝卡,2016-03-30,3.98360644,4.10169754,3.98360644,4.10169754,19308834.0,99550521.0,2.046899,3.373,31.271016,2.103418,2.462036,88.758076
sh.600439,瑞贝卡,2016-03-31,4.11744302,4.14106124,4.07807932,4.0938248,20630787.0,107640486.0,2.187037,-0.1919,31.210995,2.099381,2.45731,88.587715
sh.600444,国机通用,2016-03-30,17.5021608,18.22831428,17.5021608,18.16314666,1108502.0,21197520.0,1.055716,4.6113,-175.163367,9.191443,9.834401,-48.499149
sh.600444,国机通用,2016-03-31,18.22831428,18.91722912,18.18176598,18.87999048,1919451.0,38646607.0,1.828049,3.9467,-182.076529,9.554201,10.222535,-50.413262
sh.600446,金证股份,2016-03-30,35.4935855,36.5632552,35.007372,36.39794261,74771207.0,2761977200.0,9.329963,3.6842,122.686884,24.355465,11.952521,125.618661
sh.600446,金证股份,2016-03-31,36.40766688,37.85658311,35.85338349,35.98952327,84692288.0,3202424816.0,10.567917,-1.1221,121.310221,24.082174,11.818402,124.209101
sh.600448,华纺股份,2016-03-30,5.96071905,6.15246246,5.9190357,6.13578912,19383951.0,140582089.0,4.853345,3.2258,169.861999,3.693712,1.34076,-28.932553
sh.600448,华纺股份,2016-03-31,6.15246246,6.29418585,6.01073907,6.04408575,26778249.0,198268291.0,6.704726,-1.4946,167.323301,3.638507,1.320722,-28.500137
sh.600449,宁夏建材,2016-03-30,7.0129696,7.22104672,6.98214336,7.2056336,11043709.0,102080023.0,2.309525,3.5438,224.7232,1.073347,1.403986,102.698759
sh.600449,宁夏建材,2016-03-31,7.25187296,7.50618944,7.2441664,7.39059104,22368747.0,214591703.0,4.677882,2.5668,230.491496,1.100898,1.440024,105.334877
sh.600452,涪陵电力,2016-03-30,3.51203104,3.5518872,3.4346632,3.51437552,3215922.0,96446057.0,2.009951,2.5659,25.774895,6.908932,3.837551,13.754483
sh.600452,涪陵电力,2016-03-31,3.51789224,3.71131184,3.51789224,3.58939888,1936521.0,59691923.0,1.210326,2.1348,26.325126,7.056421,3.919473,14.048108
sh.600455,博通股份,2016-03-30,40.4,41.97,40.4,41.85,803026.0,33276377.0,1.615169,4.0527,822.312815,19.4733,15.179567,137.874156
sh.600455,博通股份,2016-03-31,42.09,43.49,42.09,43.05,904106.0,38675055.0,1.818477,2.8674,845.891677,20.031674,15.614824,141.827537
sh.600456,宝钛股份,2016-03-30,14.26710828,14.76437758,14.25806702,14.71013002,6652381.0,106549501.0,1.54611,4.0947,-88.027093,1.9964,3.154028,35.587875
sh.600456,宝钛股份,2016-03-31,14.8276664,15.0989042,14.70108876,15.03561538,8983683.0,148098221.0,2.087938,2.2127,-89.974834,2.040573,3.223816,36.375314
sh.600458,时代新材,2016-03-30,12.7683493,13.2740265,12.68707975,13.183727,28691969.0,414500240.0,4.337921,1.8131,45.860847,2.510485,1.082747,6.619165
sh.600458,时代新材,2016-03-31,13.13857725,13.2198468,12.9128285,12.9670082,17495308.0,252824774.0,2.645105,-1.6438,45.10697,2.469217,1.064948,6.510357
sh.600459,贵研铂业,2016-03-30,8.1612945,8.278757,8.0767215,8.26936,7144354.0,124410783.0,2.737534,3.347,59.397849,2.58963,0.612796,20.28104
sh.600459,贵研铂业,2016-03-31,8.306948,8.4338075,8.241169,8.3398375,9456289.0,167416706.0,3.623408,0.8523,59.90408,2.611701,0.618019,20.45389
sh.600460,士兰微,2016-03-30,5.77800552,5.95488324,5.75835244,5.9450567,18100121.0,108051411.0,1.451298,3.9519,61.258827,3.089945,3.964589,74.385747
sh.600460,士兰微,2016-03-31,5.9450567,6.08262826,5.92540362,5.96470978,23189855.0,141849396.0,1.859401,0.3306,61.461335,3.10016,3.977695,74.63165
sh.600461,洪城环境,2016-03-30,5.03875312,5.17409952,5.03875312,5.1624984,4385200.0,57977812.0,1.328848,3.4082,22.463659,2.220043,2.831934,18.422773
sh.600461,洪城环境,2016-03-31,5.20890288,5.20890288,5.13542912,5.15476432,3982794.0,53217913.0,1.206907,-0.1498,22.430005,2.216717,2.827691,18.395173
sh.600463,空港股份,2016-03-30,13.31997892,14.19941373,13.2409286,14.15000728,8776275.0,122352916.0,3.482649,7.1055,189.036337,3.103909,6.736369,5.790209
sh.600463,空港股份,2016-03-31,14.02155051,14.59466533,13.98202535,14.51561501,8368836.0,121624941.0,3.320967,2.5838,193.920656,3.184108,6.910423,5.939817
sh.600467,好当家,2016-03-30,3.59860556,3.68039205,3.58417265,3.67558108,14026991.0,105947278.0,1.920198,3.6635,168.424834,1.905647,5.85865,24.453283
sh.600467,好当家,2016-03-31,3.67558108,3.72369078,3.61303847,3.64190429,14332228.0,108911943.0,1.961983,-0.9162,166.881674,1.888187,5.804971,24.229235
sh.600468,百利电气,2016-03-30,5.34184281,5.34184281,5.34184281,5.34184281,0.0,0.0,,0.0,103.086124,9.419303,6.242896,70.657066
sh.600468,百利电气,2016-03-31,5.34184281,5.34184281,5.34184281,5.34184281,0.0,0.0,,0.0,370.503621,9.736326,7.139492,-121.67185
sh.600469,风神股份,2016-03-30,9.70628193,9.70628193,9.70628193,9.70628193,0.0,0.0,,0.0,28.033426,2.20516,0.912899,26.705037
sh.600469,风神股份,2016-03-31,9.70628193,9.70628193,9.70628193,9.70628193,0.0,0.0,,0.0,28.033426,2.20516,0.912899,26.705037
sh.600470,六国化工,2016-03-30,8.16006366,8.66702102,8.08207022,8.24780628,56031489.0,473390384.0,10.742233,4.1872,29.656844,2.038545,0.791239,36.334892
sh.600470,六国化工,2016-03-31,8.17956202,8.44278988,8.0430735,8.41354234,38363325.0,323434464.0,7.354932,2.0095,30.252786,2.079509,0.807138,37.065026
sh.600475,华光环能,2016-03-30,6.76705914,6.99448431,6.71136318,6.98520165,3453685.0,51306235.0,1.349096,4.0802,46.192569,2.726648,1.216012,17.719467
sh.600475,华光环能,2016-03-31,6.98520165,7.08731091,6.94342968,7.02233229,3042474.0,45966979.0,1.188466,0.5316,46.438111,2.741142,1.222476,17.813657
sh.600476,湘邮科技,2016-03-30,36.15,36.99,35.7,36.88,2859183.0,103848820.0,1.775118,3.6537,1018.666698,27.286928,27.064476,-598.4477
sh.600476,湘邮科技,2016-03-31,37.42,37.42,36.03,36.43,2280643.0,83439227.0,1.415933,-1.2202,1006.237196,26.95398,26.734243,-591.145599
sh.600477,杭萧钢构,2016-03-30,3.74742459,3.82028238,3.68406999,3.801276,23904366.0,283811024.0,3.944943,1.6088,77.157547,7.205894,2.497228,79.572758
sh.600477,杭萧钢构,2016-03-31,3.81077919,3.8646306,3.75376005,3.77593416,18835346.0,226041005.0,3.108401,-0.6667,76.643164,7.157855,2.48058,79.042273
sh.600478,科力远,2016-03-30,11.5504873,11.563779,11.1517363,11.4973205,12045822.0,206053529.0,1.417117,4.6582,-545.684096,10.820212,18.665012,61.235534
sh.600478,科力远,2016-03-31,11.4042786,11.6302375,11.33117425,11.46409125,9646489.0,166395714.0,1.13485,-0.289,-544.106975,10.788939,18.611067,61.058553
sh.600479,千金药业,2016-03-30,7.82875398,8.03536161,7.817586,8.01302565,3971193.0,56360525.0,1.302803,3.3862,53.547509,3.117155,2.055807,17.943592
sh.600479,千金药业,2016-03-31,8.0409456,8.16937737,7.97952171,8.02419363,4504082.0,65061921.0,1.477624,0.1394,53.62214,3.121499,2.058672,17.9686
sh.600480,凌云股份,2016-03-30,5.73563328,5.94909536,5.72635232,5.92589296,6881433.0,86425209.0,1.902447,4.5008,39.136955,2.726652,0.823175,42.533767
sh.600480,凌云股份,2016-03-31,5.92589296,6.04654544,5.916612,5.93053344,9877769.0,127421357.0,2.730817,0.0783,39.167603,2.728787,0.82382,42.567074
sh.600481,双良节能,2016-03-30,5.1538058,5.27849465,5.1538058,5.26186947,13984812.0,87840561.0,0.862996,2.9268,41.84852,5.18078,2.430338,-18.005788
sh.600481,双良节能,2016-03-31,5.30343242,5.31174501,5.18705616,5.22030652,15833170.0,99954534.0,0.977057,-0.7899,41.517963,5.139858,2.411141,-17.863562
sh.600482,中国动力,2016-03-30,30.30963845,31.16611175,30.12882742,31.14707901,8079419.0,260241738.0,1.540868,3.347,101.934309,8.027035,3.053747,322.235001
sh.600482,中国动力,2016-03-31,31.14707901,31.7846758,30.96626798,31.3088573,8821275.0,290514960.0,1.682351,0.5194,102.463757,8.068728,3.069608,323.908694
sh.600483,福能股份,2016-03-30,7.17736691,7.23663501,7.06475752,7.2307082,4801620.0,57929894.0,1.664434,3.1276,20.025107,3.043581,2.741798,89.207816
sh.600483,福能股份,2016-03-31,7.24848863,7.31961035,7.17736691,7.18329372,7091772.0,86481272.0,2.458292,-0.6557,17.687819,2.845531,2.627726,380.010334
sh.600486,扬农化工,2016-03-30,16.13206836,16.46729794,16.1115441,16.419408,4395432.0,104801857.0,1.418344,2.6958,16.343236,2.371228,2.388331,-12.836323
sh.600486,扬农化工,2016-03-31,16.54255356,16.7272719,16.36467664,16.53571214,4811247.0,116236501.0,1.552521,0.7083,16.459001,2.388024,2.405249,-12.927247
sh.600487,亨通光电,2016-03-30,7.44107515,7.70801955,7.44107515,7.66797789,20664835.0,235432770.0,1.794961,3.6068,28.681343,3.232898,1.082974,-68.259388
sh.600487,亨通光电,2016-03-31,7.72804038,7.92824868,7.6746515,7.79477648,27850663.0,326431152.0,2.419127,1.6536,29.155621,3.286357,1.100882,-69.388134
sh.600488,津药药业,2016-03-30,5.2342486,5.2342486,5.2342486,5.2342486,0.0,0.0,,0.0,70.058859,2.271591,3.926269,-66.313717
sh.600488,津药药业,2016-03-31,5.2342486,5.2342486,5.2342486,5.2342486,0.0,0.0,,0.0,70.058859,2.271591,3.926269,-66.313717
sh.600489,中金黄金,2016-03-30,8.832564,8.8734555,8.6362848,8.7262461,48156054.0,513851776.0,1.636164,1.9102,-138.612089,3.142201,0.743125,68.449659
sh.600489,中金黄金,2016-03-31,8.6608197,8.8489206,8.5790367,8.7671376,54551981.0,582533072.0,1.853474,0.4686,-139.26163,3.156926,0.746607,68.770417
sh.600490,鹏欣资源,2016-03-30,8.48183008,8.8187252,8.36292592,8.78899916,101540271.0,885555168.0,6.865468,3.6215,244.24256,7.542509,8.011771,32.260096
sh.600490,鹏欣资源,2016-03-31,8.79890784,8.79890784,8.55119084,8.58091688,68469105.0,597069888.0,4.629419,-2.3675,238.460042,7.363938,7.82209,31.496328
sh.600491,龙元建设,2016-03-30,6.329466,6.4445472,6.2815155,6.4445472,8859767.0,58901972.0,0.934969,3.2258,35.819991,2.436921,0.509547,35.704149
sh.600491,龙元建设,2016-03-31,6.521268,6.521268,6.3774165,6.3965967,9217400.0,61862095.0,0.97271,-0.744,35.553473,2.418789,0.505756,35.438493
sh.600493,凤竹纺织,2016-03-30,13.072152,13.3473552,12.89785664,13.31066144,9566065.0,136533171.0,3.516936,3.1272,312.760574,6.237956,5.105303,347.267776
sh.600493,凤竹纺织,2016-03-31,13.36570208,13.60421152,13.22810048,13.38404896,8744896.0,127691348.0,3.215035,0.5513,305.313732,6.201741,5.512235,-355.903585
sh.600495,晋西车轴,2016-03-30,7.24159352,7.4172656,7.24159352,7.40750604,17845250.0,134014581.0,1.617412,3.125,90.965334,2.950717,4.561693,-24.579013
sh.600495,晋西车轴,2016-03-31,7.42702516,7.563659,7.34894868,7.40750604,21691478.0,165386794.0,1.966017,0.0,90.965334,2.950717,4.561693,-24.579013
sh.600496,精工钢构,2016-03-30,4.48591332,4.57709042,4.47679561,4.57709042,11144816.0,55461646.0,0.73785,2.449,25.62239,2.111869,1.044341,16.761783
sh.600496,精工钢构,2016-03-31,4.58620813,4.59532584,4.54973729,4.56797271,11765291.0,59021714.0,0.778929,-0.1992,25.571349,2.107662,1.04226,16.728393
sh.600497,驰宏锌锗,2016-03-30,4.60118001,4.7395929,4.58020836,4.67667795,41458082.0,461367856.0,2.486151,3.8175,249.341273,2.692215,0.947628,-47.135519
sh.600497,驰宏锌锗,2016-03-31,4.6976496,4.7395929,4.55504238,4.68506661,35270396.0,390273184.0,2.115089,0.1794,281.662682,3.041199,1.070466,-53.245564
sh.600498,烽火通信,2016-03-30,22.075578,23.0567148,22.030155,23.0385456,12472690.0,310256896.0,1.290228,5.2282,42.871293,3.969098,2.141025,-2113.661408
sh.600498,烽火通信,2016-03-31,23.029461,23.392845,22.802346,22.8568536,9253827.0,234853927.0,0.957255,-0.7886,42.533191,3.937796,2.12414,-2096.992154
sh.600499,科达制造,2016-03-30,6.395605,6.5862025,6.3828985,6.5607895,24858382.0,381650160.0,3.609272,3.7508,16.744807,2.629742,2.785547,-73.527334
sh.600499,科达制造,2016-03-31,6.6031445,6.768329,6.5523185,6.649735,29235107.0,460368800.0,4.244744,1.3557,16.971819,2.665393,2.823311,-74.524154
sh.600500,中化国际,2016-03-30,7.1364818,7.2711324,7.04222638,7.25766734,17149827.0,183492131.0,0.995275,3.3557,51.367166,2.056359,0.596235,67.858903
sh.600500,中化国际,2016-03-31,7.25766734,7.31826011,7.05569144,7.11628421,13720613.0,146206677.0,0.796264,-1.9481,50.366507,2.0163,0.58462,66.536976
sh.600501,航天晨光,2016-03-30,19.95926132,20.81239078,19.95926132,20.78263045,7206767.0,147958563.0,1.85129,4.5409,149.450407,4.02431,2.44175,14.711288
sh.600501,航天晨光,2016-03-31,21.09015386,21.21911529,20.48502715,20.72310979,9196416.0,193143642.0,2.362395,-0.2864,149.022387,4.012784,2.434757,14.669155
sh.600502,安徽建工,2016-03-30,4.71475566,4.71475566,4.71475566,4.71475566,0.0,0.0,,0.0,28.416031,2.780674,0.794657,41.541181
sh.600502,安徽建工,2016-03-31,4.71475566,4.71475566,4.71475566,4.71475566,0.0,0.0,,0.0,28.416031,2.780674,0.794657,41.541181
sh.600503,华丽家族,2016-03-30,9.76966368,10.10723336,9.64059292,10.09730484,109193408.0,1090551200.0,6.987525,4.3077,472.043465,4.521805,68.918082,-87.576745
sh.600503,华丽家族,2016-03-31,10.09730484,10.14694744,9.83916332,9.91859148,90632517.0,910383136.0,5.799773,-1.7699,463.688713,4.441773,67.698293,-86.026714
sh.600505,西昌电力,2016-03-30,8.11611738,8.40494718,8.11611738,8.3760642,4268708.0,36798635.0,1.170896,3.6949,52.775163,3.275647,3.828734,-97.550438
sh.600505,西昌电力,2016-03-31,8.40494718,8.55898974,8.36643654,8.39531952,3517046.0,30820418.0,0.964717,0.2299,48.746485,3.226969,3.798222,-188.122165
sh.600506,统一股份,2016-03-30,21.18,23.12,21.18,23.02,5567405.0,123339688.0,3.769225,9.3067,1431.259775,12.401107,63.123727,684.861529
sh.600506,统一股份,2016-03-31,22.58,22.98,22.0,22.35,3189665.0,71282480.0,2.159456,-2.9105,1389.602779,12.040172,61.286503,664.928548
sh.600507,方大特钢,2016-03-30,1.83838765,1.87629255,1.83459716,1.87629255,5133296.0,25120934.0,0.387565,2.6971,22.671644,3.165188,0.722085,-75.705985
sh.600507,方大特钢,2016-03-31,1.88766402,1.91798794,1.87250206,1.90661647,7732365.0,38591842.0,0.583796,1.6162,23.038055,3.216342,0.733755,-76.929516
sh.600508,上海能源,2016-03-30,7.09713567,7.22986538,7.09713567,7.22986538,3812516.0,35036936.0,0.527525,2.0948,586.697155,0.838388,1.349161,1773.108373
sh.600508,上海能源,2016-03-31,7.23767301,7.30013405,7.17521197,7.23767301,4469425.0,41375008.0,0.618419,0.108,587.330737,0.839293,1.350618,1775.023177
sh.600509,天富能源,2016-03-30,6.76934565,6.92381394,6.76934565,6.92381394,12459057.0,93679015.0,1.375633,2.834,18.784566,1.501998,1.958919,89.213021
sh.600509,天富能源,2016-03-31,6.93290031,7.06010949,6.91472757,6.95107305,12351182.0,94891314.0,1.363722,0.3937,18.858521,1.507912,1.966631,89.564254
sh.600510,黑牡丹,2016-03-30,6.25534638,6.41291178,6.23958984,6.39715524,4949251.0,39786772.0,0.622138,3.0457,42.920443,1.794378,2.210626,17.246183
sh.600510,黑牡丹,2016-03-31,6.39715524,6.65713815,6.39715524,6.59411199,10881843.0,90264061.0,1.367886,3.0788,44.241886,1.849624,2.278688,17.777161
sh.600511,国药股份,2016-03-30,23.1168,23.1168,23.1168,23.1168,0.0,0.0,,0.0,25.693095,4.349044,1.090939,17.744142
sh.600511,国药股份,2016-03-31,23.1168,23.1168,23.1168,23.1168,0.0,0.0,,0.0,25.693095,4.349044,1.090939,17.744142
sh.600512,腾达建设,2016-03-30,3.74925572,3.8785404,3.7400211,3.86007116,17840648.0,73862130.0,1.837716,3.4653,300.832649,2.063261,1.175247,25.661025
sh.600512,腾达建设,2016-03-31,3.86930578,3.88777502,3.82313268,3.84160192,12787866.0,53363834.0,1.317243,-0.4785,299.393258,2.053389,1.169624,25.538245
sh.600513,联环药业,2016-03-30,9.95527584,10.86370144,9.92855744,10.86370144,8428614.0,165462044.0,5.541495,10.0108,72.139176,4.507445,5.264942,11.398735
sh.600513,联环药业,2016-03-31,10.83698304,10.91713824,10.6339232,10.7140784,5578100.0,112173310.0,3.66739,-1.3773,71.145621,4.445365,5.192429,11.241743
sh.600515,海南机场,2016-03-30,9.07920027,9.26200296,8.97764322,9.2078392,11550405.0,155348802.0,2.732051,3.3435,89.927082,6.53042,4.352531,-15.867586
sh.600515,海南机场,2016-03-31,9.32970766,9.50573988,9.18752779,9.36356001,15135666.0,209074187.0,3.580083,1.6912,91.447908,6.640861,4.42614,-16.135934
sh.600516,方大炭素,2016-03-30,4.18730248,4.3582979,4.1497669,4.34995666,89132410.0,909038224.0,5.184648,5.0352,-397.37557,3.112856,6.886348,129.62908
sh.600516,方大炭素,2016-03-31,4.36246852,4.36663914,4.2331793,4.26237364,67385696.0,693452432.0,3.919686,-2.0134,-389.37472,3.050181,6.747696,127.019099
sh.600517,国网英大,2016-03-30,8.07898414,8.34271594,8.05261096,8.33392488,14124194.0,132221557.0,1.268258,4.6358,53.728598,5.669779,2.679297,270.926905
sh.600517,国网英大,2016-03-31,8.37788018,8.4833729,8.25480534,8.28996958,15820624.0,151128122.0,1.420586,-0.5274,53.445219,5.639875,2.665166,269.497966
sh.600518,康美药业,2016-03-30,13.8203252,14.23611,13.8203252,14.1276444,27520706.0,429993024.0,0.625836,2.7613,23.740106,4.542916,3.855422,13.064546
sh.600518,康美药业,2016-03-31,14.23611,14.2722652,14.0191788,14.0914892,21303040.0,332592736.0,0.484443,-0.2559,23.67935,4.53129,3.845556,13.031112
sh.600519,贵州茅台,2016-03-30,202.127742,203.2642032,199.27035384,201.85174428,2778260.0,688591408.0,0.221164,0.2217,20.148637,4.886373,9.339177,31.928646
sh.600519,贵州茅台,2016-03-31,202.80961872,203.1830274,200.49610842,201.02375112,1945734.0,483196896.0,0.154891,-0.4102,20.065988,4.866329,9.300868,31.797676
sh.600520,三佳科技,2016-03-30,20.34,20.34,20.34,20.34,0.0,0.0,,0.0,-43.544035,7.097925,14.528782,-22.254036
sh.600520,三佳科技,2016-03-31,20.34,20.34,20.34,20.34,0.0,0.0,,0.0,-43.544035,7.097925,14.528782,-22.254036
sh.600521,华海药业,2016-03-30,13.94737071,14.22232854,13.75328283,14.20076322,7791470.0,203508940.0,0.99412,1.935,52.420156,6.045572,6.527072,106.063617
sh.600521,华海药业,2016-03-31,14.16841524,14.32476381,13.99050135,14.04980598,6320316.0,165969524.0,0.806414,-1.063,51.862918,5.981306,6.457688,104.936138
sh.600522,中天科技,2016-03-30,6.52100552,6.70918104,6.4775804,6.70194352,15172464.0,276299232.0,1.758581,4.162,30.797052,2.352423,1.473677,-14.614893
sh.600522,中天科技,2016-03-31,6.78879376,6.79965004,6.66213716,6.72727484,15253965.0,284034192.0,1.768027,0.378,30.913455,2.361315,1.479247,-14.670133
sh.600523,贵航股份,2016-03-30,10.77716775,11.14391316,10.77716775,11.11817664,5213288.0,88664186.0,1.806385,4.2849,32.06288,2.628539,1.60447,-77.295006
sh.600523,贵航股份,2016-03-31,11.15034729,11.54926335,11.04740121,11.29833228,8387140.0,147732376.0,2.906114,1.6204,32.582417,2.671131,1.630468,-78.547472
sh.600525,ST长园,2016-03-30,11.11135935,11.51022866,11.02181726,11.50208847,14889256.0,205420333.0,1.715783,4.822,34.993664,3.002505,4.039612,23.92569
sh.600525,ST长园,2016-03-31,11.59977075,12.56845336,11.59977075,12.35680842,33854549.0,505506224.0,3.901273,7.431,37.594042,3.225621,4.339795,25.703608
sh.600526,菲达环保,2016-03-30,13.37612924,13.97621608,13.37612924,13.95685844,18750910.0,264903416.0,4.608355,5.2555,108.290791,3.088568,2.474347,92.050578
sh.600526,菲达环保,2016-03-31,13.91814316,14.034289,13.72456676,13.75360322,18292675.0,261698048.0,4.495736,-1.4563,106.71374,3.043589,2.438313,90.710036
sh.600527,江南高纤,2016-03-30,2.57972722,2.66214662,2.56324334,2.64978371,12542665.0,79498855.0,1.563749,3.0449,-96.236357,3.038615,3.199098,50.634205
sh.600527,江南高纤,2016-03-31,2.64978371,2.68687244,2.64154177,2.67038856,17108887.0,110592748.0,2.13304,0.7776,-96.984696,3.062244,3.223974,51.027939
sh.600528,中铁工业,2016-03-30,11.8834464,12.22827855,11.83923715,12.21059485,32465678.0,441234688.0,2.224896,4.0693,120.033694,3.270022,0.348719,21.496547
sh.600528,中铁工业,2016-03-31,12.28132965,12.3609063,12.0956508,12.10449265,33068333.0,456010224.0,2.266196,-0.8689,118.990678,3.241607,0.345688,21.309756
sh.600529,山东药玻,2016-03-30,6.65250576,6.94757658,6.65250576,6.93416427,5685585.0,86504338.0,2.209023,4.7973,27.453665,1.790996,2.316591,28.677782
sh.600529,山东药玻,2016-03-31,6.9744012,7.01016736,6.8849858,6.93863504,3486375.0,54222773.0,1.354563,0.0645,27.471365,1.792151,2.318084,28.696272
sh.600530,交大昂立,2016-03-30,8.3461521,8.8325246,8.29167838,8.7936148,18197244.0,400653328.0,5.83245,6.9063,71.011398,3.844645,26.276956,39.002415
sh.600530,交大昂立,2016-03-31,8.9297991,9.13213006,8.754705,8.84808852,18734674.0,427956160.0,6.004703,0.6195,71.451291,3.868461,26.439734,39.244023
sh.600531,豫光金铅,2016-03-30,8.68639019,8.82413275,8.35925161,8.77247929,122011914.0,1222397312.0,13.774947,2.1042,721.755581,6.606218,0.822381,-243.643897
sh.600531,豫光金铅,2016-03-31,8.65195455,8.85856839,8.54864763,8.56586545,89933688.0,903586880.0,10.153367,-2.3552,704.756431,6.450625,0.803012,-237.905474
sh.600533,栖霞建设,2016-03-30,5.0231071,5.1141354,4.9403541,5.0810342,40106866.0,243314906.0,3.819702,2.3333,34.712036,1.615845,1.122156,9.669522
sh.600533,栖霞建设,2016-03-31,5.0810342,5.130686,4.9734553,4.9982812,38900052.0,236789110.0,3.704767,-1.6287,34.146694,1.589528,1.10388,9.512038
sh.600535,天士力,2016-03-30,22.07214954,22.50527202,22.07214954,22.40269038,5476061.0,214601347.0,0.530193,1.7866,28.726479,5.68627,3.210997,-148.683422
sh.600535,天士力,2016-03-31,22.4254863,22.47107814,22.0265577,22.12913934,3591635.0,140065150.0,0.347743,-1.2211,28.375711,5.616837,3.171789,-146.867903
sh.600536,中国软件,2016-03-30,14.39938483,15.0956574,14.35257659,14.96693474,13670586.0,342729408.0,2.820351,4.9651,5588.348426,7.160201,4.001554,630.135003
sh.600536,中国软件,2016-03-31,15.18342285,15.18342285,14.6860853,14.76214869,15492992.0,394631824.0,3.196328,-1.3683,211.178824,6.311568,3.437044,19.482837
sh.600537,亿晶光电,2016-03-30,6.5041572,6.73204008,6.47567184,6.72254496,27087993.0,377256784.0,4.605395,3.9648,35.674338,3.027587,1.693196,13.427535
sh.600537,亿晶光电,2016-03-31,6.75577788,6.9314376,6.70830228,6.7890108,35478041.0,509089136.0,6.031838,0.9887,36.027051,3.05752,1.709937,13.560293
sh.600538,国发股份,2016-03-30,14.19,14.32,14.0,14.07,20287256.0,287364048.0,7.265793,-0.2835,1612.145856,9.578205,12.902886,-32.65331
sh.600538,国发股份,2016-03-31,14.4,15.06,14.21,14.86,27851995.0,409489312.0,9.975071,5.6148,1702.664351,10.116,13.627355,-34.486722
sh.600539,狮头股份,2016-03-30,10.68,10.68,10.68,10.68,0.0,0.0,,0.0,-249.594413,5.052737,34.111838,100.556831
sh.600539,狮头股份,2016-03-31,10.68,10.68,10.68,10.68,0.0,0.0,,0.0,-249.594413,5.052737,34.111838,100.556831
sh.600540,新赛股份,2016-03-30,6.46,6.72,6.46,6.71,13229378.0,87351579.0,2.856556,3.5494,-324.869852,2.685782,3.186341,-26.193091
sh.600540,新赛股份,2016-03-31,6.7,6.77,6.64,6.74,16763175.0,112441738.0,3.619592,0.4471,-326.322325,2.69779,3.200587,-26.310199
sh.600543,莫高股份,2016-03-30,11.12965646,11.51790029,11.11970149,11.49799035,7132926.0,81270049.0,2.221265,3.2172,222.238951,3.399834,11.943051,-24.195748
sh.600543,莫高股份,2016-03-31,11.53781023,11.53781023,11.29889095,11.41835059,4545453.0,51950642.0,1.4155,-0.6926,220.699633,3.376285,11.860328,-24.028158
sh.600545,卓郎智能,2016-03-30,7.55677941,7.83174378,7.54729788,7.81278072,16215142.0,131525595.0,2.39945,4.436,-298.833936,2.780579,1.215431,-7.71024
sh.600545,卓郎智能,2016-03-31,7.91707755,7.91707755,7.75589154,7.82226225,14069427.0,116119967.0,2.081936,0.1214,-299.196599,2.783953,1.216906,-7.719598
sh.600546,山煤国际,2016-03-30,2.82552936,2.86770144,2.81850068,2.86770144,27618977.0,111656943.0,1.39317,2.2556,-4.29172,1.30296,0.153007,-33.022231
sh.600546,山煤国际,2016-03-31,2.86770144,2.90987352,2.83255804,2.87473012,40666788.0,165857480.0,2.051334,0.2451,-4.302239,1.306153,0.153382,-33.103168
sh.600547,山东黄金,2016-03-30,13.2222235,13.290834,12.76645375,12.9281785,43707937.0,1157708496.0,3.071378,1.7354,72.641584,4.019808,0.872661,-36.541193
sh.600547,山东黄金,2016-03-31,12.74195,13.03109425,12.604729,12.88407175,29757021.0,778175712.0,2.091041,-0.3412,63.732317,3.874901,0.969918,1137.661781
sh.600548,深高速,2016-03-30,5.53806039,5.57586285,5.50655834,5.55066121,5913845.0,52053154.0,0.412612,0.8009,12.374011,1.553299,5.616766,3.90037
sh.600548,深高速,2016-03-31,5.56326203,5.61366531,5.52545957,5.59476408,6388171.0,56583933.0,0.445706,0.7945,12.472328,1.565641,5.661394,3.93136
sh.600549,厦门钨业,2016-03-30,13.06314714,13.58216795,12.67893693,13.09010926,27878763.0,541290608.0,3.14455,-0.3592,-33.308278,2.90962,2.708523,-112.075924
sh.600549,厦门钨业,2016-03-31,13.37995205,13.37995205,12.6047911,12.8744123,22122654.0,422182096.0,2.495297,-1.6478,-32.759429,2.861676,2.663893,-110.229153
sh.600550,保变电气,2016-03-30,6.16,6.39,6.16,6.35,9075783.0,56920750.0,0.661023,3.7582,48.543457,10.250428,2.797807,-138.788607
sh.600550,保变电气,2016-03-31,6.4,6.47,6.36,6.39,13882460.0,88940138.0,1.011111,0.6299,48.849243,10.314998,2.815431,-139.662866
sh.600551,时代出版,2016-03-30,9.965953,10.21790125,9.93795875,10.1675116,5696158.0,102514485.0,1.126112,2.7149,23.344038,2.332035,1.645022,-62.040909
sh.600551,时代出版,2016-03-31,10.1675116,10.37466905,10.16191275,10.18430815,7126175.0,130640868.0,1.408821,0.1652,23.382601,2.335887,1.647739,-62.1434
sh.600552,凯盛科技,2016-03-30,7.30104618,7.49517257,7.14006332,7.45255946,9850643.0,151400636.0,2.878291,2.1415,54.270121,2.668856,5.343837,35.43305
sh.600552,凯盛科技,2016-03-31,7.58039879,7.75558602,7.49517257,7.72244249,13053493.0,210281401.0,3.814141,3.6213,56.235431,2.765505,5.537356,36.716204
sh.600556,天下秀,2016-03-30,15.5730172,15.5730172,15.5730172,15.5730172,0.0,0.0,,0.0,4443.018592,2049.557343,95.648309,-4176.792643
sh.600556,天下秀,2016-03-31,15.5730172,15.5730172,15.5730172,15.5730172,0.0,0.0,,0.0,4443.018592,2049.557343,95.648309,-4176.792643
sh.600557,康缘药业,2016-03-30,14.12580635,14.45632661,14.0077634,14.44058755,4431928.0,80258163.0,1.202601,3.4969,26.337273,3.444658,3.348511,158.286275
sh.600557,康缘药业,2016-03-31,14.4799352,14.78684687,14.45632661,14.5586305,4465870.0,83096765.0,1.211811,0.8174,26.552564,3.472816,3.375883,159.580168
sh.600558,大西洋,2016-03-30,4.07999124,4.20673653,4.06792026,4.20070104,13665780.0,93904562.0,2.47352,3.8806,64.04335,2.309624,2.34466,-28.885984
sh.600558,大西洋,2016-03-31,4.224843,4.2851979,4.21277202,4.23087849,19226850.0,135089522.0,3.48008,0.7184,64.503432,2.326217,2.361504,-29.093498
sh.600559,老白干酒,2016-03-30,9.88057279,10.02607504,9.76029093,10.00473471,1347719.0,68876376.0,0.962656,2.3214,127.38342,12.785614,3.778933,-475.839154
sh.600559,老白干酒,2016-03-31,10.08427594,10.20067774,9.98145435,10.02025495,2099446.0,109153656.0,1.499604,0.1551,127.581029,12.805449,3.784795,-476.577318
sh.600560,金自天正,2016-03-30,16.01005725,16.47160845,15.8273599,16.4042989,9012404.0,151632504.0,4.029772,3.4566,209.690738,5.332768,7.115186,170.06289
sh.600560,金自天正,2016-03-31,16.6350745,16.8273875,16.154292,16.2119859,7091509.0,121137370.0,3.17087,-1.1723,207.232464,5.270251,7.031772,168.069187
sh.600561,江西长运,2016-03-30,11.57556544,12.00573848,11.49735216,11.94707852,4521675.0,54511671.0,1.907365,3.0354,37.555531,1.909817,1.179362,13.735098
sh.600561,江西长运,2016-03-31,11.9275252,12.2697083,11.9275252,12.15238838,6150534.0,75913773.0,2.594461,1.7185,38.20092,1.942637,1.199629,13.971135
sh.600562,国睿科技,2016-03-30,23.584011,24.2235774,23.1552108,24.1945062,8768261.0,285547280.0,2.896478,4.0638,82.466932,15.018798,14.107455,626.883254
sh.600562,国睿科技,2016-03-31,24.601503,24.964893,23.98374,24.4416114,8201122.0,276776624.0,2.709131,1.0213,83.30919,15.17219,14.251538,633.285786
sh.600563,法拉电子,2016-03-30,27.99204496,28.78273464,27.82086472,28.70937168,5401377.0,187616386.0,2.400612,3.2542,24.162608,4.09848,5.687175,1059.593323
sh.600563,法拉电子,2016-03-31,28.7745832,29.08433792,28.22028528,28.29364824,5569489.0,195150779.0,2.475328,-1.448,23.812723,4.039132,5.604823,1044.249978
sh.600566,济川药业,2016-03-30,16.65748574,17.19685765,16.65748574,17.07777554,5043374.0,121653559.0,2.95573,4.0102,27.749294,7.140922,5.056447,-50.972043
sh.600566,济川药业,2016-03-31,17.07777554,17.07777554,16.64347608,16.79758234,4156493.0,99789511.0,2.435963,-1.6407,27.294014,7.023762,4.973487,-50.13575
sh.600567,山鹰国际,2016-03-30,2.71984503,2.75598915,2.710809,2.75598915,27355997.0,82904722.0,1.25704,2.0067,80.246636,1.879575,1.281756,45.527905
sh.600567,山鹰国际,2016-03-31,2.76502518,2.77406121,2.74695312,2.75598915,32472699.0,99230958.0,1.492158,0.0,80.246636,1.879575,1.281756,45.527905
sh.600568,ST中珠,2016-03-30,5.3748872,5.5516927,5.35720665,5.53401215,13656783.0,210999185.0,2.695748,3.2322,106.683694,4.106501,10.906358,31.296404
sh.600568,ST中珠,2016-03-31,5.57290936,5.61887879,5.4456094,5.54815659,15016239.0,234437150.0,2.964095,0.2556,106.956368,4.116996,10.934234,31.376395
sh.600569,安阳钢铁,2016-03-30,2.34810871,2.40167773,2.33918054,2.39274956,17437725.0,46298604.0,0.728489,2.2901,-4.935272,1.075488,0.282012,19.466188
sh.600569,安阳钢铁,2016-03-31,2.40167773,2.42846224,2.37489322,2.42846224,23825398.0,64112460.0,0.995344,1.4925,-5.008932,1.09154,0.286221,19.756728
sh.600570,恒生电子,2016-03-30,18.10375772,18.5454656,17.64638644,18.30738192,72192155.0,4178280192.0,11.685262,2.978,79.572114,14.845212,16.222875,-164.521117
sh.600570,恒生电子,2016-03-31,18.1068904,19.5479232,18.04736948,18.27605512,78911782.0,4723920128.0,12.772923,-0.1711,79.435953,14.81981,16.195115,-164.239596
sh.600571,信雅达,2016-03-30,19.85980701,19.85980701,19.85980701,19.85980701,0.0,0.0,,0.0,83.966525,9.577467,9.442185,-101.611212
sh.600571,信雅达,2016-03-31,19.85980701,19.85980701,19.85980701,19.85980701,0.0,0.0,,0.0,83.966525,9.577467,9.442185,-101.611212
sh.600572,康恩贝,2016-03-30,5.5511031,5.8782801,5.53474425,5.87282715,28906208.0,304599040.0,2.107135,6.7393,23.399328,3.926458,3.789101,13.409069
sh.600572,康恩贝,2016-03-31,5.8782801,5.9000919,5.7910329,5.8237506,15627293.0,167252124.0,1.13916,-0.8357,23.20379,3.893646,3.757437,13.297016
sh.600573,惠泉啤酒,2016-03-30,13.75360441,14.05113528,13.7248111,13.96475535,4110152.0,59565817.0,1.644061,2.537,125.134525,3.267815,4.806921,-24.397882
sh.600573,惠泉啤酒,2016-03-31,14.23349291,14.35826392,13.80159326,13.93596204,4316194.0,63137825.0,1.726478,-0.2062,124.876516,3.261077,4.79701,-24.347577
sh.600575,淮河能源,2016-03-30,4.48144305,4.6020616,4.48144305,4.59278325,15092874.0,74288911.0,1.060489,2.6971,73.175119,3.963429,3.939311,3.673252
sh.600575,淮河能源,2016-03-31,4.59278325,4.6020616,4.46288635,4.5092781,22017277.0,107609809.0,1.547026,-1.8182,71.33091,3.646598,3.830707,37.974686
sh.600576,祥源文旅,2016-03-30,19.4,20.8,19.3,20.67,21980039.0,441731360.0,4.581038,8.9615,475.368285,7.640961,36.291717,113.209191
sh.600576,祥源文旅,2016-03-31,21.1,22.48,21.1,21.42,25917775.0,564586928.0,5.401733,3.6284,492.616771,7.918209,37.608542,117.316926
sh.600577,精达股份,2016-03-30,3.60008535,3.69849315,3.60008535,3.6902925,18887297.0,84295815.0,1.330906,2.9748,67.764118,3.178988,1.136684,155.772436
sh.600577,精达股份,2016-03-31,3.6738912,3.74769705,3.6738912,3.7230951,28729740.0,130181680.0,2.02446,0.8889,68.366465,3.207246,1.146788,157.15708
sh.600578,京能电力,2016-03-30,3.5650032,3.64670119,3.55757611,3.63184701,12331171.0,59939617.0,0.267063,2.3012,8.603901,1.475367,2.076543,-16.481472
sh.600578,京能电力,2016-03-31,3.6392741,3.66155537,3.60956574,3.6392741,11871444.0,58155317.0,0.257107,0.2045,8.621496,1.478384,2.080789,-16.515176
sh.600579,中化装备,2016-03-30,11.38,11.65,11.26,11.63,3664172.0,41889581.0,1.433557,3.286,70.70331,6.524755,5.839969,98.852069
sh.600579,中化装备,2016-03-31,11.69,11.73,11.49,11.62,5262611.0,61122428.0,2.058924,-0.086,70.642516,6.519144,5.834948,98.767072
sh.600580,卧龙电驱,2016-03-30,8.3637612,8.84599608,8.26580724,8.8158564,13416388.0,152777036.0,1.950826,5.8823,32.04921,3.816659,1.827164,36.145733
sh.600580,卧龙电驱,2016-03-31,8.80832148,8.93641512,8.68022784,8.78571672,12708303.0,148729991.0,1.847866,-0.3419,31.93964,3.803611,1.820917,36.022158
sh.600581,八一钢铁,2016-03-30,3.0323634,3.0323634,3.0323634,3.0323634,0.0,0.0,,0.0,-1.851485,-5.129688,0.440027,-44.933028
sh.600581,八一钢铁,2016-03-31,3.0323634,3.0323634,3.0323634,3.0323634,0.0,0.0,,0.0,-1.851485,-5.129688,0.440027,-44.933028
sh.600582,天地科技,2016-03-30,4.26327456,4.37829096,4.2556068,4.36295544,39830388.0,224431696.0,1.435673,2.8933,19.185849,1.770996,1.641327,34.148975
sh.600582,天地科技,2016-03-31,4.39362648,4.40129424,4.32461664,4.34761992,29087835.0,165175222.0,1.048461,-0.3515,19.118412,1.764771,1.635558,34.028944
sh.600583,海油工程,2016-03-30,5.75537296,5.95326544,5.74712744,5.91203784,27010414.0,192666622.0,0.667086,3.6127,9.296663,1.379722,1.956677,20.753081
sh.600583,海油工程,2016-03-31,5.91203784,5.96975648,5.87905576,5.91203784,21905386.0,157110065.0,0.541005,0.0,9.296663,1.379722,1.956677,20.753081
sh.600584,长电科技,2016-03-30,21.47284704,21.47284704,21.47284704,21.47284704,0.0,0.0,,0.0,124.26635,5.961203,2.757277,29.849066
sh.600584,长电科技,2016-03-31,21.47284704,21.47284704,21.47284704,21.47284704,0.0,0.0,,0.0,124.26635,5.961203,2.757277,29.849066
sh.600585,海螺水泥,2016-03-30,10.27664685,10.8486675,10.2437721,10.78949295,45757237.0,742892512.0,1.144016,6.0078,11.569598,1.233639,1.70593,-10.570151
sh.600585,海螺水泥,2016-03-31,10.81579275,11.30233905,10.7960679,11.10509055,47238775.0,798005072.0,1.181057,2.925,11.908014,1.269724,1.755829,-10.879333
sh.600586,金晶科技,2016-03-30,3.84677865,3.9633477,3.82884495,3.9633477,19665945.0,85272710.0,1.38229,3.7559,-20.093085,1.685802,1.880328,14.414186
sh.600586,金晶科技,2016-03-31,3.95438085,4.00818195,3.9274803,3.9812814,23096195.0,102135451.0,1.623397,0.4525,-20.184004,1.69343,1.888837,14.479408
sh.600587,新华医疗,2016-03-30,17.33491738,17.9545245,17.33491738,17.89819658,2872610.0,72046820.0,0.777182,3.6705,35.524553,3.213322,1.423856,100.273581
sh.600587,新华医疗,2016-03-31,18.08830331,18.34177895,17.9545245,18.17279519,3237774.0,83615205.0,0.875976,1.5342,36.069579,3.262621,1.445701,101.812003
sh.600588,用友网络,2016-03-30,8.7819336,9.2028069,8.7515613,9.1811124,24446509.0,504624352.0,1.737638,5.6943,95.706249,5.614252,6.960808,34.175278
sh.600588,用友网络,2016-03-31,9.1811124,9.2505348,9.024912,9.0552843,25705772.0,541142704.0,1.827146,-1.3705,94.394585,5.537309,6.865409,33.706902
sh.600589,大位科技,2016-03-30,6.7639502,7.095592,6.709962,7.0878794,23807492.0,213560084.0,3.956507,6.489,541.035718,3.17104,6.436018,10.72539
sh.600589,大位科技,2016-03-31,7.1418676,7.2267062,6.9336274,6.9953282,23547778.0,215004951.0,3.913346,-1.3058,533.971051,3.129633,6.351979,10.585341
sh.600590,泰豪科技,2016-03-30,9.7093401,10.16145441,9.635223,10.0799256,9919793.0,131963687.0,1.976032,4.2146,78.696203,2.996494,2.89791,175.56997
sh.600590,泰豪科技,2016-03-31,10.42086426,10.51721649,9.99098508,10.05769047,8059178.0,110992018.0,1.605396,-0.2206,78.522609,2.989884,2.891518,175.182683
sh.600592,龙溪股份,2016-03-30,9.41911795,9.68952325,9.32898285,9.62642868,13698298.0,144673252.0,3.706715,3.1884,75.992409,2.190719,7.051693,-130.101597
sh.600592,龙溪股份,2016-03-31,9.68952325,10.2754014,9.61741517,10.11315822,21490102.0,237504208.0,5.815152,5.0562,79.834722,2.301486,7.40824,-136.679768
sh.600593,大连圣亚,2016-03-30,22.99089786,23.66067256,22.560832,23.60427048,4493060.0,147744574.0,4.883761,3.7818,71.652919,7.973097,10.089615,8597.659241
sh.600593,大连圣亚,2016-03-31,23.27290826,25.9449568,23.18125488,25.50079042,5825799.0,203340614.0,6.33239,8.0346,77.409979,8.613707,10.90028,9288.450859
sh.600594,益佰制药,2016-03-30,13.62420576,14.42411178,13.61560462,14.38110608,14083243.0,228735482.0,1.800102,6.7007,39.826586,3.735307,3.749205,-16.427937
sh.600594,益佰制药,2016-03-31,14.38110608,14.39830836,13.87363882,13.9768525,17083618.0,279252736.0,2.183606,-2.811,38.707059,3.630307,3.643815,-15.966147
sh.600595,中孚实业,2016-03-30,5.28,5.5,5.26,5.4,44279408.0,238694601.0,2.922977,3.0534,-21.585751,1.974461,0.968359,33.603189
sh.600595,中孚实业,2016-03-31,5.4,5.52,5.31,5.37,42689527.0,230350270.0,2.818025,-0.5556,-21.46583,1.963492,0.96298,33.416505
sh.600596,新安股份,2016-03-30,4.30779738,4.44419202,4.30779738,4.43850891,10598655.0,81845214.0,1.560497,3.4437,-27.003215,1.299391,0.703588,183.945515
sh.600596,新安股份,2016-03-31,4.44987513,4.55217111,4.43850891,4.4896569,15089566.0,119252907.0,2.221718,1.1524,-27.314392,1.314365,0.711696,186.065246
sh.600597,光明乳业,2016-03-30,10.11774116,10.31062704,10.04760084,10.29309196,6798751.0,79211038.0,0.555316,2.7122,38.454645,4.108553,0.571609,3.891702
sh.600597,光明乳业,2016-03-31,10.38076736,10.6525611,10.29309196,10.521048,13012520.0,155653443.0,1.062852,2.2147,39.306281,4.199543,0.584268,3.977889
sh.600598,北大荒,2016-03-30,8.22919446,8.39273762,8.20689312,8.38530384,23818478.0,266123516.0,1.339863,2.6388,30.440174,3.561314,5.48715,-18.230007
sh.600598,北大荒,2016-03-31,8.2886647,8.35556872,8.14742288,8.27379714,37147906.0,412298736.0,2.089685,-1.3298,30.035384,3.513956,5.414183,-17.987587
sh.600599,*ST熊猫,2016-03-30,24.40676016,27.38561616,24.40676016,26.48202984,19709829.0,514785584.0,15.642721,4.9587,222.210178,6.302742,14.947042,-14.772869
sh.600599,*ST熊猫,2016-03-31,25.816752,26.9089992,25.568514,25.62809112,13443520.0,353819824.0,10.66946,-3.2246,215.044796,6.099504,14.46506,-14.296504
sh.600600,青岛啤酒,2016-03-30,24.232083,24.791616,24.232083,24.7399668,3796000.0,108002613.0,0.54547,2.3504,22.664521,2.359163,1.405019,16.815724
sh.600600,青岛啤酒,2016-03-31,24.705534,24.7830078,24.576411,24.705534,2767779.0,79362615.0,0.397719,-0.1392,22.632977,2.355879,1.403063,16.79232
sh.600601,方正科技,2016-03-30,4.1022064,4.22705616,4.1022064,4.21813832,37918569.0,176909424.0,1.727583,3.7281,68.89279,2.926178,1.619405,-972.725581
sh.600601,方正科技,2016-03-31,4.235974,4.3251524,4.21813832,4.24489184,46815596.0,224335111.0,2.132935,0.6343,69.329742,2.944737,1.629676,-978.895088
sh.600602,云赛智联,2016-03-30,10.20669265,10.50771953,10.18787847,10.47009117,20941461.0,231439644.0,2.380868,2.9602,91.227356,4.484857,4.926851,136.363689
sh.600602,云赛智联,2016-03-31,10.41364863,10.85578186,10.41364863,10.56416207,25788176.0,291359264.0,2.931898,0.8985,92.047009,4.525152,4.971118,137.58888
sh.600603,广汇物流,2016-03-30,5.08873575,5.17181715,5.05134912,5.1510468,3945383.0,48513023.0,2.026996,1.5561,-12.395289,-15.89609,64.055738,328.324112
sh.600603,广汇物流,2016-03-31,5.18427936,5.19674157,5.13443052,5.15520087,3156063.0,39205546.0,1.621471,0.0806,-12.405285,-15.908909,64.107395,328.58889
sh.600604,市北高新,2016-03-30,14.98993524,15.4199136,14.6538602,15.22716468,17295806.0,526226944.0,5.185773,4.123,177.917643,8.115869,23.632817,23.661467
sh.600604,市北高新,2016-03-31,15.16785732,15.5187592,14.70822528,14.87132052,18375630.0,559525264.0,5.509534,-2.3369,173.759879,7.926209,23.08054,23.108522
sh.600605,汇通能源,2016-03-30,13.427775,14.051089,13.39462,14.044458,3076868.0,63831380.0,2.088212,4.8515,303.719685,5.619051,1.693997,33.133412
sh.600605,汇通能源,2016-03-31,14.236757,14.45558,13.944993,14.12403,3178813.0,68212173.0,2.157401,0.5666,305.440476,5.650887,1.703595,33.321137
sh.600606,绿地控股,2016-03-30,8.903451,9.3382707,8.903451,9.2002327,7458018.0,98849383.0,1.438883,4.1406,977.66803,3.228535,-6.230435,-51.628695
sh.600606,绿地控股,2016-03-31,9.2278403,9.2968593,9.1174099,9.1450175,5989998.0,79876060.0,1.155656,-0.6001,971.800555,3.209159,-6.193043,-51.318846
sh.600608,*ST沪科,2016-03-30,9.15,9.49,9.15,9.4,3249379.0,30411808.0,1.020625,3.0702,-118.235046,-73.564845,5.903867,168.904683
sh.600608,*ST沪科,2016-03-31,9.39,9.63,9.39,9.58,3424738.0,32638597.0,1.075705,1.9149,-120.499122,-74.973534,6.016919,172.139028
sh.600609,金杯汽车,2016-03-30,4.09,4.2,4.07,4.2,15001024.0,62098930.0,1.372881,3.1941,-35.569204,17.496773,0.988597,11.949019
sh.600609,金杯汽车,2016-03-31,4.2,4.28,4.14,4.18,15481359.0,65003432.0,1.416841,-0.4762,127.769585,17.37052,0.98474,-4.236603
sh.600610,中毅达,2016-03-30,17.43,18.2,17.3,17.93,54178558.0,961382592.0,18.635057,2.9868,143.720621,16.369852,132.515337,1589.059237
sh.600610,中毅达,2016-03-31,17.93,18.17,17.4,17.44,46446634.0,823400672.0,15.975613,-2.7328,139.792952,15.922488,128.893892,1545.632632
sh.600611,大众交通,2016-03-30,7.22823778,7.40185438,7.19351446,7.39606716,32490827.0,409717024.0,3.117491,3.3145,39.343486,2.349599,8.395622,15.645361
sh.600611,大众交通,2016-03-31,7.41921604,7.4365777,7.24559944,7.2918972,32122953.0,407328048.0,3.082193,-1.4084,38.789352,2.316506,8.277373,15.425004
sh.600612,老凤祥,2016-03-30,30.34978058,30.96482492,30.30422174,30.6003542,1289255.0,51859626.0,0.406564,1.5881,18.867511,5.034023,0.590318,1152.037009
sh.600612,老凤祥,2016-03-31,30.6003542,31.00279062,30.51682966,30.88130038,2018857.0,81838491.0,0.636643,0.9181,19.040737,5.080241,0.595737,1162.614024
sh.600613,神奇制药,2016-03-30,13.094553,13.9215774,13.094553,13.8296858,4544596.0,67045327.0,2.564234,5.6882,41.809324,3.684193,5.743075,-144.05526
sh.600613,神奇制药,2016-03-31,13.81130748,13.9675232,13.66428092,13.6918484,4184146.0,62783175.0,2.360854,-0.9967,41.39262,3.647473,5.685835,-142.619494
sh.600615,鑫源智造,2016-03-30,16.46868954,17.21802324,16.3188228,17.05983057,5962372.0,121051110.0,3.177822,4.4875,464.435122,7.734217,49.659778,10.306424
sh.600615,鑫源智造,2016-03-31,17.05983057,17.24300103,16.83503046,16.95159348,3355569.0,68616398.0,1.788449,-0.6345,461.488487,7.685147,49.344709,10.241034
sh.600616,金枫酒业,2016-03-30,7.18564395,7.36072563,7.1491686,7.35343056,10671596.0,106315950.0,2.186634,3.7037,87.063256,2.680922,5.273623,-40.029155
sh.600616,金枫酒业,2016-03-31,7.35343056,7.4409714,7.26588972,7.28777493,11378095.0,114628278.0,2.331397,-0.8929,86.285906,2.656985,5.226538,-39.671752
sh.600617,国新能源,2016-03-30,8.7001988,8.9089497,8.4308428,8.7742717,14504839.0,186533573.0,6.43282,0.9295,29.133318,5.771643,2.1219,13.004225
sh.600617,国新能源,2016-03-31,8.6261259,9.6496787,8.5722547,9.6496787,15106824.0,203752190.0,6.699797,9.977,32.039942,6.347478,2.333601,14.301653
sh.600618,氯碱化工,2016-03-30,12.0561423,13.2289859,11.9871515,12.58219715,17616034.0,256760958.0,2.349306,1.1088,176.456312,7.460331,2.734114,-104.040988
sh.600618,氯碱化工,2016-03-31,12.418344,12.73742645,12.23724315,12.3321055,10690546.0,154061693.0,1.42571,-1.9877,172.948956,7.312045,2.679769,-101.973004
sh.600619,海立股份,2016-03-30,11.20526784,11.69908974,11.14241778,11.672154,10517129.0,134710545.0,2.741874,5.093,157.468801,3.216489,1.846971,-404.18965
sh.600619,海立股份,2016-03-31,11.60032536,11.92355424,11.54645388,11.6272611,6165608.0,80219899.0,1.607408,-0.3846,156.863152,3.204118,1.839867,-402.635074
sh.600620,天宸股份,2016-03-30,9.90247601,10.15374248,9.86381963,10.14085702,6858976.0,106725482.0,1.498297,3.2808,137.728302,2.014439,162.864797,-139.374417
sh.600620,天宸股份,2016-03-31,10.14729975,10.30192527,10.01844515,10.05710153,7321513.0,115421380.0,1.599335,-0.8259,136.590775,1.997801,161.519662,-138.223294
sh.600621,华鑫股份,2016-03-30,9.20275878,9.53339682,9.20275878,9.48747487,10344547.0,106020988.0,1.97384,3.1968,41.520689,2.925605,14.818524,-10.70396
sh.600621,华鑫股份,2016-03-31,9.48747487,9.61605633,9.40481536,9.45073731,9992130.0,103586821.0,1.906595,-0.3872,41.359912,2.914276,14.761144,-10.662512
sh.600622,光大嘉宝,2016-03-30,5.33664273,5.40237505,5.23804425,5.39826678,13409394.0,173723357.0,2.60729,1.9395,31.163816,2.942129,4.255446,14.503519
sh.600622,光大嘉宝,2016-03-31,5.40648332,5.46810737,5.34485927,5.36129235,10172720.0,133829508.0,1.977959,-0.6849,30.950365,2.921977,4.226299,14.40418
sh.600623,华谊集团,2016-03-30,18.9304576,20.9703776,18.9304576,20.9703776,16495583.0,405033888.0,2.552043,10.0171,-127.302148,4.47457,3.271384,-38.051749
sh.600623,华谊集团,2016-03-31,21.215168,21.44363904,20.34208224,20.45631776,13914883.0,351613504.0,2.152781,-2.4514,-124.181511,4.364882,3.19119,-37.118963
sh.600624,ST复华,2016-03-30,10.7324071,11.14198306,10.47452594,10.9599493,39835920.0,567145152.0,8.878044,4.1817,171.426506,7.295581,9.405789,244.369982
sh.600624,ST复华,2016-03-31,11.02821196,11.04338144,10.71723762,10.80066976,28236770.0,404829648.0,6.292996,-1.4533,168.935187,7.189555,9.269096,240.818584
sh.600626,申达股份,2016-03-30,10.98259938,11.35247967,10.83085362,11.29557501,21506144.0,253069473.0,3.027999,5.212,63.970524,3.7247,1.162403,159.577379
sh.600626,申达股份,2016-03-31,11.36196378,11.54216187,11.14382925,11.21970213,17083008.0,204564331.0,2.405235,-0.6717,49.437456,3.566868,1.090306,23.838893
sh.600628,新世界,2016-03-30,11.79470721,12.02275646,11.78558524,12.01363449,6772602.0,88346866.0,1.273526,2.8103,61.355056,2.75706,2.186488,65.005136
sh.600628,新世界,2016-03-31,12.02275646,12.15958601,11.87680494,11.94065873,7647720.0,100613992.0,1.438084,-0.6074,60.98236,2.740312,2.173206,64.610268
sh.600629,华建集团,2016-03-30,8.36721194,8.61026445,8.36721194,8.57923647,1815280.0,29838993.0,0.521632,2.9156,-6379.808142,9.00586,8.461767,24.916991
sh.600629,华建集团,2016-03-31,8.59475046,8.76540435,8.58957913,8.63094977,1763615.0,29571891.0,0.506786,0.6028,-6418.263887,9.060145,8.512772,25.067184
sh.600630,龙头股份,2016-03-30,20.32817325,20.93556927,19.79915091,20.69065152,30319694.0,628947280.0,7.13637,3.3774,125.936642,5.370886,2.158383,-177.054033
sh.600630,龙头股份,2016-03-31,20.6710581,20.85719559,20.12244234,20.40654693,26297798.0,548689968.0,6.189733,-1.3731,109.364061,5.222086,2.075818,-14752.724316
sh.600633,浙数文化,2016-03-30,13.94246246,14.6206492,13.7398872,14.55018824,42913240.0,690614688.0,3.783997,6.5119,38.463327,4.996529,5.960144,-175.45059
sh.600633,浙数文化,2016-03-31,15.26360546,16.00344554,15.0169921,15.0610302,85851964.0,1522023968.0,7.570241,3.5109,39.813735,5.171952,6.169399,-181.610477
sh.600635,大众公用,2016-03-30,6.03093232,6.18192768,6.03093232,6.1730456,34620174.0,238049540.0,1.403158,3.1157,37.186034,2.969707,3.751129,875.973787
sh.600635,大众公用,2016-03-31,6.19969184,6.23522016,6.11087104,6.15528144,39939407.0,277416944.0,1.618746,-0.2878,37.079024,2.961161,3.740334,873.452999
sh.600636,*ST国化,2016-03-30,11.52889958,12.63263172,11.4546991,12.45640558,25795666.0,339385264.0,6.753666,8.3939,-19.299575,2.153821,1.680792,34.100042
sh.600636,*ST国化,2016-03-31,12.31727968,12.73465738,12.25235426,12.7068322,24297273.0,326276544.0,6.361366,2.0104,-19.687578,2.197122,1.714583,34.785598
sh.600637,东方明珠,2016-03-30,16.93880833,17.27293065,16.93284186,17.22519889,8875841.0,254745616.0,0.561625,2.5577,53.042173,3.117988,9.911557,494.585719
sh.600637,东方明珠,2016-03-31,17.29083006,17.29679653,17.04620479,17.09393655,10190840.0,293037488.0,0.644833,-0.762,52.637972,3.094228,9.836027,490.816795
sh.600638,新黄浦,2016-03-30,9.33159816,10.0763736,9.22937408,9.90843404,23369293.0,310984768.0,4.164432,6.0156,25.982493,2.122189,7.497413,-13.532556
sh.600638,新黄浦,2016-03-31,9.79160652,10.1858994,9.66017556,9.97414952,17126243.0,230585336.0,3.051914,0.6632,26.154816,2.136264,7.547138,-13.622308
sh.600639,浦东金桥,2016-03-30,12.95000245,13.24170375,12.9116207,13.2186747,5785806.0,98603642.0,0.881111,3.1138,40.990778,2.400778,12.888358,33.754986
sh.600639,浦东金桥,2016-03-31,13.2800855,14.00933875,13.2800855,13.9556043,17815189.0,320136448.0,2.713047,5.5749,43.275978,2.53462,13.606873,35.636797
sh.600640,国脉文化,2016-03-30,15.06841338,15.59575902,15.02935074,15.55669638,5972476.0,93611241.0,1.115591,4.3222,141.077613,3.343983,2.386412,-38.195163
sh.600640,国脉文化,2016-03-31,15.5762277,15.80083788,15.5273994,15.60552468,7158882.0,114737092.0,1.337198,0.3139,141.520418,3.354478,2.393903,-38.315047
sh.600641,先导基电,2016-03-30,9.42021292,9.9551146,9.40535454,9.83624756,25093496.0,327731760.0,3.112724,6.3454,50.472483,2.877315,4.378628,22.425542
sh.600641,先导基电,2016-03-31,9.91796865,10.14084435,9.68023457,10.13341516,16788722.0,225566714.0,2.082558,3.0212,51.997331,2.964243,4.510913,23.103051
sh.600642,申能股份,2016-03-30,4.11477655,4.1763955,4.10108345,4.1763955,18092382.0,109410754.0,0.397457,2.0067,10.644481,1.184681,0.980053,113.307148
sh.600642,申能股份,2016-03-31,4.16954895,4.1900886,4.1490093,4.15585585,16980225.0,103372980.0,0.373025,-0.4918,10.592131,1.178854,0.975233,112.7499
sh.600643,爱建集团,2016-03-30,8.46357204,8.46357204,8.46357204,8.46357204,0.0,0.0,,0.0,25.643425,2.54741,10.789051,-87.571564
sh.600643,爱建集团,2016-03-31,8.46357204,8.46357204,8.46357204,8.46357204,0.0,0.0,,0.0,25.753859,2.486046,10.788006,38.945181
sh.600644,乐山电力,2016-03-30,7.43,7.6,7.42,7.58,6357848.0,47717306.0,1.947392,2.2942,35.328896,4.039973,2.466031,-5.670138
sh.600644,乐山电力,2016-03-31,7.59,7.65,7.47,7.55,6173650.0,46673566.0,1.890973,-0.3958,35.189071,4.023984,2.456271,-5.647697
sh.600645,中源协和,2016-03-30,37.48,39.19,37.2,39.09,13524872.0,514773920.0,4.113628,5.6486,219.852137,10.780044,22.318074,-42.237337
sh.600645,中源协和,2016-03-31,39.3,40.78,39.29,39.34,18802288.0,751907216.0,5.718768,0.6395,221.258201,10.848988,22.460809,-42.507466
sh.600648,外高桥,2016-03-30,14.8232625,15.23436098,14.79163954,15.20273802,6009294.0,114279982.0,0.642849,3.1099,40.474736,2.484519,2.765445,49.710576
sh.600648,外高桥,2016-03-31,15.416193,15.55849632,15.2185495,15.32132412,9320184.0,181291425.0,0.997033,0.78,40.790451,2.503899,2.787016,50.098334
sh.600649,城投控股,2016-03-30,12.76476,13.30938976,12.69668128,13.19876184,32692811.0,501063600.0,1.094311,4.5148,11.45018,2.355427,9.794633,14.930317
sh.600649,城投控股,2016-03-31,13.19876184,13.30087992,12.99452568,13.03707488,26874197.0,414078304.0,0.899548,-1.225,12.671505,2.260406,5.737642,33.547523
sh.600650,锦江在线,2016-03-30,32.578958,33.32484467,31.9788193,33.29055103,16839975.0,641419920.0,4.31175,2.97,96.654888,6.177511,9.770954,-244.361288
sh.600650,锦江在线,2016-03-31,33.0933626,33.41915218,32.4074898,32.73327938,14349379.0,549284768.0,3.674052,-1.674,95.03692,6.074102,9.607392,-240.270769
sh.600651,飞乐音响,2016-03-30,13.17839016,13.50005205,13.09066419,13.47081006,22520685.0,306976992.0,2.930008,3.5206,36.198778,4.178576,2.684591,46.255244
sh.600651,飞乐音响,2016-03-31,13.55853603,14.08489185,13.47081006,14.06539719,40164557.0,572152656.0,5.225528,4.4139,37.796553,4.363014,2.803086,48.296901
sh.600653,申华控股,2016-03-30,4.05,4.1,4.03,4.1,21292371.0,86676399.0,1.219229,2.2444,-269.416473,4.459319,1.27353,-21.800088
sh.600653,申华控股,2016-03-31,4.14,4.15,4.06,4.07,20617976.0,84385995.0,1.180612,-0.7317,-267.445133,4.42669,1.264211,-21.640575
sh.600654,中安科,2016-03-30,28.61830692,28.61830692,28.61830692,28.61830692,0.0,0.0,,0.0,157.118931,12.46334,24.842955,79.451802
sh.600654,中安科,2016-03-31,28.61830692,28.61830692,28.61830692,28.61830692,0.0,0.0,,0.0,132.096545,12.728894,18.724316,63.563623
sh.600655,豫园股份,2016-03-30,9.6837849,9.74383938,9.49611465,9.72131895,27116167.0,348042928.0,1.886576,2.0489,23.058998,2.340893,1.060499,118.522492
sh.600655,豫园股份,2016-03-31,9.70630533,9.78888024,9.6087168,9.64625085,17810402.0,229522440.0,1.239138,-0.7722,22.880936,2.322816,1.052309,117.607261
sh.600657,信达地产,2016-03-30,4.84616179,4.9592679,4.81135991,4.95056743,11451070.0,64434038.0,0.751254,2.8933,10.082986,1.027023,1.066061,2.537456
sh.600657,信达地产,2016-03-31,4.97666884,4.99406978,4.91576555,4.96796837,15486804.0,88131183.0,1.016021,0.3515,10.118427,1.030633,1.069809,2.546375
sh.600658,电子城,2016-03-30,6.7824774,6.95967726,6.7824774,6.94134624,5392848.0,60761235.0,0.929645,2.3423,12.64265,2.153778,3.78621,-25.004109
sh.600658,电子城,2016-03-31,6.97189794,7.15520814,6.94134624,6.9657876,7686148.0,88481479.0,1.324975,0.3521,12.687166,2.161362,3.799542,-25.092151
sh.600660,福耀玻璃,2016-03-30,10.3370475,10.585705,10.3370475,10.571496,12665145.0,187439462.0,0.632313,2.8334,14.327367,2.274915,2.750082,6.903803
sh.600660,福耀玻璃,2016-03-31,10.6212275,10.7491085,10.5643915,10.5786005,15140515.0,226770066.0,0.755897,0.0672,14.336995,2.276444,2.751931,6.908443
sh.600661,昂立教育,2016-03-30,28.9402253,29.99708677,28.63403179,29.95757793,8678961.0,257517946.0,4.784429,5.2759,130.742674,9.387577,6.743708,-127.373554
sh.600661,昂立教育,2016-03-31,30.09585887,32.1009325,30.09585887,31.43915943,12031172.0,380706368.0,6.632395,4.9456,137.208682,9.851849,7.077225,-133.672938
sh.600662,外服控股,2016-03-30,11.38563496,11.63715856,11.1928002,11.60362208,40611971.0,552108640.0,3.855461,3.3607,76.390622,4.649815,3.19137,236.625357
sh.600662,外服控股,2016-03-31,11.5700856,11.68746328,11.30179376,11.41078732,38944149.0,532224848.0,3.697128,-1.6619,75.121124,4.572542,3.138335,232.693
sh.600663,陆家嘴,2016-03-30,13.63921416,13.63921416,13.63921416,13.63921416,0.0,0.0,,0.0,37.952835,5.54819,12.805309,-85.845407
sh.600663,陆家嘴,2016-03-31,13.63921416,13.63921416,13.63921416,13.63921416,0.0,0.0,,0.0,37.952835,5.54819,12.805309,-85.845407
sh.600664,哈药股份,2016-03-30,6.53338088,6.80205552,6.52682784,6.7823964,11622110.0,118820715.0,0.606113,5.0761,34.209331,2.813884,1.25162,-38.535418
sh.600664,哈药股份,2016-03-31,6.80860856,6.83482072,6.67099472,6.72997208,7693947.0,79071242.0,0.401252,-0.7729,33.944911,2.792134,1.241946,-38.23756
sh.600665,天地源,2016-03-30,4.106508,4.25512448,4.09086416,4.23165872,9356076.0,49888933.0,1.082726,4.2389,29.127871,1.892682,2.186748,35.743801
sh.600665,天地源,2016-03-31,4.23948064,4.3411656,4.23948064,4.302056,12636727.0,69281294.0,1.462377,1.6636,22.968857,1.760662,1.597787,6.691518
sh.600666,奥瑞德,2016-03-30,11.4435503,11.7586911,11.4435503,11.7192985,4165144.0,123360229.0,1.435532,2.7989,75.913717,10.790924,19.829566,40.065191
sh.600666,奥瑞德,2016-03-31,11.74293406,12.16443488,11.45142882,12.13686006,9668515.0,289100336.0,3.33229,3.563,78.618541,11.175408,20.536098,41.492724
sh.600667,太极实业,2016-03-30,5.9075374,6.25140898,5.9075374,6.18968844,40513136.0,279179952.0,3.400824,6.2027,773.412856,5.26836,1.884082,25.219792
sh.600667,太极实业,2016-03-31,6.18968844,6.33076396,6.10151624,6.16323678,35376065.0,249308293.0,2.969599,-0.4274,770.107673,5.245846,1.87603,25.112015
sh.600668,尖峰集团,2016-03-30,8.99214624,9.22951656,8.9712018,9.2155536,4484633.0,58792621.0,1.303355,3.2864,26.347209,2.245306,2.014745,-1045.129667
sh.600668,尖峰集团,2016-03-31,9.20159064,9.44594244,9.20159064,9.41103504,6487993.0,86891724.0,1.885585,2.1212,26.906089,2.292934,2.057482,-1067.299084
sh.600671,天目药业,2016-03-30,27.2,27.2,27.2,27.2,0.0,0.0,,0.0,-153.752042,57.915816,34.953375,-148.977286
sh.600671,天目药业,2016-03-31,27.2,27.2,27.2,27.2,0.0,0.0,,0.0,-153.752042,57.915816,34.953375,-148.977286
sh.600673,东阳光,2016-03-30,7.945196,8.083775,7.760424,8.0191048,44221441.0,382065792.0,1.800362,1.7585,215.483803,5.957764,4.57312,-74.617324
sh.600673,东阳光,2016-03-31,8.037582,8.1669224,7.8435714,7.9082416,36476962.0,315610096.0,1.485066,-1.3825,212.504765,5.875399,4.509897,-73.585748
sh.600674,川投能源,2016-03-30,6.21058548,6.34430622,6.21058548,6.34430622,20735798.0,175256872.0,0.471039,2.6442,9.681235,2.143639,33.713103,-131.359717
sh.600674,川投能源,2016-03-31,6.35173515,6.41859552,6.29230371,6.35173515,27311446.0,234144926.0,0.620413,0.1171,9.692571,2.146149,33.752579,-131.513534
sh.600675,中华企业,2016-03-30,3.9231648,3.96675552,3.90863456,3.95222528,15677967.0,85031382.0,0.839714,1.3035,-4.083838,3.735322,2.182162,-20.945357
sh.600675,中华企业,2016-03-31,3.9594904,4.01761136,3.93042992,3.98855088,17650074.0,96809109.0,0.945341,0.9191,-4.121374,3.769654,2.202218,-21.13787
sh.600676,交运股份,2016-03-30,9.8050792,9.9709546,9.7221415,9.9709546,11329777.0,120995331.0,1.313789,2.6565,27.295167,2.51416,1.136398,136.672028
sh.600676,交运股份,2016-03-31,9.952524,9.9986005,9.7774333,9.8327251,12199747.0,130695560.0,1.41467,-1.3863,26.916768,2.479306,1.120644,134.777314
sh.600678,四川金顶,2016-03-30,12.93,13.48,12.93,13.46,28937801.0,382918480.0,8.291871,3.4589,-202.554143,225.05697,81.249115,1599.127124
sh.600678,四川金顶,2016-03-31,13.49,14.0,13.33,13.85,32218811.0,441265712.0,9.232016,2.8975,-208.423096,231.577937,83.603287,1645.461417
sh.600679,上海凤凰,2016-03-30,15.830912,16.20689616,15.76165176,16.1772132,3867785.0,62686261.0,2.124927,3.4156,213.569902,9.44453,12.86176,88.220215
sh.600679,上海凤凰,2016-03-31,16.2266848,16.40478256,16.00900976,16.16731888,3667896.0,60048393.0,2.01511,-0.0612,213.439278,9.438753,12.853893,88.166258
sh.600681,百川能源,2016-03-30,4.83261713,4.8627403,4.733641,4.82831382,9614318.0,107518216.0,3.876318,0.4476,-80482.266836,582.319177,323.080864,5401.008941
sh.600681,百川能源,2016-03-31,4.83261713,4.85843699,4.733641,4.78958403,7635672.0,84942994.0,3.078564,-0.8021,-79836.687156,577.648168,320.489306,5357.68534
sh.600682,南京新百,2016-03-30,26.38544706,26.99703027,26.06509395,26.94849192,9812177.0,267649399.0,1.370052,3.8922,62.716177,9.660344,1.449935,9.471762
sh.600682,南京新百,2016-03-31,27.22030668,27.35621406,26.6960925,26.73492318,10942508.0,303754752.0,1.527877,-0.7925,62.219146,9.583785,1.438444,9.396698
sh.600683,京投发展,2016-03-30,7.41068437,7.5652431,7.38628036,7.54897376,3186926.0,29220379.0,0.430214,2.5414,58.981074,3.952126,1.258764,11.46603
sh.600683,京投发展,2016-03-31,7.54083909,7.63032046,7.45135772,7.5652431,4166643.0,38594973.0,0.562469,0.2155,59.108189,3.960644,1.261477,11.490742
sh.600684,珠江股份,2016-03-30,6.22611196,6.35350044,6.20222662,6.31369154,11244822.0,88627326.0,1.581067,2.3226,19.665862,2.574193,1.694121,7.925111
sh.600684,珠江股份,2016-03-31,6.36146222,6.41719468,6.2499973,6.26592086,10659289.0,84466804.0,1.498739,-0.7566,19.51695,2.431943,1.681303,9.320673
sh.600685,中船防务,2016-03-30,27.86595728,28.4704672,27.60270296,28.45096688,4461999.0,128994776.0,1.017644,2.8551,419.505884,3.997473,1.616275,46.281037
sh.600685,中船防务,2016-03-31,28.48021736,29.25048,28.40221608,28.67522056,5974655.0,176434490.0,1.362635,0.7882,422.812476,4.028981,1.629015,46.645829
sh.600686,金龙汽车,2016-03-30,13.93510545,14.30055335,13.8100838,14.2524681,13708288.0,200016390.0,3.097239,3.3473,17.203338,2.484711,0.33509,3.423614
sh.600686,金龙汽车,2016-03-31,14.2717022,14.3678727,13.8677861,14.20438285,15764205.0,231900204.0,3.561751,-0.3374,17.145297,2.476328,0.333959,3.412063
sh.600688,上海石化,2016-03-30,5.0502367,5.4756012,5.0347689,5.3827944,120031307.0,835816736.0,4.103634,8.0745,23.158194,3.788927,0.930258,94.168112
sh.600688,上海石化,2016-03-31,5.3441249,5.4678673,5.2513181,5.2745198,78228779.0,541353104.0,2.674488,-2.0115,22.692368,3.712713,0.911546,92.273925
sh.600689,上海三毛,2016-03-30,18.73935238,19.09761934,18.54031518,19.07771562,8482711.0,161046523.0,5.573246,2.3492,-99.384207,11.712143,3.41434,772.89095
sh.600689,上海三毛,2016-03-31,19.1075712,19.34641584,18.94834144,19.01800446,7606609.0,145827362.0,4.997636,-0.313,-99.073145,11.675485,3.403653,770.471886
sh.600690,海尔智家,2016-03-30,6.65644772,6.75934168,6.6485328,6.75142676,26111438.0,221410841.0,0.475495,1.9116,12.379484,2.133384,0.643516,-11.44632
sh.600690,海尔智家,2016-03-31,6.77517152,6.78308644,6.6881074,6.70393724,23464565.0,199317607.0,0.427295,-0.7034,12.292406,2.118378,0.63899,-11.365807
sh.600691,潞化科技,2016-03-30,3.67,3.7,3.57,3.7,41728997.0,152145390.0,2.375838,1.6484,13.247382,1.408808,0.317598,9.510416
sh.600691,潞化科技,2016-03-31,3.69,3.75,3.67,3.7,26536665.0,98532742.0,1.510863,0.0,13.247382,1.408808,0.317598,9.510416
sh.600692,亚通股份,2016-03-30,13.81623988,15.30046464,13.76643368,14.58325536,42998705.0,625244736.0,16.861542,3.9773,124.922351,8.774493,9.849349,10.970831
sh.600692,亚通股份,2016-03-31,14.43383676,14.92193752,14.16488328,14.45375924,22377630.0,326555792.0,8.775179,-0.888,123.813068,8.696577,9.761889,10.873412
sh.600693,东百集团,2016-03-30,6.55494227,6.9146932,6.55494227,6.85862812,9107524.0,132728247.0,2.659774,3.5992,382.132592,3.651708,3.973353,11.123672
sh.600693,东百集团,2016-03-31,6.8212514,6.85862812,6.55961436,6.76518632,10085643.0,144758625.0,2.945425,-1.3624,131.715316,3.58799,3.999011,92.970304
sh.600694,大商股份,2016-03-30,22.8050688,23.30392968,22.7159865,23.20890856,4859007.0,187988233.0,1.654307,2.5722,13.740871,1.80405,0.365113,-25.552192
sh.600694,大商股份,2016-03-31,23.2801744,23.6365036,23.11982626,23.38707316,3668434.0,144184153.0,1.248962,0.7677,13.846353,1.817899,0.367916,-25.748345
sh.600696,*ST岩石,2016-03-30,15.1,15.54,15.1,15.45,11210020.0,172027728.0,3.29159,2.6578,-51.371658,10.43553,250.013554,46.821187
sh.600696,*ST岩石,2016-03-31,15.45,15.45,15.45,15.45,0.0,0.0,,0.0,-51.371658,10.43553,250.013554,46.821187
sh.600697,欧亚集团,2016-03-30,25.52377076,26.03276844,25.2035948,25.860366,2324368.0,72976934.0,1.498084,2.8739,15.743717,2.876249,0.400253,21.890712
sh.600697,欧亚集团,2016-03-31,26.270848,26.62386252,26.03276844,26.05739736,3183017.0,101895170.0,2.051494,0.7619,15.863669,2.898163,0.403303,22.057499
sh.600698,湖南天雁,2016-03-30,5.75,5.99,5.71,5.98,21345015.0,124954823.0,4.959551,4.1812,-1040.856567,8.302812,11.761037,58.169111
sh.600698,湖南天雁,2016-03-31,6.0,6.04,5.82,5.86,15320214.0,90530181.0,3.559678,-2.0067,-1019.969813,8.136201,11.525029,57.001838
sh.600699,均胜电子,2016-03-30,23.18195424,24.1521696,22.88607296,24.02143136,28239152.0,960468640.0,4.439107,6.2063,60.168209,6.487657,2.975816,36.499393
sh.600699,均胜电子,2016-03-31,24.20721728,24.92283712,23.47095456,23.53976416,27490920.0,968923856.0,4.321488,-2.0052,58.961742,6.35757,2.916146,35.767524
sh.600702,舍得酒业,2016-03-30,16.20387375,16.5514351,16.0253963,16.54204155,7973507.0,138685859.0,2.363921,3.2239,881.911896,2.64858,5.137678,37.545974
sh.600702,舍得酒业,2016-03-31,16.6265835,16.9647513,16.4762867,16.6077964,7134362.0,127025585.0,2.115138,0.3975,885.417508,2.659108,5.158101,37.69522
sh.600703,三安光电,2016-03-30,11.27470824,11.48951988,11.21665104,11.47790844,13425917.0,262172641.0,0.566404,2.4352,27.104122,4.185495,10.71496,-23.045056
sh.600703,三安光电,2016-03-31,11.5243542,11.5243542,11.40243408,11.41404552,10458403.0,206608165.0,0.441212,-0.5564,26.953315,4.162207,10.655343,-22.916834
sh.600704,物产中大,2016-03-30,4.55023191,4.67518107,4.52593624,4.67171026,27902258.0,370059792.0,4.067399,3.7779,33.647567,2.585545,0.977263,8.082092
sh.600704,物产中大,2016-03-31,4.68212269,4.71335998,4.6161773,4.63353135,25997862.0,348490512.0,3.789789,-0.8172,33.372587,2.564415,0.969276,8.016042
sh.600706,曲江文旅,2016-03-30,14.37213568,14.72812752,14.33902016,14.71984864,5125366.0,89990787.0,2.880897,3.3721,95.353919,3.824685,3.131999,72.123824
sh.600706,曲江文旅,2016-03-31,14.7778008,15.1917448,14.72812752,14.96821504,8331017.0,150467797.0,4.682749,1.6873,96.962815,3.889219,3.184845,73.340761
sh.600707,彩虹股份,2016-03-30,8.08,8.08,8.08,8.08,0.0,0.0,,0.0,118.548311,3.809288,25.342765,26.326606
sh.600707,彩虹股份,2016-03-31,8.08,8.08,8.08,8.08,0.0,0.0,,0.0,118.548311,3.809288,25.342765,26.326606
sh.600708,光明地产,2016-03-30,4.75726362,4.84894536,4.71142275,4.81838478,8330023.0,78201128.0,1.638534,2.4919,151.238583,2.468825,2.984448,5.070939
sh.600708,光明地产,2016-03-31,4.83366507,4.89987966,4.79801106,4.82347821,8547221.0,81255685.0,1.681257,0.1057,151.398455,2.471435,2.987603,5.0763
sh.600710,苏美达,2016-03-30,7.25639616,7.25639616,7.25639616,7.25639616,0.0,0.0,,0.0,-11.37137,5.154786,6.77975,-77.04259
sh.600710,苏美达,2016-03-31,7.25639616,7.25639616,7.25639616,7.25639616,0.0,0.0,,0.0,-11.37137,5.154786,6.77975,-77.04259
sh.600711,盛屯矿业,2016-03-30,6.15220416,6.68840544,6.15220416,6.68840544,80619430.0,554749392.0,5.534208,10.0619,76.877531,2.769252,1.597725,-73.273026
sh.600711,盛屯矿业,2016-03-31,6.8671392,7.01765184,6.69781248,6.70721952,101946630.0,741659520.0,6.998237,0.2813,77.093783,2.777042,1.60222,-73.479138
sh.600712,南宁百货,2016-03-30,9.16275996,9.41229046,9.0829102,9.40230924,7040684.0,65261234.0,1.309337,3.8589,729.6814,4.794744,2.133052,389.214061
sh.600712,南宁百货,2016-03-31,9.482159,9.50212144,9.27255338,9.30249704,7031376.0,65847492.0,1.307606,-1.0616,721.935313,4.743844,2.110408,385.082277
sh.600713,南京医药,2016-03-30,6.24961224,6.24961224,6.24961224,6.24961224,0.0,0.0,,0.0,34.794599,3.062594,0.288931,16.684914
sh.600713,南京医药,2016-03-31,6.24961224,6.24961224,6.24961224,6.24961224,0.0,0.0,,0.0,34.794599,3.062594,0.288931,16.684914
sh.600714,金瑞矿业,2016-03-30,10.72324242,11.18058579,10.68431958,11.13193224,5451902.0,61663580.0,1.950303,4.8579,-90.924261,6.211792,10.056498,41.879183
sh.600714,金瑞矿业,2016-03-31,11.13193224,11.36546928,10.97624088,11.06381727,5126151.0,58705239.0,1.833773,-0.6119,-90.367907,6.173783,9.994963,41.62293
sh.600715,文投控股,2016-03-30,17.87964788,17.9095684,17.2684144,17.631735,9863886.0,403043632.0,4.398494,-1.3866,246.80204,8.616848,44.354298,30.682489
sh.600715,文投控股,2016-03-31,17.4821324,18.06771972,17.2256708,17.59326576,8371447.0,345985440.0,3.732987,-0.2182,246.263562,8.598048,44.257525,30.615545
sh.600716,凤凰股份,2016-03-30,7.81286748,8.09123568,7.7015202,8.0726778,29280581.0,248703314.0,3.953626,1.8735,614.635419,4.159895,5.359513,-32.961289
sh.600716,凤凰股份,2016-03-31,7.9798884,8.03556204,7.71079914,7.75719384,25439549.0,214723982.0,3.434989,-3.908,-104.642352,3.962982,7.351471,-10.792251
sh.600717,天津港,2016-03-30,4.40494496,4.53813984,4.400188,4.53813984,18450540.0,173979560.0,1.101677,3.6957,13.038568,1.104204,1.037324,9.763394
sh.600717,天津港,2016-03-31,4.54765376,4.80928656,4.5428968,4.77123088,40882933.0,406836784.0,2.441109,5.1363,13.708264,1.160919,1.090604,10.264868
sh.600718,东软集团,2016-03-30,17.13807144,17.90375472,17.0624484,17.88484896,47525433.0,876693136.0,3.871428,6.1728,60.849268,3.869221,3.032829,30.237856
sh.600718,东软集团,2016-03-31,18.1022652,18.32913432,17.59180968,17.70524424,47435304.0,902609392.0,3.864087,-1.0042,60.238202,3.830365,3.002372,29.934198
sh.600719,大连热电,2016-03-30,6.5285444,6.8162766,6.5285444,6.796433,12108548.0,81487297.0,2.992724,4.2618,260.445919,3.857873,4.049697,60.960826
sh.600719,大连热电,2016-03-31,6.9353382,7.2329922,6.895651,7.044478,22965947.0,163497789.0,5.676216,3.6496,269.951244,3.998671,4.197496,63.185673
sh.600720,中交设计,2016-03-30,5.14540302,5.28959573,5.14540302,5.28200664,9401566.0,64851816.0,1.211288,2.9586,30.146544,1.123424,1.115732,26.093753
sh.600720,中交设计,2016-03-31,5.312363,5.60074842,5.312363,5.52485752,39240729.0,283076464.0,5.055735,4.5977,31.532592,1.175076,1.16703,27.293465
sh.600721,百花医药,2016-03-30,15.0,15.3,15.0,15.25,1386557.0,21023025.0,0.557916,2.4177,-9.335362,11.369037,4.685919,39.253051
sh.600721,百花医药,2016-03-31,15.15,15.71,15.0,15.39,2861350.0,43701185.0,1.151336,0.918,-9.421064,11.473408,4.728937,39.613407
sh.600722,金牛化工,2016-03-30,6.2,6.38,6.2,6.36,9038727.0,56908120.0,1.3286,2.9126,17.700309,5.058738,7.211075,98.387369
sh.600722,金牛化工,2016-03-31,6.38,6.42,6.32,6.34,8686867.0,55216049.0,1.27688,-0.3145,17.644647,5.04283,7.188399,98.077974
sh.600724,宁波富达,2016-03-30,3.7970775,3.8864205,3.782187,3.87153,8279804.0,42614859.0,0.57302,2.5641,-6.487446,3.056665,2.736309,-34.021749
sh.600724,宁波富达,2016-03-31,3.901311,3.93853725,3.8566395,3.89386575,7576183.0,39689944.0,0.524324,0.5769,-6.524874,3.0743,2.752095,-34.218029
sh.600725,云维股份,2016-03-30,2.75,2.835,2.75,2.825,4375463.0,24552637.0,0.710032,2.17,-2.895507,-27.374699,0.854014,-1.76372
sh.600725,云维股份,2016-03-31,2.84,3.08,2.8,2.985,15252624.0,89740952.0,2.475131,5.6637,-3.0595,-28.925125,0.902383,-1.863613
sh.600726,华电能源,2016-03-30,5.19,5.27,5.17,5.27,13715705.0,71590957.0,0.89372,2.5292,91.85536,3.094216,1.105845,51.566735
sh.600726,华电能源,2016-03-31,5.3,5.34,5.21,5.28,16855517.0,88854894.0,1.098312,0.1898,92.029659,3.100088,1.107943,51.664585
sh.600727,鲁北化工,2016-03-30,8.12195656,8.12195656,8.12195656,8.12195656,0.0,0.0,,0.0,122.160377,2.922478,5.260948,365.636504
sh.600727,鲁北化工,2016-03-31,8.12195656,8.12195656,8.12195656,8.12195656,0.0,0.0,,0.0,111.176995,2.918375,5.399781,-81.660273
sh.600728,佳都科技,2016-03-30,7.8105189,7.8105189,7.8105189,7.8105189,0.0,0.0,,0.0,71.903405,8.744602,4.592274,74.413843
sh.600728,佳都科技,2016-03-31,7.8105189,7.8105189,7.8105189,7.8105189,0.0,0.0,,0.0,71.903405,8.744602,4.592274,74.413843
sh.600729,重庆百货,2016-03-30,13.79123975,14.12594849,13.7602482,14.06396539,7956194.0,178990290.0,2.136973,2.9492,27.545581,1.923157,0.306642,13.200066
sh.600729,重庆百货,2016-03-31,14.24991469,14.31189779,13.93380088,13.99578398,6539750.0,149037430.0,1.756527,-0.4848,27.412041,1.913834,0.305156,13.136073
sh.600730,中国高科,2016-03-30,15.46936185,16.375884,15.401129,16.2199232,35639943.0,580565936.0,6.075101,6.5301,142.703371,6.837853,9.46397,-100.213955
sh.600730,中国高科,2016-03-31,16.4733595,17.32139635,16.375884,16.4538644,43236176.0,745029968.0,7.369937,1.4423,144.761592,6.936476,9.60047,-101.659349
sh.600731,湖南海利,2016-03-30,6.1321956,6.1321956,6.1321956,6.1321956,0.0,0.0,,0.0,204.54876,3.748517,2.662705,56.608108
sh.600731,湖南海利,2016-03-31,6.1321956,6.1321956,6.1321956,6.1321956,0.0,0.0,,0.0,204.54876,3.748517,2.662705,56.608108
sh.600732,爱旭股份,2016-03-30,5.37840342,5.37840342,5.37840342,5.37840342,0.0,0.0,,0.0,-30.457978,9.458084,31.047232,-140.141952
sh.600732,爱旭股份,2016-03-31,5.37840342,5.37840342,5.37840342,5.37840342,0.0,0.0,,0.0,-30.457978,9.458084,31.047232,-140.141952
sh.600733,北汽蓝谷,2016-03-30,8.37190323,8.61754761,8.37190323,8.60326596,1033900.0,30843029.0,1.367593,3.1507,-196.476468,27.268876,558.820374,-38.083559
sh.600733,北汽蓝谷,2016-03-31,8.6261166,8.7403698,8.55756468,8.66039256,1168307.0,35304321.0,1.54538,0.664,-197.781092,27.449945,562.531001,-38.336438
sh.600734,实达集团,2016-03-30,5.6554205,6.1026933,5.6554205,5.977973,12143983.0,165125904.0,3.458756,6.1069,-135.1743,57.574747,18.950017,2012.458146
sh.600734,实达集团,2016-03-31,6.0166793,6.0553856,5.8575534,5.9220639,9831736.0,135731511.0,2.8002,-0.9352,-133.91008,57.036278,18.772786,1993.636595
sh.600735,ST新华锦,2016-03-30,13.00386048,13.7977008,12.8526528,13.71264648,14693397.0,206644222.0,3.907898,7.2432,104.71279,7.981164,3.984984,94.809286
sh.600735,ST新华锦,2016-03-31,13.80715128,13.90165608,13.47638448,13.6086912,13736246.0,198201240.0,3.653332,-0.7581,103.918964,7.920659,3.954774,94.090539
sh.600736,苏州高新,2016-03-30,7.94458049,8.09085585,7.88972723,8.05428701,17813205.0,155779253.0,1.683856,1.4977,54.967737,2.134788,3.236736,47.286545
sh.600736,苏州高新,2016-03-31,8.11828248,8.17313574,8.03600259,8.17313574,27202165.0,241467600.0,2.571381,1.4756,55.778839,2.166289,3.284497,47.984303
sh.600737,中粮糖业,2016-03-30,9.27922695,9.53975025,9.21792735,9.49377555,38814837.0,474032192.0,2.934597,4.0302,384.948649,4.356718,2.244363,-52.924358
sh.600737,中粮糖业,2016-03-31,9.61637475,9.6393621,9.3635139,9.4094886,41479110.0,513393616.0,3.136029,-0.8878,381.531026,4.318038,2.224438,-52.454489
sh.600738,丽尚国潮,2016-03-30,6.20004324,6.20004324,6.20004324,6.20004324,0.0,0.0,,0.0,37.067977,2.651679,2.794489,-52.022436
sh.600738,丽尚国潮,2016-03-31,6.20004324,6.20004324,6.20004324,6.20004324,0.0,0.0,,0.0,37.067977,2.651679,2.794489,-52.022436
sh.600739,辽宁成大,2016-03-30,16.352,16.697728,16.352,16.67904,38573415.0,683112256.0,2.826492,2.7043,53.071542,1.566323,2.987454,15.142
sh.600739,辽宁成大,2016-03-31,16.77248,16.800512,16.380032,16.464128,38375584.0,680085680.0,2.811996,-1.2885,52.387707,1.546141,2.94896,14.946893
sh.600740,山西焦化,2016-03-30,3.31306712,3.31306712,3.31306712,3.31306712,0.0,0.0,,0.0,-5.985729,2.489217,1.476419,-66.403272
sh.600740,山西焦化,2016-03-31,3.31306712,3.31306712,3.31306712,3.31306712,0.0,0.0,,0.0,-5.985729,2.489217,1.476419,-66.403272
sh.600741,华域汽车,2016-03-30,9.59585982,9.79457168,9.59585982,9.75611132,14384621.0,218057683.0,0.556853,2.1477,10.031491,1.75977,0.526606,4581.180526
sh.600741,华域汽车,2016-03-31,9.78175156,9.935593,9.7112409,9.75611132,17604448.0,269260304.0,0.681498,0.0,10.031491,1.75977,0.526606,4581.180526
sh.600742,富维股份,2016-03-30,5.47348352,5.5815128,5.4239701,5.57926219,3338884.0,81650287.0,1.578494,3.5938,11.757351,1.368661,0.515088,21.526111
sh.600742,富维股份,2016-03-31,5.57926219,5.82457868,5.55450548,5.7615616,5821638.0,148533054.0,2.752243,3.2674,12.141516,1.413381,0.531919,22.229465
sh.600743,华远控股,2016-03-30,3.9918058,4.10607505,3.9460981,4.09083915,17403861.0,92252812.0,0.957487,3.668,14.481894,2.472382,1.71992,4.496352
sh.600743,华远控股,2016-03-31,4.1289289,4.3117597,4.09083915,4.10607505,20347831.0,110751068.0,1.119451,0.3724,14.53583,2.48159,1.726326,4.513098
sh.600744,华银电力,2016-03-30,6.14,6.26,6.11,6.26,14060274.0,86949372.0,2.963898,2.623,29.256342,2.819449,1.505442,607.364131
sh.600744,华银电力,2016-03-31,6.26,6.76,6.21,6.43,33063216.0,213196893.0,6.969708,2.7156,30.050843,2.896016,1.546325,623.858046
sh.600745,闻泰科技,2016-03-30,24.01487376,24.01487376,24.01487376,24.01487376,0.0,0.0,,0.0,-3732.085572,5.948295,12.791467,-19.311871
sh.600745,闻泰科技,2016-03-31,24.01487376,24.01487376,24.01487376,24.01487376,0.0,0.0,,0.0,-3732.085572,5.948295,12.791467,-19.311871
sh.600746,江苏索普,2016-03-30,7.64609818,7.9629018,7.55191332,7.91152824,7839053.0,71134558.0,2.573042,4.1714,-139.439657,6.786139,4.886585,145.744208
sh.600746,江苏索普,2016-03-31,7.9200905,8.03996214,7.81734338,7.85159242,5683117.0,52555381.0,1.865391,-0.7576,-138.383296,6.734728,4.849566,144.640085
sh.600748,上实发展,2016-03-30,7.167951,7.63898778,7.1338179,7.60485468,19679347.0,215713717.0,1.816492,5.9943,30.417283,3.312915,2.387984,-81.553244
sh.600748,上实发展,2016-03-31,7.6116813,7.70725398,7.4751489,7.52293524,16019425.0,178005117.0,1.478665,-1.0772,30.089629,3.277228,2.362261,-80.674753
sh.600749,西藏旅游,2016-03-30,23.62,23.62,23.62,23.62,0.0,0.0,,0.0,834.216251,7.038188,29.38167,8.509358
sh.600749,西藏旅游,2016-03-31,23.62,23.62,23.62,23.62,0.0,0.0,,0.0,834.216251,7.038188,29.38167,8.509358
sh.600750,华润江中,2016-03-30,8.65396992,9.06874992,8.65396992,9.06543168,9519750.0,255638340.0,3.17325,5.4419,23.553078,3.70982,3.139159,108.248492
sh.600750,华润江中,2016-03-31,9.0587952,9.11188704,8.9426568,8.96588448,6667795.0,181081744.0,2.222598,-1.0981,23.294442,3.669082,3.104688,107.059819
sh.600751,海航科技,2016-03-30,6.11,6.11,6.11,6.11,0.0,0.0,,0.0,81.274723,1.471855,43.456617,3.578429
sh.600751,海航科技,2016-03-31,6.11,6.11,6.11,6.11,0.0,0.0,,0.0,81.274723,1.471855,43.456617,3.578429
sh.600753,*ST海钦,2016-03-30,17.83386976,18.19697592,17.78029672,18.13745032,1615804.0,48948992.0,1.262347,2.317,101.005313,27.866729,297.076384,18.090033
sh.600753,*ST海钦,2016-03-31,18.17911824,18.37555272,18.05411448,18.06006704,1659594.0,50694323.0,1.296558,-0.4266,100.574375,27.747836,295.80891,18.012852
sh.600754,锦江酒店,2016-03-30,36.172147,36.4336324,35.07390832,36.42491622,12559053.0,515103920.0,2.808119,2.5773,54.942208,4.20013,6.916642,12.699105
sh.600754,锦江酒店,2016-03-31,36.52951038,36.53822656,35.28309664,35.72762182,10961832.0,450326640.0,2.450991,-1.9143,51.720027,3.980925,5.928266,134.318542
sh.600755,厦门国贸,2016-03-30,4.0287102,4.13639585,3.99703795,4.1300614,21270513.0,137278869.0,1.277915,3.8217,18.402383,1.405375,0.191339,6.90109
sh.600755,厦门国贸,2016-03-31,4.1427303,4.1680681,4.1173925,4.13639585,19949398.0,130409448.0,1.198544,0.1534,18.430607,1.40753,0.191633,6.911674
sh.600756,浪潮软件,2016-03-30,31.623858,33.0293628,31.1553564,32.8927165,31361684.0,1030624480.0,11.250938,5.2139,101.303675,11.349488,8.880309,-169.686261
sh.600756,浪潮软件,2016-03-31,32.98056055,33.4002599,32.3070895,32.6584657,31299053.0,1051541040.0,11.228469,-0.7122,100.582225,11.268661,8.817066,-168.477813
sh.600757,长江传媒,2016-03-30,5.52732936,5.66248928,5.513102,5.66248928,13639359.0,107111993.0,1.123971,3.5111,31.927492,1.922151,1.439989,-46.375587
sh.600757,长江传媒,2016-03-31,5.690944,5.76919448,5.6553756,5.67671664,16494432.0,132248912.0,1.359248,0.2513,32.007712,1.92698,1.443607,-46.492109
sh.600758,辽宁能源,2016-03-30,9.51035715,9.77271183,9.45413829,9.58531563,4282616.0,43867596.0,3.722387,1.4881,1551.381549,40.365193,56.104422,-336.294797
sh.600758,辽宁能源,2016-03-31,9.70712316,9.89451936,9.54783639,9.7446024,5063090.0,52570733.0,4.400764,1.6618,1577.162083,41.035974,57.036753,-341.883274
sh.600759,洲际油气,2016-03-30,7.8275176,7.8275176,7.8275176,7.8275176,0.0,0.0,,0.0,177.521107,3.642167,12.219584,212.764687
sh.600759,洲际油气,2016-03-31,7.8275176,7.8275176,7.8275176,7.8275176,0.0,0.0,,0.0,177.521107,3.642167,12.219584,212.764687
sh.600760,中航沈飞,2016-03-30,5.73120892,5.83390123,5.63829683,5.82901112,16210837.0,190292217.0,4.699541,3.3825,-24.263923,8.340744,2.232452,53.394021
sh.600760,中航沈飞,2016-03-31,5.868132,5.9659342,5.71164848,5.91214299,24051572.0,288208816.0,6.97258,1.4262,-24.609969,8.459698,2.264291,54.155513
sh.600761,安徽合力,2016-03-30,6.05282,6.25256306,6.05282,6.2344046,6281570.0,64089720.0,1.018384,3.5176,15.984331,1.572323,1.117407,17.637931
sh.600761,安徽合力,2016-03-31,6.2646687,6.30098562,6.19203486,6.25861588,4875837.0,50410613.0,0.790483,0.3883,16.046406,1.578429,1.121746,17.706428
sh.600763,通策医疗,2016-03-30,22.35395448,23.06404584,22.2077592,22.91088888,4236053.0,137098896.0,1.321124,3.2957,54.822122,12.835979,13.841652,235.05636
sh.600763,通策医疗,2016-03-31,23.05012248,23.16847104,22.47230304,22.56280488,4498640.0,147034592.0,1.403019,-1.5193,53.989212,12.640963,13.631357,231.48516
sh.600764,中国海防,2016-03-30,16.1948136,16.5725352,16.09094016,16.46866176,4743841.0,82365920.0,1.438718,2.4075,-46.005973,11.92659,14.054137,313.44473
sh.600764,中国海防,2016-03-31,16.4308896,17.469624,16.39311744,17.22410496,6604979.0,118621531.0,2.003166,4.5872,-48.116338,12.473682,14.698822,327.822929
sh.600765,中航重机,2016-03-30,10.47721688,10.70808232,10.4568464,10.694502,11320061.0,176230047.0,1.455015,3.0759,-40.833918,3.773653,2.084893,29.63664
sh.600765,中航重机,2016-03-31,10.70129216,10.90499696,10.57906928,10.64697088,15085230.0,238396117.0,1.938968,-0.4444,-40.652434,3.756881,2.075627,29.504922
sh.600768,宁波富邦,2016-03-30,22.00556415,24.16181406,22.00556415,24.04366338,4667729.0,110082691.0,3.489964,9.3596,362.271084,47.073307,3.789244,-2642.973117
sh.600768,宁波富邦,2016-03-31,24.04366338,24.04366338,24.04366338,24.04366338,0.0,0.0,,0.0,362.271084,47.073307,3.789244,-2642.973117
sh.600769,祥龙电业,2016-03-30,9.99,9.99,9.99,9.99,0.0,0.0,,0.0,593.468596,88.099809,180.366518,181.245022
sh.600769,祥龙电业,2016-03-31,9.99,9.99,9.99,9.99,0.0,0.0,,0.0,593.468596,88.099809,180.366518,181.245022
sh.600770,综艺股份,2016-03-30,16.56,16.56,16.56,16.56,0.0,0.0,,0.0,470.716656,6.315438,34.480269,-71.176783
sh.600770,综艺股份,2016-03-31,16.56,16.56,16.56,16.56,0.0,0.0,,0.0,470.716656,6.315438,34.480269,-71.176783
sh.600771,广誉远,2016-03-30,19.8773892,20.61385362,19.67003514,20.52805194,9417501.0,266566265.0,3.862664,4.7046,3928.40656,11.154381,18.616267,17.008565
sh.600771,广誉远,2016-03-31,20.56380264,21.0214116,20.1276441,20.43510012,5376486.0,153608359.0,2.205209,-0.4528,3910.618582,11.103873,18.531972,16.93155
sh.600773,西藏城投,2016-03-30,13.72566828,14.6354388,13.72566828,14.50688427,43227051.0,619746128.0,6.236341,7.1585,169.249425,4.347303,16.00848,6.69667
sh.600773,西藏城投,2016-03-31,14.58599475,15.11999049,14.3387745,14.67499404,48463377.0,720238704.0,6.991783,1.1588,171.210734,4.397681,16.193991,6.774273
sh.600774,汉商集团,2016-03-30,14.294232,15.49043352,14.06101032,15.33244464,12871598.0,251093706.0,7.379275,8.6354,146.586067,6.285142,3.62485,158.952191
sh.600774,汉商集团,2016-03-31,15.16693248,16.45341336,14.73058224,14.76819864,9780279.0,198891033.0,5.607025,-3.6801,141.191585,6.053844,3.491453,153.102625
sh.600775,南京熊猫,2016-03-30,12.88150136,13.40099432,12.8430204,13.3721336,21217964.0,289654192.0,3.353967,3.4996,88.310972,3.892512,3.515267,89.802239
sh.600775,南京熊猫,2016-03-31,13.3721336,13.7569432,13.09314664,13.22783,20063983.0,277243152.0,3.171555,-1.0791,87.357976,3.850507,3.477332,88.83315
sh.600776,东方通信,2016-03-30,8.07654274,8.48320707,8.01034157,8.45483514,33466684.0,291079376.0,3.500699,4.6838,62.522691,3.888245,3.284342,-22.264583
sh.600776,东方通信,2016-03-31,8.46429245,8.72909713,8.24677432,8.49266438,33502559.0,300018128.0,3.504452,0.4474,62.802435,3.905642,3.299037,-22.364201
sh.600777,*ST新潮,2016-03-30,4.01000976,4.07052828,3.96264744,4.05474084,11654338.0,177894529.0,1.863777,2.1883,435.859468,3.844801,30.803806,-282.405316
sh.600777,*ST新潮,2016-03-31,4.05474084,4.15209672,4.04158464,4.09684068,15431594.0,240714314.0,2.467841,1.0383,440.38494,3.884721,31.123638,-285.337494
sh.600778,友好集团,2016-03-30,9.08,9.35,9.06,9.31,5909111.0,54644035.0,1.899506,3.3296,48.928461,1.778297,0.38621,-7.571545
sh.600778,友好集团,2016-03-31,9.32,9.49,9.3,9.42,5393507.0,50653718.0,1.733763,1.1815,49.506563,1.799308,0.390773,-7.661005
sh.600779,水井坊,2016-03-30,9.9134063,9.9998353,9.7751199,9.939335,3256578.0,37276197.0,0.666586,1.1434,-27.041361,4.400515,7.963319,31.72988
sh.600779,水井坊,2016-03-31,9.9739066,10.3109797,9.939335,10.2331936,4762224.0,55950521.0,0.974776,2.9565,-27.840844,4.530618,8.198757,32.667981
sh.600780,通宝能源,2016-03-30,4.79749304,4.9264084,4.79749304,4.91720016,5879866.0,31075393.0,0.512852,3.0888,16.551042,1.336827,1.079235,14.990611
sh.600780,通宝能源,2016-03-31,4.93561664,4.99086608,4.91720016,4.95403312,6431336.0,34598002.0,0.560953,0.7491,16.67502,1.346841,1.08732,15.1029
sh.600782,新钢股份,2016-03-30,1.8421404,1.84575244,1.80602,1.8421404,14750105.0,74732567.0,1.058533,1.7964,273.705799,0.911492,0.299202,11.963701
sh.600782,新钢股份,2016-03-31,1.8421404,1.90354508,1.82046816,1.87103672,24138018.0,123844655.0,1.732251,1.5686,277.999224,0.92579,0.303895,12.151367
sh.600783,鲁信创投,2016-03-30,21.83114691,22.60080576,21.62288628,22.48309323,13290268.0,323322352.0,1.785464,5.0783,87.105314,5.480657,87.662452,-45.397738
sh.600783,鲁信创投,2016-03-31,22.7275731,22.84528563,22.20239412,22.32916146,15311724.0,381231264.0,2.057034,-0.6847,86.508943,5.443133,87.062267,-45.08692
sh.600784,鲁银投资,2016-03-30,7.86206624,8.0429128,7.78592032,8.02387632,16688721.0,138709850.0,3.360503,3.3088,372.708902,3.172533,2.011891,36.403438
sh.600784,鲁银投资,2016-03-31,8.0429128,8.53786128,8.02387632,8.3760512,34281055.0,298328400.0,6.902961,4.3891,389.067418,3.311778,2.100194,38.001216
sh.600785,新华百货,2016-03-30,25.45742615,25.45742615,25.45742615,25.45742615,0.0,0.0,,0.0,45.06757,3.320649,0.832252,-58.342097
sh.600785,新华百货,2016-03-31,25.5599643,26.5480592,24.71169415,26.0819767,6597745.0,181793171.0,3.18069,2.4533,46.173219,3.402115,0.85267,-59.773412
sh.600787,中储股份,2016-03-30,7.36453836,7.60468635,7.36453836,7.57800324,16826957.0,142031811.0,0.904759,3.6496,28.130757,2.164068,1.055643,11.946429
sh.600787,中储股份,2016-03-31,7.63136946,7.72031316,7.5602145,7.63136946,16386804.0,140685071.0,0.881092,0.7042,28.328861,2.179308,1.063077,12.030558
sh.600789,鲁抗医药,2016-03-30,6.89992275,7.1238993,6.8782476,7.0949991,18074884.0,175283206.0,3.107917,3.9153,-124.869037,3.153231,2.487515,94.533393
sh.600789,鲁抗医药,2016-03-31,7.13112435,7.18892475,7.02997365,7.14557445,22647372.0,223139608.0,3.894142,0.7128,-125.759142,3.175708,2.505247,95.207256
sh.600790,轻纺城,2016-03-30,3.06025188,3.21118267,3.06025188,3.15913757,25371706.0,153326429.0,2.423292,4.2955,20.709387,1.750114,7.987798,-138.678406
sh.600790,轻纺城,2016-03-31,3.12791051,3.16954659,3.09668345,3.10188796,21976865.0,132117529.0,2.099045,-1.8122,21.117108,1.683952,7.891704,-109.725485
sh.600791,京能置业,2016-03-30,6.63917852,6.93381662,6.62935725,6.90435281,11676369.0,80855778.0,2.581476,4.9254,51.05824,2.148364,2.952197,-2.18461
sh.600791,京能置业,2016-03-31,6.874889,6.99274424,6.81596138,6.84542519,7777221.0,54537441.0,1.719431,-0.8535,50.622465,2.130028,2.927001,-2.165965
sh.600792,云煤能源,2016-03-30,5.08219332,5.19970068,5.05281648,5.1899084,5696899.0,29825016.0,0.598396,2.9126,-17.713551,1.692839,1.353284,-23.733197
sh.600792,云煤能源,2016-03-31,5.18011612,5.26824664,5.140947,5.22907752,6119398.0,32403330.0,0.642774,0.7547,-17.847238,1.705615,1.363497,-23.912315
sh.600793,宜宾纸业,2016-03-30,18.2263848,18.9194304,18.2263848,18.8551272,774430.0,20159911.0,0.735451,3.4496,313.055162,55.509794,203.019824,156.676247
sh.600793,宜宾纸业,2016-03-31,18.9622992,19.040892,18.5193216,18.647928,734230.0,19221717.0,0.697274,-1.0989,309.614995,54.899797,200.788836,154.95453
sh.600794,保税科技,2016-03-30,4.90772728,5.01969064,4.898397,5.00103008,15207600.0,80825763.0,1.379031,2.682,89.450856,3.571738,7.031976,-9.821193
sh.600794,保税科技,2016-03-31,5.06634204,5.15031456,5.00103008,5.04768148,22359815.0,121800779.0,2.027597,0.9328,90.285286,3.605056,7.097573,-9.912808
sh.600795,国电电力,2016-03-30,2.32861705,2.35915629,2.32098224,2.35152148,72859254.0,223544393.0,0.370778,1.6502,14.351161,1.25103,1.104058,-164.329974
sh.600795,国电电力,2016-03-31,2.35152148,2.35915629,2.33625186,2.35152148,73206829.0,225325198.0,0.372546,0.0,14.351161,1.25103,1.104058,-164.329974
sh.600796,钱江生化,2016-03-30,9.17393068,9.64487168,8.96671664,9.5601023,10420845.0,104562011.0,3.457455,4.7472,306.49835,5.454216,7.406049,-2009.867618
sh.600796,钱江生化,2016-03-31,9.5601023,9.6542905,9.43765764,9.5130082,7315370.0,74305547.0,2.427113,-0.4926,304.988506,5.427348,7.369566,-1999.966792
sh.600797,浙大网新,2016-03-30,9.9485778,10.296633,9.9292414,10.2676284,40032246.0,420148976.0,4.87181,3.0068,-68.737674,6.121181,2.086138,33.335148
sh.600797,浙大网新,2016-03-31,10.3159694,10.393315,10.0936008,10.1612782,34133220.0,361870880.0,4.153915,-1.0358,-68.025701,6.057779,2.06453,32.989869
sh.600798,宁波海运,2016-03-30,5.08308129,5.28030843,5.08308129,5.24444895,19768550.0,114892606.0,1.917692,2.6316,375.798277,2.288744,5.760048,-109.127118
sh.600798,宁波海运,2016-03-31,5.2892733,5.48650044,5.25341382,5.39685174,34853034.0,209355501.0,3.380996,2.906,386.718911,2.355254,5.927434,-112.298333
sh.600800,渤海化学,2016-03-30,7.16,7.45,7.13,7.4,18599007.0,135985118.0,3.047464,4.3724,96.879144,45.249631,29.942009,838.660282
sh.600800,渤海化学,2016-03-31,7.4,7.64,7.36,7.39,25783609.0,193111070.0,4.224667,-0.1351,96.748226,45.188483,29.901547,837.526958
sh.600801,华新建材,2016-03-30,4.038336,4.210704,4.0284864,4.1910048,16053946.0,134901545.0,1.650331,5.1916,23.994383,1.321043,0.875725,165.82691
sh.600801,华新建材,2016-03-31,4.1959296,4.4963424,4.0974336,4.43232,18435581.0,162077778.0,1.895161,5.7579,131.166415,1.403144,1.015584,-18.367998
sh.600802,福建水泥,2016-03-30,6.23309852,6.44060244,6.23309852,6.41665968,7791933.0,62208692.0,2.040448,3.6082,-21.927994,2.937929,1.749947,-14.324286
sh.600802,福建水泥,2016-03-31,6.4645452,6.56031624,6.37675508,6.51243072,11351637.0,91960391.0,2.972616,1.4925,-22.255277,2.981779,1.776066,-14.538081
sh.600803,新奥股份,2016-03-30,8.82135135,8.82135135,8.82135135,8.82135135,0.0,0.0,,0.0,20.108079,2.997657,2.62312,-52.21723
sh.600803,新奥股份,2016-03-31,8.82135135,8.82135135,8.82135135,8.82135135,0.0,0.0,,0.0,20.108079,2.997657,2.62312,-52.21723
sh.600805,悦达投资,2016-03-30,7.9835832,8.214156,7.9835832,8.214156,11370516.0,95969402.0,1.338884,3.6364,56.039102,1.151178,4.123844,-251.732846
sh.600805,悦达投资,2016-03-31,8.2045488,8.3966928,8.1853344,8.3486568,16465129.0,142260200.0,1.938777,1.6374,56.956701,1.170028,4.191369,-255.854788
sh.600807,济高发展,2016-03-30,11.49,11.8,11.4,11.77,25675100.0,297975296.0,5.216718,3.8835,81.484883,6.593623,10.921626,22.796708
sh.600807,济高发展,2016-03-31,11.8,11.85,11.58,11.69,27137693.0,317406624.0,5.51389,-0.6797,80.931035,6.548806,10.847393,22.64176
sh.600808,马钢股份,2016-03-30,1.90616913,1.94998911,1.8988658,1.94268578,30567675.0,80577807.0,0.512214,2.3077,-10.09827,0.990556,0.408745,-7.001983
sh.600808,马钢股份,2016-03-31,1.93538245,1.94998911,1.91347246,1.93538245,26031575.0,68938131.0,0.436204,-0.3759,-4.247613,1.10571,0.45239,24.393304
sh.600809,山西汾酒,2016-03-30,11.18067706,11.6530125,11.08123802,11.44170454,9571295.0,175339710.0,1.105424,3.3689,49.436246,3.73508,4.002929,-1082.794537
sh.600809,山西汾酒,2016-03-31,11.42927466,11.42927466,11.28633104,11.35469538,4262024.0,77814120.0,0.492237,-0.7605,49.060305,3.706677,3.972489,-1074.560358
sh.600810,神马股份,2016-03-30,4.37073304,4.57330915,4.3584557,4.55489314,9135583.0,66583271.0,2.065565,5.0992,-200.263176,1.40811,0.27314,-811.792189
sh.600810,神马股份,2016-03-31,4.58558649,4.59172516,4.51806112,4.55489314,6224109.0,46196172.0,1.407278,0.0,-200.263176,1.40811,0.27314,-811.792189
sh.600812,华北制药,2016-03-30,6.93177834,7.02818694,6.90285576,7.02818694,10056804.0,72717655.0,0.729506,2.3876,189.162843,2.248041,1.504405,-347.681601
sh.600812,华北制药,2016-03-31,6.9896235,7.05710952,6.9414192,6.97998264,10867827.0,78779488.0,0.788336,-0.6859,187.86543,2.232622,1.494087,-345.296953
sh.600814,杭州解百,2016-03-30,8.13738612,8.31576306,8.07792714,8.27329236,5318012.0,51345440.0,1.713371,2.6344,30.787481,3.471757,1.297842,-26.577969
sh.600814,杭州解百,2016-03-31,8.29028064,8.50263414,8.29028064,8.33275134,6717467.0,66500666.0,2.164251,0.7187,31.008747,3.496708,1.30717,-26.768981
sh.600815,厦工股份,2016-03-30,6.00843292,6.21128998,6.00843292,6.20163012,10443966.0,66028949.0,1.089082,3.8835,-35.244634,1.627864,1.82613,-43.086778
sh.600815,厦工股份,2016-03-31,6.22094984,6.39482732,6.16299068,6.28856886,14739202.0,95711170.0,1.536983,1.4019,-35.738718,1.650684,1.85173,-43.690798
sh.600816,建元信托,2016-03-30,5.69149308,5.8895487,5.64284784,5.81658084,13434570.0,222820309.0,1.183376,3.7175,17.204066,4.696201,10.02717,32.239462
sh.600816,建元信托,2016-03-31,5.83395414,5.89302336,5.76098628,5.82700482,12224024.0,204866651.0,1.076746,0.1792,17.234898,4.704618,10.04514,32.297239
sh.600817,宇通重工,2016-03-30,13.2933185,13.2933185,13.2933185,13.2933185,0.0,0.0,,0.0,-139.023578,23.11449,111.655138,75.080482
sh.600817,宇通重工,2016-03-31,13.2933185,13.2933185,13.2933185,13.2933185,0.0,0.0,,0.0,-139.023578,23.11449,111.655138,75.080482
sh.600818,中路股份,2016-03-30,37.839201,38.5325895,37.1458125,38.32457295,5114715.0,195079710.0,2.14942,3.7544,250.876538,27.424176,19.555121,401.097319
sh.600818,中路股份,2016-03-31,38.4533451,38.7703227,37.6807122,37.839201,4147741.0,159302163.0,1.743057,-1.2665,247.699244,27.076855,19.30746,396.017513
sh.600819,耀皮玻璃,2016-03-30,6.0260992,6.25207792,6.0260992,6.22383058,5840567.0,38262506.0,0.868521,3.4429,-86.262316,2.012682,2.303761,-121.402093
sh.600819,耀皮玻璃,2016-03-31,6.2614937,6.28032526,6.14850434,6.27090948,5552282.0,36583729.0,0.825652,0.7564,-17.093332,2.164707,2.266056,41.389201
sh.600820,隧道股份,2016-03-30,5.55946685,5.6630594,5.55946685,5.65615323,19586447.0,159344245.0,0.62296,2.5031,18.494138,1.598904,1.011618,9.533862
sh.600820,隧道股份,2016-03-31,5.72521493,5.75283961,5.66996557,5.69068408,20749165.0,171471388.0,0.659941,0.6105,18.607045,1.608665,1.017794,9.592067
sh.600821,金开新能,2016-03-30,7.43980718,7.6613399,7.39365453,7.61518725,12472335.0,101946873.0,2.996226,2.9963,473.127178,5.693763,6.505887,20.379165
sh.600821,金开新能,2016-03-31,7.64287884,8.1228664,7.59672619,7.68903149,14918723.0,127281049.0,3.583921,0.9697,477.715078,5.748975,6.568975,20.576781
sh.600822,上海物贸,2016-03-30,14.11155624,14.11155624,14.11155624,14.11155624,0.0,0.0,,0.0,-11.599473,19.198068,0.112293,-33.375205
sh.600822,上海物贸,2016-03-31,14.11155624,14.11155624,14.11155624,14.11155624,0.0,0.0,,0.0,-11.599473,19.198068,0.112293,-33.375205
sh.600824,益民集团,2016-03-30,6.20158591,6.3224564,6.19228818,6.31315867,7626761.0,51382119.0,0.723583,2.7231,36.25266,3.74209,2.048108,1960.19445
sh.600824,益民集团,2016-03-31,6.34105186,6.4154337,6.28526548,6.3224564,9302609.0,63419475.0,0.882578,0.1473,36.306051,3.747601,2.051124,1963.081334
sh.600825,新华传媒,2016-03-30,8.81564544,9.0517788,8.79596766,9.01242324,14071262.0,127428515.0,1.346677,2.8058,141.463544,3.769568,5.898711,-51.687497
sh.600825,新华传媒,2016-03-31,9.08129547,9.22887882,8.9533899,9.06161769,16788940.0,154999621.0,1.60677,0.5459,142.235725,3.790144,5.930909,-51.969634
sh.600826,兰生股份,2016-03-30,15.39993376,15.7446212,15.29477488,15.72709472,4332649.0,115089547.0,1.030008,3.1023,22.16303,3.511442,4.731057,17.210683
sh.600826,兰生股份,2016-03-31,15.8614644,16.06009784,15.72125256,15.93741248,5800313.0,157569283.0,1.378918,1.3373,22.459415,3.5584,4.794325,17.44084
sh.600827,百联股份,2016-03-30,12.4160088,12.6361508,12.35436904,12.60973376,14839645.0,210468745.0,0.961878,2.2127,18.35613,1.652955,0.501178,-49.89921
sh.600827,百联股份,2016-03-31,12.61853944,12.66256784,12.40720312,12.4600372,13131329.0,186698689.0,0.851149,-1.1872,18.138215,1.633332,0.495229,-49.306831
sh.600828,茂业商业,2016-03-30,5.81613561,5.81613561,5.81613561,5.81613561,0.0,0.0,,0.0,182.060143,10.770115,7.338908,-223.584532
sh.600828,茂业商业,2016-03-31,5.81613561,5.81613561,5.81613561,5.81613561,0.0,0.0,,0.0,182.060143,10.770115,7.338908,-223.584532
sh.600829,人民同泰,2016-03-30,10.82019225,11.20883589,10.76719539,11.07634374,3373234.0,41897669.0,0.581704,2.9557,52.34667,5.109235,0.816202,-68.713464
sh.600829,人民同泰,2016-03-31,10.99684845,12.05678565,10.9526844,11.77413573,6046669.0,77998488.0,1.042729,6.2998,55.644426,5.431108,0.867622,-73.042302
sh.600830,香溢融通,2016-03-30,9.52555712,9.8941632,9.52555712,9.8456624,16769532.0,168347019.0,3.691106,4.1026,32.541497,2.285998,2.566172,15.279255
sh.600830,香溢融通,2016-03-31,9.86506272,10.15606752,9.81656192,9.92326368,22223490.0,228634283.0,4.891564,0.7882,32.797982,2.304016,2.586397,15.399683
sh.600831,广电网络,2016-03-30,11.87045824,12.32926707,11.87045824,12.2999814,12394312.0,153389538.0,2.199763,4.9126,55.653666,3.788746,2.890577,-104.357738
sh.600831,广电网络,2016-03-31,12.33902896,12.55379054,12.11450549,12.18283872,15464348.0,195334756.0,2.744638,-0.9524,55.123631,3.752663,2.863048,-103.363855
sh.600833,第一医药,2016-03-30,14.1013717,14.69888745,14.0646015,14.6345396,5548257.0,86900816.0,2.487045,4.7368,87.960065,4.834574,2.382207,193.477565
sh.600833,第一医药,2016-03-31,14.69888745,15.259633,14.6161545,15.25044045,9550273.0,155721269.0,4.280976,4.2085,89.898902,4.768819,2.482295,101.284053
sh.600834,申通地铁,2016-03-30,13.91445216,14.21030128,13.81901696,14.1244096,7127454.0,104752398.0,1.49303,2.5641,101.96108,5.116148,9.256507,-1463.870619
sh.600834,申通地铁,2016-03-31,14.19121424,14.25801888,13.9335392,14.01943088,5837544.0,86208533.0,1.222825,-0.7432,101.203261,5.078123,9.187708,-1452.9905
sh.600835,上海机电,2016-03-30,17.00198988,17.36025444,16.86958776,17.34467772,9896980.0,217299013.0,1.227145,2.7688,12.415104,2.805283,1.180398,48.949676
sh.600835,上海机电,2016-03-31,17.46929148,17.50044492,17.18112216,17.22006396,9399961.0,208789801.0,1.165519,-0.7185,12.325907,2.785128,1.171917,48.597994
sh.600838,上海九百,2016-03-30,12.50576925,12.736503,12.41347575,12.70881495,14808695.0,201985696.0,3.694029,2.9148,57.806659,5.462699,56.820999,663.388606
sh.600838,上海九百,2016-03-31,12.70881495,13.18874115,12.57960405,12.81956715,22175823.0,308963936.0,5.531758,0.8715,58.31042,5.510305,57.316171,669.169771
sh.600839,四川长虹,2016-03-30,3.70103427,3.78579078,3.68219949,3.77637339,78071871.0,309761008.0,1.693534,3.3505,-151.812012,1.363417,0.288763,-8.117938
sh.600839,四川长虹,2016-03-31,3.79520817,3.84229512,3.71045166,3.74812122,102814727.0,411584976.0,2.230255,-0.7481,-150.676261,1.353217,0.286603,-8.057205
sh.600841,动力新科,2016-03-30,11.87000514,12.37653515,11.87000514,12.28096345,8099694.0,103351343.0,1.551985,3.5455,119.838786,3.207491,5.148411,26.69716
sh.600841,动力新科,2016-03-31,12.30963496,12.36697798,12.0420342,12.09937722,5710239.0,72839008.0,1.094141,-1.4786,118.066851,3.160065,5.072287,26.302416
sh.600843,上工申贝,2016-03-30,13.37320014,13.37320014,13.37320014,13.37320014,0.0,0.0,,0.0,47.778571,4.238053,3.250231,46.184106
sh.600843,上工申贝,2016-03-31,13.37320014,13.37320014,13.37320014,13.37320014,0.0,0.0,,0.0,47.778571,4.238053,3.250231,46.184106
sh.600844,金煤科技,2016-03-30,6.42,6.75,6.42,6.67,17176264.0,113289553.0,2.936982,3.8941,513.548891,6.119545,4.512299,134.084748
sh.600844,金煤科技,2016-03-31,6.68,6.76,6.58,6.61,15884164.0,105218887.0,2.716045,-0.8995,-167.820609,6.285763,4.924025,71.248551
sh.600845,宝信软件,2016-03-30,5.54458442,5.84769575,5.53766407,5.82278249,3975397.0,162861026.0,1.678462,5.8365,52.741955,4.208755,4.184095,14.350892
sh.600845,宝信软件,2016-03-31,5.9376603,5.9376603,5.79648516,5.813094,3811383.0,161468426.0,1.609213,-0.1664,52.654198,4.201752,4.177133,14.327013
sh.600846,同济科技,2016-03-30,7.9612884,8.28607728,7.85038488,8.26231224,46659807.0,477335104.0,7.468419,5.0352,37.633535,3.831037,1.556601,15.706682
sh.600846,同济科技,2016-03-31,8.25439056,8.25439056,8.05634856,8.12764368,40684194.0,418265888.0,6.511956,-1.6299,39.999504,3.586925,1.961885,-967.821437
sh.600847,万里股份,2016-03-30,33.09,33.09,33.09,33.09,0.0,0.0,,0.0,866.028168,7.073549,18.994506,61.003898
sh.600847,万里股份,2016-03-31,33.09,33.09,33.09,33.09,0.0,0.0,,0.0,-263.940279,7.370588,21.011728,-68.586862
sh.600848,上海临港,2016-03-30,11.46273456,11.46273456,11.46273456,11.46273456,0.0,0.0,,0.0,356.979937,4.621464,11.944841,35.417208
sh.600848,上海临港,2016-03-31,11.46273456,11.46273456,11.46273456,11.46273456,0.0,0.0,,0.0,356.979937,4.621464,11.944841,35.417208
sh.600850,电科数字,2016-03-30,18.16042128,19.0074944,18.16042128,18.94551344,3769071.0,135349374.0,1.171447,5.5843,38.649819,7.777247,1.947016,-5014.367997
sh.600850,电科数字,2016-03-31,19.2140976,19.65829448,19.0074944,19.1624468,4964059.0,186166725.0,1.542856,1.145,39.092374,7.8663,1.96931,-5071.784425
sh.600851,海欣股份,2016-03-30,12.44713701,12.71338593,12.37106589,12.67535037,14594707.0,193128857.0,1.97705,2.8549,54.412789,4.07886,14.679414,-168.311393
sh.600851,海欣股份,2016-03-31,12.69436815,12.81798372,12.53271702,12.61829703,12517841.0,166818589.0,1.695711,-0.4501,54.167871,4.0605,14.61334,-167.553803
sh.600853,龙建股份,2016-03-30,3.29372112,3.40190904,3.29372112,3.3958986,12773636.0,71662603.0,2.379555,3.2907,183.322755,3.780681,0.513252,50.245204
sh.600853,龙建股份,2016-03-31,3.41994036,3.4259508,3.35382552,3.37786728,10195351.0,57439131.0,1.899256,-0.531,182.34936,3.760606,0.510527,49.978416
sh.600854,春兰股份,2016-03-30,5.85798717,5.97984723,5.8318743,5.97984723,8246160.0,55980578.0,1.587453,2.6906,-368.707987,1.875965,13.183764,-265.293866
sh.600854,春兰股份,2016-03-31,5.99725581,6.3541317,5.97114294,6.18875019,20528057.0,145349966.0,3.951818,3.4935,-381.588616,1.941501,13.644332,-274.561774
sh.600855,航天长峰,2016-03-30,29.41819265,30.402372,29.26228305,30.37313895,8733289.0,267720662.0,2.645534,4.3173,353.156865,12.10674,11.760276,107.717441
sh.600855,航天长峰,2016-03-31,30.8895895,30.9675443,30.00285365,30.25620675,9227023.0,288693968.0,2.795098,-0.385,351.797262,12.060131,11.715001,107.302744
sh.600857,宁波中百,2016-03-30,15.06281714,15.47202692,14.94590006,15.31613748,2963381.0,46181811.0,1.321051,3.2852,81.830942,5.788446,3.270523,-25.770673
sh.600857,宁波中百,2016-03-31,15.31613748,15.45254074,15.17973422,15.30639439,2353746.0,36972768.0,1.049281,-0.0636,81.778887,5.784764,3.268443,-25.754279
sh.600858,银座股份,2016-03-30,8.37468335,8.56742635,8.29758615,8.5577892,5787783.0,50615269.0,1.118308,2.8969,44.525975,1.54569,0.316501,-6.262365
sh.600858,银座股份,2016-03-31,8.5577892,8.5577892,8.5577892,8.5577892,0.0,0.0,,0.0,44.525975,1.54569,0.316501,-6.262365
sh.600859,王府井,2016-03-30,13.88874014,14.17390326,13.84985426,14.17390326,6393705.0,138214641.0,1.381622,2.9661,15.305572,1.371014,0.584081,-81.610265
sh.600859,王府井,2016-03-31,14.18038424,14.37481364,14.1285364,14.1933462,5717468.0,125552787.0,1.235493,0.1372,15.326567,1.372895,0.584882,-81.722214
sh.600860,京城股份,2016-03-30,9.11,9.19,9.03,9.19,4390649.0,40097305.0,1.363556,1.8847,-18.661481,5.441814,3.60226,77.079922
sh.600860,京城股份,2016-03-31,9.3,9.35,9.15,9.18,5433149.0,50328959.0,1.687313,-0.1088,-18.641175,5.435893,3.598341,76.996048
sh.600861,北京人力,2016-03-30,11.88704412,12.21923493,11.8511316,12.20127867,4159191.0,55961853.0,1.312855,3.4247,37.650201,1.883854,1.744067,-12.193177
sh.600861,北京人力,2016-03-31,12.22821306,12.42573192,12.16536615,12.38084127,5350988.0,73329194.0,1.689048,1.4717,38.204288,1.911579,1.769734,-12.37262
sh.600862,中航高科,2016-03-30,12.783933,13.08695956,12.70817636,13.03961166,7423452.0,101023127.0,1.163681,3.456,-134.934044,19.538427,6.924568,-342.983967
sh.600862,中航高科,2016-03-31,13.1153683,13.43733402,12.93544628,13.0680204,13088556.0,181851820.0,2.051728,0.2179,-135.228018,19.580994,6.939654,-343.731209
sh.600863,华能蒙电,2016-03-30,2.39809584,2.44091898,2.39809584,2.44091898,20188737.0,68563627.0,0.347617,2.3952,23.134086,1.880112,1.661,-57.524582
sh.600863,华能蒙电,2016-03-31,2.45519336,2.4980165,2.4266446,2.46946774,36429398.0,125704932.0,0.627255,1.1696,23.40466,1.902102,1.680427,-58.197385
sh.600864,哈投股份,2016-03-30,11.682375,11.962752,11.6356455,11.9347143,9846854.0,124561180.0,1.802205,3.7368,64.445078,1.80439,5.981328,-32.088064
sh.600864,哈投股份,2016-03-31,11.9347143,12.243129,11.8786389,11.9814438,13305318.0,171414420.0,2.435185,0.3915,64.697408,1.811455,6.004747,-32.213703
sh.600865,百大集团,2016-03-30,10.3881961,10.9421196,10.3541085,10.8909882,9886710.0,123346193.0,2.627765,6.3228,36.37888,3.334593,4.311131,-20.69506
sh.600865,百大集团,2016-03-31,10.8909882,10.993251,10.737594,10.8824663,7842095.0,100170437.0,2.084331,-0.0782,34.164412,3.249116,4.356661,-282.850844
sh.600866,星湖科技,2016-03-30,5.0815899,5.21531595,5.03701455,5.17965567,10406774.0,59912361.0,1.890788,3.0142,-12.022809,2.894706,4.253725,89.003063
sh.600866,星湖科技,2016-03-31,5.27772144,5.33121186,5.22423102,5.2598913,15146995.0,89702469.0,2.75203,1.5491,-12.209049,2.939547,4.319618,90.381767
sh.600867,通化东宝,2016-03-30,11.1501864,11.28662328,11.04668256,11.28191856,6425849.0,152494995.0,0.567857,1.3097,60.588913,11.68981,16.396382,-379.990089
sh.600867,通化东宝,2016-03-31,11.29603272,11.44187904,11.22546192,11.36660352,5993995.0,144136925.0,0.529694,0.7506,61.043709,11.777557,16.519457,-382.842392
sh.600868,梅雁吉祥,2016-03-30,5.3686542,5.5751409,5.3391561,5.506312,129514169.0,716481792.0,6.823184,3.321,-146.700008,5.003776,40.809048,1339.660539
sh.600868,梅雁吉祥,2016-03-31,5.5161447,5.6538025,5.4571485,5.5358101,165928235.0,936478256.0,8.741583,0.5357,-147.485901,5.030582,41.027668,1346.837292
sh.600869,远东股份,2016-03-30,8.13790827,8.29347163,7.9726222,8.27402621,45946170.0,384530320.0,2.320412,2.1609,73.165893,5.528817,1.515927,-205.546082
sh.600869,远东股份,2016-03-31,8.29347163,8.32263976,8.06012659,8.10874014,31036763.0,260209042.0,1.567445,-1.9977,71.704295,5.418371,1.485644,-201.439991
sh.600871,石化油服,2016-03-30,4.93,5.15,4.9,5.07,167138772.0,844193456.0,9.372268,4.7521,-146.858341,3.147543,1.046727,31.70302
sh.600871,石化油服,2016-03-31,5.02,5.05,4.98,5.01,107908102.0,540606368.0,6.050922,-1.1834,2894.629119,2.87582,1.174076,89.52465
sh.600872,中炬高新,2016-03-30,11.75481637,12.00103828,11.69098106,11.99191895,9621347.0,125209908.0,1.207745,3.0564,42.471125,4.301176,3.835691,-96.614164
sh.600872,中炬高新,2016-03-31,12.11958957,12.11958957,11.82777101,11.84600967,13115987.0,171772410.0,1.646419,-1.2167,41.954366,4.248842,3.789021,-95.438631
sh.600873,梅花生物,2016-03-30,5.63553206,5.63553206,5.63553206,5.63553206,0.0,0.0,,0.0,66.773391,3.409177,2.396758,-90.501262
sh.600873,梅花生物,2016-03-31,5.63553206,5.63553206,5.63553206,5.63553206,0.0,0.0,,0.0,66.773391,3.409177,2.396758,-90.501262
sh.600874,创业环保,2016-03-30,7.0306976,7.25093632,7.01375616,7.25093632,11236590.0,94668805.0,1.033508,3.3817,36.961294,2.775905,6.316326,23.783297
sh.600874,创业环保,2016-03-31,7.25940704,7.38646784,7.21705344,7.2848192,13170986.0,113524679.0,1.211428,0.4673,37.134011,2.788876,6.345841,23.894434
sh.600875,东方电气,2016-03-30,9.65192283,9.8881893,9.64317222,9.87943869,19232033.0,214690911.0,0.963094,2.8233,60.089385,1.144546,0.732513,8.082985
sh.600875,东方电气,2016-03-31,9.91444113,10.03694967,9.78318198,9.81818442,25282650.0,286088608.0,1.266095,-0.62,59.71682,1.13745,0.727971,8.032869
sh.600876,凯盛新能,2016-03-30,29.6,30.13,29.33,30.11,7680475.0,228966405.0,3.071966,3.1871,-85.848503,56.983064,23.953472,3474.491202
sh.600876,凯盛新能,2016-03-31,30.22,31.24,30.0,30.4,11285950.0,345489792.0,4.514051,0.9631,-86.675341,57.531888,24.184177,3507.955249
sh.600877,电科芯片,2016-03-30,7.38,7.38,7.38,7.38,0.0,0.0,,0.0,-32.640735,140.25771,4.405427,-21.28894
sh.600877,电科芯片,2016-03-31,7.38,7.38,7.38,7.38,0.0,0.0,,0.0,-32.640735,140.25771,4.405427,-21.28894
sh.600879,航天电子,2016-03-30,7.05923232,7.21835436,7.0158354,7.21353248,25712823.0,380105008.0,2.473488,3.4578,58.602878,2.828974,2.77243,68.301203
sh.600879,航天电子,2016-03-31,7.2569294,7.31479196,7.17013556,7.19424496,28569122.0,428858992.0,2.748254,-0.2674,58.446186,2.82141,2.765017,68.118579
sh.600880,博瑞传播,2016-03-30,10.19740995,11.0011944,10.19740995,10.87530045,75290850.0,823813728.0,10.266489,7.877,72.795031,3.391231,8.518838,-90.685675
sh.600880,博瑞传播,2016-03-31,10.9430895,11.28203475,10.6913016,10.8075114,76226965.0,859879136.0,10.394136,-0.6233,72.341278,3.370092,8.465738,-90.120404
sh.600881,亚泰集团,2016-03-30,5.28422125,5.5881375,5.215595,5.38225875,55453120.0,303791072.0,2.9267,2.2346,192.323653,1.216569,1.215461,43.053694
sh.600881,亚泰集团,2016-03-31,5.372455,5.450885,5.3136325,5.372455,45734330.0,250217803.0,2.413762,-0.1821,191.973336,1.214353,1.213247,42.975272
sh.600882,妙可蓝多,2016-03-30,8.59,8.59,8.59,8.59,0.0,0.0,,0.0,-47.69264,2.610394,8.954947,118.234592
sh.600882,妙可蓝多,2016-03-31,8.59,8.59,8.59,8.59,0.0,0.0,,0.0,-47.69264,2.610394,8.954947,118.234592
sh.600883,博闻科技,2016-03-30,14.05775954,14.51913276,13.86944394,14.47205386,10871102.0,163834344.0,4.604682,3.9216,47.869774,5.101903,265.404501,16.376123
sh.600883,博闻科技,2016-03-31,14.51913276,14.6415379,14.1707489,14.4061434,8689841.0,133208301.0,3.680764,-0.4554,47.651759,5.078667,264.195762,16.301541
sh.600884,杉杉股份,2016-03-30,9.0323064,9.7599528,9.0323064,9.72515232,26956859.0,795352096.0,6.561109,8.4303,19.981586,4.0056,4.365604,-141.597284
sh.600884,杉杉股份,2016-03-31,9.77260752,9.807408,9.45307584,9.52584048,26775728.0,811604416.0,6.517023,-2.0494,19.572074,3.923508,4.276133,-138.695323
sh.600885,宏发股份,2016-03-30,7.35624792,7.91653562,7.3496563,7.85721104,5630427.0,130200491.0,1.058406,7.4358,26.341654,4.462382,3.060102,-74.63025
sh.600885,宏发股份,2016-03-31,7.7781116,8.11758003,7.76163255,7.9758602,5747418.0,138379161.0,1.080398,1.5101,27.257397,4.413151,3.030656,-87.235407
sh.600886,国投电力,2016-03-30,5.12049216,5.28050754,5.12049216,5.25002842,61725095.0,421865968.0,0.909592,3.1437,8.514672,1.821012,1.469595,-26.394897
sh.600886,国投电力,2016-03-31,5.2576482,5.34146578,5.23478886,5.2576482,59633872.0,414655792.0,0.878775,0.1451,8.52703,1.823655,1.471728,-26.433206
sh.600887,伊利股份,2016-03-30,10.19320187,10.43295644,10.19320187,10.3893647,37363333.0,530888704.0,0.619278,2.5825,20.53418,4.491825,1.488962,121.451461
sh.600887,伊利股份,2016-03-31,10.54193579,10.71630275,10.44748702,10.58552753,75896202.0,1107436064.0,1.257941,1.8881,19.077744,4.421656,1.463955,-362.268576
sh.600888,新疆众和,2016-03-30,4.07681972,4.18843294,4.07094534,4.15906104,11309505.0,79507581.0,1.763732,2.907,-10.241942,1.405187,0.606993,-5764.59997
sh.600888,新疆众和,2016-03-31,4.18255856,4.18843294,4.12968914,4.16493542,11334550.0,80286990.0,1.767638,0.1412,-10.256408,1.407172,0.60785,-5772.74206
sh.600889,南京化纤,2016-03-30,11.98046356,12.33340684,11.98046356,12.32360286,7729160.0,96031341.0,2.517074,3.6274,8.436736,2.763389,2.541935,2121.964013
sh.600889,南京化纤,2016-03-31,12.4020347,12.63733022,12.28438694,12.3530148,10203599.0,129654844.0,3.322898,0.2387,8.456871,2.769984,2.548002,2127.028366
sh.600892,*ST大晟,2016-03-30,12.1925,13.035,12.1925,12.95,715122.0,36381561.0,1.13693,6.5405,-3232.88744,1749.58534,833.491177,1836.737371
sh.600892,*ST大晟,2016-03-31,13.065,13.16,12.7225,12.86,1191463.0,61371874.0,1.894236,-0.695,-3210.419497,1737.426059,827.698574,1823.972401
sh.600893,航发动力,2016-03-30,37.44389054,38.14494312,37.14618328,38.1257362,12588929.0,494349088.0,0.920579,3.0633,78.390004,5.363816,3.125152,100.184638
sh.600893,航发动力,2016-03-31,38.2217708,38.73075418,37.82802894,37.92406354,15369410.0,612469664.0,1.123905,-0.529,77.975346,5.335443,3.108621,99.654694
sh.600894,广日股份,2016-03-30,9.93310556,10.35161692,9.93310556,10.3319992,11035961.0,170965869.0,1.283331,4.9137,6.255185,2.165304,2.8572,8.490178
sh.600894,广日股份,2016-03-31,10.39085236,10.4954802,10.2339106,10.33853844,14458773.0,229905236.0,1.681356,0.0633,6.259144,2.166674,2.859008,8.495551
sh.600895,张江高科,2016-03-30,19.55235739,20.41269734,19.22633383,20.35836008,63257922.0,1386041600.0,4.08461,4.6555,72.288083,4.790448,14.391111,76.971279
sh.600895,张江高科,2016-03-31,20.1953483,20.33119145,19.64291949,19.78781885,65349712.0,1437805968.0,4.219678,-2.8025,70.262216,4.656196,13.987801,74.814166
sh.600897,厦门空港,2016-03-30,10.52942989,10.82299106,10.4685021,10.79529661,2299775.0,44548472.0,0.772229,3.2856,14.819676,1.972634,4.13477,-7.73084
sh.600897,厦门空港,2016-03-31,10.9670022,10.98361887,10.8008355,10.87284107,2423515.0,47657577.0,0.813779,0.7183,14.926128,1.986804,4.164471,-7.786372
sh.600900,长江电力,2016-03-30,8.44920002,8.57457974,8.44920002,8.5676142,20733294.0,254000937.0,0.212738,1.4852,17.727987,2.292384,8.364588,-201.130359
sh.600900,长江电力,2016-03-31,8.5676142,8.58851082,8.4979588,8.55368312,10575446.0,129857152.0,0.108511,-0.1626,17.699161,2.288656,8.350987,-200.803318
sh.600917,重庆燃气,2016-03-30,9.50692275,9.8768754,9.36926595,9.74782215,17142191.0,191249585.0,10.988584,-0.5268,46.242181,5.199844,2.955264,130.17632
sh.600917,重庆燃气,2016-03-31,9.73061505,9.73061505,9.48971565,9.5499405,10886698.0,121279763.0,6.978653,-2.03,45.30346,5.094287,2.895272,127.53373
sh.600958,东方证券,2016-03-30,16.3057104,16.6130601,16.23291705,16.54026675,73861769.0,1503145472.0,2.338387,2.4549,14.745165,3.089744,6.997973,3.163932
sh.600958,东方证券,2016-03-31,16.5807075,16.8395283,16.24909335,16.42703265,84910765.0,1736998736.0,2.688186,-0.6846,14.64422,3.068592,6.950065,3.142272
sh.600959,江苏有线,2016-03-30,10.26635654,10.5662084,10.26635654,10.54479041,11129971.0,162260626.0,1.864317,3.5764,55.693519,3.681431,9.404974,12.669526
sh.600959,江苏有线,2016-03-31,10.58762639,10.69471634,10.53051175,10.57334773,12488359.0,185714742.0,2.091852,0.2708,55.844348,3.691401,9.430444,12.703837
sh.600960,渤海汽车,2016-03-30,10.084009,10.377718,10.0644284,10.3679277,16074010.0,167501331.0,3.134481,3.418,144.830537,2.72471,5.260556,-200.608267
sh.600960,渤海汽车,2016-03-31,10.4658307,10.475621,10.1133799,10.181912,16862759.0,176380575.0,3.28829,-1.7942,142.232067,2.675825,5.166174,-197.009063
sh.600961,株冶集团,2016-03-30,10.36,10.4,10.08,10.35,8918712.0,91505719.0,1.690886,0.6809,-14.167257,19.992289,0.387209,74.983631
sh.600961,株冶集团,2016-03-31,10.33,10.44,10.17,10.2,6309962.0,64796486.0,1.196297,-1.4493,-13.961934,19.702546,0.381597,73.896912
sh.600962,国投中鲁,2016-03-30,14.2,14.79,14.03,14.69,5754870.0,82855487.0,2.265518,4.2583,120.472411,4.719741,3.508367,-25.519215
sh.600962,国投中鲁,2016-03-31,14.75,15.41,14.69,15.19,5562409.0,83829601.0,2.189752,3.4037,124.572902,4.880385,3.62778,-26.387807
sh.600963,岳阳林纸,2016-03-30,4.62938458,4.77987541,4.59355343,4.77270918,21998434.0,143756432.0,2.108828,4.0625,-17.815011,1.329743,1.171752,43.667976
sh.600963,岳阳林纸,2016-03-31,4.77270918,4.83720525,4.7297118,4.77987541,19823549.0,132427608.0,1.900338,0.1502,-17.84176,1.331739,1.173511,43.733543
sh.600965,福成股份,2016-03-30,13.3440342,13.6736265,13.2282315,13.6647186,9944235.0,150390333.0,2.616527,3.2302,75.482885,7.719178,9.345704,2984.162145
sh.600965,福成股份,2016-03-31,13.7003502,13.718166,13.3707579,13.4865606,10102960.0,153122354.0,2.658291,-1.3038,74.498754,7.618537,9.223857,2945.255207
sh.600966,博汇纸业,2016-03-30,3.194583,3.2402199,3.17632824,3.2402199,34115860.0,120010957.0,2.55197,2.0115,102.55167,1.204437,0.680146,23.087502
sh.600966,博汇纸业,2016-03-31,3.24934728,3.25847466,3.18545562,3.20371038,30753104.0,108164890.0,2.300425,-1.1268,101.396158,1.190866,0.672482,22.827361
sh.600967,内蒙一机,2016-03-30,9.14801664,9.35348967,9.04974693,9.34455606,22539060.0,232182618.0,2.739219,3.4619,-151.910928,3.807188,4.298486,-43.869238
sh.600967,内蒙一机,2016-03-31,9.3802905,9.50536104,9.25521996,9.32668884,22261668.0,233571557.0,2.705507,-0.1912,-151.620467,3.799908,4.290267,-43.785358
sh.600969,郴电国际,2016-03-30,10.4631498,10.92134002,10.44947248,10.83243744,4170516.0,65048579.0,1.577818,3.937,25.327048,1.563047,1.838015,3.124956
sh.600969,郴电国际,2016-03-31,10.92817868,11.0444359,10.8050828,10.84611476,3079711.0,49080167.0,1.165137,0.1263,25.359027,1.565021,1.840336,3.128901
sh.600970,中材国际,2016-03-30,5.11885125,5.1930375,5.06939375,5.183146,18357352.0,190489412.0,1.679081,2.2439,18.450814,1.901449,0.54241,6.21438
sh.600970,中材国际,2016-03-31,5.202929,5.25733225,5.14852575,5.163363,17688649.0,186097757.0,1.617918,-0.3817,18.380391,1.894192,0.54034,6.190661
sh.600971,恒源煤电,2016-03-30,2.52569178,2.56923819,2.5160148,2.56923819,8269253.0,43491094.0,0.826922,2.5097,-3.838686,0.959148,1.338799,17.011822
sh.600971,恒源煤电,2016-03-31,2.56923819,2.59826913,2.54020725,2.57407668,11269330.0,59823721.0,1.126928,0.1883,-3.845915,0.960954,1.341321,17.043859
sh.600973,宝胜股份,2016-03-30,4.81376874,4.95029832,4.80936456,4.94589414,4776510.0,52914155.0,1.152714,3.6934,42.493599,3.037577,0.473472,5.558738
sh.600973,宝胜股份,2016-03-31,4.9547025,5.01195684,4.85340636,4.92387324,8632949.0,96581379.0,2.083387,-0.4452,42.304402,3.024053,0.471364,5.533989
sh.600975,新五丰,2016-03-30,6.02804187,6.21330084,5.95678842,6.20380038,14577968.0,186132044.0,6.220328,4.8154,-5314.235131,4.08562,3.090838,19.159338
sh.600975,新五丰,2016-03-31,6.22755153,6.27980406,6.08504463,6.15154785,13916028.0,180934891.0,5.937882,-0.8423,-5269.475111,4.051208,3.064805,18.997965
sh.600976,健民集团,2016-03-30,22.66948245,23.39082415,22.66948245,23.37323045,2045376.0,53687086.0,1.334849,4.1961,47.67009,4.158203,1.786675,-167.593215
sh.600976,健民集团,2016-03-31,23.4875895,23.95382255,23.23248085,23.70751075,2336048.0,62832663.0,1.524547,1.4302,48.35186,4.217673,1.812228,-169.990107
sh.600979,广安爱众,2016-03-30,4.17968834,4.32944916,4.17288103,4.32264185,8313345.0,52005544.0,1.158021,3.928,-71.473581,2.973894,2.851848,27.893075
sh.600979,广安爱众,2016-03-31,4.33625647,4.34306378,4.27499068,4.2886053,5727714.0,36222148.0,0.797852,-0.7874,-70.910797,2.950477,2.829393,27.673445
sh.600980,北矿科技,2016-03-30,18.53810294,19.00203878,18.41245365,18.98270812,3820757.0,74012241.0,2.939044,3.9153,79.191233,6.207631,7.254685,25.586948
sh.600980,北矿科技,2016-03-31,19.2340067,19.60128924,19.10835741,19.22434137,5835499.0,116803725.0,4.488845,1.2729,80.199268,6.286649,7.347031,25.912647
sh.600981,苏豪汇鸿,2016-03-30,7.84874784,8.41940624,7.84874784,8.32283328,11518941.0,107107669.0,4.762754,6.9977,76.377589,4.814359,1.87631,-25.301587
sh.600981,苏豪汇鸿,2016-03-31,8.41062688,8.4281856,8.19114288,8.30527456,10825337.0,102240033.0,4.475968,-0.211,76.216455,4.804202,1.872352,-25.248208
sh.600982,宁波能源,2016-03-30,4.23087666,4.32595254,4.21503068,4.31802955,17607129.0,95039546.0,2.604104,2.8302,44.237124,1.668391,4.063461,36.549792
sh.600982,宁波能源,2016-03-31,4.34972151,4.3576445,4.27049161,4.31010656,22843069.0,124231003.0,3.378503,-0.1835,44.155955,1.66533,4.056005,36.482728
sh.600983,惠而浦,2016-03-30,9.2578493,9.37730542,9.14692576,9.37730542,4636915.0,50431158.0,0.870292,2.6144,24.813853,1.909014,1.469815,5.383044
sh.600983,惠而浦,2016-03-31,9.385838,9.45409864,9.16399092,9.19812124,5945442.0,64535766.0,1.115886,-1.9108,24.339702,1.872536,1.44173,5.280184
sh.600984,建设机械,2016-03-30,5.04807968,5.15276336,5.01900088,5.1469476,1663990.0,14524328.0,1.175499,3.1469,-71.209899,2.254058,14.237114,219.046145
sh.600984,建设机械,2016-03-31,5.1760264,5.19928944,5.1178688,5.14113184,3086030.0,27334983.0,2.180077,-0.113,-71.129436,2.251511,14.221027,218.798635
sh.600985,淮北矿业,2016-03-30,6.8052954,6.8052954,6.8052954,6.8052954,0.0,0.0,,0.0,23.973735,2.404067,3.081644,-34.333276
sh.600985,淮北矿业,2016-03-31,6.8052954,6.8052954,6.8052954,6.8052954,0.0,0.0,,0.0,23.973735,2.404067,3.081644,-34.333276
sh.600986,浙文互联,2016-03-30,14.700819,14.700819,14.700819,14.700819,0.0,0.0,,0.0,155.756247,4.7631,7.549392,18.088391
sh.600986,浙文互联,2016-03-31,14.700819,14.700819,14.700819,14.700819,0.0,0.0,,0.0,155.756247,4.7631,7.549392,18.088391
sh.600987,航民股份,2016-03-30,6.74187819,6.95361455,6.73225381,6.94880236,10220307.0,145577408.0,1.608712,4.0346,18.941249,3.333959,3.030023,-103.694325
sh.600987,航民股份,2016-03-31,6.96805112,7.11241682,6.79000009,6.92474141,12950640.0,187273738.0,2.038476,-0.3463,18.875663,3.322415,3.019531,-103.335272
sh.600988,赤峰黄金,2016-03-30,8.68135294,8.76067998,8.43345594,8.53757268,43698114.0,756641712.0,7.159611,2.3781,53.10874,5.75008,7.718367,47.778393
sh.600988,赤峰黄金,2016-03-31,8.4532877,8.67143706,8.34421302,8.55740444,43206606.0,744718384.0,7.079081,0.2323,53.232105,5.763437,7.736295,47.889376
sh.600990,四创电子,2016-03-30,41.30671016,43.177246,40.6239072,43.177246,11490965.0,836684736.0,8.405847,9.9985,89.217404,10.037138,4.117797,3970.485293
sh.600990,四创电子,2016-03-31,44.46826,46.5338824,43.894476,45.61009016,10503169.0,824699296.0,7.683257,5.6345,94.244404,10.602686,4.349817,4194.204332
sh.600992,贵绳股份,2016-03-30,10.9083076,11.4226673,10.9083076,11.354733,6592204.0,76108919.0,2.689707,4.1852,156.204104,2.130945,1.913723,106.737119
sh.600992,贵绳股份,2016-03-31,11.3450281,12.4902063,11.3450281,12.4805014,24866903.0,308486496.0,10.146029,9.9145,171.691006,2.342218,2.10346,117.319602
sh.600993,马应龙,2016-03-30,14.4510947,14.92547714,14.4510947,14.88155284,12230459.0,205209805.0,2.842731,3.8627,32.707072,4.092844,4.093808,-129.662054
sh.600993,马应龙,2016-03-31,14.8464134,14.96940144,14.68828592,14.79370424,8785158.0,148608560.0,2.041938,-0.5903,32.513996,4.068683,4.069641,-128.896634
sh.600995,南网储能,2016-03-30,7.28070242,7.53725208,7.28070242,7.50186592,8091891.0,67829045.0,1.691002,3.2887,49.130658,2.733957,2.009796,152.596927
sh.600995,南网储能,2016-03-31,7.52840554,7.5637917,7.44878668,7.45763322,7132363.0,60461428.0,1.490485,-0.5896,48.840973,2.717837,1.997946,151.697181
sh.600997,开滦股份,2016-03-30,3.39358863,3.46809856,3.39358863,3.4545513,5711789.0,28913444.0,0.462628,2.4096,-15.281314,0.948678,0.544353,33.871645
sh.600997,开滦股份,2016-03-31,3.46809856,3.48841945,3.42068315,3.47487219,7822765.0,39873099.0,0.633607,0.5882,-15.192019,0.965921,0.607865,24.217376
sh.600998,九州通,2016-03-30,5.0020578,5.16879306,5.0020578,5.14717923,8364281.0,137666764.0,0.584747,3.4119,42.879816,3.314163,0.585467,32.233108
sh.600998,九州通,2016-03-31,5.14100385,5.22128379,5.10395157,5.1564423,6460902.0,108147252.0,0.451682,0.18,42.956984,3.320127,0.586521,32.291116
sh.600999,招商证券,2016-03-30,11.57638235,11.84174355,11.5432122,11.74886713,43519376.0,766836160.0,0.906069,3.4463,9.42932,2.127398,4.067014,3.137289
sh.600999,招商证券,2016-03-31,11.84174355,12.23978535,11.71569698,11.86827967,47580958.0,856573024.0,0.99063,1.0164,9.525157,2.14902,4.10835,3.169175
sh.601000,唐山港,2016-03-30,1.96541686,2.03741992,1.96541686,2.02941958,27747043.0,208107486.0,1.366613,3.9617,14.658988,1.703889,3.531592,14.223601
sh.601000,唐山港,2016-03-31,2.133424,2.23209486,2.1067562,2.23209486,28628335.0,235882743.0,1.410019,9.9869,15.685599,1.810203,3.649037,22.117841
sh.601001,晋控煤业,2016-03-30,3.9925685,3.9925685,3.9925685,3.9925685,0.0,0.0,,0.0,-5.221009,1.326177,1.066161,5.918486
sh.601001,晋控煤业,2016-03-31,3.9925685,3.9925685,3.9925685,3.9925685,0.0,0.0,,0.0,-5.221009,1.326177,1.066161,5.918486
sh.601002,晋亿实业,2016-03-30,7.52979903,7.73820502,7.50261564,7.72008276,13030592.0,109533980.0,1.764539,3.3981,-1118.335101,3.008534,2.911346,-39.002368
sh.601002,晋亿实业,2016-03-31,7.75632728,7.84693858,7.69289937,7.71102163,14368993.0,123180427.0,1.945779,-0.1174,-1117.022501,3.005003,2.907929,-38.95659
sh.601003,柳钢股份,2016-03-30,2.61477248,2.66451,2.57214032,2.65740464,30886991.0,113937334.0,1.205208,2.4658,-8.466498,2.064867,0.369936,-5.954224
sh.601003,柳钢股份,2016-03-31,2.66451,2.67872072,2.5579296,2.57214032,21237703.0,77714948.0,0.828694,-3.2086,-8.194846,1.998615,0.358067,-5.763179
sh.601005,重庆钢铁,2016-03-30,2.71,2.79,2.7,2.77,49164154.0,134323142.0,2.585255,2.5926,-7.844616,1.813899,1.278552,-46.235692
sh.601005,重庆钢铁,2016-03-31,2.77,2.78,2.72,2.74,38714006.0,106226755.0,2.035743,-1.083,-2.030098,3.047152,1.455649,-106.83386
sh.601006,大秦铁路,2016-03-30,3.67335,3.749538,3.67335,3.733212,75433827.0,515353520.0,0.507398,2.0833,7.177515,1.160887,1.895962,-27.295111
sh.601006,大秦铁路,2016-03-31,3.749538,3.776748,3.72777,3.738654,67840893.0,467402768.0,0.456325,0.1458,7.187978,1.162579,1.898726,-27.3349
sh.601007,金陵饭店,2016-03-30,8.27941206,8.46538887,8.1278754,8.46538887,8477123.0,102134596.0,2.825708,3.104,73.957514,2.63319,5.011316,52.317386
sh.601007,金陵饭店,2016-03-31,8.49294099,8.62381356,8.4033966,8.57559735,9113236.0,112653784.0,3.037745,1.3019,74.920346,2.667471,5.076557,52.998491
sh.601008,连云港,2016-03-30,5.0170224,5.21581008,4.969692,5.206344,41767530.0,225499415.0,5.146097,2.6119,102.756437,1.740842,4.492629,-44.228799
sh.601008,连云港,2016-03-31,5.16847968,5.54712288,5.1590136,5.43352992,53154800.0,303574608.0,6.549101,4.3636,107.240354,1.816806,4.688671,-46.158783
sh.601009,南京银行,2016-03-30,3.94569648,4.04284431,3.9357326,4.02291655,20304296.0,325165776.0,0.683892,2.6701,7.762414,1.22745,2.381294,7.460456
sh.601009,南京银行,2016-03-31,4.01295267,4.04533528,3.985552,4.0104617,14169562.0,228140976.0,0.477261,-0.3096,7.738381,1.22365,2.373922,7.437359
sh.601010,文峰股份,2016-03-30,4.53155508,4.64895288,4.52372856,4.64112636,17953934.0,105393502.0,0.971533,3.3101,27.889293,2.76831,1.435065,-226.15804
sh.601010,文峰股份,2016-03-31,4.68025896,4.68808548,4.60199376,4.6176468,18251601.0,108084400.0,0.987641,-0.5059,27.7482,2.754305,1.427805,-225.013902
sh.601011,宝泰隆,2016-03-30,5.60332344,5.84822394,5.51515926,5.8286319,108852372.0,635647632.0,8.317306,2.7634,89.240684,1.915476,5.343131,-37.477886
sh.601011,宝泰隆,2016-03-31,5.8286319,5.8286319,5.65230354,5.70128364,71877391.0,419952400.0,5.492083,-2.1849,87.290888,1.873625,5.22639,-36.659042
sh.601012,隆基绿能,2016-03-30,3.4860637,3.55272946,3.43328664,3.54995172,26521388.0,334240016.0,1.635999,3.231,43.5805,4.024679,3.813004,24.688766
sh.601012,隆基绿能,2016-03-31,3.5555072,3.57495138,3.50273014,3.5138411,16170509.0,205423580.0,0.997495,-1.0172,43.137193,3.983739,3.774217,24.437628
sh.601015,陕西黑猫,2016-03-30,3.70541124,3.78693844,3.68502944,3.77470936,5043978.0,46319138.0,1.704047,2.7747,62.00014,2.047162,1.03761,11.43584
sh.601015,陕西黑猫,2016-03-31,3.79509116,3.8521602,3.75840392,3.82362568,5489203.0,51166103.0,1.85446,1.2959,62.803598,2.073691,1.051056,11.584037
sh.601016,节能风电,2016-03-30,4.16298458,4.29377853,4.15551064,4.27509368,6732069.0,76152040.0,0.823213,3.2491,116.88464,7.29953,17.485898,-80.422731
sh.601016,节能风电,2016-03-31,4.32741126,4.35357005,4.20035428,4.24893489,7795456.0,88967813.0,0.953246,-0.6119,116.169437,3.77375,17.378904,7.986162
sh.601018,宁波港,2016-03-30,4.97869452,5.06731206,4.97869452,5.05925592,56639364.0,353334160.0,0.442495,1.7828,30.089542,2.529424,4.759248,440.34687
sh.601018,宁波港,2016-03-31,5.08342434,5.56679274,5.05925592,5.56679274,247366877.0,1678095616.0,1.932554,10.0318,33.108079,2.783172,5.236689,484.521794
sh.601020,华钰矿业,2016-03-30,17.973956,18.54773998,17.40017202,17.55225934,35964145.0,939171280.0,69.161817,4.1,81.231149,12.302269,22.065228,188.679412
sh.601020,华钰矿业,2016-03-31,17.08217126,18.8035232,17.02686678,18.0085213,25577872.0,665291200.0,49.188215,2.5994,83.342711,12.62206,22.638803,193.584036
sh.601021,春秋航空,2016-03-30,43.67163696,44.25555792,43.20073296,44.11428672,2084137.0,96582250.0,1.042069,1.804,26.221344,5.841968,4.639576,32.559911
sh.601021,春秋航空,2016-03-31,44.4062472,44.4062472,43.6057104,43.71872736,1371563.0,63868373.0,0.685781,-0.8967,25.986225,5.789585,4.597974,32.267956
sh.601038,一拖股份,2016-03-30,9.0207018,9.25760912,9.0207018,9.2484973,8283466.0,83058543.0,1.394734,2.8369,74.698308,2.16274,1.046905,-169.556149
sh.601038,一拖股份,2016-03-31,9.2940564,9.43984552,9.12093182,9.2940564,10654389.0,108430677.0,1.79394,0.4926,75.06628,2.173393,1.052062,-170.391401
sh.601058,赛轮轮胎,2016-03-30,2.99329429,3.2544034,2.98194172,3.19764055,71629599.0,588423008.0,7.109576,7.9183,45.917916,2.096617,0.862196,-12.096683
sh.601058,赛轮轮胎,2016-03-31,3.18628798,3.19007217,3.1030358,3.12952513,66988075.0,555425680.0,6.648883,-2.1302,44.633533,2.031086,0.882662,-9.537571
sh.601069,西部黄金,2016-03-30,22.741898,22.840008,22.153238,22.594733,17620830.0,404566128.0,9.28634,2.5379,161.499746,9.224992,12.48981,75.20169
sh.601069,西部黄金,2016-03-31,22.329836,23.173582,22.27097,23.104905,21869624.0,509796672.0,11.525494,2.2579,165.146289,9.433285,12.77182,76.899687
sh.601088,中国神华,2016-03-30,6.71866896,6.84416134,6.68970918,6.83450808,13805900.0,194246996.0,0.083718,2.3861,17.445306,0.961908,1.59055,44.27559
sh.601088,中国神华,2016-03-31,6.8538146,6.86346786,6.77176189,6.78624178,11766189.0,165903017.0,0.071349,-0.7062,17.322105,0.955115,1.579317,43.962909
sh.601098,中南传媒,2016-03-30,11.42444688,11.76446018,11.42444688,11.70263958,5183309.0,97421809.0,0.288603,2.9924,20.022771,3.129949,3.370502,36.355455
sh.601098,中南传媒,2016-03-31,11.75827812,11.85719108,11.62845486,11.72118576,3067503.0,58202961.0,0.170796,0.1585,20.054502,3.134909,3.375843,36.413071
sh.601099,太平洋,2016-03-30,4.46994695,4.53520165,4.43079413,4.5025743,180074099.0,1237386800.0,4.169143,2.526,27.673016,4.235784,11.429391,14.429687
sh.601099,太平洋,2016-03-31,4.53520165,4.61350729,4.45037054,4.5025743,161951213.0,1122259792.0,3.749556,0.0,27.673016,4.235784,11.429391,14.429687
sh.601100,恒立液压,2016-03-30,4.92521439,5.03944773,4.92521439,5.03505414,2255822.0,25669051.0,0.912273,3.0576,87.501885,2.07686,6.808563,64.108828
sh.601100,恒立液压,2016-03-31,5.06141568,5.11853235,5.03944773,5.0965644,3197330.0,36997604.0,1.293026,1.2216,88.570844,2.102232,6.891739,64.892008
sh.601101,昊华能源,2016-03-30,4.1875245,4.2805806,4.1565058,4.27437686,8704431.0,59121497.0,0.72537,2.8358,108.730785,1.21374,1.218077,21.752493
sh.601101,昊华能源,2016-03-31,4.2495619,4.33641426,4.2495619,4.29298808,7936473.0,54854672.0,0.661374,0.4354,109.204213,1.219024,1.223381,21.847206
sh.601106,中国一重,2016-03-30,6.05,6.15,6.0,6.14,53495295.0,324649760.0,0.818221,3.367,-106.543437,2.554296,6.638755,-66.351824
sh.601106,中国一重,2016-03-31,6.23,6.29,6.1,6.2,73005181.0,452426400.0,1.116629,0.9772,-107.584578,2.579257,6.703629,-67.000213
sh.601107,四川成渝,2016-03-30,3.5937984,3.8932816,3.4440568,3.84087204,61262740.0,294768240.0,2.832645,6.4315,16.67692,1.271596,2.152553,-9.614706
sh.601107,四川成渝,2016-03-31,3.80343664,3.81092372,3.57133716,3.60877256,88729982.0,432709312.0,4.102665,-6.0429,14.803795,1.177374,1.53417,-26.802409
sh.601111,中国国航,2016-03-30,6.30670824,6.45776712,6.30670824,6.42944358,19282309.0,130720990.0,0.226263,2.7149,12.928369,1.449966,0.823185,-157.186801
sh.601111,中国国航,2016-03-31,6.55217892,6.57106128,6.44832594,6.47664948,25337834.0,174335324.0,0.29732,0.7342,13.250854,1.500515,0.824035,-59.777604
sh.601113,华鼎股份,2016-03-30,10.382859,10.8922068,10.3044978,10.82364075,5979798.0,65242637.0,0.934343,5.3384,-61.947046,3.609095,5.5048,11.659129
sh.601113,华鼎股份,2016-03-31,10.8334359,11.2056516,10.578762,10.6963038,6807259.0,75637966.0,1.063634,-1.1765,-61.218257,3.566635,5.440038,11.521962
sh.601116,三江购物,2016-03-30,8.34560811,8.57390742,8.32869705,8.56545189,2557228.0,25600124.0,0.636296,3.6847,62.412676,2.638109,0.954933,-10.259923
sh.601116,三江购物,2016-03-31,8.6246406,8.6246406,8.48089659,8.53162977,2426746.0,24549320.0,0.603829,-0.3949,62.166229,2.627692,0.951163,-10.21941
sh.601117,中国化学,2016-03-30,4.592916,4.69675584,4.56096528,4.68876816,22894906.0,133236493.0,0.464117,2.9825,11.690616,1.15117,0.457365,35.059059
sh.601117,中国化学,2016-03-31,4.69675584,4.74468192,4.66480512,4.69675584,21532673.0,126762341.0,0.436503,0.1704,11.710532,1.153131,0.458144,35.118785
sh.601118,海南橡胶,2016-03-30,5.76806872,5.91622117,5.75819189,5.90634434,31799023.0,188458502.0,0.808894,2.7491,-50.096482,2.76784,2.573127,-55.417819
sh.601118,海南橡胶,2016-03-31,5.90634434,5.94585166,5.86683702,5.91622117,31753589.0,189930340.0,0.807739,0.1672,-50.180255,2.772469,2.57743,-55.510491
sh.601126,四方股份,2016-03-30,6.39280269,6.54069087,6.37935831,6.52724649,8240658.0,79268361.0,1.013397,2.9692,25.04844,2.265972,2.437134,-973.864231
sh.601126,四方股份,2016-03-31,6.56085744,6.70202343,6.51380211,6.5877462,12158667.0,119274825.0,1.495215,0.9269,23.158134,2.164538,2.410582,143.136678
sh.601137,博威合金,2016-03-30,9.72154344,10.19291721,9.72154344,10.14967191,2094809.0,48459622.0,0.97433,4.9642,71.572797,2.469497,1.728632,-54.313579
sh.601137,博威合金,2016-03-31,10.14967191,10.24048704,10.05885678,10.13669832,2071454.0,48521561.0,0.963467,-0.1278,71.481311,2.46634,1.726423,-54.244154
sh.601139,深圳燃气,2016-03-30,4.97185936,5.09523056,4.9656908,5.07672488,6190157.0,50529316.0,0.284158,2.875,27.158119,2.571831,2.250003,184.855751
sh.601139,深圳燃气,2016-03-31,5.09523056,5.19392752,5.07672488,5.13841048,9592072.0,80175280.0,0.440322,1.2151,27.508455,2.552457,2.277546,16.067923
sh.601155,新城控股,2016-03-30,8.43211944,8.71698834,8.43211944,8.69166666,17405354.0,235809927.0,3.274237,3.1555,12.771364,1.933172,0.995033,18.574821
sh.601155,新城控股,2016-03-31,8.68533624,8.7992838,8.66001456,8.71065792,15451430.0,213015583.0,2.906671,0.2185,12.799269,1.937396,0.997207,18.615407
sh.601158,重庆水务,2016-03-30,4.80786735,5.01549455,4.80786735,4.98954115,9517560.0,71778717.0,0.198283,3.7787,26.891211,2.755328,9.425833,22.033781
sh.601158,重庆水务,2016-03-31,5.14526155,5.19716835,4.97656445,5.0349596,16926864.0,132457771.0,0.352643,0.9103,24.006735,2.739874,8.299283,26.094831
sh.601166,兴业银行,2016-03-30,9.3265788,9.44164698,9.2962977,9.42953454,46667313.0,723902736.0,0.244943,1.7647,5.902559,1.072783,1.920044,-2.745797
sh.601166,兴业银行,2016-03-31,9.4477032,9.45981564,9.37502856,9.40530966,38865543.0,603764400.0,0.203994,-0.2569,5.887395,1.070027,1.915111,-2.738743
sh.601168,西部矿业,2016-03-30,4.51991722,4.51991722,4.51991722,4.51991722,0.0,0.0,,0.0,298.167022,1.263437,0.514394,17.288018
sh.601168,西部矿业,2016-03-31,4.51991722,4.51991722,4.51991722,4.51991722,0.0,0.0,,0.0,298.167022,1.263437,0.514394,17.288018
sh.601169,北京银行,2016-03-30,4.1764392,4.2263568,4.1639598,4.2180372,57824363.0,585236944.0,0.456308,1.4,7.485082,1.191469,3.055655,0.939136
sh.601169,北京银行,2016-03-31,4.2305166,4.2305166,4.1556402,4.1930784,50227584.0,505221984.0,0.396359,-0.5917,7.440792,1.184419,3.037574,0.933579
sh.601177,杭齿前进,2016-03-30,10.5558304,10.7886796,10.48791605,10.7692755,7938606.0,87194056.0,1.984354,3.1599,-136.742537,2.609637,2.829852,-146.468354
sh.601177,杭齿前进,2016-03-31,10.672255,11.1573575,10.54612835,11.12825135,12783313.0,142388562.0,3.195349,3.3333,-141.300622,2.696625,2.92418,-151.350632
sh.601179,中国西电,2016-03-30,4.87162632,4.98635665,4.87162632,4.96870583,12140768.0,67872135.0,0.27865,2.5501,48.349784,1.597922,2.339565,12.918181
sh.601179,中国西电,2016-03-31,5.00400747,5.0304837,4.95105501,4.95988042,13710511.0,77540043.0,0.314678,-0.1776,31.867568,1.562657,2.159905,9.480799
sh.601186,中国铁建,2016-03-30,8.49361841,8.6245264,8.44741559,8.60912546,23224030.0,258120934.0,0.226328,2.4748,13.052121,1.415781,0.256229,15.201749
sh.601186,中国铁建,2016-03-31,8.69383063,8.75543439,8.6245264,8.63222687,20036845.0,225848810.0,0.195267,0.2683,12.038031,1.363244,0.253484,6.419532
sh.601188,龙江交通,2016-03-30,3.42718992,3.49858971,3.4113233,3.48272309,7561135.0,32944539.0,0.623239,2.331,28.684517,1.644692,11.278366,113.966313
sh.601188,龙江交通,2016-03-31,3.48272309,3.55412288,3.47478978,3.4906564,10576574.0,46840507.0,0.871791,0.2278,28.749857,1.648438,11.304057,114.225917
sh.601198,东兴证券,2016-03-30,22.55050068,23.49990376,22.54179056,23.29086088,88860575.0,2351506336.0,9.82971,5.9849,32.758883,4.928737,12.498976,15.629819
sh.601198,东兴证券,2016-03-31,23.36054184,24.5189878,22.93374596,23.50861388,92375016.0,2506526080.0,10.218475,0.9349,33.065156,4.974817,12.615833,15.775947
sh.601199,江南水务,2016-03-30,7.2831006,7.50494217,7.26217215,7.48401372,10441087.0,183956269.0,2.23291,3.8328,34.156173,3.957403,9.619017,120.093998
sh.601199,江南水务,2016-03-31,7.4923851,7.5760989,7.43378544,7.45889958,7993379.0,143126658.0,1.709448,-0.3356,34.041555,3.944123,9.586738,119.690998
sh.601208,东材科技,2016-03-30,4.932935,5.0597819,4.92588795,5.0597819,7654662.0,54210598.0,1.243124,3.0129,35.747926,1.994077,3.125834,-27.561231
sh.601208,东材科技,2016-03-31,5.0597819,5.09501715,5.01045255,5.0597819,7637146.0,54783221.0,1.24028,0.0,35.747926,1.994077,3.125834,-27.561231
sh.601211,国泰海通,2016-03-30,14.3014115,14.5859422,14.3014115,14.5559916,35814062.0,693561568.0,2.348463,3.13,9.441125,1.802441,3.939073,1.03724
sh.601211,国泰海通,2016-03-31,14.6158928,15.07263945,14.526041,14.75815815,48640416.0,959380400.0,3.189535,1.3889,9.572251,1.827475,3.993782,1.051646
sh.601216,君正集团,2016-03-30,2.42375355,2.48864655,2.4205089,2.48215725,23616636.0,178537312.0,0.640642,3.3784,38.364825,4.560761,6.631876,-222.289978
sh.601216,君正集团,2016-03-31,2.4983805,2.5438056,2.48215725,2.51460375,28497094.0,220829636.0,0.773033,1.3072,38.866326,4.620379,6.718567,-225.19573
sh.601218,吉鑫科技,2016-03-30,4.59581647,4.78468564,4.59581647,4.77569187,19405665.0,101484935.0,1.95669,4.5276,42.013064,2.187064,3.014971,-30.188547
sh.601218,吉鑫科技,2016-03-31,4.79367941,4.82066072,4.73971679,4.7666981,17817785.0,94657470.0,1.796582,-0.1883,41.933943,2.182945,3.009293,-30.131695
sh.601222,林洋能源,2016-03-30,7.472619,8.05684194,7.472619,7.95267816,3851022.0,132602514.0,1.084267,7.1385,30.139866,2.969087,5.458622,92.970236
sh.601222,林洋能源,2016-03-31,8.0387265,8.1972366,7.9707936,8.00023119,4119945.0,147321478.0,1.159983,0.598,30.320087,2.98684,5.491262,93.526151
sh.601225,陕西煤业,2016-03-30,2.553899,2.5835955,2.5301418,2.5835955,12740463.0,54856049.0,0.470128,2.5943,-14.518282,1.318867,1.338,42.732078
sh.601225,陕西煤业,2016-03-31,2.5895348,2.6311099,2.5479597,2.6014134,15142661.0,65929978.0,0.55877,0.6897,-14.618408,1.327962,1.347228,43.026782
sh.601226,华电科工,2016-03-30,9.12993318,9.35398062,9.12993318,9.33531,5770700.0,57158301.0,1.570259,2.6694,39.473031,3.169895,2.05346,-2174.374385
sh.601226,华电科工,2016-03-31,9.38198655,9.47533965,9.29796876,9.40999248,5889552.0,59186577.0,1.602599,0.8,39.788815,3.195254,2.069888,-2191.76938
sh.601231,环旭电子,2016-03-30,8.1787587,8.41484658,8.15346357,8.40641487,6970519.0,68697308.0,0.320348,3.6383,31.417002,3.186071,1.017393,-150.375446
sh.601231,环旭电子,2016-03-31,8.43171,8.54975394,8.37268803,8.38955145,5289635.0,52919130.0,0.243098,-0.2006,31.353978,3.179679,1.015352,-150.07379
sh.601233,桐昆股份,2016-03-30,7.279272,7.5912408,7.2662733,7.58474145,18271787.0,208446122.0,1.8962,5.2299,57.679334,1.623619,0.485281,13.79937
sh.601233,桐昆股份,2016-03-31,7.63673625,7.6432356,7.4222577,7.53274665,14617811.0,169029208.0,1.517,-0.6855,57.283932,1.612489,0.481955,13.704772
sh.601238,广汽集团,2016-03-30,11.98865464,12.2829653,11.97063562,12.26494628,1707538.0,34464363.0,0.040447,2.3046,31.047303,3.404876,4.466725,-63.736748
sh.601238,广汽集团,2016-03-31,12.27095262,12.60730766,12.10878144,12.38507308,1915263.0,39367640.0,0.045367,0.9794,31.35139,3.438225,4.510474,-64.361006
sh.601288,农业银行,2016-03-30,1.81229476,1.84097031,1.80655965,1.8352352,125128853.0,398683152.0,0.042553,1.5873,5.766685,0.95038,1.94572,-13.680402
sh.601288,农业银行,2016-03-31,1.8352352,1.84097031,1.82376498,1.8352352,82084460.0,262022897.0,0.027915,0.0,5.766685,0.95038,1.94572,-13.680402
sh.601311,骆驼股份,2016-03-30,10.03046376,10.40885082,10.03046376,10.3896108,10161019.0,161952083.0,1.197674,4.3814,22.623142,3.207383,2.565842,-99.543757
sh.601311,骆驼股份,2016-03-31,10.6140777,10.75517118,10.34471742,10.40885082,14894207.0,245808314.0,1.755573,0.1852,22.665037,3.213323,2.570593,-99.728097
sh.601318,中国平安,2016-03-30,22.2185604,22.54199514,22.16231088,22.49277681,43205823.0,1375893936.0,0.398848,2.368,10.788793,1.749554,0.943217,8.430547
sh.601318,中国平安,2016-03-31,22.56308871,22.62636942,22.29590349,22.36621539,29797952.0,951119696.0,0.275075,-0.5627,10.728087,1.73971,0.937909,8.383111
sh.601328,交通银行,2016-03-30,3.092994,3.13782,3.08739075,3.1266135,203013617.0,1128348352.0,0.517221,2.1978,6.228746,0.796956,2.137906,24.652627
sh.601328,交通银行,2016-03-31,3.13782,3.14342325,3.10980375,3.12101025,124953116.0,696489216.0,0.318345,-0.1792,6.217583,0.795528,2.134074,24.608447
sh.601333,广深铁路,2016-03-30,3.3136781,3.35705085,3.296329,3.35705085,34649344.0,133194330.0,0.61302,2.1108,25.600206,0.998209,1.743259,49.326969
sh.601333,广深铁路,2016-03-31,3.3657254,3.4871691,3.3483763,3.46982,78848741.0,310461024.0,1.395001,3.3592,26.460161,1.03174,1.801818,50.983947
sh.601336,新华保险,2016-03-30,30.6500844,31.6550052,30.54186216,31.63181472,29200395.0,1180396256.0,1.400204,3.8052,14.841512,2.207173,0.805613,-213.108259
sh.601336,新华保险,2016-03-31,31.64727504,31.97194176,31.05205272,31.36125912,20196318.0,820792288.0,0.968444,-0.8553,14.714569,2.188294,0.798723,-211.285485
sh.601339,百隆东方,2016-03-30,3.73381389,3.87912306,3.70854273,3.86648748,14030092.0,84202710.0,0.935339,3.7288,28.329356,1.365324,1.83013,13.016419
sh.601339,百隆东方,2016-03-31,3.84121632,3.90439422,3.77803842,3.88544085,11779261.0,71590837.0,0.785284,0.4902,28.468225,1.372017,1.839101,13.080225
sh.601360,三六零,2016-03-30,11.17021896,11.68804368,11.17021896,11.64180933,6051205.0,75027684.0,1.546589,4.9167,22.177231,3.168163,1.879024,-19.761604
sh.601360,三六零,2016-03-31,11.64180933,11.86373421,11.5585875,11.67879681,5085540.0,64473027.0,1.299781,0.3177,22.247691,3.178229,1.884994,-19.824389
sh.601368,绿城水务,2016-03-30,11.56604967,11.83706066,11.54856509,11.81957608,5256399.0,70330635.0,3.575782,2.8919,43.396646,3.925433,9.012199,14.589821
sh.601368,绿城水务,2016-03-31,11.8895144,12.07310249,11.81957608,11.87202982,6108113.0,83342083.0,4.155179,0.4438,43.589235,3.942854,9.052194,14.654569
sh.601369,陕鼓动力,2016-03-30,4.7110196,4.81493915,4.68330772,4.80108321,10503705.0,72085118.0,0.64095,2.2124,34.312817,1.886935,2.705194,-11.391106
sh.601369,陕鼓动力,2016-03-31,4.849579,4.849579,4.73873148,4.74565945,10990174.0,75934016.0,0.670635,-1.1544,33.916709,1.865152,2.673965,-11.259606
sh.601377,兴业证券,2016-03-30,6.87995061,7.06162554,6.84045606,7.00633317,145834905.0,1281824128.0,2.177722,3.6215,14.117228,3.40246,5.109037,1.713969
sh.601377,兴业证券,2016-03-31,7.05372663,7.1880081,6.89574843,6.94314189,152460689.0,1355706800.0,2.276664,-0.9019,14.125658,3.179182,5.100574,3.841741
sh.601388,怡球资源,2016-03-30,3.38218722,3.38218722,3.38218722,3.38218722,0.0,0.0,,0.0,364.720796,3.544116,2.018194,40.76103
sh.601388,怡球资源,2016-03-31,3.38218722,3.38218722,3.38218722,3.38218722,0.0,0.0,,0.0,364.720796,3.544116,2.018194,40.76103
sh.601390,中国中铁,2016-03-30,6.0746427,6.1744788,6.066963,6.1667991,44892097.0,358177824.0,0.262642,2.293,16.386178,1.611422,0.299228,17.365182
sh.601390,中国中铁,2016-03-31,6.2359164,6.2819946,6.1744788,6.1821585,49457065.0,400066992.0,0.289349,0.2491,15.002571,1.549948,0.294657,7.467928
sh.601398,工商银行,2016-03-30,2.51301832,2.56636069,2.51301832,2.56043376,142674879.0,612563264.0,0.052919,1.6471,5.556227,0.935631,2.21558,5.277903
sh.601398,工商银行,2016-03-31,2.55450683,2.56636069,2.53672604,2.54265297,91863121.0,394752224.0,0.034072,-0.6944,5.517184,0.89409,2.191628,3.420283
sh.601515,衢州东峰,2016-03-30,5.89690538,6.05531445,5.8764655,6.05020448,4778089.0,55888991.0,0.429684,3.3159,17.604674,3.866265,5.910465,117.982104
sh.601515,衢州东峰,2016-03-31,6.10641415,6.17795373,6.03998454,6.06042442,5756976.0,68908719.0,0.517714,0.1689,17.634411,3.872796,5.920449,118.181398
sh.601518,吉林高速,2016-03-30,2.45005426,2.50044098,2.45005426,2.49414264,6800596.0,26729269.0,0.56055,2.3256,22.236978,1.912535,8.323008,40.70189
sh.601518,吉林高速,2016-03-31,2.50673932,2.52563434,2.4878443,2.51303766,10593190.0,42210870.0,0.873161,0.7576,22.40544,1.927024,8.386061,41.010237
sh.601519,大智慧,2016-03-30,10.06,10.46,10.06,10.39,39306444.0,403605840.0,1.977484,4.2126,-1743.020385,7.121795,27.795135,-63.799474
sh.601519,大智慧,2016-03-31,10.35,10.53,10.26,10.3,38127772.0,396110272.0,1.918185,-0.8662,-1727.922037,7.060105,27.554369,-63.246832
sh.601555,东吴证券,2016-03-30,9.38345865,9.57612282,9.32637297,9.5618514,82476260.0,1093737392.0,3.183183,4.3614,14.832306,2.581221,5.885591,2.198881
sh.601555,东吴证券,2016-03-31,9.6332085,9.83300838,9.4904943,9.56898711,87378964.0,1180649504.0,3.372403,0.0746,14.843375,2.583148,5.889983,2.200522
sh.601566,九牧王,2016-03-30,9.65727117,9.92709746,9.6007959,9.90199734,3184246.0,49681290.0,0.554132,3.0026,28.283604,2.184431,4.169675,150.467631
sh.601566,九牧王,2016-03-31,9.95219758,10.02749794,9.83924704,9.89572231,2387773.0,37750835.0,0.415527,-0.0634,28.265681,2.183046,4.167032,150.372277
sh.601567,三星医疗,2016-03-30,9.65221065,9.93327119,9.60783267,9.89628954,5105763.0,67289002.0,0.506464,2.765,33.819443,5.740694,4.758754,-95.419862
sh.601567,三星医疗,2016-03-31,9.84451523,9.9110822,9.60783267,9.74836294,5892248.0,77621241.0,0.584479,-1.4948,33.313921,5.654884,4.687622,-93.993557
sh.601579,会稽山,2016-03-30,10.546263,10.8310566,10.546263,10.7776578,4221764.0,50865354.0,1.702324,1.8503,42.607669,3.222774,5.294614,101.87565
sh.601579,会稽山,2016-03-31,10.813257,10.991253,10.7509584,10.9556538,3874268.0,47484018.0,1.562205,1.6515,43.311347,3.275999,5.382056,103.558155
sh.601588,北辰实业,2016-03-30,3.461425,3.5374075,3.4529825,3.5374075,12796947.0,53081001.0,0.481088,2.6961,19.003403,1.256099,1.883748,13.661021
sh.601588,北辰实业,2016-03-31,3.528965,3.5542925,3.5036375,3.54585,14293950.0,59781643.0,0.537367,0.2387,23.108063,1.255317,1.967929,6.893126
sh.601599,浙文影业,2016-03-30,9.11951018,9.44266114,9.08624464,9.4093956,7152362.0,139117481.0,2.035171,4.5959,86.535515,6.137988,3.819432,105.017723
sh.601599,浙文影业,2016-03-31,9.46642224,9.68502436,9.32385564,9.3381123,9907621.0,197888121.0,2.819166,-0.7576,85.879943,6.091488,3.790497,104.222134
sh.601600,中国铝业,2016-03-30,4.07643868,4.15123572,4.05773942,4.15123572,70733418.0,311544640.0,0.738304,2.3041,320.73083,1.797159,0.536048,14.755788
sh.601600,中国铝业,2016-03-31,4.14188609,4.16058535,4.10448757,4.10448757,52369674.0,231014715.0,0.546627,-1.1261,317.118997,1.776921,0.530011,14.58962
sh.601601,中国太保,2016-03-30,18.29323216,18.81163509,18.24352229,18.69091112,14697424.0,383589840.0,0.233786,3.1752,13.453962,1.788803,0.964846,23.501019
sh.601601,中国太保,2016-03-31,18.73351958,18.8897506,18.5346801,18.62699843,10294536.0,270658208.0,0.163751,-0.3419,13.407957,1.782686,0.961547,23.420658
sh.601607,上海医药,2016-03-30,13.67261862,13.92223651,13.56794015,13.91418432,13398614.0,229452420.0,0.696779,2.8572,16.150347,1.552419,0.440351,531.419219
sh.601607,上海医药,2016-03-31,13.95444527,13.97054965,13.73703614,13.79340147,6444870.0,110666156.0,0.335158,-0.8681,16.010153,1.538943,0.436529,526.806205
sh.601608,中信重工,2016-03-30,4.69249625,4.80859925,4.69249625,4.798924,18734959.0,91866966.0,0.455838,3.3333,347.334602,2.449315,5.353413,22.974645
sh.601608,中信重工,2016-03-31,4.84730025,5.2826865,4.84730025,5.2826865,85750178.0,455979552.0,2.086379,10.0806,382.348171,2.696222,5.893072,25.290637
sh.601616,广电电气,2016-03-30,5.50455213,5.68891512,5.50455213,5.66257755,13982283.0,89520397.0,1.495654,3.6977,207.836014,2.402744,7.211416,-66.107154
sh.601616,广电电气,2016-03-31,5.65379836,6.04008272,5.6186816,5.92595325,27592921.0,183632530.0,2.951555,4.6512,217.502806,2.514499,7.546831,-69.181906
sh.601618,中国中冶,2016-03-30,3.36431784,3.43781022,3.36431784,3.4296444,60108288.0,250806983.0,0.370148,2.6895,16.71581,1.58393,0.36932,485.844517
sh.601618,中国中冶,2016-03-31,3.44597604,3.46230768,3.39698112,3.4296444,63444691.0,266468579.0,0.390693,0.0,16.71581,1.58393,0.36932,485.844517
sh.601628,中国人寿,2016-03-30,20.01379592,20.5574644,20.01379592,20.46402138,17212468.0,412713760.0,0.082659,3.0809,19.62295,2.163631,1.331523,23.429108
sh.601628,中国人寿,2016-03-31,20.5574644,20.60843332,20.10723894,20.26864052,12214974.0,292028176.0,0.058659,-0.9548,19.435599,2.142973,1.31881,23.205418
sh.601633,长城汽车,2016-03-30,7.39414098,7.51765113,7.36943895,7.51765113,16911740.0,153612533.0,0.280566,2.6997,10.33981,2.174017,1.095995,-133.723343
sh.601633,长城汽车,2016-03-31,7.54235316,7.5752892,7.48471509,7.50941712,14300460.0,130769743.0,0.237245,-0.1095,10.328485,2.171636,1.094795,-133.576877
sh.601636,旗滨集团,2016-03-30,2.52102928,2.57495504,2.50754784,2.56821432,19438018.0,73230443.0,0.945905,2.6954,76.939988,1.876837,2.617553,-53.264974
sh.601636,旗滨集团,2016-03-31,2.55473288,2.58169576,2.52777,2.54799216,19355299.0,73248819.0,0.94188,-0.7874,76.334161,1.862059,2.596943,-52.845565
sh.601666,平煤股份,2016-03-30,2.76173664,2.81484696,2.75509785,2.80820817,14174280.0,59383582.0,0.600309,1.9277,-8.192936,0.918412,0.815606,30.594705
sh.601666,平煤股份,2016-03-31,2.81484696,2.84140212,2.77501422,2.80820817,15233275.0,64344489.0,0.645159,0.0,-8.192936,0.918412,0.815606,30.594705
sh.601668,中国建筑,2016-03-30,2.73301248,2.79147264,2.7281408,2.78660096,101108877.0,573199152.0,0.33815,2.693,6.944085,1.19265,0.202999,3.824174
sh.601668,中国建筑,2016-03-31,2.801216,2.81095936,2.76711424,2.7768576,91296781.0,523176960.0,0.305335,-0.3497,6.919805,1.18848,0.20229,3.810803
sh.601669,中国电建,2016-03-30,5.33181066,5.40702429,5.29002531,5.39866722,31561396.0,202626781.0,0.956406,2.3772,18.206117,1.793749,0.493629,10.501733
sh.601669,中国电建,2016-03-31,5.4320955,5.47388085,5.38195308,5.39866722,38508628.0,249864204.0,1.166928,0.0,18.206117,1.793749,0.493629,10.501733
sh.601677,明泰铝业,2016-03-30,8.252023,8.56306079,8.252023,8.55036537,3828092.0,50834597.0,0.938943,3.4562,31.604944,2.24945,0.991717,-321.335783
sh.601677,明泰铝业,2016-03-31,8.51227911,8.55036537,8.38532491,8.42341117,2921860.0,38855497.0,0.716665,-1.4848,31.13568,2.216051,0.976993,-316.56465
sh.601678,滨化股份,2016-03-30,3.5257745,3.6731203,3.5257745,3.6731203,15566413.0,106629589.0,1.572365,5.279,16.032898,1.453419,1.4348,-71.160951
sh.601678,滨化股份,2016-03-31,3.6731203,3.683645,3.6099721,3.6310215,14968225.0,103517720.0,1.511942,-1.1461,15.849139,1.436761,1.418355,-70.345353
sh.601688,华泰证券,2016-03-30,12.9708733,13.40582474,12.9708733,13.31262086,64506421.0,1101476592.0,1.184969,3.8788,11.477175,1.519712,4.674821,2.560372
sh.601688,华泰证券,2016-03-31,13.34368882,13.68543638,13.203883,13.28931989,58896298.0,1017295776.0,1.081912,-0.175,11.457086,1.517053,4.666638,2.555891
sh.601689,拓普集团,2016-03-30,11.49661016,11.49661016,11.49661016,11.49661016,0.0,0.0,,0.0,45.557308,5.640151,5.972135,57.982737
sh.601689,拓普集团,2016-03-31,11.49661016,11.49661016,11.49661016,11.49661016,0.0,0.0,,0.0,45.557308,5.640151,5.972135,57.982737
sh.601699,潞安环能,2016-03-30,4.64106186,4.64106186,4.64106186,4.64106186,0.0,0.0,,0.0,42.061213,1.138435,1.69009,-9.509669
sh.601699,潞安环能,2016-03-31,4.64106186,4.64106186,4.64106186,4.64106186,0.0,0.0,,0.0,42.061213,1.138435,1.69009,-9.509669
sh.601700,风范股份,2016-03-30,5.94568877,5.94568877,5.94568877,5.94568877,0.0,0.0,,0.0,37.772795,2.790642,2.815355,-31.943908
sh.601700,风范股份,2016-03-31,5.94568877,5.94568877,5.94568877,5.94568877,0.0,0.0,,0.0,37.772795,2.790642,2.815355,-31.943908
sh.601717,中创智领,2016-03-30,5.66904224,5.66904224,5.66904224,5.66904224,0.0,0.0,,0.0,288.89209,1.282899,2.702554,-34.139159
sh.601717,中创智领,2016-03-31,5.66904224,5.66904224,5.66904224,5.66904224,0.0,0.0,,0.0,288.89209,1.282899,2.702554,-34.139159
sh.601718,际华集团,2016-03-30,8.52090528,8.75045553,8.50254126,8.71372749,53325959.0,500411504.0,1.382576,3.2644,23.770727,2.861435,1.888739,36.429861
sh.601718,际华集团,2016-03-31,8.74127352,8.86063965,8.60354337,8.6310894,64473346.0,611763168.0,1.671593,-0.9484,23.545294,2.834298,1.870827,36.084373
sh.601727,上海电气,2016-03-30,8.75337022,8.75337022,8.75337022,8.75337022,0.0,0.0,,0.0,44.245238,3.187405,1.542672,9.316976
sh.601727,上海电气,2016-03-31,8.90610078,9.51702302,8.8774638,9.00155738,88844890.0,851734992.0,0.901851,2.8353,56.814194,3.246435,1.550238,8.537191
sh.601766,中国中车,2016-03-30,7.77479211,7.8741749,7.72892313,7.85124041,65500332.0,669965264.0,0.285807,1.9861,23.713497,2.892205,1.158499,-39.528481
sh.601766,中国中车,2016-03-31,7.88946456,7.90475422,7.7977266,7.82830592,62468933.0,640759648.0,0.27258,-0.2921,23.644227,2.883756,1.155115,-39.413013
sh.601777,千里科技,2016-03-30,10.81124216,11.65879624,10.7422552,11.61937512,61729328.0,694914000.0,4.991724,9.1667,44.277791,2.119282,1.234313,9.403409
sh.601777,千里科技,2016-03-31,11.7277832,12.3683764,11.6292304,11.79677016,76141462.0,924075104.0,6.157157,1.5267,44.953788,2.151638,1.253157,9.546972
sh.601788,光大证券,2016-03-30,15.70736636,16.04994796,15.6731082,16.00712526,60688840.0,1125574304.0,1.775566,3.6031,9.54895,1.803644,4.406241,1.839484
sh.601788,光大证券,2016-03-31,16.272626,17.03487006,16.00712526,16.3582714,107181570.0,2061212672.0,3.135798,2.1937,9.758424,1.84321,4.5029,1.879836
sh.601789,宁波建工,2016-03-30,4.13895562,4.31175496,4.10192719,4.25826945,18008531.0,184114978.0,3.68997,3.5,26.463986,2.243081,0.375776,13.866859
sh.601789,宁波建工,2016-03-31,4.2788408,4.3611262,4.18009832,4.25004091,13036317.0,135140765.0,2.671157,-0.1932,26.412848,2.238747,0.37505,13.840063
sh.601798,蓝科高新,2016-03-30,12.73011,13.2892364,12.73011,13.2692676,7792605.0,102108835.0,2.198021,4.3171,101.118519,2.421687,6.429663,-31.526703
sh.601798,蓝科高新,2016-03-31,13.379096,13.4190336,13.1594392,13.179408,7441727.0,98967142.0,2.099051,-0.6772,100.433743,2.405288,6.386122,-31.313204
sh.601799,星宇股份,2016-03-30,26.9403764,29.2016654,26.9403764,29.2016654,7728100.0,251724698.0,3.224744,9.9866,26.889566,3.767002,3.198223,125.109042
sh.601799,星宇股份,2016-03-31,30.017503,31.92408,29.973164,31.6225748,10850256.0,378482784.0,4.527543,8.2903,29.118795,4.079298,3.463366,135.480973
sh.601800,中国交建,2016-03-30,9.2940886,9.44186072,9.18520388,9.43408324,17431632.0,209640449.0,0.148389,2.6227,12.499744,1.535128,0.485138,8.479748
sh.601800,中国交建,2016-03-31,9.48074812,9.58185536,9.41852828,9.4885256,18750254.0,229036895.0,0.159614,0.5771,12.571878,1.543987,0.487937,8.528683
sh.601801,皖新传媒,2016-03-30,9.10734864,9.3662532,8.9855112,9.33579384,5694710.0,137597035.0,0.625792,3.3291,27.541952,3.95547,3.490169,113.897875
sh.601801,皖新传媒,2016-03-31,9.3662532,9.55281678,9.28248996,9.51855,8271735.0,204242817.0,0.908982,1.9576,28.081109,4.032902,3.558492,116.127524
sh.601808,中海油服,2016-03-30,11.50989679,11.90960907,11.49172805,11.80059663,7298207.0,94162909.0,0.246522,3.2591,57.717263,1.326084,2.620404,8.678937
sh.601808,中海油服,2016-03-31,11.74609041,11.87327159,11.73700604,11.79151226,5989975.0,77813559.0,0.202332,-0.077,57.672831,1.325063,2.618387,8.672256
sh.601818,光大银行,2016-03-30,2.15695629,2.19787416,2.15695629,2.19202875,129025826.0,481908416.0,0.324101,2.1798,5.928157,0.860062,1.879009,7.30487
sh.601818,光大银行,2016-03-31,2.20371957,2.20956498,2.17449252,2.19202875,116938396.0,438622720.0,0.293739,0.0,5.928157,0.860062,1.879009,7.30487
sh.601857,中国石油,2016-03-30,5.25760831,5.42562775,5.24360669,5.36962127,79893974.0,611403552.0,0.049341,2.5401,39.37315,1.189669,0.813578,-1396.786965
sh.601857,中国石油,2016-03-31,5.35561965,5.37662208,5.3206156,5.32761641,46671864.0,356127824.0,0.028824,-0.7823,39.065146,1.180362,0.807214,-1385.860339
sh.601866,中远海发,2016-03-30,3.68129979,3.76365549,3.68129979,3.76365549,39263745.0,177638151.0,0.494997,2.6966,-83.928465,2.234112,1.601548,59.209175
sh.601866,中远海发,2016-03-31,3.7883622,3.8707179,3.73071321,3.82130448,58574176.0,270660688.0,0.738442,1.5317,-18.38169,2.444716,1.701419,32.950961
sh.601872,招商轮船,2016-03-30,3.33843855,3.3984105,3.33843855,3.3984105,29635584.0,149969777.0,0.62775,2.2044,23.426976,1.973135,4.389658,28.49222
sh.601872,招商轮船,2016-03-31,3.4117376,3.465046,3.3850834,3.41840115,51815579.0,266687603.0,1.097573,0.5882,23.564782,1.984742,4.41548,28.659821
sh.601877,正泰电器,2016-03-30,16.002386,16.48487,15.8898064,16.4366216,16491081.0,330811184.0,1.254164,3.4937,15.035095,3.829177,2.196746,370.349883
sh.601877,正泰电器,2016-03-31,16.5411598,16.7019878,16.1792968,16.2757936,12670739.0,257732164.0,0.963623,-0.9785,14.887981,3.79171,2.175252,366.726108
sh.601880,辽港股份,2016-03-30,2.1891648,2.33510912,2.07778624,2.33510912,236943501.0,1355952992.0,7.044761,9.9457,70.378037,2.428072,3.835897,70.740359
sh.601880,辽港股份,2016-03-31,2.4196032,2.56938816,2.3811968,2.56938816,133535795.0,864739248.0,3.970262,10.0329,77.438991,2.671678,4.220749,77.837665
sh.601886,江河集团,2016-03-30,8.17380249,8.34830724,8.07607983,8.34132705,11378872.0,134505161.0,0.985995,2.1368,44.126911,2.314007,0.853577,13.706658
sh.601886,江河集团,2016-03-31,8.36924781,8.41810914,8.25756477,8.28548553,9016149.0,107672250.0,0.781262,-0.6695,43.8315,2.298516,0.847863,13.614898
sh.601888,中国中免,2016-03-30,20.2698948,20.63762298,20.17572051,20.60174706,4587795.0,209778576.0,0.469946,2.5904,27.886784,4.089155,2.111594,-36.882192
sh.601888,中国中免,2016-03-31,20.70937482,20.70937482,20.46272787,20.47169685,3887346.0,178584181.0,0.398197,-0.6313,27.710747,4.063342,2.098265,-36.64937
sh.601890,亚星锚链,2016-03-30,9.45583632,9.62469054,9.38079,9.60592896,17298027.0,175430051.0,1.803005,2.8112,836.113946,3.478311,6.561183,-60.200966
sh.601890,亚星锚链,2016-03-31,9.6622137,9.77478318,9.53088264,9.58716738,21627496.0,222276219.0,2.254273,-0.1953,834.480911,3.471518,6.548369,-60.083386
sh.601898,中煤能源,2016-03-30,3.89490254,3.96473147,3.89490254,3.9569727,13493089.0,68429230.0,0.147433,2.2044,-26.832062,0.809963,1.14085,-9.748948
sh.601898,中煤能源,2016-03-31,3.98024901,3.99576655,3.92593762,3.97249024,16659134.0,85174370.0,0.182027,0.3922,-26.937285,0.813139,1.145324,-9.78718
sh.601899,紫金矿业,2016-03-30,2.69983322,2.7080394,2.67521468,2.7080394,77731443.0,255331453.0,0.491853,1.5385,42.938892,2.581699,0.956787,53.295365
sh.601899,紫金矿业,2016-03-31,2.69162704,2.69983322,2.67521468,2.68342086,58961971.0,193122537.0,0.373087,-0.9091,42.548538,2.558229,0.948089,52.810862
sh.601900,南方传媒,2016-03-30,14.03136072,14.41754496,13.97835504,14.39482824,14950494.0,279794208.0,8.841215,3.5403,42.897512,6.827072,3.466913,606.479394
sh.601900,南方传媒,2016-03-31,14.37211152,14.72043456,14.31910584,14.45540616,16337721.0,313357264.0,9.661574,0.4208,43.078038,6.855803,3.481503,609.031648
sh.601901,方正证券,2016-03-30,7.44212529,7.58469474,7.39460214,7.55618085,123069711.0,970909120.0,1.95664,3.5156,15.107298,1.905872,6.79362,1.118083
sh.601901,方正证券,2016-03-31,7.58469474,7.74627345,7.44212529,7.52766696,136164325.0,1086525872.0,2.164826,-0.3774,15.05029,1.89868,6.767983,1.113864
sh.601908,京运通,2016-03-30,6.03426503,6.60850866,6.03426503,6.53319802,29487489.0,200246614.0,1.714847,8.7774,68.295701,3.520166,9.600403,-2611.244321
sh.601908,京运通,2016-03-31,6.54261185,6.56143951,6.37316291,6.50495653,19199185.0,131528133.0,1.11653,-0.4323,68.000475,3.504949,9.558903,-2599.956521
sh.601918,新集能源,2016-03-30,5.5953574,5.70365464,5.5953574,5.69462987,32845765.0,205633467.0,1.267911,2.7687,-7.516144,2.950526,3.162596,-49.010636
sh.601918,新集能源,2016-03-31,5.69462987,5.72170418,5.5953574,5.64950602,45528057.0,285403232.0,1.757472,-0.7924,-7.456587,2.927146,3.137536,-48.622279
sh.601919,中远海控,2016-03-30,2.57956896,2.64928704,2.57956896,2.6362149,38785926.0,232869665.0,0.507957,2.5424,51.291047,2.525762,1.01233,-24.523502
sh.601919,中远海控,2016-03-31,2.64057228,2.69286084,2.62314276,2.65364442,51512348.0,314197056.0,0.674627,0.6612,219.545038,2.52368,1.082226,-8.869166
sh.601928,凤凰传媒,2016-03-30,7.52980215,7.75616225,7.5098292,7.75616225,12784481.0,147096889.0,0.502357,4.1108,23.55193,2.796231,2.856663,2521.34286
sh.601928,凤凰传媒,2016-03-31,7.7628199,7.8959729,7.7095587,7.72953165,13350172.0,156328067.0,0.524585,-0.3433,23.471065,2.78663,2.846855,2512.685889
sh.601929,吉视传媒,2016-03-30,4.48174944,4.5891552,4.47198528,4.5891552,30292348.0,140423238.0,0.97378,3.2967,45.029851,2.475921,7.121014,-11.80554
sh.601929,吉视传媒,2016-03-31,4.5891552,4.637976,4.5403344,4.55986272,31384202.0,147411511.0,1.008878,-0.6383,35.316922,2.409676,6.6768,41.846551
sh.601933,永辉超市,2016-03-30,4.0669837,4.1632708,4.0669837,4.12659,34581388.0,309799776.0,1.125843,2.0408,60.42732,2.996162,0.86862,8.048298
sh.601933,永辉超市,2016-03-31,4.1541006,4.1541006,4.0944943,4.1036645,22474827.0,201848460.0,0.731698,-0.5556,60.091612,2.979517,0.863795,8.003585
sh.601939,建设银行,2016-03-30,2.83731228,2.89029114,2.83731228,2.8844046,174081938.0,848184400.0,1.814552,1.8711,5.347502,0.898545,2.045787,-8.770808
sh.601939,建设银行,2016-03-31,2.8844046,2.89029114,2.84319882,2.8549719,212444515.0,1032325744.0,2.214427,-1.0204,5.314836,0.857315,2.003568,35.451663
sh.601958,金钼股份,2016-03-30,6.07552275,6.13989915,6.01114635,6.12380505,9577840.0,72420005.0,0.29684,2.6991,722.362077,1.903878,2.570328,-84.485705
sh.601958,金钼股份,2016-03-31,6.12380505,6.47787525,6.10771095,6.3249813,31756820.0,249767348.0,0.984218,3.2852,746.092763,1.966424,2.654767,-87.261188
sh.601965,中国汽研,2016-03-30,7.35166614,7.60404892,7.31095924,7.53891788,19390503.0,178214082.0,2.017365,3.233,28.630158,2.357167,7.399269,36.614191
sh.601965,中国汽研,2016-03-31,7.6121903,7.95412826,7.49821098,7.59590754,27303893.0,259239716.0,2.840664,0.7559,28.846585,2.374986,7.455203,36.890972
sh.601968,宝钢包装,2016-03-30,8.39141023,8.58970349,8.35535691,8.57167683,6072535.0,57048319.0,2.914817,3.7077,80.694676,4.008863,2.299175,-785.205709
sh.601968,宝钢包装,2016-03-31,8.57167683,8.98629001,8.51759685,8.7429301,12381204.0,120035007.0,5.942979,1.9979,92.541606,4.029991,2.449499,-89.134299
sh.601969,海南矿业,2016-03-30,11.45635816,11.71369732,11.32292304,11.70416624,4579254.0,55261367.0,0.533296,3.9797,2249.211385,5.308482,21.819003,-29.959004
sh.601969,海南矿业,2016-03-31,11.7232284,11.84713244,11.60885544,11.64697976,5121151.0,62996360.0,0.596405,-0.4886,2238.221753,5.282545,21.712395,-29.812624
sh.601985,中国核电,2016-03-30,6.20428109,6.33438397,6.20428109,6.32625254,79663109.0,613938928.0,2.047369,2.7741,29.183496,3.244701,4.757793,12.275993
sh.601985,中国核电,2016-03-31,6.35877826,6.39943541,6.24493824,6.27746396,94328494.0,731877648.0,2.424274,-0.7712,28.958431,3.219677,4.721101,12.18132
sh.601988,中国银行,2016-03-30,1.93544736,1.96424866,1.9296871,1.9584884,166511147.0,563526304.0,0.079003,1.7964,5.887513,0.863506,2.144351,-2.039228
sh.601988,中国银行,2016-03-31,1.9584884,1.97000892,1.94696788,1.9584884,104023481.0,353465760.0,0.049355,0.0,5.858635,0.830478,2.110213,-10.418312
sh.601991,大唐发电,2016-03-30,3.42023347,3.4933501,3.40398533,3.48522603,14923024.0,63406572.0,0.149314,2.8777,20.327302,1.268237,0.922601,306.920272
sh.601991,大唐发电,2016-03-31,3.50959824,3.50959824,3.44460568,3.46085382,19079234.0,81620843.0,0.1909,-0.6993,20.185153,1.259369,0.91615,304.773976
sh.601992,金隅集团,2016-03-30,3.50029406,3.61346754,3.50029406,3.60134181,13174959.0,116374836.0,0.423386,3.4843,23.578964,1.282439,1.162348,10.048793
sh.601992,金隅集团,2016-03-31,3.61750945,3.70643147,3.58517417,3.64176091,17985294.0,162570021.0,0.577969,1.1223,23.843599,1.296832,1.175393,10.161574
sh.601996,丰林集团,2016-03-30,3.45649408,3.53542844,3.45649408,3.52711956,12546742.0,105815454.0,2.675714,2.1661,73.791715,2.317495,3.443136,44.597174
sh.601996,丰林集团,2016-03-31,3.53542844,3.56866396,3.49388404,3.5105018,10748362.0,91203240.0,2.292192,-0.4711,73.444051,2.306576,3.426913,44.387058
sh.601998,中信银行,2016-03-30,3.67495205,3.76142151,3.66259927,3.75524512,57719736.0,348551408.0,0.18091,3.0508,7.228815,0.936374,2.049992,-147.948067
sh.601998,中信银行,2016-03-31,3.77377429,3.78612707,3.71818678,3.74906873,47885030.0,290483184.0,0.150086,-0.1645,7.216925,0.934834,2.04662,-147.704732
sh.601999,出版传媒,2016-03-30,8.39250294,8.64436798,8.39250294,8.6353728,6175556.0,58441546.0,1.120964,4.1215,60.606782,2.869231,3.242969,88.090046
sh.601999,出版传媒,2016-03-31,8.70733424,8.78829086,8.60838726,8.66235834,6064922.0,58602615.0,1.100882,0.3125,60.796179,2.878197,3.253103,88.365328
sh.603000,人民网,2016-03-30,16.00750231,16.60696407,16.00750231,16.51329817,15118353.0,263153869.0,1.367322,4.1962,65.363944,7.533811,11.823528,64.264721
sh.603000,人民网,2016-03-31,16.5788643,16.86922859,16.41963227,16.70999656,20560103.0,365939392.0,1.85948,1.1912,66.142527,7.62355,11.964364,65.030211
sh.603001,奥康国际,2016-03-30,14.49819345,15.47169325,14.49819345,15.34652899,8310634.0,179374382.0,2.072581,6.3614,25.821685,2.23183,2.748586,-85.894834
sh.603001,奥康国际,2016-03-31,15.40911112,15.8541396,15.40911112,15.53427538,6907945.0,155528373.0,1.722765,1.2234,26.137582,2.259134,2.782212,-86.945654
sh.603002,宏昌电子,2016-03-30,4.65260862,4.86823754,4.65260862,4.84335728,11810286.0,67953660.0,1.968381,4.6595,64.699721,3.662927,3.454834,10.779153
sh.603002,宏昌电子,2016-03-31,4.86823754,5.08386646,4.83506386,5.03410594,28956908.0,174219592.0,4.826151,3.9384,67.247826,3.807186,3.590898,11.203674
sh.603005,晶方科技,2016-03-30,12.571055,12.96255357,12.4992204,12.92663627,3071934.0,108770997.0,3.08306,4.3491,52.168077,5.009418,12.575949,-18.256729
sh.603005,晶方科技,2016-03-31,12.9661453,13.23552505,12.82606783,12.90867762,3487002.0,126492615.0,3.499632,-0.1389,52.095601,5.002458,12.558478,-18.231366
sh.603006,联明股份,2016-03-30,14.98864092,15.9171408,14.98864092,15.81263432,1668482.0,64123066.0,4.844605,6.2669,73.565236,6.430163,6.633101,-46.484399
sh.603006,联明股份,2016-03-31,15.8970434,16.25477712,15.7563616,15.76842004,1999409.0,79553333.0,5.805485,-0.2796,73.359537,6.412184,6.614554,-46.354422
sh.603008,喜临门,2016-03-30,16.19514486,16.35629058,15.88180596,16.32048042,14484558.0,261776448.0,7.305402,2.6464,30.121376,4.286574,3.40306,177.806542
sh.603008,喜临门,2016-03-31,16.39210074,16.4726736,16.12352454,16.2488601,10537789.0,191404148.0,5.314818,-0.4388,29.989192,4.267763,3.388126,177.026261
sh.603009,北特科技,2016-03-30,11.99784696,12.36269826,11.93639832,12.31277124,1114081.0,35257730.0,4.177282,3.9559,75.975785,7.812623,4.992582,-84.53314
sh.603009,北特科技,2016-03-31,12.44719014,12.59313066,12.25516314,12.3473361,852100.0,27545309.0,3.194976,0.2807,76.189067,7.834555,5.006598,-84.770444
sh.603010,万盛股份,2016-03-30,11.465845,11.465845,11.465845,11.465845,0.0,0.0,,0.0,75.754066,6.925107,7.319267,92.291465
sh.603010,万盛股份,2016-03-31,11.465845,11.465845,11.465845,11.465845,0.0,0.0,,0.0,75.754066,6.925107,7.319267,92.291465
sh.603011,合锻智能,2016-03-30,8.88768726,9.4712706,8.7059154,9.01684095,8056977.0,151085879.0,8.234008,3.7424,138.072778,6.436533,7.746709,525.923537
sh.603011,合锻智能,2016-03-31,9.02162442,9.88264902,8.90203767,9.80133003,9069950.0,176057302.0,9.269239,8.7003,150.085476,6.996528,8.420693,571.68028
sh.603012,创力集团,2016-03-30,8.2045305,8.4891321,8.1467208,8.4624507,2405949.0,45185749.0,1.135326,4.274,29.981046,2.611648,5.446252,24.7338
sh.603012,创力集团,2016-03-31,8.4891321,8.5736232,8.4135348,8.4713445,2867183.0,54730346.0,1.352974,0.1051,30.012556,2.614393,5.451976,24.759795
sh.603015,弘讯科技,2016-03-30,11.35302285,11.93970766,11.30823775,11.93075064,4293813.0,111391731.0,5.360566,6.988,72.069485,5.052001,13.266246,36.182839
sh.603015,弘讯科技,2016-03-31,12.091977,12.21737528,11.76504577,11.82774491,4872398.0,130297439.0,6.082894,-0.8634,71.447263,5.008384,13.15171,35.870449
sh.603017,中衡设计,2016-03-30,12.79055505,13.8318752,12.79055505,13.46250126,1752026.0,59290019.0,4.22295,6.0681,49.008057,4.691727,6.670882,13.919944
sh.603017,中衡设计,2016-03-31,13.54502097,13.54502097,13.21101262,13.32496841,1491966.0,50728002.0,3.596121,-1.0216,48.507391,4.643797,6.602732,13.777738
sh.603018,华设集团,2016-03-30,7.69222848,7.9209408,7.63924992,7.90414272,1987369.0,119527132.0,3.157916,4.0306,39.694698,3.647341,4.552873,-103.621303
sh.603018,华设集团,2016-03-31,7.9597056,8.1276864,7.85504064,8.04111168,2007473.0,123779842.0,3.189861,1.7329,40.382558,3.710545,4.631769,-105.416931
sh.603019,中科曙光,2016-03-30,16.1149305,16.78648806,15.9801288,16.78403712,5490003.0,368107392.0,3.060792,6.2529,116.137776,15.336226,5.609875,30.827963
sh.603019,中科曙光,2016-03-31,17.00707266,17.31834204,16.79138994,16.94579916,5599838.0,389445744.0,3.122027,0.9638,117.257094,15.484035,5.663942,31.125078
sh.603020,爱普股份,2016-03-30,19.63098124,21.29381002,19.421491,21.29381002,4161585.0,195931872.0,4.302269,10.0113,44.599831,4.505204,4.343877,-495.956107
sh.603020,爱普股份,2016-03-31,21.2545306,21.27198812,20.50385724,20.52131476,5993431.0,285479936.0,6.196042,-3.6278,42.162175,4.262629,4.108809,239.298591
sh.603021,ST华鹏,2016-03-30,13.19553781,14.13727224,13.0942357,13.83711784,1596426.0,57889504.0,6.047068,6.0075,77.583423,5.525895,5.157071,88.348558
sh.603021,ST华鹏,2016-03-31,13.89339679,14.7075656,13.89339679,14.46369015,3432869.0,131921926.0,13.003292,4.5282,81.096555,5.776119,5.390593,92.349157
sh.603022,新通联,2016-03-30,19.1929,20.83581224,19.1353213,20.05274192,2945992.0,153148360.0,14.72996,4.7944,129.513879,7.624886,8.310894,59.423765
sh.603022,新通联,2016-03-31,19.960616,20.25234808,19.768687,19.92990736,1506468.0,78153492.0,7.53234,-0.6126,128.720533,7.578179,8.259985,59.05976
sh.603023,威帝股份,2016-03-30,11.2202959,11.92129311,10.7428365,11.92129311,4490118.0,236470832.0,14.96706,9.992,91.665733,15.331477,35.15282,-248.828058
sh.603023,威帝股份,2016-03-31,12.153512,12.27721739,11.62179585,12.09925525,5191854.0,287377792.0,17.30618,1.4928,93.034128,15.560347,35.677584,-252.542585
sh.603025,大豪科技,2016-03-30,11.1952256,11.6258112,11.05057575,11.52152875,3563393.0,120392265.0,6.987045,4.3571,83.839158,10.781938,24.504421,-124.374243
sh.603025,大豪科技,2016-03-31,11.6056275,11.841104,11.4441579,11.50807295,3326350.0,115084277.0,6.522255,-0.1168,83.741243,10.769346,24.475803,-124.228989
sh.603026,石大胜华,2016-03-30,29.9513701,31.33302773,29.87718714,31.09193311,6469381.0,213534971.0,12.765156,4.3898,154.03679,5.023645,1.967255,130.281412
sh.603026,石大胜华,2016-03-31,31.4350293,31.527758,30.42428647,30.52628804,6453439.0,215761377.0,12.7337,-1.8193,151.234451,4.932251,1.931466,127.911246
sh.603027,千禾味业,2016-03-30,3.32819223,3.40413432,3.28479675,3.39690174,8305553.0,230533753.0,20.763883,3.4508,67.769791,9.644531,7.230439,-1506.063395
sh.603027,千禾味业,2016-03-31,3.40895604,3.41739405,3.3269868,3.3390411,7372141.0,205615705.0,18.430352,-1.7033,66.615444,9.480253,7.10728,-1480.410079
sh.603028,赛福天,2016-03-31,4.58935323,4.58935323,4.58935323,4.58935323,34309.0,210314.0,0.062154,43.8967,29.555242,3.00347,2.468871,-378.833919
sh.603030,全筑股份,2016-03-30,7.4302865,7.7564942,7.3522197,7.6421821,1974460.0,53349275.0,3.06806,3.9439,53.137848,5.163972,2.007204,176.476773
sh.603030,全筑股份,2016-03-31,7.7090965,7.7564942,7.5585391,7.6282416,1861211.0,51073923.0,2.892086,-0.1824,53.040916,5.154552,2.003542,176.154853
sh.603066,音飞储存,2016-03-30,14.00760711,15.24622689,14.004495,14.99725809,2105638.0,98112140.0,8.422552,7.1365,70.72006,6.935092,9.683676,15.907026
sh.603066,音飞储存,2016-03-31,15.0003702,15.0003702,14.3468271,14.60824434,1759057.0,82859113.0,7.036228,-2.5939,68.885653,6.755203,9.432492,15.494413
sh.603077,和邦生物,2016-03-30,2.2375617,2.2810095,2.22887214,2.27666472,19086407.0,99220511.0,0.686276,2.544,120.338036,2.792725,6.295186,85.44688
sh.603077,和邦生物,2016-03-31,2.2810095,2.28969906,2.24190648,2.25494082,17662469.0,91958042.0,0.635077,-0.9542,119.189772,2.766077,6.235117,84.631547
sh.603085,天成自控,2016-03-30,12.74834178,12.74834178,12.74834178,12.74834178,0.0,0.0,,0.0,100.484337,8.333501,11.473436,39.752861
sh.603085,天成自控,2016-03-31,12.74834178,12.74834178,12.74834178,12.74834178,0.0,0.0,,0.0,100.484337,8.333501,11.473436,39.752861
sh.603088,宁波精达,2016-03-30,5.541975,5.6084787,5.46364842,5.59813368,1141456.0,42826490.0,4.565824,3.7808,92.756693,6.662931,13.045119,115.459585
sh.603088,宁波精达,2016-03-31,5.6306466,5.74000824,5.6306466,5.68089384,1646800.0,63571335.0,6.5872,1.4783,94.127964,6.761433,13.237971,117.166485
sh.603099,长白山,2016-03-30,22.28931036,22.28931036,19.88727735,21.38490117,28720118.0,611492784.0,27.973233,-0.9905,58.316556,6.819574,18.409813,-163.871245
sh.603099,长白山,2016-03-31,20.59718994,20.94728382,20.37351885,20.68471341,15049555.0,319621360.0,14.658182,-3.2742,56.407146,6.596287,17.807036,-158.505747
sh.603100,川仪股份,2016-03-30,8.57485585,8.94313885,8.57485585,8.93086275,6196242.0,88595002.0,2.677935,5.2822,37.810855,3.250207,1.86599,313.046798
sh.603100,川仪股份,2016-03-31,8.961553,9.05362375,8.8265159,8.8756203,5432040.0,78928956.0,2.347656,-0.6186,37.576974,3.230103,1.854448,311.110426
sh.603108,润达医疗,2016-03-30,14.657136,15.7520064,14.1891672,15.6107328,3691892.0,309846784.0,15.64361,6.5189,90.679355,9.004964,5.109022,154.329892
sh.603108,润达医疗,2016-03-31,15.540096,16.1758272,15.18514608,15.62132832,2917419.0,257554668.0,12.361945,0.0679,90.740902,9.011076,5.112489,154.43464
sh.603111,康尼机电,2016-03-30,8.61461568,9.2092272,8.61461568,9.04244592,6308612.0,155084406.0,4.194904,7.872,42.339643,6.461718,4.817115,-21.620068
sh.603111,康尼机电,2016-03-31,9.05694864,9.2636124,8.88654168,9.1910988,5321196.0,134215533.0,3.538323,1.6439,43.035684,6.567945,4.896305,-21.97549
sh.603116,红蜻蜓,2016-03-30,11.91718136,12.08846489,11.76665947,12.07808407,2322904.0,53340470.0,3.950517,3.3304,29.38396,3.333087,3.134075,7.208954
sh.603116,红蜻蜓,2016-03-31,12.1455594,12.24417719,12.06251284,12.11441694,2807230.0,65802958.0,4.774201,0.3008,29.472352,3.343114,3.143503,7.230639
sh.603117,万林物流,2016-03-30,12.06508756,12.46298592,12.06508756,12.4427538,2536546.0,46237009.0,4.227577,3.4193,91.958789,5.646901,20.064201,46.449073
sh.603117,万林物流,2016-03-31,12.53042632,12.80018792,12.41577764,12.57089056,3185564.0,59497663.0,5.309273,1.0298,92.90579,5.705053,20.270824,46.92741
sh.603118,共进股份,2016-03-30,12.84979278,13.36331409,12.71651244,13.33195401,7286896.0,241653666.0,6.124248,5.9832,41.655131,4.662337,1.610724,134.276339
sh.603118,共进股份,2016-03-31,13.0928334,13.31627397,13.0144332,13.1712336,9716485.0,325798144.0,8.166188,-1.2055,41.152967,4.461139,1.591307,29.111904
sh.603123,翠微股份,2016-03-30,8.28234306,8.4467115,8.25494832,8.43757992,8949130.0,81871041.0,2.429222,2.7809,30.903908,1.723841,0.825467,67.352072
sh.603123,翠微股份,2016-03-31,8.4467115,8.54715888,8.41931676,8.45584308,8970506.0,83203737.0,2.435025,0.2165,30.970799,1.727573,0.827254,67.497856
sh.603126,中材节能,2016-03-30,9.96589396,10.21118032,9.86596248,10.20209564,8385347.0,92827884.0,3.845784,3.7893,64.019901,4.988728,4.991679,-46.01966
sh.603126,中材节能,2016-03-31,10.3111118,10.5382288,10.18392628,10.50189008,16156571.0,185143074.0,7.409911,2.9386,65.901162,5.135324,5.138362,-47.371974
sh.603128,华贸物流,2016-03-30,5.9145256,6.074046,5.859307,6.0495044,15794177.0,153716586.0,1.953881,3.8988,57.247246,5.514937,1.035469,206.157956
sh.603128,华贸物流,2016-03-31,6.0985876,6.1231292,5.920661,5.9697442,17565124.0,171748037.0,2.172963,-1.3185,56.492465,5.442225,1.021817,203.439849
sh.603158,腾龙股份,2016-03-30,8.634056,9.0998406,8.634056,9.00668368,1334776.0,52072706.0,2.634253,3.9329,44.871359,5.623242,6.777602,52.953208
sh.603158,腾龙股份,2016-03-31,9.01350004,9.26570536,9.01350004,9.11801756,1634709.0,65740937.0,3.226187,1.2361,45.426025,5.692752,6.861382,53.607776
sh.603166,福达股份,2016-03-30,12.16357072,13.01962034,12.16357072,12.99406662,4063794.0,80852353.0,6.24805,7.5053,199.564063,4.956403,10.75307,16.106197
sh.603166,福达股份,2016-03-31,13.08989307,13.71595921,12.84713273,13.33904184,6132750.0,127907775.0,9.429052,2.6549,204.862224,5.087989,11.038549,16.533796
sh.603167,渤海轮渡,2016-03-30,5.98139421,6.13109178,5.97488562,6.1180746,6942328.0,64620721.0,1.442112,2.9573,30.768228,1.617452,3.811384,-1120.108201
sh.603167,渤海轮渡,2016-03-31,6.14410896,6.30682371,6.11156601,6.21570345,11203523.0,107058863.0,2.327279,1.5958,31.25921,1.643262,3.872204,-1137.982268
sh.603168,莎普爱思,2016-03-30,20.73809058,22.4877192,20.73809058,22.39314468,2243957.0,91967169.0,2.230441,8.4754,43.830853,8.258561,7.847284,333.059089
sh.603168,莎普爱思,2016-03-31,21.77315616,22.03060902,21.5682447,21.72061476,3554406.0,147566700.0,3.532996,-3.0033,38.366655,7.574874,7.327911,-444.246362
sh.603169,兰石重装,2016-03-30,14.4185366,15.29747479,14.3197795,15.24809624,19530252.0,291483296.0,5.05044,6.6298,15.116025,8.299497,6.293919,-119.132377
sh.603169,兰石重装,2016-03-31,15.07033346,15.37648047,14.6160508,14.813565,21633524.0,327638832.0,5.594337,-2.8497,14.685257,8.062983,6.114559,-115.737413
sh.603188,亚邦股份,2016-03-30,15.7456365,15.7456365,15.7456365,15.7456365,0.0,0.0,,0.0,14.836437,3.250624,4.325038,-8.231966
sh.603188,亚邦股份,2016-03-31,15.7456365,15.7456365,15.7456365,15.7456365,0.0,0.0,,0.0,14.836437,3.250624,4.325038,-8.231966
sh.603198,迎驾贡酒,2016-03-30,15.8112933,15.9267042,15.57277744,15.91901014,3249499.0,66681410.0,4.061874,2.2739,31.135232,4.71662,5.633295,104.881886
sh.603198,迎驾贡酒,2016-03-31,15.93439826,16.0805854,15.86515172,15.9651745,2892619.0,60059876.0,3.615774,0.29,31.225523,4.730298,5.649631,105.186038
sh.603199,九华旅游,2016-03-30,33.15821022,34.08385401,33.00240879,34.05635964,1457267.0,53412370.0,1.99778,3.6252,55.895294,4.64316,10.185783,110.10483
sh.603199,九华旅游,2016-03-31,34.14800754,34.826202,34.11134838,34.25798502,1987653.0,74722059.0,2.724891,0.592,56.226214,4.670649,10.246086,110.756688
sh.603222,济民健康,2016-03-30,9.22663695,9.5592861,9.22663695,9.50676255,2263769.0,60914964.0,4.008799,4.023,81.968948,6.13238,9.407452,36.802504
sh.603222,济民健康,2016-03-31,9.5592861,9.99698235,9.4892547,9.88493211,4691647.0,131007251.0,8.308211,3.9779,85.229591,6.37632,9.781671,38.266471
sh.603223,恒通股份,2016-03-30,7.06289892,7.32072324,6.99348468,7.30336968,1949607.0,56446996.0,6.49869,4.9893,92.27873,6.270472,1.941017,95.448633
sh.603223,恒通股份,2016-03-31,7.37774208,7.67523168,7.313286,7.63308732,4102893.0,124537707.0,13.67631,4.5146,96.444742,6.553558,2.028646,99.757753
sh.603227,雪峰科技,2016-03-30,8.96019264,9.18892608,8.96019264,9.18452736,3868099.0,79940498.0,4.697145,3.4688,57.627568,5.629046,7.963427,25.521809
sh.603227,雪峰科技,2016-03-31,9.2153184,9.39566592,9.15813504,9.21971712,4259995.0,89766656.0,5.173036,0.3831,57.848363,5.650614,7.993938,25.619594
sh.603268,*ST松发,2016-03-30,30.25437765,30.25437765,30.25437765,30.25437765,0.0,0.0,,0.0,102.704176,7.077019,13.024055,23.853726
sh.603268,*ST松发,2016-03-31,30.25437765,30.25437765,30.25437765,30.25437765,0.0,0.0,,0.0,102.704176,7.077019,13.024055,23.853726
sh.603288,海天味业,2016-03-30,12.4768517,12.89887515,12.4768517,12.81530615,2674065.0,81520347.0,0.992379,2.8504,33.072798,9.484559,7.348838,138.980983
sh.603288,海天味业,2016-03-31,12.76516475,12.93230275,12.73173715,12.8278415,1406929.0,43133750.0,0.522129,0.0978,33.105148,9.493836,7.356026,139.116928
sh.603299,苏盐井神,2016-03-30,13.61948784,13.95086224,13.48693808,13.90944044,9201585.0,152455323.0,10.223983,3.4504,112.937377,5.679277,4.470498,73.221893
sh.603299,苏盐井神,2016-03-31,13.9591466,14.23253048,13.77689068,13.92600916,11395154.0,192763116.0,12.661282,0.1191,113.071906,5.686042,4.475823,73.309114
sh.603300,海南华铁,2016-03-30,5.3481,5.5923299,5.2981844,5.5851991,3186508.0,96904937.0,6.288747,5.4527,80.601042,5.984449,19.779713,23.316973
sh.603300,海南华铁,2016-03-31,5.6119396,5.8276463,5.508543,5.5121084,4401371.0,139585839.0,8.686345,-1.3086,79.546256,5.906133,19.520866,23.011835
sh.603306,华懋科技,2016-03-30,14.9603553,14.9603553,14.9603553,14.9603553,0.0,0.0,,0.0,32.277587,4.767127,7.501897,189.955161
sh.603306,华懋科技,2016-03-31,14.9603553,14.9603553,14.9603553,14.9603553,0.0,0.0,,0.0,32.277587,4.767127,7.501897,189.955161
sh.603308,应流股份,2016-03-30,15.7864024,16.79591912,15.73897544,16.66041352,8963941.0,215528254.0,3.73776,7.5208,119.190917,5.270354,7.143049,-113.859858
sh.603308,应流股份,2016-03-31,16.78914384,17.12790784,16.5655596,16.69428992,9322691.0,231650171.0,3.887351,0.2033,119.433273,5.281071,7.157573,-114.091375
sh.603309,维力医疗,2016-03-30,21.2565255,21.450354,20.99162655,21.4374321,7551866.0,248302415.0,9.807618,1.4989,79.166603,8.767608,12.464128,269.835062
sh.603309,维力医疗,2016-03-31,21.57311205,21.65064345,21.1273065,21.1789941,5860501.0,193369682.0,7.61104,-1.2056,78.212213,8.661911,12.313867,266.582077
sh.603311,金海高科,2016-03-30,19.9359996,20.3850086,19.76537618,20.26826626,2916006.0,65431598.0,5.554297,3.0123,89.703841,8.1748,11.067881,26.566666
sh.603311,金海高科,2016-03-31,20.28622662,20.58257256,19.96294014,20.0707023,2551736.0,57327497.0,4.86045,-0.9747,88.829457,8.095116,10.959997,26.307709
sh.603315,福鞍股份,2016-03-30,17.74826613,18.80351682,17.74826613,18.76054281,1823474.0,70210568.0,7.293896,6.5058,63.015458,6.291157,9.293741,107.19524
sh.603315,福鞍股份,2016-03-31,19.0518111,19.51975032,18.77964237,19.39560318,2727621.0,109895640.0,10.910484,3.3851,65.148585,6.504118,9.608342,110.823891
sh.603318,水发燃气,2016-03-30,14.99061438,14.99061438,14.99061438,14.99061438,0.0,0.0,,0.0,189.678134,12.299133,15.758454,1427.513858
sh.603318,水发燃气,2016-03-31,14.99061438,14.99061438,14.99061438,14.99061438,0.0,0.0,,0.0,189.678134,12.299133,15.758454,1427.513858
sh.603328,依顿电子,2016-03-30,7.5782588,7.93881032,7.5782588,7.928795,3766447.0,87692590.0,3.844098,5.135,27.085853,2.754127,4.01649,37.911679
sh.603328,依顿电子,2016-03-31,7.9454872,8.08904012,7.92211812,8.01559444,4138771.0,99183864.0,4.224098,1.0947,27.382372,2.784277,4.06046,38.326712
sh.603333,尚纬股份,2016-03-30,8.57849958,8.78485524,8.52936728,8.72589648,7717768.0,68029181.0,1.484172,1.9518,-245.582504,3.098751,7.006917,191.902993
sh.603333,尚纬股份,2016-03-31,8.73572294,8.7455494,8.5981525,8.66693772,5971458.0,52709440.0,1.148346,-0.6757,-243.923163,3.077813,6.959573,190.606351
sh.603338,浙江鼎力,2016-03-30,12.95268995,13.39735967,12.93921511,13.39062225,1690512.0,66460913.0,3.657138,4.5502,51.243587,7.2534,14.317294,27.018646
sh.603338,浙江鼎力,2016-03-31,13.45799645,13.59274485,13.31314192,13.33335418,2131468.0,85202642.0,4.611072,-0.4277,51.024432,7.222379,14.256063,26.903095
sh.603355,莱克电气,2016-03-30,18.74689525,19.421244,18.74689525,19.38348047,1406566.0,49759291.0,3.430649,4.3567,42.944326,5.915233,3.531334,1426.028308
sh.603355,莱克电气,2016-03-31,19.51295543,19.960723,19.16768887,19.38887526,1695822.0,61504507.0,4.136151,0.0278,42.956278,5.91688,3.532317,1426.425199
sh.603366,日出东方,2016-03-30,6.83215414,7.02436308,6.8146806,7.01562631,4608356.0,36602675.0,0.576045,2.9487,105.08996,1.807113,2.319851,-4.925169
sh.603366,日出东方,2016-03-31,7.03309985,7.06804693,6.94573215,6.98067923,4181970.0,33500393.0,0.522746,-0.4981,104.566474,1.798111,2.308295,-4.900636
sh.603368,柳药集团,2016-03-30,20.07416982,20.56370718,19.9580616,20.48839374,2055699.0,132622932.0,3.582359,2.1593,44.601101,6.992372,1.428148,-57.999831
sh.603368,柳药集团,2016-03-31,20.55743106,20.70491988,20.27500566,20.41621836,2073166.0,135170816.0,3.612798,-0.3523,44.443983,6.967739,1.423117,-57.795513
sh.603369,今世缘,2016-03-30,10.99112256,11.46296368,10.79683504,11.3970447,4993683.0,159796246.0,2.218922,4.8516,24.055592,4.086617,6.797806,103.36909
sh.603369,今世缘,2016-03-31,11.28255384,12.06317334,11.25132906,11.59480164,5523492.0,186504449.0,2.45434,1.7352,24.472995,4.157526,6.915758,105.162709
sh.603377,ST东时,2016-03-30,21.5576592,22.3502202,21.5576592,22.33323675,6018739.0,233272063.0,12.037478,4.3651,50.349459,23.63979,12.487234,355.520789
sh.603377,ST东时,2016-03-31,22.3388979,22.9050129,22.16340225,22.6446,7211284.0,286569408.0,14.422568,1.3942,51.051416,23.969369,12.661327,360.477353
sh.603398,*ST沐邦,2016-03-30,22.44390048,23.438856,22.43752256,23.30491968,2577120.0,185108675.0,10.738,4.7442,106.019573,31.627626,22.670953,464.935238
sh.603398,*ST沐邦,2016-03-31,23.279408,24.39235504,23.06255872,23.39421056,2811536.0,208041098.0,11.714733,0.3831,106.425778,31.748804,22.757814,466.716599
sh.603399,永杉锂业,2016-03-30,9.74233256,9.74233256,9.74233256,9.74233256,0.0,0.0,,0.0,-55.761444,2.45491,2.680048,-218.425266
sh.603399,永杉锂业,2016-03-31,9.74233256,9.74233256,9.74233256,9.74233256,0.0,0.0,,0.0,-55.761444,2.45491,2.680048,-218.425266
sh.603456,九洲药业,2016-03-30,12.82924878,14.00969291,12.7622053,14.00969291,2085866.0,116723085.0,3.606269,10.0019,66.529507,7.576075,9.05293,-16.725191
sh.603456,九洲药业,2016-03-31,14.3425159,14.3425159,14.03363701,14.16054074,1808891.0,106958928.0,3.127405,1.0767,67.245856,7.65765,9.150406,-16.905278
sh.603508,思维列控,2016-03-30,31.44344412,32.8560188,31.3146735,32.83260596,2767878.0,227486567.0,6.919868,5.7833,49.541565,15.622826,18.305991,99.314882
sh.603508,思维列控,2016-03-31,33.0511258,34.41297266,32.85992094,33.5779147,4412285.0,381644384.0,11.030988,2.27,50.666171,15.977468,18.721542,101.569356
sh.603518,锦泓集团,2016-03-30,16.61382971,17.07975732,16.58191686,17.03507933,974486.0,25730317.0,1.751803,3.3695,31.188158,2.944655,4.572742,12.7391
sh.603518,锦泓集团,2016-03-31,17.1052876,17.64780605,17.07337475,17.26485185,1594526.0,43500218.0,2.86643,1.3488,31.60883,2.984374,4.63442,12.910928
sh.603519,立霸股份,2016-03-30,8.70807835,8.70807835,8.70807835,8.70807835,0.0,0.0,,0.0,60.467244,5.549376,4.467333,124.007875
sh.603519,立霸股份,2016-03-31,8.70807835,8.70807835,8.70807835,8.70807835,0.0,0.0,,0.0,60.467244,5.549376,4.467333,124.007875
sh.603520,司太立,2016-03-30,12.74038,13.2006776,12.68777456,13.07573968,4803296.0,189670525.0,16.010987,4.1645,70.488972,11.327425,6.860248,-1710.823894
sh.603520,司太立,2016-03-31,13.14149648,13.40781152,12.96066528,12.9705288,5143540.0,205325131.0,17.145133,-0.8046,69.921799,11.236282,6.805048,-1697.05815
sh.603558,健盛集团,2016-03-30,17.08201024,17.51981356,16.8592682,17.45836748,2247676.0,50791351.0,1.94604,2.4335,83.381402,11.08638,11.619858,74.415718
sh.603558,健盛集团,2016-03-31,17.67342876,18.01906296,17.55821736,17.75023636,2203576.0,50977288.0,1.907858,1.6718,84.775372,11.271722,11.814118,75.6598
sh.603566,普莱柯,2016-03-30,18.5264328,19.26498654,18.5264328,19.24829606,1474354.0,66704062.0,3.685885,4.8409,48.496886,5.622826,15.802002,26.389188
sh.603566,普莱柯,2016-03-31,19.57376042,20.17879032,19.3609568,19.99519504,2406227.0,113998664.0,6.015567,3.8803,50.378729,5.841011,16.415173,27.413178
sh.603567,珍宝岛,2016-03-30,17.7647695,18.36292503,17.7647695,18.35842762,2668708.0,107061363.0,4.132406,4.2923,34.574725,4.669444,8.990608,22.632955
sh.603567,珍宝岛,2016-03-31,18.439381,18.64176445,18.31345352,18.37641726,2651134.0,108743383.0,4.105194,0.098,34.608605,4.67402,8.999418,22.655133
sh.603568,伟明环保,2016-03-30,8.9946368,9.27702656,8.9946368,9.27179712,2572002.0,89758190.0,5.615725,3.8664,63.598091,9.972066,23.20121,96.880374
sh.603568,伟明环保,2016-03-31,9.28487072,9.66923456,9.282256,9.5306544,5291188.0,191917796.0,11.552812,2.7919,65.373672,10.250474,23.848959,99.585156
sh.603588,高能环境,2016-03-30,8.30673312,8.47718592,8.26269948,8.46724284,1015292.0,59787032.0,0.83647,2.7936,83.899165,5.495807,10.330742,45.263388
sh.603588,高能环境,2016-03-31,8.46440196,8.7570126,8.46440196,8.6078664,1234532.0,74914101.0,1.017096,1.6608,85.292558,5.587081,10.502314,46.01512
sh.603589,口子窖,2016-03-30,25.3957536,25.79798448,25.0802784,25.76643696,3033201.0,97660443.0,5.055335,2.995,32.255024,5.443427,7.57203,39.814913
sh.603589,口子窖,2016-03-31,25.93994832,25.99515648,25.5534912,25.78221072,2965348.0,96910517.0,4.942247,0.0612,32.27477,5.446759,7.576666,39.839287
sh.603598,引力传媒,2016-03-30,19.84897116,21.59742908,19.84897116,21.59742908,3303597.0,137814365.0,9.908809,9.9924,169.504491,10.404074,3.560879,44.370018
sh.603598,引力传媒,2016-03-31,22.42695315,22.98328067,21.855724,22.26303522,4858948.0,219590966.0,14.573929,3.0819,220.119386,10.717412,3.216303,-147.170229
sh.603599,广信股份,2016-03-30,8.10066279,8.55268524,8.08384335,8.52745608,3100463.0,122015166.0,6.588319,6.3729,48.25551,3.421912,5.443234,17.624787
sh.603599,广信股份,2016-03-31,8.59263141,8.8512303,8.47489533,8.4938172,3775656.0,155746927.0,8.023068,-0.3945,48.065153,3.408414,5.421762,17.555262
sh.603600,永艺股份,2016-03-30,13.73030802,14.22493662,13.6459302,14.21038872,3157938.0,151585640.0,9.773116,5.1906,57.573351,9.125893,4.31871,77.98154
sh.603600,永艺股份,2016-03-31,14.26276116,15.01052322,14.26276116,14.5769958,4694715.0,236660753.0,14.529099,2.5798,59.058659,9.361327,4.430127,79.993349
sh.603601,再升科技,2016-03-30,5.13315246,5.30825385,5.047968,5.29247895,1306388.0,43061993.0,1.838429,5.3375,134.856444,15.69227,22.546533,60.833734
sh.603601,再升科技,2016-03-31,5.35557855,5.5843146,5.205717,5.40605823,2325660.0,79582380.0,3.272812,2.1461,137.750532,16.029034,23.030393,62.139256
sh.603606,东方电缆,2016-03-30,7.53088456,7.74332136,7.45653168,7.73801044,7377527.0,105548825.0,5.298501,2.8229,78.705678,5.747055,2.409252,-75.482024
sh.603606,东方电缆,2016-03-31,7.76987596,7.76987596,7.568061,7.5946156,5693899.0,81851417.0,4.089328,-1.8531,77.247165,5.640555,2.364605,-74.083249
sh.603608,天创时尚,2016-03-30,14.08637296,14.5504832,14.08637296,14.50658088,7072639.0,161364460.0,10.10377,3.4899,57.92481,8.08238,3.798286,107.39462
sh.603608,天创时尚,2016-03-31,14.52539616,14.66964664,14.34978688,14.39996096,7724312.0,178660968.0,11.034731,-0.735,57.499077,8.022977,3.77037,106.605295
sh.603609,禾丰股份,2016-03-30,10.8141964,11.4048878,10.677883,11.28674952,9818550.0,120130230.0,2.346735,5.8824,32.857555,3.877574,1.064654,38.308597
sh.603609,禾丰股份,2016-03-31,11.5412012,11.78656532,11.1776988,11.35036244,8797158.0,111295528.0,2.102612,0.5636,33.042743,3.899428,1.070654,38.524507
sh.603611,诺力股份,2016-03-30,14.54544756,14.54544756,14.54544756,14.54544756,0.0,0.0,,0.0,41.662292,4.882579,3.640555,53.528985
sh.603611,诺力股份,2016-03-31,14.54544756,14.54544756,14.54544756,14.54544756,0.0,0.0,,0.0,41.662292,4.882579,3.640555,53.528985
sh.603616,韩建河山,2016-03-30,13.8085936,14.31523984,13.783758,14.25066728,4341672.0,122651323.0,11.836619,2.0633,232.440227,5.121965,6.315709,-99.985692
sh.603616,韩建河山,2016-03-31,14.26060152,15.45271032,14.0569496,14.89639288,6871988.0,204869445.0,18.734973,4.5312,242.972548,5.354051,6.601886,-104.516239
sh.603618,杭电股份,2016-03-30,12.63412716,13.22730738,12.5974356,13.22730738,8119474.0,344594992.0,9.252962,9.9924,68.382797,6.118469,2.96364,28.617442
sh.603618,杭电股份,2016-03-31,14.55126117,14.55126117,13.64620269,14.55126117,27764822.0,1315457056.0,31.640823,10.0093,75.2274,6.730882,3.260278,31.481832
sh.603636,南威软件,2016-03-30,12.6169736,13.49565569,12.32612778,13.42601655,5725502.0,360288576.0,13.441487,3.8992,103.816344,7.719802,19.13906,-52.325418
sh.603636,南威软件,2016-03-31,13.313365,13.82336929,13.07167622,13.08396548,4105392.0,270015648.0,9.638032,-2.5477,101.171443,7.523126,18.65146,-50.992338
sh.603669,灵康药业,2016-03-30,8.6193412,9.4079985,8.6193412,9.2092817,3794404.0,111333642.0,5.837545,7.3859,49.677845,7.208169,13.812837,62.932234
sh.603669,灵康药业,2016-03-31,9.2713807,9.2713807,9.0105649,9.11302825,2984346.0,87822871.0,4.591302,-1.0452,49.158623,7.132831,13.668468,62.274479
sh.603678,火炬电子,2016-03-30,20.0499912,21.695886,20.01632517,21.16845153,1912184.0,105599596.0,2.435999,6.7132,61.33706,8.270856,8.684297,93.279722
sh.603678,火炬电子,2016-03-31,21.29937498,21.8829195,21.07493478,21.321819,1628239.0,93741035.0,2.074271,0.7245,61.781452,8.330779,8.747215,93.955542
sh.603686,福龙马,2016-03-30,17.68379462,18.3775154,17.68379462,18.1949573,8978994.0,265589876.0,8.978994,3.4602,52.88859,7.883109,5.205177,32.393652
sh.603686,福龙马,2016-03-31,18.3166627,19.10166253,18.25581,18.31057743,9397451.0,287674768.0,9.397451,0.6355,53.224671,7.933203,5.238253,32.599498
sh.603688,石英股份,2016-03-30,7.022267,7.6675564,6.9463506,7.57645672,5762432.0,112296809.0,7.516869,8.7146,60.430503,3.971759,11.753093,25.118202
sh.603688,石英股份,2016-03-31,7.4777654,7.7244937,7.3449117,7.36009498,7385816.0,145891794.0,9.634511,-2.8557,58.704782,3.858337,11.417459,24.400899
sh.603696,安记食品,2016-03-30,13.6649379,14.899465,13.6649379,14.899465,6633534.0,225839472.0,22.11178,9.9937,78.850288,10.802931,15.781802,245.272017
sh.603696,安记食品,2016-03-31,15.29536507,15.49118661,14.69938647,14.73769938,8133697.0,285830656.0,27.112323,-1.0857,77.994199,10.685642,15.610457,242.609064
sh.603698,航天工程,2016-03-30,20.5169505,21.00647774,20.30818153,20.98488095,4952968.0,142134573.0,5.579515,3.9957,47.278852,5.702036,8.395406,-1068.240154
sh.603698,航天工程,2016-03-31,21.03527346,21.46720926,20.95608523,21.3088328,5955213.0,175680581.0,6.708543,1.5437,48.008714,5.790061,8.525009,-1084.730997
sh.603699,纽威股份,2016-03-30,12.54353,12.87170375,12.53623725,12.8498255,2186328.0,38101982.0,1.410534,3.1012,26.830595,5.410857,5.311982,-26.688302
sh.603699,纽威股份,2016-03-31,12.87170375,13.1123645,12.8498255,12.94463125,2643427.0,47045257.0,1.705437,0.7378,27.028551,5.450779,5.351174,-26.885208
sh.603703,盛洋科技,2016-03-30,16.796061,17.79813108,16.79321421,17.71272738,3152394.0,190987489.0,13.706061,4.396,127.891551,11.005903,15.756632,-142.925762
sh.603703,盛洋科技,2016-03-31,17.86360725,17.86360725,15.942024,17.28570888,3002941.0,184884396.0,13.056265,-2.4108,124.808341,10.740572,15.376771,-139.480107
sh.603718,海利生物,2016-03-30,17.90253,18.23109408,17.72139852,18.18475812,2793347.0,119274756.0,3.990496,2.4199,126.700929,13.081203,38.182107,89.186681
sh.603718,海利生物,2016-03-31,18.49647276,18.534384,17.97835248,18.07523676,1776007.0,76679803.0,2.537153,-0.6023,125.937847,13.002419,37.952148,88.649536
sh.603729,龙韵股份,2016-03-30,48.26451983,50.2474091,48.26451983,50.21898058,1185404.0,82611248.0,3.283668,4.2798,115.85938,4.828471,3.567679,27.614673
sh.603729,龙韵股份,2016-03-31,50.21187345,51.09315757,49.36612498,49.69305296,1726005.0,121809304.0,4.781177,-1.0473,114.646021,4.777904,3.530316,27.325473
sh.603766,隆鑫通用,2016-03-30,5.6360656,5.86906496,5.6045792,5.85017312,13002046.0,238104525.0,1.615818,5.6883,20.297769,3.453239,2.225733,-98.595819
sh.603766,隆鑫通用,2016-03-31,5.86276768,5.9509296,5.75571392,5.8092408,9428649.0,174257787.0,1.171737,-0.6997,20.15575,3.429077,2.21016,-97.905967
sh.603778,国晟科技,2016-03-30,8.12336736,8.29445232,8.00297424,8.27544288,2931497.0,150868010.0,14.657485,3.2615,45.555799,8.726054,7.521788,91.213321
sh.603778,国晟科技,2016-03-31,8.237424,8.51939736,8.20732572,8.34356004,2942668.0,154917926.0,14.71334,0.8231,45.93078,8.79788,7.583701,91.96412
sh.603788,宁波高发,2016-03-30,15.1255358,16.0401262,15.1255358,15.9904202,5221819.0,162519283.0,12.812708,2.4849,40.348602,6.205017,6.784649,217.032685
sh.603788,宁波高发,2016-03-31,15.980479,15.980479,15.259742,15.5033014,3885273.0,122471524.0,9.533243,-3.0463,39.119456,6.015992,6.577968,210.421182
sh.603789,*ST星农,2016-03-30,25.5395349,26.16843636,25.28644041,26.13775824,2186237.0,73379751.0,4.372474,3.8075,70.239326,6.512033,11.293013,-110.655976
sh.603789,*ST星农,2016-03-31,26.29114884,26.59026051,25.96135905,25.97669811,2537653.0,87014750.0,5.075306,-0.6162,69.806513,6.471906,11.223426,-109.974117
sh.603799,华友钴业,2016-03-30,7.9790774,8.4900528,7.94370218,8.44681642,13999495.0,293251440.0,5.304406,7.3963,-46.752399,4.818812,2.854427,38.990546
sh.603799,华友钴业,2016-03-31,8.44288584,8.5293586,8.2149122,8.2935238,11455284.0,243885671.0,4.340405,-1.8148,-45.903938,4.73136,2.802625,38.282947
sh.603800,洪田股份,2016-03-30,23.906445,24.6732555,23.906445,24.6461916,4319757.0,116425597.0,8.307225,3.4457,82.077631,12.17968,7.984852,-183.323974
sh.603800,洪田股份,2016-03-31,24.7003194,25.2145335,24.628149,24.7003194,4344536.0,119698968.0,8.354877,0.2196,82.257889,12.206429,8.002388,-183.726589
sh.603806,福斯特,2016-03-30,5.595918,5.73287073,5.56793841,5.70489114,4057217.0,155742902.0,4.497525,3.0593,24.05934,3.648431,4.672785,2338.419558
sh.603806,福斯特,2016-03-31,5.69458287,5.76379554,5.63715108,5.65776762,3247699.0,125843237.0,3.600154,-0.826,23.860605,3.618294,4.634187,2319.103754
sh.603808,歌力思,2016-03-30,16.75491646,17.2033239,16.53502435,17.13433814,1548930.0,60779165.0,3.872325,3.6786,46.922941,4.114856,8.409296,7.414987
sh.603808,歌力思,2016-03-31,17.3326722,17.3326722,16.94031569,17.01361306,1439536.0,57359279.0,3.59884,-0.7046,46.592331,4.085864,8.350046,7.362742
sh.603818,曲美家居,2016-03-30,15.01533696,15.52366868,14.91758086,15.49434185,11720250.0,182644584.0,9.682956,4.2078,68.088729,6.462055,6.376504,288.484836
sh.603818,曲美家居,2016-03-31,15.640976,15.74850771,15.1521955,15.23040038,10656643.0,167494576.0,8.804232,-1.7035,66.928858,6.351976,6.267882,283.570583
sh.603828,ST柯利达,2016-03-30,6.29425098,6.56782041,6.29425098,6.52904679,1914749.0,57310852.0,4.777318,4.3014,46.437014,3.522593,2.214553,44.032976
sh.603828,ST柯利达,2016-03-31,6.52904679,6.89739618,6.5053518,6.76599669,4221584.0,131712849.0,10.532894,3.6292,48.12229,3.650434,2.294923,45.631005
sh.603838,*ST四通,2016-03-30,15.5961042,15.5961042,15.5961042,15.5961042,0.0,0.0,,0.0,83.541535,7.073053,9.442328,25.582234
sh.603838,*ST四通,2016-03-31,15.5961042,15.5961042,15.5961042,15.5961042,0.0,0.0,,0.0,83.541535,7.073053,9.442328,25.582234
sh.603861,白云电器,2016-03-30,20.07804312,20.07804312,20.07804312,20.07804312,208900.0,4528952.0,0.425458,9.9949,51.517064,6.517088,7.017522,7308.959187
sh.603861,白云电器,2016-03-31,22.08769965,22.08769965,22.08769965,22.08769965,556584.0,13274528.0,1.133572,10.0092,56.673523,7.169398,7.719921,8040.529364
sh.603866,桃李面包,2016-03-30,7.70504464,8.06667064,7.70504464,8.03532972,6724878.0,220058222.0,14.93999,3.9938,43.241045,8.02635,5.852815,24.050537
sh.603866,桃李面包,2016-03-31,8.076314,8.12694164,7.9075552,7.92443108,6527323.0,216739076.0,14.501102,-1.3801,42.644259,7.915575,5.772038,23.718606
sh.603869,ST智知,2016-03-30,18.51780754,19.04726594,18.47147993,18.96122895,3446898.0,97633648.0,4.730015,3.7667,71.031762,7.996679,16.495958,30.619816
sh.603869,ST智知,2016-03-31,19.192867,20.86066096,19.192867,20.86066096,7418454.0,225845524.0,10.179993,10.0175,78.147335,8.797743,18.148433,33.687141
sh.603883,老百姓,2016-03-30,16.5107015,17.08579335,16.38455232,16.95222363,2731144.0,123053219.0,4.076334,3.723,50.724067,5.499,2.670302,34.602686
sh.603883,老百姓,2016-03-31,17.15257821,17.26759658,16.8817285,16.88914904,2508561.0,115259960.0,3.744121,-0.3721,50.535337,5.47854,2.660367,34.473939
sh.603885,吉祥航空,2016-03-30,16.4593632,16.94385252,16.4593632,16.923942,2526012.0,63759673.0,1.857362,3.3644,30.081614,7.976627,3.705639,29.383949
sh.603885,吉祥航空,2016-03-31,17.06331564,17.3221524,16.76465784,16.88412096,3699755.0,94726240.0,2.720408,-0.2353,30.010833,7.957858,3.69692,29.31481
sh.603889,新澳股份,2016-03-30,6.2268342,6.2268342,6.2268342,6.2268342,0.0,0.0,,0.0,38.764128,4.804162,3.15932,-16.066011
sh.603889,新澳股份,2016-03-31,6.2268342,6.2268342,6.2268342,6.2268342,0.0,0.0,,0.0,38.764128,4.804162,3.15932,-16.066011
sh.603898,好莱客,2016-03-30,25.74041796,25.74041796,25.74041796,25.74041796,0.0,0.0,,0.0,57.770573,10.226463,8.882598,276.683361
sh.603898,好莱客,2016-03-31,25.74041796,25.74041796,25.74041796,25.74041796,0.0,0.0,,0.0,57.770573,10.226463,8.882598,276.683361
sh.603899,晨光股份,2016-03-30,16.1756371,16.568038,16.0884369,16.56367799,2450842.0,92063821.0,2.188252,3.1216,41.347534,8.064328,4.66121,55.738073
sh.603899,晨光股份,2016-03-31,16.72063835,16.8296386,16.3936376,16.41543765,1946108.0,73714936.0,1.737596,-0.895,40.977485,7.992154,4.619493,55.239232
sh.603901,永创智能,2016-03-30,14.36330232,14.8626114,14.12531388,14.82527988,6322296.0,197442489.0,12.644592,4.6787,78.818565,7.920917,6.898678,48.63508
sh.603901,永创智能,2016-03-31,15.2592588,15.38991912,14.50329552,14.55462636,6127879.0,194476707.0,12.255758,-1.8256,81.86111,7.610277,6.927485,76.978681
