代码,名称,date,open,high,low,close,volume,amount,turn,pctChg,peTTM,pbMRQ,psTTM,pcfNcfTTM
sh.600000,浦发银行,2026-04-01,10.2,10.37,10.18,10.24,57416463.0,590411589.63,0.1724,0.5894,6.818717,0.46276,1.960473,5.700633
sh.600000,浦发银行,2026-04-02,10.25,10.37,10.21,10.25,41638322.0,427990040.09,0.125,0.0977,6.825376,0.463212,1.962388,5.7062
sh.600004,白云机场,2026-04-01,9.02,9.08,8.97,9.07,9640319.0,87154839.61,0.4073,1.1148,17.267699,1.226791,2.989163,11.291845
sh.600004,白云机场,2026-04-02,9.06,9.09,9.0,9.02,8230085.0,74430647.95,0.3477,-0.5513,17.172508,1.220028,2.972684,11.229597
sh.600006,东风股份,2026-04-01,6.43,6.45,6.37,6.39,7978534.0,51070126.16,0.3989,0.314,52.09073,1.527259,1.281897,-99.956385
sh.600006,东风股份,2026-04-02,6.39,6.4,6.27,6.29,9233200.0,58414457.0,0.4617,-1.5649,51.275538,1.503358,1.261836,-98.392122
sh.600007,中国国贸,2026-04-01,20.91,21.16,20.72,21.1,3336690.0,70039173.7,0.3313,1.4911,17.677503,2.240672,5.637486,-88.417156
sh.600007,中国国贸,2026-04-02,21.11,21.27,20.62,21.24,4429443.0,92865478.05,0.4397,0.6635,17.794857,2.194919,5.674893,-41.049893
sh.600008,首创环保,2026-04-01,3.16,3.17,3.11,3.13,66412520.0,208172332.6,0.9047,0.0,13.46795,1.099983,1.170589,40.22359
sh.600008,首创环保,2026-04-02,3.13,3.14,3.08,3.1,66558875.0,206906130.03,0.9067,-0.9585,13.338865,1.08944,1.15937,39.83806
sh.600009,上海机场,2026-04-01,27.9,28.12,27.76,28.12,7036638.0,196950135.96,0.3439,1.8103,29.569458,1.664076,5.427557,60.529461
sh.600009,上海机场,2026-04-02,28.01,28.12,27.75,27.88,6095848.0,170262287.8,0.2979,-0.8535,29.317087,1.649874,5.381234,60.012851
sh.600010,包钢股份,2026-04-01,2.55,2.68,2.51,2.63,1428524407.0,3713937282.61,4.5522,4.7809,117.505507,2.287124,1.79641,211.022049
sh.600010,包钢股份,2026-04-02,2.6,2.67,2.57,2.62,1104007382.0,2881502856.73,3.5181,-0.3802,117.058718,2.278428,1.78958,210.219684
sh.600011,华能国际,2026-04-01,7.07,7.08,7.01,7.06,87745722.0,618110779.73,0.7979,0.5698,7.691323,1.706885,0.483359,-199.500057
sh.600011,华能国际,2026-04-02,7.05,7.07,7.0,7.03,69703372.0,489698280.6,0.6338,-0.4249,7.658641,1.699632,0.481305,-198.652323
sh.600012,皖通高速,2026-04-01,15.53,15.59,15.2,15.24,4338666.0,66763793.98,0.3722,-1.3592,13.869357,2.033922,3.873935,19.655052
sh.600012,皖通高速,2026-04-02,15.23,15.37,15.15,15.34,3030080.0,46271481.4,0.26,0.6562,13.960364,2.047268,3.899354,19.784022
sh.600015,华夏银行,2026-04-01,7.36,7.46,7.35,7.38,82946230.0,614124034.15,0.5391,0.8197,4.318095,0.371983,1.277849,1.592356
sh.600015,华夏银行,2026-04-02,7.4,7.52,7.37,7.49,94647252.0,707612994.41,0.6151,1.4905,4.382456,0.377528,1.296895,1.61609
sh.600016,民生银行,2026-04-01,3.81,3.82,3.76,3.78,269083583.0,1018300027.11,0.7588,-0.2639,5.414964,0.293104,1.158419,-6.865978
sh.600016,民生银行,2026-04-02,3.78,3.78,3.74,3.76,196618704.0,739283632.61,0.5544,-0.5291,5.386313,0.291554,1.15229,-6.82965
sh.600017,日照港,2026-04-01,3.12,3.17,3.07,3.08,57261537.0,177732819.3,1.8618,-0.3236,19.147012,0.67859,1.211924,-44.816248
sh.600017,日照港,2026-04-02,3.08,3.13,3.07,3.11,50997251.0,158191222.61,1.6581,0.974,19.333509,0.6852,1.223729,-45.25277
sh.600018,上港集团,2026-04-01,5.11,5.13,5.03,5.04,75084837.0,379476343.11,0.323,-0.9823,8.649801,0.83248,2.962044,-94.006502
sh.600018,上港集团,2026-04-02,5.05,5.09,5.03,5.08,54507769.0,276415495.84,0.2345,0.7937,8.718451,0.839087,2.985552,-94.752585
sh.600019,宝钢股份,2026-04-01,6.46,6.52,6.45,6.48,78726411.0,510898339.08,0.3614,1.092,14.953325,0.691053,0.452837,85.307323
sh.600019,宝钢股份,2026-04-02,6.46,6.5,6.4,6.44,58856043.0,379422291.88,0.2702,-0.6173,14.861021,0.686787,0.450042,84.780735
sh.600020,中原高速,2026-04-01,3.91,3.93,3.87,3.88,12553112.0,48812596.8,0.5586,0.2584,8.561151,0.733501,1.219206,143.641944
sh.600020,中原高速,2026-04-02,3.87,3.9,3.84,3.84,11133752.0,42980734.2,0.4954,-1.0309,8.472892,0.725939,1.206637,142.161099
sh.600021,上海电力,2026-04-01,18.5,18.59,18.22,18.4,22486482.0,412750894.48,0.797,0.8219,19.685982,2.456778,1.226564,38.29251
sh.600021,上海电力,2026-04-02,18.4,18.5,17.64,17.76,42466775.0,761159538.45,1.5053,-3.4783,19.001252,2.371325,1.183901,36.960596
sh.600022,山东钢铁,2026-04-01,1.54,1.55,1.52,1.53,116501650.0,178540352.5,1.0889,0.6579,-12.558734,0.867495,0.244258,-53.400526
sh.600022,山东钢铁,2026-04-02,1.53,1.54,1.5,1.51,121801034.0,184549717.69,1.1384,-1.3072,-12.394567,0.856156,0.241065,-52.70248
sh.600023,浙能电力,2026-04-01,5.47,5.52,5.41,5.47,74441165.0,407113697.76,0.5552,0.7366,10.064458,0.977074,0.910894,61.009739
sh.600023,浙能电力,2026-04-02,5.47,5.55,5.43,5.51,74296809.0,408965480.42,0.5541,0.7313,10.138056,0.984219,0.917555,61.45588
sh.600025,华能水电,2026-04-01,9.93,9.96,9.79,9.86,23163200.0,228297055.0,0.1287,-0.5045,21.334128,2.673971,7.037142,45.315875
sh.600025,华能水电,2026-04-02,9.87,9.89,9.78,9.88,19007569.0,186927674.82,0.1056,0.2028,21.377402,2.679395,7.051416,45.407794
sh.600026,中远海能,2026-04-01,22.38,24.15,22.2,23.65,114321924.0,2707940393.29,3.2901,7.5,32.014496,2.785303,5.409805,15.056937
sh.600026,中远海能,2026-04-02,23.14,25.82,23.14,24.27,120764082.0,2984177498.54,3.4754,2.6216,32.853776,2.858321,5.551627,15.451665
sh.600027,华电国际,2026-04-01,4.74,4.76,4.71,4.73,106621390.0,504209346.67,1.157,0.4246,9.047915,1.14039,0.435859,331.454645
sh.600027,华电国际,2026-04-02,4.73,4.73,4.65,4.67,111766692.0,523107338.8,1.2128,-1.2685,8.933142,1.125924,0.43033,327.250146
sh.600028,中国石化,2026-04-01,5.88,5.93,5.85,5.89,168739314.0,994545199.6,0.1781,0.1701,22.391502,0.857799,0.255876,-69.542206
sh.600028,中国石化,2026-04-02,5.88,5.96,5.87,5.95,205126115.0,1215345102.09,0.2165,1.0187,22.619599,0.866537,0.258482,-70.250616
sh.600029,南方航空,2026-04-01,5.78,5.95,5.78,5.93,159417938.0,936571572.3,1.1829,4.9558,125.387493,3.020154,0.589594,-29.999185
sh.600029,南方航空,2026-04-02,5.86,5.87,5.72,5.74,128743957.0,742291374.16,0.9553,-3.204,121.370018,2.923387,0.570703,-29.037997
sh.600030,中信证券,2026-04-01,24.43,24.6,24.25,24.51,117145939.0,2865740076.76,0.9621,1.9551,12.077749,1.289641,4.852778,2.987741
sh.600030,中信证券,2026-04-02,24.47,24.47,24.08,24.13,78873570.0,1911165159.22,0.6477,-1.5504,11.890497,1.269647,4.777541,2.94142
sh.600031,三一重工,2026-04-01,19.81,20.33,19.69,20.3,130414126.0,2619102533.19,1.5389,5.6191,22.199967,2.113166,2.080932,56.080863
sh.600031,三一重工,2026-04-02,20.12,20.38,19.85,20.07,68669521.0,1378866734.87,0.8103,-1.133,21.948441,2.089224,2.057355,55.445464
sh.600032,浙江新能,2026-04-01,10.1,10.16,9.71,9.8,75652934.0,745773578.28,3.1461,-1.7051,43.966798,1.820046,4.809052,29.609169
sh.600032,浙江新能,2026-04-02,9.8,9.89,9.34,9.37,81073146.0,773443159.01,3.3715,-4.3878,42.037643,1.740187,4.598043,28.309991
sh.600033,福建高速,2026-04-01,3.81,3.88,3.76,3.78,39480876.0,149673549.78,1.4386,-1.5625,12.820658,0.834416,3.395164,9.807658
sh.600033,福建高速,2026-04-02,3.76,3.82,3.75,3.77,30476400.0,115283334.0,1.1105,-0.2646,12.786741,0.832209,3.386182,9.781712
sh.600035,楚天高速,2026-04-01,3.88,3.9,3.86,3.9,9775916.0,37967711.24,0.6072,1.0363,9.325914,0.70524,1.162878,-43.932218
sh.600035,楚天高速,2026-04-02,3.89,3.91,3.87,3.88,7765356.0,30169813.28,0.4823,-0.5128,9.278089,0.701623,1.156914,-43.706924
sh.600036,招商银行,2026-04-01,39.56,40.04,39.42,39.82,88152581.0,3510509344.77,0.4273,1.2716,6.686959,0.916777,2.975286,-21.502072
sh.600036,招商银行,2026-04-02,39.86,39.92,39.58,39.76,53462988.0,2124222800.52,0.2592,-0.1507,6.676884,0.915396,2.970803,-21.469673
sh.600037,歌华有线,2026-04-01,7.48,7.57,7.4,7.5,15065000.0,112891182.53,1.0824,2.1798,304.208255,0.823559,4.702472,-10.271401
sh.600037,歌华有线,2026-04-02,7.48,7.49,7.29,7.33,10561000.0,77794185.0,0.7588,-2.2667,297.312868,0.804891,4.595883,-10.038583
sh.600038,中直股份,2026-04-01,34.05,34.22,33.58,33.84,7717412.0,260738581.83,1.1537,0.237,42.562775,1.578336,0.953888,-2.870401
sh.600038,中直股份,2026-04-02,33.74,33.96,33.5,33.61,5326400.0,179263823.0,0.7963,-0.6797,42.273489,1.567608,0.947405,-2.850892
sh.600039,四川路桥,2026-04-01,10.11,10.16,9.42,9.46,37554185.0,364233635.42,0.4319,-6.0576,10.632396,1.653793,0.75717,32.328371
sh.600039,四川路桥,2026-04-02,9.45,9.67,9.4,9.6,22984640.0,219696615.35,0.2643,1.4799,10.789747,1.678267,0.768375,32.806803
sh.600048,保利发展,2026-04-01,5.88,5.91,5.83,5.89,69500465.0,408321919.54,0.5806,1.2027,68.74478,0.365563,0.228721,-11.605401
sh.600048,保利发展,2026-04-02,5.87,5.87,5.68,5.7,125861948.0,724782457.59,1.0514,-3.2258,66.527207,0.35377,0.221343,-11.231034
sh.600050,中国联通,2026-04-01,4.5,4.51,4.47,4.48,113110847.0,507294223.34,0.3676,0.6742,15.346752,0.830794,0.357105,-41.984809
sh.600050,中国联通,2026-04-02,4.47,4.48,4.41,4.43,121358547.0,538370817.92,0.3916,-1.1161,15.175471,0.821522,0.353119,-41.516229
sh.600051,宁波联合,2026-04-01,7.84,7.87,7.66,7.72,6561300.0,50830207.0,2.1106,0.0,25.74526,0.706375,1.440767,-30.437408
sh.600051,宁波联合,2026-04-02,7.72,7.81,7.57,7.63,5808467.0,44504898.87,1.8684,-1.1658,25.445121,0.69814,1.42397,-30.082568
sh.600052,东望时代,2026-04-01,4.06,4.07,3.97,4.01,8591800.0,34396481.0,1.0178,0.25,-8.590405,1.250253,5.016598,53.783611
sh.600052,东望时代,2026-04-02,4.0,4.02,3.9,3.94,7953700.0,31459156.0,0.9422,-1.7456,-8.440448,1.228428,4.929027,52.844745
sh.600053,九鼎投资,2026-04-01,15.18,15.3,15.11,15.26,2200300.0,33497601.0,0.5075,1.4628,-20.341645,2.573093,23.677533,-36.222907
sh.600053,九鼎投资,2026-04-02,15.18,15.28,14.63,14.97,5274700.0,78671626.0,1.2167,-1.9004,-19.955074,2.524194,23.227567,-35.53453
sh.600054,黄山旅游,2026-04-01,13.13,13.56,12.97,13.48,12903324.0,172038233.0,2.5138,3.6923,34.668374,2.053816,4.785165,13.543565
sh.600054,黄山旅游,2026-04-02,13.48,13.48,13.03,13.18,11537787.0,152093955.62,2.2478,-2.2255,33.896823,2.008108,4.678671,13.242151
sh.600055,万东医疗,2026-04-01,14.89,14.95,14.77,14.9,2752400.0,40964873.0,0.3915,1.0855,-45.973865,2.349972,7.777033,-57.112969
sh.600055,万东医疗,2026-04-02,14.9,15.04,14.84,14.92,3167484.0,47351071.96,0.4505,0.1342,-46.035575,2.353127,7.787472,-57.189631
sh.600056,中国医药,2026-04-01,10.36,10.47,10.2,10.46,15624960.0,162266528.04,1.0449,1.85,30.479434,1.320084,0.470829,-79.240852
sh.600056,中国医药,2026-04-02,10.46,10.6,10.46,10.54,23224540.0,244745905.0,1.5531,0.7648,30.712546,1.330181,0.47443,-79.846901
sh.600057,厦门象屿,2026-04-01,8.12,8.25,8.0,8.08,19648081.0,158803510.85,0.939,0.0,10.613955,1.416724,0.059486,15.687484
sh.600057,厦门象屿,2026-04-02,8.08,8.16,8.03,8.1,12807537.0,103733704.94,0.6121,0.2475,10.640227,1.420231,0.059633,15.726315
sh.600058,五矿发展,2026-04-01,11.25,11.3,11.05,11.11,7457558.0,83072867.96,0.6957,0.1803,623.37917,2.440043,0.22545,21.039093
sh.600058,五矿发展,2026-04-02,11.1,11.14,10.88,10.95,7193901.0,79211538.98,0.6711,-1.4401,614.401612,2.404903,0.222203,20.736099
sh.600059,古越龙山,2026-04-01,8.93,9.18,8.92,9.1,11801183.0,107146164.17,1.2946,2.4775,40.307698,1.426487,4.528567,-39.158072
sh.600059,古越龙山,2026-04-02,9.07,9.08,8.98,9.01,6318251.0,57044028.0,0.6931,-0.989,39.909051,1.412379,4.483779,-38.770795
sh.600060,海信视像,2026-04-01,22.4,23.15,22.36,23.08,22803612.0,522757537.9,1.7539,3.22,12.273276,1.416676,0.522177,65.387981
sh.600060,海信视像,2026-04-02,23.02,23.07,22.75,22.87,9834484.0,225161341.88,0.7564,-0.9099,12.161604,1.403786,0.517426,64.79303
sh.600061,国投资本,2026-04-01,7.01,7.04,6.97,7.01,22815806.0,159702544.34,0.3568,1.1544,12.929113,0.83521,2.863281,1.302276
sh.600061,国投资本,2026-04-02,6.99,7.0,6.91,6.95,17823985.0,123880120.44,0.2788,-0.8559,12.818451,0.828062,2.838773,1.29113
sh.600062,华润双鹤,2026-04-01,18.69,18.84,18.48,18.79,14539749.0,271994014.75,1.4076,1.1847,11.849158,1.677407,1.773959,-20.976009
sh.600062,华润双鹤,2026-04-02,18.81,19.0,18.72,18.89,14078380.0,265488199.6,1.3629,0.5322,11.912219,1.686334,1.7834,-21.087643
sh.600063,皖维高新,2026-04-01,6.86,6.93,6.79,6.84,28177173.0,193079501.95,1.3618,1.4837,32.61032,1.687662,1.766374,43.540931
sh.600063,皖维高新,2026-04-02,6.8,6.85,6.64,6.71,25964712.0,175033129.52,1.2549,-1.9006,31.990534,1.655587,1.732803,42.713399
sh.600064,南京高科,2026-04-01,8.42,8.54,8.38,8.4,16141181.0,136051129.04,0.9328,0.5988,6.250963,0.738117,5.078122,-73.792635
sh.600064,南京高科,2026-04-02,8.38,8.43,8.31,8.33,10107084.0,84503869.72,0.5841,-0.8333,6.198872,0.731966,5.035805,-73.177696
sh.600066,宇通客车,2026-04-01,36.89,38.12,36.12,37.24,91215301.0,3393680667.36,4.12,3.8483,14.843346,5.284397,1.990218,-40.225
sh.600066,宇通客车,2026-04-02,37.24,38.5,36.32,38.25,52000153.0,1972884315.64,2.3488,2.7121,15.245918,5.427717,2.044195,-41.315958
sh.600067,冠城新材,2026-04-01,4.04,4.07,3.97,4.0,23040100.0,92308254.0,1.6556,0.0,-10.871214,0.98957,0.526112,7.512569
sh.600067,冠城新材,2026-04-02,4.01,4.01,3.86,3.89,21338991.0,83838077.9,1.5333,-2.75,-10.572256,0.962357,0.511644,7.305973
sh.600071,凤凰光学,2026-04-01,19.0,19.89,18.91,19.38,5483182.0,106601266.47,1.9473,3.6918,86.857676,10.829797,3.381972,107.171476
sh.600071,凤凰光学,2026-04-02,19.29,19.64,18.97,19.09,2262200.0,43516470.0,0.8034,-1.4964,85.557949,10.667741,3.331364,105.567775
sh.600072,中船科技,2026-04-01,12.98,13.09,12.66,12.78,20215385.0,259942354.09,1.866,0.1567,-15.763512,1.975705,1.965778,-38.645127
sh.600072,中船科技,2026-04-02,12.76,12.91,12.35,12.45,19679000.0,247346972.0,1.8165,-2.5822,-15.356473,1.924689,1.915018,-37.647249
sh.600073,光明肉业,2026-04-01,5.93,5.97,5.86,5.9,7864600.0,46405083.0,0.8387,0.0,-41.774996,1.178967,0.250005,33.117293
sh.600073,光明肉业,2026-04-02,5.88,6.01,5.86,5.92,7734295.0,45903783.95,0.8248,0.339,-41.916606,1.182964,0.250852,33.229555
sh.600075,新疆天业,2026-04-01,7.2,7.29,6.98,7.0,36229072.0,255496934.36,2.1214,-3.8462,182.43012,1.336101,1.055363,39.407428
sh.600075,新疆天业,2026-04-02,6.99,7.0,6.3,6.36,97324421.0,624554432.08,5.6988,-9.1429,165.750795,1.213943,0.958873,35.804463
sh.600076,康欣新材,2026-04-01,3.65,3.69,3.53,3.55,21321100.0,76328727.78,1.5858,0.5666,-12.005663,1.252341,12.358566,26.355868
sh.600076,康欣新材,2026-04-02,3.54,3.58,3.44,3.46,15000556.0,52501533.53,1.1157,-2.5352,-11.701294,1.220591,12.04525,25.687691
sh.600078,澄星股份,2026-04-01,11.59,11.67,11.32,11.4,13570331.0,155225373.47,2.0481,0.3521,-74.909895,4.444914,2.156425,136.23304
sh.600078,澄星股份,2026-04-02,11.35,11.35,11.01,11.11,13588601.0,151693449.1,2.0509,-2.5439,-73.004293,4.331842,2.101568,132.767462
sh.600079,ST人福,2026-04-01,19.01,19.18,18.82,19.07,12753954.0,242720424.08,0.8265,1.2746,16.776786,1.645748,1.298996,95.314523
sh.600079,ST人福,2026-04-02,19.06,19.3,18.9,18.95,12529861.0,238994200.32,0.812,-0.6293,16.671216,1.635392,1.290822,94.714746
sh.600080,金花股份,2026-04-01,8.59,8.96,8.5,8.81,11593812.0,101409491.2,3.106,3.1616,41.98685,2.075563,5.974343,-155.482947
sh.600080,金花股份,2026-04-02,8.81,8.97,8.71,8.79,9842600.0,86818171.0,2.6369,-0.227,41.891534,2.070852,5.960781,-155.129978
sh.600081,东风科技,2026-04-01,11.3,11.43,11.29,11.32,1662728.0,18882681.2,0.3007,0.3546,119.486931,1.365422,0.94455,-18.642097
sh.600081,东风科技,2026-04-02,11.3,11.3,11.09,11.14,1413915.0,15825469.55,0.2557,-1.5901,117.586962,1.343711,0.929531,-18.345668
sh.600082,海泰发展,2026-04-01,3.59,3.62,3.47,3.52,16852057.0,59386852.79,2.6566,0.0,37.633371,1.278824,3.032056,4.33184
sh.600082,海泰发展,2026-04-02,3.53,3.55,3.42,3.47,16359800.0,56850152.0,2.579,-1.4205,37.098807,1.260658,2.988987,4.270308
sh.600084,中信尼雅,2026-04-01,7.1,7.1,6.98,7.03,4595200.0,32262747.0,0.4089,0.8608,665.673449,6.106117,49.609397,861.708941
sh.600084,中信尼雅,2026-04-02,7.0,7.06,6.89,6.93,4622201.0,32159907.91,0.4113,-1.4225,656.20441,6.019259,48.903715,849.451346
sh.600085,同仁堂,2026-04-01,27.93,28.8,27.92,28.66,12123619.0,344230560.51,0.884,3.1677,33.047911,2.878188,2.277812,214.847701
sh.600085,同仁堂,2026-04-02,28.6,28.78,28.13,28.22,7701029.0,218652161.37,0.5615,-1.5352,32.540546,2.834001,2.242842,211.549271
sh.600088,中视传媒,2026-04-01,14.5,14.58,14.27,14.34,2398508.0,34440440.56,0.6031,0.0,-73.640157,4.517506,5.094908,137.861862
sh.600088,中视传媒,2026-04-02,14.31,14.43,14.12,14.29,3076805.0,43900984.58,0.7736,-0.3487,-73.383392,4.501754,5.077144,137.381172
sh.600089,特变电工,2026-04-01,26.98,27.08,26.5,26.78,128957679.0,3447253882.56,2.5522,1.0566,25.437485,1.966479,1.373944,41.760024
sh.600089,特变电工,2026-04-02,26.82,27.37,26.06,26.17,144072954.0,3839223106.18,2.8514,-2.2778,24.858065,1.921686,1.342648,40.808806
sh.600094,大名城,2026-04-01,4.13,4.16,4.09,4.12,14481559.0,59612070.67,0.6811,0.7335,-4.144493,0.922294,4.16923,-46.844773
sh.600094,大名城,2026-04-02,4.14,4.24,4.1,4.18,28197006.0,117566772.69,1.3262,1.4563,-4.20485,0.935726,4.229947,-47.526979
sh.600095,湘财股份,2026-04-01,9.39,9.42,9.29,9.39,16812500.0,157417745.7,0.588,1.2945,57.84591,2.189942,11.096307,8.333786
sh.600095,湘财股份,2026-04-02,9.35,9.35,9.18,9.23,15711601.0,145542873.28,0.5495,-1.7039,56.86025,2.152626,10.907232,8.191783
sh.600096,云天化,2026-04-01,33.8,33.96,33.24,33.5,39323652.0,1316487028.66,2.1571,0.3294,11.84439,2.484413,1.261392,-30.289599
sh.600096,云天化,2026-04-02,33.29,33.3,32.0,32.67,46451618.0,1523079414.4,2.5481,-2.4776,11.550932,2.422859,1.230139,-29.53914
sh.600097,开创国际,2026-04-01,10.9,10.99,10.84,10.98,4620800.0,50491140.0,1.9178,1.8553,35.801049,1.140712,1.132241,-27.254224
sh.600097,开创国际,2026-04-02,10.95,11.02,10.7,10.81,3224500.0,34962902.0,1.3383,-1.5483,35.246752,1.12305,1.11471,-26.832255
sh.600098,广州发展,2026-04-01,7.19,7.23,7.01,7.11,51139833.0,362301037.58,1.4587,-0.4202,10.819663,0.90635,0.49575,-8.152267
sh.600098,广州发展,2026-04-02,7.07,7.17,7.05,7.16,29821299.0,212385734.8,0.8506,0.7032,10.895751,0.912724,0.499236,-8.209597
sh.600099,林海股份,2026-04-01,11.5,11.75,11.25,11.31,8201600.0,93709786.0,3.743,-0.0883,100.935755,4.535862,2.190722,244.578207
sh.600099,林海股份,2026-04-02,11.28,11.51,11.11,11.21,6464401.0,73098435.21,2.9502,-0.8842,100.043308,4.495757,2.171352,242.415712
sh.600100,同方股份,2026-04-01,8.06,8.09,7.97,8.05,32616101.0,261738096.98,0.9735,1.8987,159.357689,1.668843,1.699443,18.654995
sh.600100,同方股份,2026-04-02,8.03,8.05,7.73,7.78,38883256.0,305204995.08,1.1606,-3.354,154.012773,1.61287,1.642443,18.0293
sh.600101,明星电力,2026-04-01,9.7,9.78,9.48,9.57,24459170.0,234913383.46,4.4645,-0.3125,28.471489,1.699615,1.735418,-43.687012
sh.600101,明星电力,2026-04-02,9.69,10.53,9.62,9.96,70140679.0,711959906.43,12.8026,4.0752,29.631769,1.768878,1.80614,-45.467361
sh.600103,青山纸业,2026-04-01,3.5,3.55,3.42,3.51,57224273.0,199600812.12,2.5866,2.3324,124.836876,1.979409,3.329479,175.409888
sh.600103,青山纸业,2026-04-02,3.49,3.55,3.46,3.51,42609181.0,149609074.3,1.926,0.0,124.836876,1.979409,3.329479,175.409888
sh.600104,上汽集团,2026-04-01,14.76,14.84,14.62,14.82,71431154.0,1054221739.81,0.6214,1.5764,59.570305,0.576469,0.255758,6.885698
sh.600104,上汽集团,2026-04-02,14.83,14.83,14.26,14.31,107388373.0,1544171800.2,0.9342,-3.4413,16.277525,0.550504,0.250665,-3.565292
sh.600105,永鼎股份,2026-04-01,28.5,30.51,28.5,30.51,235413212.0,6972947484.06,16.1022,9.9856,133.867081,13.517717,9.353276,97.790178
sh.600105,永鼎股份,2026-04-02,30.3,31.88,29.7,30.29,219899033.0,6791504821.56,15.041,-0.7211,132.901799,13.420244,9.285832,97.085037
sh.600106,重庆路桥,2026-04-01,5.46,5.51,5.45,5.5,7795872.0,42728364.28,0.5866,1.6636,31.807481,1.411568,64.731668,-28.483979
sh.600106,重庆路桥,2026-04-02,5.49,5.49,5.32,5.34,9631942.0,51983791.21,0.7247,-2.9091,30.882172,1.370504,62.848565,-27.655354
sh.600107,ST尔雅,2026-04-01,6.3,6.5,6.3,6.5,10232820.0,66149762.2,2.8425,5.0081,-42.368397,5.125858,9.580296,-129.02564
sh.600107,ST尔雅,2026-04-02,6.4,6.54,6.19,6.21,8528010.0,54090481.0,2.3689,-4.4615,-40.478115,4.897166,9.152867,-123.269112
sh.600108,亚盛集团,2026-04-01,4.67,4.69,4.5,4.64,122275116.0,562256119.34,6.2805,1.978,95.189479,2.093872,2.088684,163.383422
sh.600108,亚盛集团,2026-04-02,4.69,4.7,4.51,4.55,80071488.0,366493555.0,4.1127,-1.9397,93.343131,2.053258,2.048171,160.214347
sh.600109,国金证券,2026-04-01,8.46,8.49,8.4,8.47,17722166.0,149872178.36,0.4783,1.074,12.670588,0.898657,3.681491,2.982463
sh.600109,国金证券,2026-04-02,8.46,8.46,8.3,8.33,20941000.0,175052997.41,0.5652,-1.6529,12.461157,0.883804,3.62064,2.933166
sh.600110,诺德股份,2026-04-01,9.25,9.83,9.01,9.08,336772089.0,3154516005.17,19.4085,-1.5184,-69.119832,2.676787,2.476984,-52.290424
sh.600110,诺德股份,2026-04-02,8.98,9.37,8.5,9.34,275499143.0,2504704972.71,15.8773,2.8634,-71.099034,2.753435,2.547911,-53.787727
sh.600111,北方稀土,2026-04-01,48.49,48.78,47.79,48.48,67018940.0,3236903653.45,1.8539,1.6779,81.885448,7.337527,4.203024,504.070432
sh.600111,北方稀土,2026-04-02,48.0,48.48,47.25,47.58,44700619.0,2132383395.83,1.2365,-1.8564,80.365297,7.201311,4.124998,494.712688
sh.600113,浙江东日,2026-04-01,49.42,50.68,48.5,48.69,3536101.0,174246036.4,0.8595,-1.1972,142.347461,8.032674,26.511913,-90.935501
sh.600113,浙江东日,2026-04-02,48.75,48.78,46.41,47.2,5857158.0,276663754.58,1.4236,-3.0602,137.991377,7.78686,25.700601,-88.152714
sh.600114,东睦股份,2026-04-01,28.32,28.71,28.09,28.56,11839290.0,336542268.4,1.9208,2.8818,33.666274,5.560929,3.03122,108.581272
sh.600114,东睦股份,2026-04-02,28.28,28.33,27.3,27.51,11295274.0,313358479.77,1.8325,-3.6765,32.428544,5.356483,2.919778,104.589313
sh.600115,中国东航,2026-04-01,4.45,4.6,4.37,4.54,308851391.0,1391168544.02,1.8141,6.8235,-61.407425,7.900908,0.716576,32.431541
sh.600115,中国东航,2026-04-02,4.46,4.49,4.28,4.37,240100927.0,1043972467.67,1.4103,-3.7445,-59.108028,7.605059,0.689744,31.217144
sh.600116,三峡水利,2026-04-01,6.8,6.88,6.7,6.81,28782169.0,195466638.62,1.5052,1.6418,47.004212,1.14941,1.32462,10.386485
sh.600116,三峡水利,2026-04-02,6.79,6.9,6.66,6.74,28222525.0,190227403.0,1.476,-1.0279,46.521056,1.137596,1.311005,10.279722
sh.600117,西宁特钢,2026-04-01,2.68,2.69,2.62,2.66,13120300.0,34659879.0,0.4031,0.3774,-8.468684,2.15252,1.46064,131.591612
sh.600117,西宁特钢,2026-04-02,2.65,2.65,2.59,2.6,12292271.0,32139420.31,0.3776,-2.2556,-8.277661,2.103967,1.427693,128.623381
sh.600118,中国卫星,2026-04-01,83.0,83.28,79.08,79.94,39198900.0,3152605476.03,3.3149,-2.3455,2658.520441,14.851143,15.488946,-293.311545
sh.600118,中国卫星,2026-04-02,79.95,80.68,78.0,78.29,23260266.0,1839643991.28,1.9671,-2.064,2603.647302,14.544608,15.169246,-287.257453
sh.600119,长江投资,2026-04-01,6.18,6.22,6.11,6.21,7209400.0,44459041.49,1.9737,1.9704,-36.870772,19.00667,10.092006,-71.409394
sh.600119,长江投资,2026-04-02,6.18,6.21,5.95,6.0,6173200.0,37459504.0,1.69,-3.3816,-35.623934,18.363932,9.75073,-68.994583
sh.600120,浙江东方,2026-04-01,5.69,5.74,5.65,5.68,30534034.0,173491982.16,0.894,1.61,14.588898,1.184236,2.90662,13.029417
sh.600120,浙江东方,2026-04-02,5.67,5.67,5.51,5.53,32111310.0,178882067.1,0.9402,-2.6408,14.203628,1.152962,2.82986,12.68533
sh.600121,郑州煤电,2026-04-01,4.72,4.82,4.56,4.58,117068310.0,543551690.45,9.6083,-4.9793,-6.016631,5.950616,1.570917,-15.554586
sh.600121,郑州煤电,2026-04-02,4.59,4.75,4.56,4.6,89027943.0,413265669.31,7.3069,0.4367,-6.042905,5.976602,1.577777,-15.622509
sh.600123,兰花科创,2026-04-01,6.53,6.62,6.43,6.47,38178000.0,249131838.84,2.5914,-1.372,445.276643,0.603018,1.040202,-4.953265
sh.600123,兰花科创,2026-04-02,6.48,6.64,6.45,6.53,39853260.0,261046480.3,2.7051,0.9274,449.405947,0.60861,1.049849,-4.999199
sh.600125,铁龙物流,2026-04-01,6.95,7.0,6.8,6.81,32613809.0,223076603.95,2.4981,-1.7316,16.639677,1.152591,0.774804,-36.556087
sh.600125,铁龙物流,2026-04-02,6.85,6.89,6.78,6.84,20713604.0,141486423.44,1.5866,0.4405,16.71298,1.157668,0.778218,-36.717127
sh.600126,杭钢股份,2026-04-01,8.72,8.98,8.62,8.78,103597347.0,910150544.17,3.0676,2.5701,-367.026435,1.520475,0.486669,6.825533
sh.600126,杭钢股份,2026-04-02,8.64,9.03,8.46,8.72,113916226.0,997301405.38,3.3731,-0.6834,-364.518282,1.510085,0.483343,6.778889
sh.600127,金健米业,2026-04-01,7.47,7.54,7.28,7.37,59936412.0,442952571.46,9.339,-1.8642,229.412366,6.955823,1.258716,-51.878741
sh.600127,金健米业,2026-04-02,7.35,7.52,7.34,7.47,57067261.0,425652192.72,8.892,1.3569,232.525153,7.050203,1.275795,-52.582659
sh.600128,苏豪弘业,2026-04-01,11.0,11.08,10.77,10.86,4372700.0,47573748.0,1.772,0.277,58.548628,1.272398,0.353037,67.925321
sh.600128,苏豪弘业,2026-04-02,10.9,10.99,10.7,10.83,5229570.0,56554847.42,2.1192,-0.2762,58.386892,1.268883,0.352062,67.737682
sh.600129,太极集团,2026-04-01,16.73,16.86,16.45,16.85,9246049.0,154614172.55,1.6768,1.0192,77.062073,2.65354,0.884893,36.819962
sh.600129,太极集团,2026-04-02,16.81,17.05,16.8,16.88,10403627.0,175973043.21,1.8867,0.178,77.199276,2.658265,0.886469,36.885517
sh.600130,*ST波导,2026-04-01,4.36,4.38,4.33,4.36,11021200.0,47979465.0,1.4695,1.1601,723.962522,3.406331,6.834157,470.626472
sh.600130,*ST波导,2026-04-02,4.35,4.39,4.28,4.29,13110400.0,56979293.0,1.7481,-1.6055,712.33927,3.351642,6.724435,463.070542
sh.600131,国网信通,2026-04-01,18.78,18.92,18.45,18.58,12568478.0,234335480.56,1.051,1.0881,32.830183,3.568113,2.095014,-83.036469
sh.600131,国网信通,2026-04-02,18.65,18.78,17.78,17.91,19358855.0,351068039.55,1.6188,-3.606,31.646317,3.439446,2.019468,-80.04215
sh.600132,重庆啤酒,2026-04-01,57.11,57.64,56.84,57.22,3861091.0,220658794.94,0.7978,0.9527,22.498089,20.11084,1.881067,-82.663861
sh.600132,重庆啤酒,2026-04-02,57.0,58.5,56.85,57.99,4809585.0,277792311.26,0.9938,1.3457,22.800842,20.381468,1.906381,-83.776255
sh.600133,东湖高新,2026-04-01,8.88,8.94,8.8,8.83,11908958.0,105371794.54,1.1169,1.0297,24.438511,1.072931,2.4964,-133.210718
sh.600133,东湖高新,2026-04-02,8.78,8.83,8.57,8.67,12808846.0,111241713.42,1.2013,-1.812,23.995684,1.05349,2.451165,-130.796934
sh.600135,乐凯胶片,2026-04-01,11.34,11.39,10.81,10.92,38654449.0,424900171.29,6.9861,-1.7986,-61.199472,2.539878,4.578096,103.310235
sh.600135,乐凯胶片,2026-04-02,10.9,10.93,10.42,10.49,27013501.0,285622550.57,4.8822,-3.9377,-58.789603,2.439865,4.397823,99.242158
sh.600136,ST明诚,2026-04-01,1.9,1.92,1.83,1.88,67339969.0,126009160.1,3.4656,-1.0526,-48.597313,16.132143,5.530808,-322.138605
sh.600136,ST明诚,2026-04-02,1.87,1.88,1.8,1.81,48591869.0,89025310.34,2.5008,-3.7234,-46.787839,15.531478,5.324873,-310.144082
sh.600137,浪莎股份,2026-04-01,23.2,23.2,22.57,22.76,5305900.0,121308098.0,5.4578,-0.9142,80.562943,4.077269,5.787646,18.544708
sh.600137,浪莎股份,2026-04-02,22.74,23.08,21.22,21.5,4765500.0,103963642.0,4.9019,-5.536,76.102956,3.85155,5.46724,17.518068
sh.600138,中青旅,2026-04-01,9.25,9.31,9.18,9.3,8352272.0,77351783.6,1.1539,1.3072,80.247189,1.05526,0.593674,66.61437
sh.600138,中青旅,2026-04-02,9.29,9.29,9.14,9.19,6192804.0,57012600.15,0.8555,-1.1828,79.298029,1.042778,0.586652,65.826458
sh.600141,兴发集团,2026-04-01,33.99,34.18,33.33,33.65,14500357.0,488448086.34,1.2066,0.8089,25.188343,1.859487,1.342261,-108.002074
sh.600141,兴发集团,2026-04-02,33.64,33.64,32.58,32.84,19904362.0,657361830.65,1.6563,-2.4071,24.582027,1.814726,1.309951,-105.402322
sh.600143,金发科技,2026-04-01,17.01,17.07,16.75,16.9,44796309.0,756213355.1,1.7002,1.1976,36.917038,2.333013,0.639178,89.950122
sh.600143,金发科技,2026-04-02,16.81,16.82,16.21,16.25,53216422.0,877164986.98,2.0197,-3.8462,35.497152,2.243282,0.614594,86.490502
sh.600148,长春一东,2026-04-01,18.55,18.66,18.18,18.38,1464704.0,26879258.18,1.035,0.9336,275.064953,5.477434,3.553913,-37.047019
sh.600148,长春一东,2026-04-02,18.16,18.46,17.78,17.99,1381595.0,24938868.6,0.9763,-2.1219,269.228428,5.36121,3.478503,-36.260929
sh.600149,廊坊发展,2026-04-01,6.81,7.08,6.46,6.59,64941160.0,431853025.4,17.0826,-6.392,155.646263,10.74081,12.037361,-262.203809
sh.600149,廊坊发展,2026-04-02,6.6,6.77,6.08,6.12,47753900.0,301843435.4,12.5615,-7.132,144.545543,9.974774,11.178855,-243.503386
sh.600150,中国船舶,2026-04-01,31.3,31.44,30.88,31.05,57389820.0,1785576951.49,0.7626,0.6809,34.621278,1.655623,2.461249,-53.179454
sh.600150,中国船舶,2026-04-02,31.0,31.21,30.62,30.9,47942673.0,1482401611.99,0.6371,-0.4831,34.454025,1.647625,2.449359,-52.922548
sh.600151,航天机电,2026-04-01,13.85,13.89,13.11,13.23,50730686.0,675358016.72,3.5371,-3.2187,-42.638402,4.278845,5.263541,-5269.391713
sh.600151,航天机电,2026-04-02,13.18,13.43,13.0,13.1,30082039.0,396196727.86,2.0974,-0.9826,-42.219431,4.236801,5.211821,-5217.613866
sh.600152,维科技术,2026-04-01,10.66,11.23,10.06,10.4,92531450.0,976640066.3,17.4891,-0.5736,-62.116033,3.231526,3.779817,93.614666
sh.600152,维科技术,2026-04-02,10.35,10.53,9.92,9.99,54886500.0,558660394.0,10.374,-3.9423,-59.667227,3.104129,3.630805,89.924088
sh.600153,建发股份,2026-04-01,8.95,9.07,8.83,8.86,16842251.0,150373271.32,0.5809,-0.2252,12.616592,0.461263,0.036797,2.530366
sh.600153,建发股份,2026-04-02,8.82,8.95,8.76,8.93,12197227.0,108123497.84,0.4207,0.7901,12.716271,0.464907,0.037088,2.550358
sh.600155,华创云信,2026-04-01,6.36,6.36,6.3,6.33,15904300.0,100670047.0,0.7185,0.6359,88.368255,0.701083,4.345244,7.429744
sh.600155,华创云信,2026-04-02,6.31,6.33,6.18,6.2,18105856.0,113027704.46,0.818,-2.0537,86.553425,0.686684,4.256005,7.277158
sh.600156,华升股份,2026-04-01,7.93,7.98,7.28,7.52,25711537.0,193780965.63,6.3941,-4.6895,-85.865992,8.05983,3.794386,177.942835
sh.600156,华升股份,2026-04-02,7.47,7.51,7.22,7.27,10130351.0,74119889.74,2.5193,-3.3245,-83.011404,7.791883,3.668243,172.027182
sh.600157,永泰能源,2026-04-01,1.82,1.84,1.79,1.81,589003788.0,1065473686.4,2.6997,0.5556,134.089245,0.839078,1.665595,-1733.351294
sh.600157,永泰能源,2026-04-02,1.81,1.82,1.76,1.77,791118983.0,1408337291.88,3.626,-2.2099,131.125947,0.820535,1.628787,-1695.045188
sh.600158,中体产业,2026-04-01,11.78,11.97,11.3,11.44,124323215.0,1436152814.48,12.9569,-4.5872,591.526075,4.224826,4.97168,-1427.496963
sh.600158,中体产业,2026-04-02,11.43,12.09,11.37,11.59,100015950.0,1171029511.6,10.4236,1.3112,599.282099,4.280222,5.036869,-1446.214144
sh.600159,大龙地产,2026-04-01,3.19,3.19,3.0,3.05,22444700.0,68769106.0,2.7042,-2.5559,-13.004116,1.47468,3.623106,50.113727
sh.600159,大龙地产,2026-04-02,3.05,3.07,2.92,2.96,17760900.0,52974312.0,2.1399,-2.9508,-12.620388,1.431165,3.516195,48.634961
sh.600160,巨化股份,2026-04-01,34.82,35.03,34.19,34.88,15729351.0,545961866.61,0.5826,2.1376,23.783032,4.608229,3.494172,44.909068
sh.600160,巨化股份,2026-04-02,34.7,34.79,33.4,33.6,21653044.0,734878750.33,0.802,-3.6697,22.91026,4.43912,3.365946,43.261029
sh.600161,天坛生物,2026-04-01,15.17,15.38,15.09,15.37,9228057.0,140880453.31,0.4667,1.7207,27.861332,2.589839,4.92737,1469.86279
sh.600161,天坛生物,2026-04-02,15.37,15.42,15.2,15.25,8373572.0,128154546.48,0.4235,-0.7807,27.643807,2.56962,4.8889,1458.386959
sh.600162,香江控股,2026-04-01,1.8,1.83,1.77,1.78,32192460.0,57643992.12,0.9849,0.0,-99.172802,1.006116,3.462135,-15.091484
sh.600162,香江控股,2026-04-02,1.79,1.79,1.71,1.73,35107892.0,61145966.24,1.0741,-2.809,-96.387049,0.977855,3.364884,-14.667566
sh.600163,中闽能源,2026-04-01,7.3,7.34,6.86,6.87,150389382.0,1054624263.13,7.9028,-9.8425,22.93416,1.881547,7.574881,6.199338
sh.600163,中闽能源,2026-04-02,6.71,6.9,6.34,6.47,115971932.0,761291687.99,6.0942,-5.8224,21.598838,1.771995,7.13384,5.838387
sh.600165,ST宁科,2026-04-01,3.35,3.47,3.34,3.37,7869553.0,26705917.23,1.0737,0.597,-17.546714,-30.390415,11.155602,-3213.693566
sh.600165,ST宁科,2026-04-02,3.38,3.4,3.28,3.29,5224500.0,17425414.0,0.7128,-2.3739,-17.130175,-29.66898,10.89078,-3137.404104
sh.600166,福田汽车,2026-04-01,2.98,3.04,2.94,3.01,154212141.0,461381668.16,1.9478,2.381,31.315573,1.551262,0.415287,14.796639
sh.600166,福田汽车,2026-04-02,3.0,3.01,2.93,2.95,110739304.0,328413182.8,1.3987,-1.9934,30.691343,1.52034,0.407009,14.501689
sh.600167,联美控股,2026-04-01,6.78,6.83,6.63,6.68,19006976.0,127159945.75,0.84,-0.8902,21.781055,1.394323,4.488977,-76.527533
sh.600167,联美控股,2026-04-02,6.66,6.81,6.61,6.72,16237318.0,108799070.53,0.7176,0.5988,21.91148,1.402673,4.515857,-76.985782
sh.600168,武汉控股,2026-04-01,5.2,5.22,5.12,5.16,8548760.0,44064393.8,0.8606,0.1942,55.174719,0.953365,1.26209,-10.374104
sh.600168,武汉控股,2026-04-02,5.16,5.21,5.07,5.1,10030360.0,51407223.4,1.0097,-1.1628,54.533152,0.942279,1.247414,-10.253475
sh.600169,ST太重,2026-04-01,2.45,2.47,2.43,2.45,23599805.0,57719186.2,0.708,0.0,39.008766,1.609856,0.829456,11.57847
sh.600169,ST太重,2026-04-02,2.44,2.45,2.39,2.4,19820352.0,47917846.32,0.5946,-2.0408,38.212668,1.577002,0.812529,11.342175
sh.600170,上海建工,2026-04-01,2.77,2.8,2.75,2.77,143782089.0,398544189.54,1.6181,1.0949,12.140154,0.779901,0.100761,2.93731
sh.600170,上海建工,2026-04-02,2.76,2.77,2.7,2.71,134312613.0,366058099.53,1.5115,-2.1661,11.87719,0.763007,0.098578,2.873686
sh.600171,上海贝岭,2026-04-01,27.45,27.5,27.19,27.27,5931190.0,161900523.06,0.8366,0.9626,81.837982,4.272338,6.091375,90.26797
sh.600171,上海贝岭,2026-04-02,27.2,27.23,26.32,26.39,9019177.0,240860193.07,1.2722,-3.227,79.197079,4.13447,5.894807,87.355033
sh.600172,黄河旋风,2026-04-01,8.17,8.19,7.83,7.89,76113064.0,606120911.97,5.9638,0.0,-10.529523,11.524349,8.307173,689.446272
sh.600172,黄河旋风,2026-04-02,7.85,8.08,7.58,7.7,96613451.0,753711666.94,7.5701,-2.4081,-10.27596,11.24683,8.107127,672.843637
sh.600173,卧龙新能,2026-04-01,7.33,7.4,7.03,7.1,16584850.0,118491410.0,2.3679,-2.2039,-26.600726,1.394978,1.641678,-52.580136
sh.600173,卧龙新能,2026-04-02,7.05,7.12,6.74,6.8,15041600.0,103262829.0,2.1475,-4.2254,-25.476751,1.336035,1.572311,-50.35844
sh.600176,中国巨石,2026-04-01,25.85,26.68,25.44,25.71,84992842.0,2200168177.09,2.1232,5.7589,31.326089,3.309923,5.451057,294.683111
sh.600176,中国巨石,2026-04-02,25.7,26.05,25.3,25.63,57934654.0,1482720883.4,1.4472,-0.3112,31.228614,3.299624,5.434095,293.766166
sh.600177,雅戈尔,2026-04-01,7.71,7.73,7.6,7.67,25521655.0,195773332.3,0.552,0.0,13.614676,0.828241,2.822137,7.734692
sh.600177,雅戈尔,2026-04-02,7.7,7.76,7.65,7.67,19177429.0,147641614.64,0.4148,0.0,13.614676,0.828241,2.822137,7.734692
sh.600178,东安动力,2026-04-01,11.22,11.28,11.14,11.2,3280400.0,36753565.0,0.7032,0.9009,1290.99474,2.053927,0.968878,-376.924912
sh.600178,东安动力,2026-04-02,11.14,11.32,11.1,11.16,3618500.0,40534512.0,0.7757,-0.3571,1286.384044,2.046592,0.965418,-375.578751
sh.600179,安通控股,2026-04-01,4.48,4.5,4.42,4.46,34082836.0,151682254.84,0.8825,0.905,17.378246,1.59174,2.078458,-46.196556
sh.600179,安通控股,2026-04-02,4.49,4.58,4.45,4.49,54427668.0,245462250.74,1.4092,0.6726,17.49514,1.602446,2.092439,-46.507295
sh.600180,瑞茂通,2026-04-01,3.51,3.55,3.44,3.47,11433300.0,39730493.19,1.0522,0.0,234.96545,0.478391,0.151022,-10.972212
sh.600180,瑞茂通,2026-04-02,3.45,3.47,3.33,3.38,12924600.0,43914958.19,1.1894,-2.5937,228.871245,0.465983,0.147105,-10.68763
sh.600182,S佳通,2026-04-01,13.71,13.82,13.63,13.75,1223800.0,16800811.0,0.7199,0.9545,33.482947,4.146892,0.96769,-14.746592
sh.600182,S佳通,2026-04-02,13.69,13.86,13.53,13.62,1408200.0,19237552.0,0.8284,-0.9455,33.166381,4.107685,0.958541,-14.607169
sh.600183,生益科技,2026-04-01,55.55,55.98,54.55,55.1,33170513.0,1827210494.39,1.3853,1.7168,40.145431,8.61681,4.707672,-1180.032754
sh.600183,生益科技,2026-04-02,54.14,54.49,51.2,51.63,62601269.0,3281527282.26,2.6144,-6.2976,37.617216,8.074154,4.4112,-1105.718532
sh.600184,光电股份,2026-04-01,20.25,20.25,18.74,19.3,113581805.0,2260563712.32,19.4914,4.8343,-61.613821,3.319188,6.742147,13.56251
sh.600184,光电股份,2026-04-02,18.39,19.2,18.18,18.46,79157734.0,1477983708.64,13.584,-4.3523,-58.932183,3.174726,6.448706,12.972224
sh.600185,珠免集团,2026-04-01,5.78,5.81,5.69,5.75,20934286.0,120104908.2,1.1106,1.2324,-7.279441,18.931606,3.18531,-9.20764
sh.600185,珠免集团,2026-04-02,5.72,5.75,5.63,5.65,17962809.0,101934324.54,0.9529,-1.7391,-7.152842,18.602361,3.129913,-9.047507
sh.600186,莲花控股,2026-04-01,7.2,7.6,7.19,7.33,251650730.0,1859327374.23,14.1354,3.2394,45.274953,6.891716,4.103482,52.880153
sh.600186,莲花控股,2026-04-02,7.34,7.46,7.04,7.08,202153591.0,1452176017.23,11.3551,-3.4106,43.730787,6.656665,3.963527,51.076601
sh.600187,国中水务,2026-04-01,1.92,1.92,1.88,1.9,23632150.0,44811112.5,1.4644,1.0638,166.269552,0.963891,16.476592,255.315319
sh.600187,国中水务,2026-04-02,1.9,1.91,1.84,1.86,23854310.0,44631117.5,1.4782,-2.1053,162.76914,0.943599,16.129716,249.940259
sh.600188,兖矿能源,2026-04-01,19.0,19.67,18.74,19.01,86486493.0,1660308441.97,1.4508,-1.7571,22.767413,2.660756,1.316558,-39.680395
sh.600188,兖矿能源,2026-04-02,19.2,19.58,19.05,19.36,47587963.0,920348479.51,0.7983,1.8411,23.186592,2.709744,1.340798,-40.410965
sh.600189,泉阳泉,2026-04-01,7.61,7.63,7.37,7.49,12143115.0,90731092.2,1.6979,0.0,355.256416,4.36824,4.258291,-14.158327
sh.600189,泉阳泉,2026-04-02,7.51,7.56,7.42,7.46,11300910.0,84453899.3,1.5801,-0.4005,353.833493,4.350744,4.241235,-14.101618
sh.600191,华资实业,2026-04-01,12.3,12.38,12.09,12.18,4048601.0,49431202.18,0.8349,0.578,150.261728,3.488761,11.429172,174.665085
sh.600191,华资实业,2026-04-02,12.11,12.2,11.7,11.8,5969123.0,71247278.56,1.2309,-3.1199,145.573759,3.379916,11.072597,169.215764
sh.600192,长城电工,2026-04-01,8.78,8.83,8.55,8.63,7146990.0,61705881.8,1.6179,-0.1157,-14.426155,3.75947,2.485745,60.306534
sh.600192,长城电工,2026-04-02,8.65,8.88,8.39,8.45,9072500.0,77928208.0,2.0538,-2.0857,-14.125262,3.681057,2.433899,59.048692
sh.600193,*ST创兴,2026-04-01,4.15,4.17,3.92,3.99,11062400.0,44390781.0,2.6006,-2.9197,-9.368755,19.058463,-313.51786,110.788847
sh.600193,*ST创兴,2026-04-02,3.97,4.02,3.81,3.89,7228400.0,28295830.0,1.6993,-2.5063,-9.133949,18.580807,-305.660269,108.012184
sh.600195,中牧股份,2026-04-01,7.5,7.59,7.41,7.58,7792460.0,58453732.15,0.7631,2.2942,36.09577,1.353829,1.232314,26.921866
sh.600195,中牧股份,2026-04-02,7.59,8.3,7.54,8.12,54517444.0,439262993.52,5.3388,7.124,38.667236,1.450276,1.320104,28.839782
sh.600196,复星医药,2026-04-01,26.94,27.15,26.51,27.07,28836287.0,776515469.52,1.3612,1.6523,21.447026,1.4831,1.735135,-204.528605
sh.600196,复星医药,2026-04-02,27.02,27.35,26.83,27.06,32087522.0,870021747.51,1.5146,-0.0369,21.439103,1.482552,1.734494,-204.453049
sh.600197,伊力特,2026-04-01,12.05,12.19,12.01,12.12,3131700.0,37910619.0,0.6618,0.6645,31.508538,1.501953,3.103141,-76.176526
sh.600197,伊力特,2026-04-02,12.07,12.18,12.03,12.13,3254339.0,39435918.32,0.6878,0.0825,31.534535,1.503192,3.105701,-76.239378
sh.600198,大唐电信,2026-04-01,8.38,8.42,8.23,8.29,11071200.0,91696284.0,0.8504,0.729,156.923927,39.414921,10.339779,251.593083
sh.600198,大唐电信,2026-04-02,8.23,8.32,8.06,8.15,9401401.0,76975770.18,0.7221,-1.6888,154.273824,38.749289,10.165163,247.344225
sh.600199,金种子酒,2026-04-01,8.2,8.43,8.11,8.26,12341137.0,101597511.51,1.8761,0.3645,-21.014154,2.626762,7.271108,241.901648
sh.600199,金种子酒,2026-04-02,8.21,8.32,8.19,8.21,7752428.0,63872647.6,1.1785,-0.6053,-20.88695,2.610862,7.227094,240.437353
sh.600201,生物股份,2026-04-01,14.54,14.79,14.45,14.74,18419800.0,269627748.0,1.6568,2.3611,162.640372,2.996413,12.348503,-1329.633945
sh.600201,生物股份,2026-04-02,14.73,14.92,14.62,14.78,17348804.0,256512938.8,1.5605,0.2714,163.081729,3.004545,12.382013,-1333.242178
sh.600202,哈空调,2026-04-01,6.09,6.13,5.87,5.96,8318400.0,49531765.0,2.17,-0.1675,-127.660719,2.829624,1.76814,-358.911145
sh.600202,哈空调,2026-04-02,6.0,6.01,5.74,5.82,7915410.0,46345400.1,2.0649,-2.349,-124.661977,2.763157,1.726607,-350.480347
sh.600203,福日电子,2026-04-01,11.11,11.14,10.99,11.08,7154048.0,79097442.49,1.2064,1.4652,-40.352312,3.789835,0.541259,-18.291914
sh.600203,福日电子,2026-04-02,11.06,11.11,10.8,10.89,7396400.0,80980616.0,1.2473,-1.7148,-39.66035,3.724847,0.531977,-17.978244
sh.600206,有研新材,2026-04-01,20.89,20.95,20.5,20.64,17979345.0,371505827.04,2.1238,0.7813,62.746014,4.125258,1.908279,84.269521
sh.600206,有研新材,2026-04-02,20.5,20.6,19.92,20.09,18064451.0,364975776.88,2.1339,-2.6647,61.074003,4.015331,1.857428,82.023967
sh.600207,安彩高科,2026-04-01,6.7,7.32,6.45,7.15,117098731.0,797661384.82,10.7498,6.7164,-12.535368,3.256661,2.335694,38.792377
sh.600207,安彩高科,2026-04-02,6.87,7.7,6.74,7.1,117484688.0,839702864.04,10.7852,-0.6993,-12.447708,3.233888,2.31936,38.521102
sh.600208,衢州发展,2026-04-01,3.19,3.21,3.15,3.19,49358694.0,156748550.44,0.5801,1.2698,-63.699437,0.652013,7.9486,-84.838951
sh.600208,衢州发展,2026-04-02,3.18,3.23,3.13,3.19,85705325.0,272751113.57,1.0074,0.0,-63.699437,0.652013,7.9486,-84.838951
sh.600210,紫江企业,2026-04-01,6.96,6.98,6.87,6.95,17023900.0,117921460.0,1.1224,0.8708,8.453774,1.580859,0.935236,-40.796216
sh.600210,紫江企业,2026-04-02,6.92,6.94,6.81,6.85,12904918.0,88622084.87,0.8508,-1.4388,8.332137,1.558113,0.921779,-40.20922
sh.600211,西藏药业,2026-04-01,40.58,42.67,40.58,42.65,6337259.0,266778538.43,1.9661,5.101,14.65663,3.619105,4.610678,50.801762
sh.600211,西藏药业,2026-04-02,42.4,43.43,42.15,42.97,5100450.0,218403606.8,1.5824,0.7503,14.766597,3.646259,4.645272,51.182924
sh.600212,绿能慧充,2026-04-01,7.29,7.57,7.2,7.29,14233632.0,105000564.79,2.6796,1.532,167.293575,9.513543,3.545438,-1445.827402
sh.600212,绿能慧充,2026-04-02,7.26,7.26,7.08,7.11,9584229.0,68475068.88,1.8043,-2.4691,163.16287,9.278641,3.457896,-1410.12796
sh.600215,派斯林,2026-04-01,6.84,6.88,6.67,6.74,4467830.0,30076496.2,0.9779,0.1486,-29.052188,1.515014,2.822626,244.969932
sh.600215,派斯林,2026-04-02,6.7,6.76,6.56,6.57,3805000.0,25252405.0,0.8328,-2.5223,-28.319418,1.476801,2.751432,238.791165
sh.600216,浙江医药,2026-04-01,16.33,16.43,15.97,16.23,31583770.0,511245962.25,3.3198,0.9956,12.546058,1.411813,1.74234,12.352784
sh.600216,浙江医药,2026-04-02,16.16,16.34,15.9,15.94,24268649.0,390597229.84,2.5509,-1.7868,12.321883,1.386587,1.711208,12.132062
sh.600217,中再资环,2026-04-01,3.84,3.87,3.79,3.82,11064799.0,42284410.17,0.6675,0.2625,-15.3021,2.060056,1.772181,260.213877
sh.600217,中再资环,2026-04-02,3.81,3.82,3.75,3.77,11748210.0,44401182.6,0.7087,-1.3089,-15.101811,2.033092,1.748985,256.807936
sh.600218,全柴动力,2026-04-01,9.26,9.27,9.13,9.21,6354742.0,58400292.98,1.4588,1.0977,62.236963,1.234985,0.912253,-27.18569
sh.600218,全柴动力,2026-04-02,9.15,9.21,8.88,8.94,7740126.0,69843054.68,1.7769,-2.9316,60.412427,1.19878,0.885509,-26.388715
sh.600219,南山铝业,2026-04-01,6.23,6.26,6.06,6.17,223033224.0,1370282833.59,1.9422,0.6525,14.96237,1.42888,2.046641,-317.446848
sh.600219,南山铝业,2026-04-02,6.24,6.34,6.14,6.18,231290916.0,1442889922.56,2.0141,0.1621,14.98662,1.431196,2.049959,-317.961348
sh.600221,海航控股,2026-04-01,1.47,1.49,1.45,1.47,364420102.0,535064116.9,0.8505,1.3793,-254.959484,11.803855,0.948948,-218.320027
sh.600221,海航控股,2026-04-02,1.46,1.47,1.44,1.44,252636196.0,366420000.19,0.5896,-2.0408,-249.756229,11.56296,0.929582,-213.864516
sh.600222,太龙药业,2026-04-01,7.15,7.69,7.03,7.46,54104569.0,402222203.02,9.4278,5.5163,91.176631,2.687793,2.394872,-398.99245
sh.600222,太龙药业,2026-04-02,7.29,7.61,7.29,7.47,47060709.0,351655717.48,8.2004,0.134,91.298852,2.691396,2.398083,-399.527292
sh.600223,福瑞达,2026-04-01,6.94,7.05,6.87,7.04,9610300.0,67151394.0,0.9454,2.3256,33.425576,1.70933,1.894883,-36.642246
sh.600223,福瑞达,2026-04-02,7.03,7.03,6.93,6.98,7209400.0,50322459.0,0.7092,-0.8523,33.140698,1.694762,1.878733,-36.329955
sh.600226,亨通股份,2026-04-01,4.71,4.79,4.68,4.77,41514994.0,196838187.64,1.3958,2.8017,74.388578,3.926166,8.40384,-236.345105
sh.600226,亨通股份,2026-04-02,4.75,4.8,4.6,4.65,36347031.0,170131986.68,1.222,-2.5157,72.517168,3.827395,8.192423,-230.399316
sh.600227,赤天化,2026-04-01,3.97,4.0,3.79,3.84,214432581.0,826878141.74,16.784,-2.5381,-31.704348,2.708127,2.889375,230.191982
sh.600227,赤天化,2026-04-02,3.86,3.94,3.73,3.79,202818020.0,775631249.0,15.8749,-1.3021,-31.291531,2.672865,2.851753,227.194691
sh.600228,*ST返利,2026-04-01,5.61,5.65,5.47,5.56,4702000.0,26121592.0,1.1302,0.9074,-43.574963,5.599577,6.320133,-26.127842
sh.600228,*ST返利,2026-04-02,5.53,5.58,5.35,5.36,4387700.0,23806034.98,1.0546,-3.5971,-42.007518,5.398154,6.09279,-25.187992
sh.600229,城市传媒,2026-04-01,6.08,6.1,5.98,6.02,2902002.0,17466252.04,0.4392,0.1664,-253.879044,1.256691,1.873438,67.086958
sh.600229,城市传媒,2026-04-02,6.02,6.04,5.88,5.92,2430401.0,14446062.02,0.3678,-1.6611,-249.661784,1.235816,1.842317,65.972556
sh.600230,沧州大化,2026-04-01,19.0,19.4,18.5,19.0,15172342.0,288434669.17,3.6652,2.1505,145.313939,1.954754,1.683017,50.269682
sh.600230,沧州大化,2026-04-02,18.95,19.19,18.73,18.98,10671203.0,202214400.09,2.5778,-0.1053,145.160976,1.952696,1.681246,50.216767
sh.600231,凌钢股份,2026-04-01,2.08,2.1,2.05,2.07,17165697.0,35461829.73,0.6057,0.4854,-3.814635,1.493866,0.379312,-62.803485
sh.600231,凌钢股份,2026-04-02,2.06,2.07,2.01,2.02,16394511.0,33359337.77,0.5785,-2.4155,-3.722542,1.457801,0.370155,-61.287273
sh.600232,金鹰股份,2026-04-01,8.19,8.24,8.07,8.13,5442330.0,44356582.6,1.4922,0.3704,-132.565056,3.155812,2.501837,59.201766
sh.600232,金鹰股份,2026-04-02,8.13,8.18,7.92,8.06,7875100.0,63217360.0,2.1592,-0.861,141.082887,3.094615,2.097399,38.70314
sh.600233,圆通速递,2026-04-01,20.65,20.81,20.2,20.3,14832786.0,303541082.6,0.4334,0.7444,17.550603,2.082222,0.941201,92.856474
sh.600233,圆通速递,2026-04-02,20.21,20.84,20.0,20.58,15743470.0,322525483.5,0.46,1.3793,17.793369,2.111024,0.95422,94.1409
sh.600234,科新发展,2026-04-01,15.23,15.55,14.88,15.1,4372600.0,66140657.0,1.6656,0.6667,66.51804,7.927997,8.26287,-332.09394
sh.600234,科新发展,2026-04-02,14.96,15.32,14.94,15.0,2129600.0,32098217.0,0.8112,-0.6623,66.077523,7.875494,8.208149,-329.894643
sh.600235,民丰特纸,2026-04-01,6.85,6.85,6.65,6.73,6565588.0,44156062.72,1.8689,0.8996,145.191226,1.564813,1.96286,-269.98255
sh.600235,民丰特纸,2026-04-02,6.71,6.75,6.53,6.6,6547300.0,43385668.0,1.8637,-1.9316,142.386641,1.534587,1.924944,-264.767434
sh.600236,桂冠电力,2026-04-01,9.45,9.83,9.36,9.69,28002610.0,270721105.11,0.3553,2.5397,23.28951,4.185509,7.349247,86.289483
sh.600236,桂冠电力,2026-04-02,9.69,9.72,9.38,9.56,14367283.0,136963847.71,0.1823,-1.3416,22.97706,4.129356,7.25065,85.131833
sh.600237,铜峰电子,2026-04-01,8.9,9.0,8.74,8.96,23868700.0,211367669.0,3.8213,3.4642,47.132115,2.880257,4.050735,-268.601802
sh.600237,铜峰电子,2026-04-02,8.9,9.03,8.53,8.61,28699767.0,250017751.9,4.5948,-3.9063,45.291016,2.767747,3.892503,-258.109544
sh.600238,*ST椰岛,2026-04-01,4.76,4.8,4.51,4.74,14998460.0,68995707.61,3.3684,-0.2105,-15.98418,20.932796,11.211322,124.293114
sh.600238,*ST椰岛,2026-04-02,4.67,4.69,4.5,4.59,8484996.0,38820467.31,1.9056,-3.1646,-15.478351,20.270366,10.856533,120.359788
sh.600239,云南城投,2026-04-01,2.19,2.19,2.12,2.14,19508956.0,41744280.28,1.215,-0.4651,-33.474619,2.6791,1.819684,-83.070732
sh.600239,云南城投,2026-04-02,2.13,2.14,2.06,2.07,22598400.0,47157631.0,1.4074,-3.271,-32.379655,2.591466,1.760161,-80.353465
sh.600241,时代万恒,2026-04-01,9.89,9.99,9.51,9.65,12886600.0,124478374.0,4.3787,-2.0305,1258.949279,2.430627,7.428749,-35.816106
sh.600241,时代万恒,2026-04-02,9.57,9.59,8.93,9.16,14528902.0,133833681.16,4.9367,-5.0777,1195.023357,2.307206,7.051538,-33.997464
sh.600243,*ST海华,2026-04-01,3.03,3.04,2.92,3.01,4065700.0,12124134.0,0.9264,0.6689,-16.782086,2.084949,5.333742,-1502.060022
sh.600243,*ST海华,2026-04-02,3.01,3.03,2.95,2.99,4388300.0,13080540.0,1.0,-0.6645,-16.670577,2.071095,5.298302,-1492.079556
sh.600246,万通发展,2026-04-01,10.07,10.07,9.36,9.5,71228625.0,684402523.01,3.7679,-3.8462,-51.158145,3.518058,38.420897,3375.350062
sh.600246,万通发展,2026-04-02,9.48,9.48,9.1,9.16,52781342.0,487543460.88,2.7921,-3.5789,-49.327222,3.392149,37.045834,3254.54806
sh.600248,陕建股份,2026-04-01,3.5,3.54,3.47,3.48,13649100.0,47706441.0,0.3683,0.0,11.746931,0.450329,0.09527,3.006106
sh.600248,陕建股份,2026-04-02,3.48,3.49,3.42,3.45,15121767.0,52141451.37,0.4081,-0.8621,11.645665,0.446446,0.094448,2.980191
sh.600249,两面针,2026-04-01,7.01,7.01,7.01,7.01,7154552.0,50153409.52,1.3008,10.0471,391.574455,1.770368,3.628444,196.413247
sh.600249,两面针,2026-04-02,7.71,7.71,7.01,7.14,128066329.0,945112386.33,23.2848,1.8545,398.836178,1.8032,3.695733,200.055718
sh.600250,南京商旅,2026-04-01,13.77,13.91,13.2,13.6,57581152.0,779164692.28,18.4088,-3.2028,166.672471,6.807816,5.844508,-93.070011
sh.600250,南京商旅,2026-04-02,13.45,14.7,13.33,13.74,52010979.0,725259883.3,16.628,1.0294,168.388217,6.877896,5.904673,-94.028085
sh.600251,冠农股份,2026-04-01,11.61,11.74,11.5,11.53,8969850.0,104014530.51,1.1544,0.2609,40.770155,2.360882,2.836448,-217.266237
sh.600251,冠农股份,2026-04-02,11.5,11.83,11.34,11.43,15633326.0,180715232.73,2.012,-0.8673,40.416554,2.340406,2.811847,-215.381881
sh.600252,中恒集团,2026-04-01,2.56,2.58,2.49,2.57,54460343.0,138885993.45,1.7104,0.7843,-22.916723,1.524124,4.679951,-12.575473
sh.600252,中恒集团,2026-04-02,2.57,2.63,2.55,2.61,74748099.0,194230308.62,2.3475,1.5564,-23.273404,1.547846,4.752791,-12.7712
sh.600255,鑫科材料,2026-04-01,3.4,3.41,3.32,3.35,34693916.0,116092849.12,1.9209,0.0,195.872683,4.14598,1.273673,77.308257
sh.600255,鑫科材料,2026-04-02,3.34,3.36,3.26,3.29,29014946.0,95755882.85,1.6065,-1.791,192.364515,4.071723,1.250861,75.923631
sh.600256,广汇能源,2026-04-01,6.56,6.69,6.46,6.48,214668153.0,1410319580.4,3.3584,-2.8486,20.840503,1.738639,1.271319,-42.281964
sh.600256,广汇能源,2026-04-02,6.55,6.73,6.55,6.68,205604183.0,1371102469.92,3.2166,3.0864,21.483728,1.792301,1.310558,-43.586962
sh.600257,大湖股份,2026-04-01,6.57,6.98,6.57,6.96,27308001.0,186217846.92,5.6745,6.0976,-59.710271,4.202368,3.623065,-1662.338843
sh.600257,大湖股份,2026-04-02,6.96,7.06,6.86,6.96,20574299.0,143285627.65,4.2753,0.0,-59.710271,4.202368,3.623065,-1662.338843
sh.600258,首旅酒店,2026-04-01,15.13,16.34,15.13,16.22,27657480.0,436913171.33,2.4769,8.2777,22.328309,1.500092,2.380937,146.747515
sh.600258,首旅酒店,2026-04-02,16.1,16.12,15.36,15.57,21993365.0,342370347.21,1.9697,-4.0074,21.433524,1.439977,2.285523,140.866757
sh.600259,中稀有色,2026-04-01,80.22,81.71,79.2,80.55,12611436.0,1014491755.11,3.7485,2.5331,212.455149,7.763566,4.656329,80.290953
sh.600259,中稀有色,2026-04-02,79.82,80.19,77.63,78.5,8095178.0,636577220.89,2.4062,-2.545,207.048159,7.565983,4.537825,78.247546
sh.600261,阳光照明,2026-04-01,3.7,3.74,3.67,3.7,10775912.0,39815680.16,0.8072,1.0929,27.453207,1.423259,1.823109,-13.035306
sh.600261,阳光照明,2026-04-02,3.69,3.74,3.64,3.67,11648700.0,42937628.0,0.8725,-0.8108,27.230613,1.411719,1.808327,-12.929614
sh.600262,北方股份,2026-04-01,25.23,25.23,24.63,24.81,2922566.0,72811775.92,1.7192,1.8891,16.750998,2.395688,1.217263,4.277316
sh.600262,北方股份,2026-04-02,24.82,24.89,24.15,24.32,2934401.0,71728362.33,1.7261,-1.975,16.420164,2.348373,1.193221,4.192838
sh.600265,ST景谷,2026-04-01,20.86,21.69,20.78,21.38,553300.0,11783774.0,0.4263,2.4437,-10.130348,319.408554,11.213163,-341.98218
sh.600265,ST景谷,2026-04-02,21.2,21.38,20.85,20.98,375500.0,7904632.0,0.2893,-1.8709,-9.940818,313.432715,11.003375,-335.58401
sh.600266,城建发展,2026-04-01,5.16,5.19,5.05,5.09,23951969.0,122110803.37,1.1539,-0.1961,-14.441708,0.543758,0.320243,14.356826
sh.600266,城建发展,2026-04-02,5.07,5.08,4.93,4.97,27725335.0,138373617.68,1.3357,-2.3576,-14.101235,0.530939,0.312693,14.018355
sh.600267,海正药业,2026-04-01,10.55,10.79,10.4,10.77,17596791.0,187230629.02,1.4679,2.8653,23.613053,1.51714,1.242874,64.812719
sh.600267,海正药业,2026-04-02,10.74,10.84,10.67,10.74,13903469.0,149516334.13,1.1598,-0.2786,23.547279,1.512914,1.239412,64.632182
sh.600268,国电南自,2026-04-01,15.33,15.75,15.02,15.67,72203250.0,1110285072.37,7.143,1.2274,33.156782,4.260607,1.650567,54.679178
sh.600268,国电南自,2026-04-02,15.69,15.7,14.9,15.18,49488034.0,755038616.25,4.8958,-3.127,32.119972,4.127378,1.598954,52.969364
sh.600269,赣粤高速,2026-04-01,4.73,4.74,4.66,4.67,23366900.0,109479252.0,1.0005,-0.6383,8.5236,0.559305,1.73583,93.839971
sh.600269,赣粤高速,2026-04-02,4.67,4.67,4.62,4.63,16030100.0,74445837.0,0.6864,-0.8565,8.450593,0.554514,1.720962,93.036203
sh.600271,航天信息,2026-04-01,8.66,8.72,8.53,8.61,13759100.0,118454436.38,0.7426,0.4667,-37.721697,1.180871,2.602728,31.898453
sh.600271,航天信息,2026-04-02,8.61,8.63,8.36,8.39,15677900.0,132590645.0,0.8461,-2.5552,-36.757844,1.150697,2.536224,31.083394
sh.600272,开开实业,2026-04-01,12.83,12.92,12.63,12.77,2935200.0,37473918.0,1.8345,0.1569,259.25083,4.318937,2.961848,15.416852
sh.600272,开开实业,2026-04-02,12.79,13.05,12.73,12.92,5253902.0,67744286.92,3.2837,1.1746,262.296063,4.369668,2.996639,15.597943
sh.600273,嘉化能源,2026-04-01,9.22,9.35,9.19,9.26,14482400.0,134154214.99,1.0673,1.4239,12.083782,1.247666,1.280398,73.9791
sh.600273,嘉化能源,2026-04-02,9.26,9.26,9.13,9.19,10929200.0,100476378.0,0.8055,-0.7559,11.992436,1.238235,1.270719,73.419863
sh.600276,恒瑞医药,2026-04-01,56.03,57.78,55.6,57.73,100551656.0,5750559321.95,1.5763,4.5455,49.69042,6.253511,12.114215,24.073555
sh.600276,恒瑞医药,2026-04-02,57.74,58.35,57.01,57.37,76516985.0,4415860424.89,1.1995,-0.6236,49.380554,6.214514,12.038672,23.923434
sh.600278,东方创业,2026-04-01,7.42,7.51,7.32,7.51,8775600.0,65244697.0,1.0065,2.5956,31.423629,0.84919,0.182667,-10.3259
sh.600278,东方创业,2026-04-02,7.53,7.53,7.27,7.32,5915894.0,43595982.12,0.6785,-2.53,30.628624,0.827706,0.178045,-10.064659
sh.600279,重庆港,2026-04-01,5.22,5.29,5.19,5.23,5433500.0,28423359.0,0.4578,0.7707,12.351545,0.921446,1.477692,-16.55507
sh.600279,重庆港,2026-04-02,5.23,5.27,5.19,5.23,4979950.0,26060278.5,0.4196,0.0,12.351545,0.921446,1.477692,-16.55507
sh.600280,中央商场,2026-04-01,3.26,3.28,3.17,3.23,14943300.0,48007456.0,1.3244,0.0,-20.725296,5.915505,1.71542,-296.672717
sh.600280,中央商场,2026-04-02,3.21,3.23,3.15,3.18,12129300.0,38634839.0,1.075,-1.548,-20.404471,5.823933,1.688866,-292.08026
sh.600281,华阳新材,2026-04-01,5.44,5.48,5.28,5.34,7848500.0,41848442.0,1.5258,-0.5587,-92.718309,21.027596,5.918523,-47.724394
sh.600281,华阳新材,2026-04-02,5.33,5.37,5.21,5.26,7298518.0,38503367.32,1.4188,-1.4981,-91.32927,20.712576,5.829856,-47.009421
sh.600282,南钢股份,2026-04-01,5.53,5.66,5.49,5.52,49006938.0,272977627.8,0.7949,0.3636,11.868204,1.227909,0.586803,68.472898
sh.600282,南钢股份,2026-04-02,5.52,5.58,5.46,5.5,35507300.0,195813828.0,0.5759,-0.3623,11.825203,1.22346,0.584677,68.224808
sh.600283,钱江水利,2026-04-01,9.24,9.29,9.19,9.25,4504200.0,41591187.8,0.8277,0.2167,22.197026,1.670268,2.128642,21.626485
sh.600283,钱江水利,2026-04-02,9.21,9.26,9.09,9.11,4486844.0,41084487.11,0.8245,-1.5135,21.861071,1.644988,2.096425,21.299166
sh.600284,浦东建设,2026-04-01,7.24,7.27,7.13,7.24,8826076.0,63530551.72,0.9097,1.1173,19.8892,0.886255,0.48598,-19.097768
sh.600284,浦东建设,2026-04-02,7.2,7.26,7.08,7.12,8756785.0,62737267.22,0.9025,-1.6575,19.559545,0.871566,0.477925,-18.78123
sh.600285,羚锐制药,2026-04-01,22.6,22.78,22.41,22.49,6565298.0,148206139.5,1.1602,0.6264,15.950805,3.926566,3.371443,-40.777609
sh.600285,羚锐制药,2026-04-02,22.54,22.59,22.33,22.5,5578423.0,125224471.29,0.9858,0.0445,15.957898,3.928312,3.372942,-40.795741
sh.600287,苏豪时尚,2026-04-01,5.89,5.93,5.8,5.85,4528900.0,26512057.0,1.0368,0.0,102.845689,1.104238,0.918094,33.397209
sh.600287,苏豪时尚,2026-04-02,5.88,5.89,5.72,5.78,5458256.0,31600840.6,1.2496,-1.1966,101.615057,1.091025,0.907108,32.997584
sh.600288,大恒科技,2026-04-01,14.3,14.35,14.06,14.26,4134824.0,58637917.87,0.9466,1.3504,144.396855,3.272507,3.255978,40.660438
sh.600288,大恒科技,2026-04-02,14.25,14.35,13.99,14.08,4694396.0,66545166.36,1.0747,-1.2623,142.574174,3.231199,3.214879,40.147193
sh.600289,ST信通,2026-04-01,7.42,7.55,7.26,7.33,5234800.0,38538379.0,0.925,-0.9459,-17.634693,4.138366,14.440207,16.327177
sh.600289,ST信通,2026-04-02,7.32,7.37,7.15,7.16,3959000.0,28659968.0,0.6996,-2.3192,-17.225703,4.042388,14.105304,15.948511
sh.600292,电投水电,2026-04-01,13.55,14.5,13.55,14.27,18317769.0,255083301.0,2.346,6.2547,117.444621,11.999859,5.143645,-763.320751
sh.600292,电投水电,2026-04-02,14.22,14.61,13.69,14.3,31165242.0,441577303.56,3.9914,0.2102,117.691527,12.025086,5.154459,-764.92549
sh.600293,三峡新材,2026-04-01,3.33,3.36,3.23,3.28,26946762.0,88486849.93,2.3227,0.3058,-62.016928,2.258565,2.7247,117.799
sh.600293,三峡新材,2026-04-02,3.25,3.29,3.16,3.19,25841317.0,83028854.72,2.2274,-2.7439,-60.315244,2.196593,2.649937,114.56671
sh.600295,鄂尔多斯,2026-04-01,14.9,15.2,14.9,15.02,6624906.0,99605183.02,0.3353,0.8054,22.942426,2.001067,1.590217,194.005511
sh.600295,鄂尔多斯,2026-04-02,15.02,15.14,14.82,14.95,4116502.0,61433746.74,0.2084,-0.466,22.835504,1.991741,1.582806,193.101357
sh.600298,安琪酵母,2026-04-01,40.49,40.55,39.89,40.15,8325381.0,334510352.53,0.9713,-0.6434,22.56354,2.898304,2.083069,27.571109
sh.600298,安琪酵母,2026-04-02,40.07,40.79,39.87,40.72,5798444.0,234034121.59,0.6765,1.4197,22.883869,2.939451,2.112642,27.96253
sh.600299,安迪苏,2026-04-01,13.26,13.46,12.9,13.2,26475859.0,350385612.62,0.9872,1.3047,35.211744,2.046565,2.359341,13.375707
sh.600299,安迪苏,2026-04-02,13.25,13.56,13.11,13.32,16722143.0,222692962.77,0.6235,0.9091,35.531851,2.06517,2.38079,13.497305
sh.600300,维维股份,2026-04-01,3.55,3.63,3.51,3.57,38611359.0,138030412.9,2.3876,1.4205,14.20556,1.639647,1.720571,9.623633
sh.600300,维维股份,2026-04-02,3.57,3.59,3.54,3.57,26605861.0,94897558.18,1.6452,0.0,14.20556,1.639647,1.720571,9.623633
sh.600301,华锡有色,2026-04-01,50.32,50.79,49.05,49.55,7933900.0,394245224.0,2.8815,2.588,51.250676,6.974746,5.85448,58.262015
sh.600301,华锡有色,2026-04-02,48.8,48.92,46.3,46.9,9240600.0,436952365.0,3.3561,-5.3481,48.509722,6.601727,5.541375,55.146084
sh.600302,标准股份,2026-04-01,11.03,11.45,11.01,11.08,12613300.0,141044203.0,3.6454,3.1657,-25.277275,6.460373,10.63,-4549.868391
sh.600302,标准股份,2026-04-02,11.07,11.2,10.92,11.15,7032300.0,77919034.0,2.0324,0.6318,-25.436969,6.501187,10.697157,-4578.613047
sh.600303,曙光股份,2026-04-01,3.35,3.46,3.21,3.27,74264103.0,245376539.76,10.9922,-1.506,-6.594353,1.989208,1.312384,-66.753511
sh.600303,曙光股份,2026-04-02,3.27,3.3,3.16,3.19,41662977.0,134333724.62,6.1668,-2.4465,-6.433024,1.940543,1.280277,-65.120398
sh.600305,恒顺醋业,2026-04-01,7.68,7.69,7.58,7.65,8864835.0,67571443.7,0.8037,0.1309,56.832766,2.520567,3.692477,-78.344828
sh.600305,恒顺醋业,2026-04-02,7.63,7.66,7.6,7.62,4686133.0,35736276.66,0.4249,-0.3922,56.609893,2.510682,3.677996,-78.037593
sh.600307,酒钢宏兴,2026-04-01,2.04,2.05,1.95,1.98,169856989.0,337939311.02,2.7119,-1.4925,-8.975043,1.821018,0.377617,-15.335033
sh.600307,酒钢宏兴,2026-04-02,1.97,1.98,1.89,1.89,162927385.0,312892780.65,2.6013,-4.5455,-8.567086,1.738245,0.360452,-14.637986
sh.600308,华泰股份,2026-04-01,3.84,3.86,3.79,3.83,12702732.0,48600104.84,0.8374,1.3228,-98.77756,0.632557,0.450253,44.550964
sh.600308,华泰股份,2026-04-02,3.83,3.85,3.78,3.82,12088410.0,46129883.53,0.7969,-0.2611,-98.519655,0.630905,0.449077,44.434643
sh.600309,万华化学,2026-04-01,80.9,83.42,80.9,82.87,36932112.0,3038997202.63,1.1798,4.3046,20.708711,2.467115,1.276467,-34.247113
sh.600309,万华化学,2026-04-02,82.61,83.46,81.9,82.71,21918899.0,1813007948.4,0.7002,-0.1931,20.668728,2.462351,1.274002,-34.180991
sh.600310,广西能源,2026-04-01,5.89,5.98,5.71,5.71,178598059.0,1029951284.6,12.1851,-9.9369,-39.672395,3.046017,2.254036,10.582617
sh.600310,广西能源,2026-04-02,5.28,5.68,5.14,5.14,301645049.0,1585589318.83,20.5801,-9.9825,-35.712104,2.741949,2.029027,9.526208
sh.600312,平高电气,2026-04-01,20.81,20.89,20.48,20.75,16914685.0,349719086.15,1.2465,2.3176,24.515681,2.474544,2.173929,17.139939
sh.600312,平高电气,2026-04-02,20.63,21.04,20.2,20.29,14977879.0,307618691.01,1.1038,-2.2169,23.972201,2.419687,2.125736,16.759969
sh.600313,农发种业,2026-04-01,8.01,8.04,7.7,7.79,54532000.0,424893063.0,5.039,-0.7643,169.101737,4.58553,1.45504,54.302229
sh.600313,农发种业,2026-04-02,7.79,8.08,7.72,7.77,78198530.0,613708718.4,7.2259,-0.2567,168.667586,4.573757,1.451304,54.162814
sh.600315,上海家化,2026-04-01,21.21,22.49,21.1,22.07,12523171.0,275004121.21,1.8629,4.8954,55.445006,2.151184,2.348465,-2065.922709
sh.600315,上海家化,2026-04-02,21.99,22.06,21.43,21.83,7289322.0,157855966.75,1.0844,-1.0874,54.84207,2.127791,2.322927,-2043.456852
sh.600316,洪都航空,2026-04-01,40.3,40.3,38.92,39.15,10119031.0,398018661.33,1.4111,-1.0864,706.115322,5.22121,3.768903,199.42668
sh.600316,洪都航空,2026-04-02,39.0,39.55,38.19,38.46,5054202.0,195218616.54,0.7048,-1.7625,693.670378,5.129189,3.702477,195.91188
sh.600318,新力金融,2026-04-01,7.65,7.68,7.48,7.52,18004918.0,135732597.39,3.5116,0.0,108.070706,3.540015,10.939791,712.363335
sh.600318,新力金融,2026-04-02,7.47,7.52,7.28,7.32,15727630.0,116236642.38,3.0674,-2.6596,105.196485,3.445866,10.648839,693.417502
sh.600319,亚星化学,2026-04-01,7.63,7.78,7.5,7.56,3682800.0,27944603.37,0.9499,-0.2639,-20.547568,7.274528,3.279538,-115.212252
sh.600319,亚星化学,2026-04-02,7.56,7.57,7.36,7.41,4883100.0,36300367.0,1.2595,-1.9841,-20.139878,7.130192,3.214468,-112.926295
sh.600320,振华重工,2026-04-01,5.08,5.21,5.0,5.19,147842478.0,755287999.09,4.4504,3.1809,37.361565,1.744187,0.754065,-21.345281
sh.600320,振华重工,2026-04-02,5.11,5.17,5.04,5.08,73810838.0,376012476.14,2.2219,-2.1195,36.569701,1.707219,0.738083,-20.892877
sh.600322,津投城开,2026-04-01,2.47,2.48,2.3,2.32,46619700.0,109982561.0,4.2163,-4.918,-3.27169,-3.327737,1.013718,-74.103887
sh.600322,津投城开,2026-04-02,2.32,2.34,2.26,2.28,21537783.0,49299449.41,1.9479,-1.7241,-3.215281,-3.270362,0.99624,-72.826234
sh.600323,瀚蓝环境,2026-04-01,29.69,29.79,29.18,29.5,5106500.0,150346540.0,0.6263,0.5453,12.7702,1.692433,1.865747,15.656443
sh.600323,瀚蓝环境,2026-04-02,29.41,29.72,29.16,29.55,3783689.0,111283097.27,0.4641,0.1695,12.791845,1.695301,1.868909,15.68298
sh.600325,华发股份,2026-04-01,3.64,3.65,3.59,3.6,30011874.0,108372560.62,1.0905,0.2786,-35.158318,0.521965,0.123673,1.896151
sh.600325,华发股份,2026-04-02,3.6,3.61,3.49,3.5,38325219.0,135031154.11,1.3926,-2.7778,-34.181698,0.507466,0.120238,1.84348
sh.600326,西藏天路,2026-04-01,9.5,9.55,9.37,9.5,17880825.0,169341239.64,1.3124,1.7131,-823.768609,3.301946,3.691168,-1261.720957
sh.600326,西藏天路,2026-04-02,9.45,9.51,9.32,9.36,13391317.0,125841647.12,0.9829,-1.4737,-811.628861,3.253286,3.636772,-1243.127175
sh.600327,大东方,2026-04-01,4.0,4.02,3.93,3.97,11370325.0,45041836.63,1.2851,0.2525,218.475401,1.108223,0.996273,30.887731
sh.600327,大东方,2026-04-02,3.96,3.98,3.9,3.94,9014220.0,35487511.68,1.0188,-0.7557,216.824453,1.099848,0.988744,30.654323
sh.600328,中盐化工,2026-04-01,8.82,8.89,8.63,8.79,30879640.0,271128417.08,2.1059,1.3841,4879.750058,1.073072,1.065551,-38.803425
sh.600328,中盐化工,2026-04-02,8.76,8.87,8.47,8.56,22934956.0,198571953.7,1.5641,-2.6166,4752.06604,1.044994,1.037669,-37.788091
sh.600329,达仁堂,2026-04-01,41.15,41.74,40.76,41.65,5647961.0,233194671.85,0.996,1.8337,15.051199,4.517845,6.522725,-16.636065
sh.600329,达仁堂,2026-04-02,41.5,41.7,41.05,41.18,3788675.0,156442271.74,0.6681,-1.1285,14.881354,4.466864,6.449119,-16.448335
sh.600330,天通股份,2026-04-01,16.21,16.33,15.71,16.32,99395912.0,1597225293.32,8.0585,4.4146,922.153893,2.510253,6.778388,-27.121859
sh.600330,天通股份,2026-04-02,16.1,17.17,16.01,16.09,133458031.0,2203108710.17,10.82,-1.4093,909.157851,2.474876,6.682859,-26.739627
sh.600331,宏达股份,2026-04-01,15.1,15.15,14.5,14.63,61419700.0,906155039.0,3.0226,-0.3406,-520.08218,12.26437,10.189208,36.236912
sh.600331,宏达股份,2026-04-02,14.63,14.78,14.25,14.42,50430091.0,732526929.43,2.4818,-1.4354,-512.616885,12.088326,10.042952,35.716765
sh.600332,白云山,2026-04-01,22.99,23.09,22.83,23.07,13910924.0,319750189.63,0.9895,0.9186,12.573104,0.992562,0.482988,-10.01088
sh.600332,白云山,2026-04-02,23.08,23.25,23.06,23.16,14653563.0,339021918.73,1.0423,0.3901,12.622154,0.996435,0.484873,-10.049934
sh.600333,长春燃气,2026-04-01,5.64,5.65,5.47,5.52,12059106.0,66959396.06,1.98,-1.0753,-435.210383,1.798372,1.501419,91.632126
sh.600333,长春燃气,2026-04-02,5.5,5.58,5.46,5.51,11509100.0,63491101.0,1.8897,-0.1812,-434.421958,1.795114,1.498699,91.466125
sh.600335,国机汽车,2026-04-01,6.04,6.06,5.97,6.01,10493600.0,63059433.0,0.7015,0.67,21.341828,0.774766,0.25371,3.323894
sh.600335,国机汽车,2026-04-02,5.99,6.04,5.9,5.94,8461102.0,50391495.0,0.5657,-1.1647,21.093254,0.765743,0.250755,3.28518
sh.600336,澳柯玛,2026-04-01,6.92,7.21,6.92,7.16,11858541.0,84227311.46,1.486,3.6179,-94.581757,2.353044,0.80416,22.79454
sh.600336,澳柯玛,2026-04-02,7.17,7.17,6.95,7.0,9620100.0,67646743.0,1.2055,-2.2346,-92.468198,2.300462,0.78619,22.285165
sh.600337,美克家居,2026-04-01,2.63,2.63,2.53,2.55,26054206.0,66625760.24,1.8131,-0.7782,-5.696666,1.457891,1.165183,-13.211894
sh.600337,美克家居,2026-04-02,2.54,2.55,2.45,2.48,23049500.0,57385455.0,1.604,-2.7451,-5.540287,1.41787,1.133197,-12.849214
sh.600338,西藏珠峰,2026-04-01,17.32,17.38,16.79,16.95,39457021.0,670851175.26,4.316,-0.4113,34.672327,3.556232,7.097795,1804.592028
sh.600338,西藏珠峰,2026-04-02,16.82,17.58,16.63,17.16,54299243.0,935753877.16,5.9395,1.2389,35.101896,3.600291,7.185732,1826.949805
sh.600339,中油工程,2026-04-01,4.0,4.12,3.97,4.05,87165659.0,353263526.74,1.5612,2.0151,42.942219,0.844013,0.245054,7.487719
sh.600339,中油工程,2026-04-02,4.03,4.46,4.02,4.46,215153810.0,929351788.34,3.8536,10.1235,47.289456,0.929456,0.269862,8.245735
sh.600340,华夏幸福,2026-04-01,1.41,1.42,1.38,1.39,80198670.0,111657269.4,2.0599,0.0,-0.438513,-1.148289,0.396046,-2.4982
sh.600340,华夏幸福,2026-04-02,1.39,1.39,1.31,1.32,132988802.0,177864806.38,3.4158,-5.036,-0.416429,-1.090462,0.376102,-2.372391
sh.600343,航天动力,2026-04-01,34.35,34.72,32.6,33.21,70904653.0,2364295053.95,11.11,-3.4031,-110.057043,16.368387,25.732944,95.107184
sh.600343,航天动力,2026-04-02,32.94,33.6,32.01,32.36,39779134.0,1301033292.39,6.233,-2.5595,-107.240166,15.949443,25.074317,92.672944
sh.600345,长江通信,2026-04-01,44.48,44.6,42.1,42.56,16355863.0,701403362.59,7.7311,-1.3216,102.006374,3.984533,15.655967,-23.238409
sh.600345,长江通信,2026-04-02,42.17,44.75,42.11,42.87,21957707.0,958402677.54,10.379,0.7284,102.749371,4.013556,15.770003,-23.407674
sh.600346,恒力石化,2026-04-01,22.01,22.53,21.8,22.2,25540447.0,567736244.4,0.3628,2.5404,22.447567,2.417991,0.723425,24.430195
sh.600346,恒力石化,2026-04-02,22.3,22.49,22.0,22.27,20006379.0,445545981.54,0.2842,0.3153,22.518348,2.425616,0.725706,24.507228
sh.600348,华阳股份,2026-04-01,8.89,9.13,8.8,9.05,36369286.0,327841026.41,1.0082,2.7242,21.339299,1.18256,1.394359,53.465718
sh.600348,华阳股份,2026-04-02,9.0,9.12,8.9,9.0,31904425.0,287134918.0,0.8844,-0.5525,21.221402,1.176026,1.386655,53.170327
sh.600350,山东高速,2026-04-01,10.74,10.77,10.46,10.65,6600300.0,69939890.04,0.1365,-0.4673,15.604423,1.740191,2.024391,-29.041671
sh.600350,山东高速,2026-04-02,10.58,10.72,10.46,10.62,5470710.0,57990462.2,0.1132,-0.2817,15.560467,1.735289,2.018688,-28.959864
sh.600351,亚宝药业,2026-04-01,6.68,6.8,6.65,6.77,32932447.0,222026924.3,4.759,1.4993,21.022429,1.675694,2.060865,49.652104
sh.600351,亚宝药业,2026-04-02,6.75,6.81,6.7,6.73,22696124.0,153341406.36,3.2798,-0.5908,20.89822,1.665793,2.048688,49.358738
sh.600352,浙江龙盛,2026-04-01,13.26,13.66,13.22,13.41,44639562.0,598555444.56,1.3721,3.0746,21.035666,1.277505,2.919227,-25.38143
sh.600352,浙江龙盛,2026-04-02,13.38,13.42,13.1,13.22,34468689.0,456514712.55,1.0595,-1.4169,20.737621,1.259405,2.877866,-25.021813
sh.600353,旭光电子,2026-04-01,14.44,14.5,14.19,14.33,16782345.0,240613638.79,2.0249,1.0578,73.612351,6.273466,7.274621,423.398977
sh.600353,旭光电子,2026-04-02,14.23,14.46,13.83,13.98,16580041.0,233538341.65,2.0005,-2.4424,71.814422,6.120241,7.096944,413.057759
sh.600354,敦煌种业,2026-04-01,6.7,6.74,6.48,6.53,31022201.0,203390676.62,5.8776,-1.5083,49.865861,5.00243,2.744599,-62.515905
sh.600354,敦煌种业,2026-04-02,6.52,6.67,6.48,6.55,30109908.0,197262118.96,5.7048,0.3063,50.018589,5.017752,2.753005,-62.707378
sh.600355,*ST精伦,2026-04-01,0.64,0.64,0.64,0.64,2148200.0,1374848.0,0.4365,-4.4776,-7.905121,2.988688,1.177821,-13.867964
sh.600355,*ST精伦,2026-04-02,0.61,0.61,0.61,0.61,1926700.0,1175287.0,0.3915,-4.6875,-7.534569,2.848593,1.12261,-13.217904
sh.600356,恒丰纸业,2026-04-01,8.7,8.82,8.59,8.69,5687093.0,49390797.41,1.9037,0.5787,18.587312,1.066288,0.989475,-50.332289
sh.600356,恒丰纸业,2026-04-02,8.66,8.72,8.48,8.53,4184000.0,35931129.99,1.4006,-1.8412,18.245083,1.046656,0.971257,-49.405573
sh.600358,ST联合,2026-04-01,6.25,6.27,6.17,6.2,6427000.0,39946873.0,1.2728,0.3236,-83.465487,57.8056,7.328757,83.44708
sh.600358,ST联合,2026-04-02,6.13,6.19,6.01,6.06,7873500.0,47872461.0,1.5593,-2.2581,-81.580783,56.500312,7.163269,81.562791
sh.600359,新农开发,2026-04-01,7.36,7.43,7.16,7.21,15977268.0,115774458.15,4.1879,-1.368,291.943862,4.111274,5.771637,160.261628
sh.600359,新农开发,2026-04-02,7.27,7.41,7.19,7.24,15760194.0,114499434.82,4.131,0.4161,293.158608,4.12838,5.795652,160.928459
sh.600360,*ST华微,2026-04-01,8.93,9.16,8.9,9.04,12808654.0,115706607.2,1.3338,2.2624,49.489009,2.530758,3.905499,-63.515503
sh.600360,*ST华微,2026-04-02,9.03,9.1,8.93,9.0,8412650.0,75704154.0,0.876,-0.4425,49.270031,2.51956,3.888218,-63.234461
sh.600361,创新新材,2026-04-01,4.2,4.22,4.12,4.15,55305173.0,229501511.81,1.4817,0.2415,16.673159,1.388062,0.193338,26.161337
sh.600361,创新新材,2026-04-02,4.17,4.19,4.06,4.09,50262300.0,207230110.0,1.3466,-1.4458,16.432101,1.367994,0.190543,25.783101
sh.600362,江西铜业,2026-04-01,44.29,45.23,43.8,44.55,35612284.0,1580107836.42,1.7161,3.6047,21.635406,1.898043,0.28325,-283.674879
sh.600362,江西铜业,2026-04-02,44.27,44.27,42.9,43.26,23224986.0,1011717305.62,1.1191,-2.8956,21.008926,1.843083,0.275048,-275.460725
sh.600363,联创光电,2026-04-01,50.93,51.15,49.95,51.13,5672000.0,286645882.43,1.258,2.506,75.301964,5.2046,7.263854,38.837228
sh.600363,联创光电,2026-04-02,50.75,51.18,49.4,49.66,5993779.0,300616216.29,1.3293,-2.875,73.137014,5.054967,7.055016,37.720648
sh.600365,ST通葡,2026-04-01,3.12,3.15,3.11,3.12,3454500.0,10786482.0,0.8085,1.2987,-21.192971,5.409374,1.826787,-58.23149
sh.600365,ST通葡,2026-04-02,3.12,3.12,3.02,3.03,4267000.0,13061262.0,0.9986,-2.8846,-20.581635,5.253334,1.774091,-56.551735
sh.600366,宁波韵升,2026-04-01,11.94,12.09,11.79,12.02,19960425.0,238688199.67,1.8162,2.2979,43.767334,2.158306,2.493388,-40.274943
sh.600366,宁波韵升,2026-04-02,12.0,12.03,11.72,11.85,15492812.0,183709442.8,1.4097,-1.4143,43.148329,2.127781,2.458124,-39.705331
sh.600367,红星发展,2026-04-01,20.88,21.19,20.5,20.62,25967114.0,538910155.82,8.065,-1.2452,50.617494,2.843014,3.204692,-347.043231
sh.600367,红星发展,2026-04-02,20.62,21.08,20.33,20.63,22103967.0,458689053.51,6.8652,0.0485,50.642042,2.844393,3.206246,-347.211535
sh.600368,五洲交通,2026-04-01,3.94,3.96,3.9,3.92,8344722.0,32658941.8,0.5184,0.0,9.857067,0.880307,4.065239,-45.697442
sh.600368,五洲交通,2026-04-02,3.91,3.92,3.86,3.88,8570843.0,33313553.94,0.5325,-1.0204,9.756485,0.871324,4.023757,-45.231142
sh.600369,西南证券,2026-04-01,4.2,4.21,4.14,4.19,34121742.0,142580794.42,0.5135,0.9639,26.208299,1.060712,8.680619,14.011398
sh.600369,西南证券,2026-04-02,4.18,4.19,4.13,4.16,32410483.0,134639013.86,0.4877,-0.716,26.02065,1.053118,8.618467,13.911077
sh.600370,三房巷,2026-04-01,2.47,2.52,2.43,2.51,125383981.0,311075455.6,3.1204,3.719,-15.21521,2.04278,0.461522,82.593979
sh.600370,三房巷,2026-04-02,2.48,2.49,2.39,2.4,80643826.0,195389124.6,2.0069,-4.3825,-14.548408,1.953256,0.441296,78.974323
sh.600371,万向德农,2026-04-01,8.58,8.71,8.48,8.7,6820665.0,58699789.51,2.3312,1.993,125.950746,4.633975,11.540272,-27.465542
sh.600371,万向德农,2026-04-02,8.7,8.8,8.57,8.61,5725143.0,49652094.09,1.9568,-1.0345,124.647807,4.586038,11.42089,-27.181415
sh.600372,中航机载,2026-04-01,13.2,13.25,12.97,13.07,30538686.0,399324889.79,0.6311,0.5385,59.255118,1.666006,2.612113,190.457831
sh.600372,中航机载,2026-04-02,13.07,13.14,12.83,12.91,28739308.0,373259744.59,0.5939,-1.2242,58.52973,1.645611,2.580136,188.126289
sh.600373,中文传媒,2026-04-01,8.56,8.58,8.5,8.56,7167300.0,61283624.0,0.532,1.182,32.061848,0.661395,1.559967,-3.808986
sh.600373,中文传媒,2026-04-02,8.54,8.57,8.5,8.52,6281400.0,53603250.0,0.4662,-0.4673,31.912026,0.658304,1.552677,-3.791187
sh.600375,汉马科技,2026-04-01,5.15,5.25,5.08,5.12,15483434.0,79353415.08,1.0586,1.1858,172.506957,2.43635,1.252477,-13.109819
sh.600375,汉马科技,2026-04-02,5.11,5.13,4.99,5.02,13040613.0,65806005.13,0.8916,-1.9531,169.13768,2.388765,1.228014,-12.853768
sh.600376,首开股份,2026-04-01,5.11,5.14,5.03,5.08,53664236.0,271575214.37,2.0804,0.5941,-1.882068,2.00949,0.397865,5.265443
sh.600376,首开股份,2026-04-02,5.02,5.07,4.9,4.92,62770977.0,311225931.21,2.4334,-3.1496,-1.82279,1.946199,0.385334,5.099602
sh.600377,宁沪高速,2026-04-01,12.12,12.13,11.82,11.84,17606300.0,209377952.99,0.4631,-1.7427,12.984025,1.439265,2.939837,-250.279249
sh.600377,宁沪高速,2026-04-02,11.9,11.97,11.82,11.97,10643025.0,126636049.5,0.2799,1.098,13.126586,1.455068,2.972115,-253.027248
sh.600378,昊华科技,2026-04-01,31.13,31.48,30.77,31.33,6732635.0,209604339.27,0.6277,3.0931,28.19387,2.245685,2.516689,20.373294
sh.600378,昊华科技,2026-04-02,31.28,31.28,30.32,30.53,4244487.0,130139140.63,0.3957,-2.5535,27.47395,2.188342,2.452427,19.853069
sh.600379,宝光股份,2026-04-01,12.17,12.17,11.74,11.82,6698531.0,80051262.72,2.0286,-0.8389,55.134611,5.032365,3.108841,-29.726456
sh.600379,宝光股份,2026-04-02,11.82,12.24,11.61,11.72,5579461.0,66345580.75,1.6897,-0.846,54.668159,4.98979,3.08254,-29.474963
sh.600380,健康元,2026-04-01,11.2,11.5,10.97,11.49,26119193.0,295125491.98,1.4277,2.5893,15.739175,1.384784,1.381492,-6.787457
sh.600380,健康元,2026-04-02,11.43,11.59,11.4,11.46,18361302.0,211035857.16,1.0036,-0.2611,15.698081,1.381168,1.377885,-6.769735
sh.600381,*ST春天,2026-04-01,3.05,3.11,3.05,3.07,5766259.0,17789914.34,0.9822,0.6557,-16.215369,1.750258,6.329105,-95.258234
sh.600381,*ST春天,2026-04-02,3.07,3.22,3.07,3.22,13122150.0,42084497.01,2.2352,4.886,-17.00765,1.835776,6.638345,-99.912545
sh.600382,广东明珠,2026-04-01,8.86,8.9,8.57,8.63,12397286.0,107356980.44,1.7853,-0.8046,27.643885,2.108902,7.181964,31.53084
sh.600382,广东明珠,2026-04-02,8.6,8.63,8.42,8.51,10377223.0,88376536.14,1.4944,-1.3905,27.259497,2.079577,7.082098,31.092404
sh.600383,金地集团,2026-04-01,2.77,2.78,2.72,2.75,54007314.0,148202278.47,1.1963,0.7326,-1.726539,0.22768,0.212824,-1.482131
sh.600383,金地集团,2026-04-02,2.74,2.74,2.65,2.66,64582487.0,173440921.44,1.4305,-3.2727,-1.670035,0.220229,0.205859,-1.433625
sh.600386,北巴传媒,2026-04-01,4.17,4.17,4.04,4.08,10161500.0,41431637.86,1.2601,-0.2445,4005.68681,1.842589,0.764434,117.268228
sh.600386,北巴传媒,2026-04-02,4.08,4.1,4.0,4.03,7144382.0,28898272.52,0.886,-1.2255,3956.597511,1.820008,0.755066,115.831118
sh.600388,龙净环保,2026-04-01,18.1,18.15,17.89,17.99,11137300.0,200466158.0,0.8769,1.1242,20.541499,2.081766,1.924469,-938.504211
sh.600388,龙净环保,2026-04-02,17.98,18.5,17.83,18.05,13513113.0,244619356.15,1.064,0.3335,20.610009,2.088709,1.930887,-941.634297
sh.600389,江山股份,2026-04-01,29.29,30.18,29.0,29.84,10318872.0,305632749.74,2.3961,2.7902,26.879358,3.137602,2.272531,-13.929656
sh.600389,江山股份,2026-04-02,29.84,30.02,28.88,28.92,7439695.0,218415281.83,1.7276,-3.0831,26.050638,3.040867,2.202467,-13.50019
sh.600390,五矿资本,2026-04-01,5.39,5.41,5.34,5.36,24154819.0,129438464.08,0.537,0.3745,572.110337,0.568651,3.311868,-125.373479
sh.600390,五矿资本,2026-04-02,5.35,5.36,5.23,5.25,24170730.0,127539408.6,0.5374,-2.0522,560.369267,0.556981,3.243901,-122.800516
sh.600391,航发科技,2026-04-01,40.0,40.37,39.14,39.7,8679072.0,343909199.36,2.629,0.787,215.288851,7.341209,3.031639,47.117772
sh.600391,航发科技,2026-04-02,39.4,40.86,39.36,39.52,9718737.0,389107920.5,2.9439,-0.4534,214.31273,7.307924,3.017893,46.904139
sh.600392,盛和资源,2026-04-01,22.91,23.15,22.61,22.94,62092667.0,1420757291.2,3.5424,2.4107,44.582088,3.021875,2.959708,67.421003
sh.600392,盛和资源,2026-04-02,22.7,22.8,22.16,22.37,40297254.0,905547898.57,2.299,-2.4847,43.474338,2.946789,2.886167,65.745764
sh.600395,盘江股份,2026-04-01,5.77,5.82,5.62,5.66,46719308.0,266614005.74,2.1764,-0.1764,235.507132,1.156455,1.255064,84.704172
sh.600395,盘江股份,2026-04-02,5.65,5.73,5.58,5.65,29140445.0,164418991.8,1.3575,-0.1767,235.091042,1.154411,1.252847,84.554518
sh.600396,华电辽能,2026-04-01,7.8,8.19,7.52,7.52,287529555.0,2226923948.83,19.5239,-9.9401,173.502727,8.197437,2.516684,-45.24269
sh.600396,华电辽能,2026-04-02,7.46,7.76,7.03,7.34,298054269.0,2196753793.15,20.2385,-2.3936,169.349736,8.001222,2.456445,-44.159753
sh.600397,江钨装备,2026-04-01,15.06,15.16,14.66,14.76,32786700.0,487410820.0,3.3119,0.4082,-35.009863,93.982744,3.960881,-25.623359
sh.600397,江钨装备,2026-04-02,14.57,14.85,14.11,14.23,32212700.0,462673573.0,3.2539,-3.5908,-33.752734,90.608025,3.818655,-24.703279
sh.600398,海澜之家,2026-04-01,6.56,6.65,6.48,6.52,42720414.0,279276697.91,0.8895,-0.1531,14.457153,1.709058,1.448006,369.004005
sh.600398,海澜之家,2026-04-02,6.49,6.63,6.45,6.58,53737098.0,351010225.9,1.1189,0.9202,14.590194,1.724785,1.461331,372.399747
sh.600399,抚顺特钢,2026-04-01,6.11,6.12,5.97,6.02,37474368.0,226076635.36,1.9002,0.1664,-14.748433,2.153746,1.525297,-14.570872
sh.600399,抚顺特钢,2026-04-02,5.98,6.02,5.83,5.88,39113005.0,231082669.7,1.9833,-2.3256,-14.405446,2.103659,1.489825,-14.232014
sh.600400,红豆股份,2026-04-01,2.18,2.2,2.14,2.16,23434670.0,50622701.86,1.0227,0.9346,-10.755648,2.122081,3.086317,-35.801873
sh.600400,红豆股份,2026-04-02,2.15,2.16,2.1,2.12,19374900.0,41227017.0,0.8456,-1.8519,-10.55647,2.082784,3.029163,-35.138875
sh.600403,大有能源,2026-04-01,5.84,5.88,5.72,5.79,18952027.0,109709237.91,0.7927,-0.8562,-9.698326,3.019843,3.320964,-10.149322
sh.600403,大有能源,2026-04-02,5.85,5.86,5.74,5.76,18260284.0,105925163.04,0.7638,-0.5181,-9.648076,3.004196,3.303757,-10.096735
sh.600405,动力源,2026-04-01,5.62,5.65,5.46,5.52,12818261.0,70855974.41,2.1009,0.3636,-8.173549,16.319645,7.912526,102.463962
sh.600405,动力源,2026-04-02,5.5,5.52,5.29,5.3,16282779.0,87556994.6,2.6688,-3.9855,-7.847792,15.669224,7.597172,98.380254
sh.600406,国电南瑞,2026-04-01,26.35,26.45,26.15,26.42,54015212.0,1420320495.34,0.6745,1.6545,26.566651,4.311224,3.345597,-30.075032
sh.600406,国电南瑞,2026-04-02,26.45,26.66,25.92,26.09,53972823.0,1417110873.69,0.674,-1.2491,26.234819,4.257375,3.303808,-29.699379
sh.600408,安泰集团,2026-04-01,3.48,3.5,3.32,3.41,70968566.0,241557089.88,7.0489,-3.125,-18.060669,2.528946,0.646847,-29.069204
sh.600408,安泰集团,2026-04-02,3.41,3.47,3.39,3.41,52415533.0,179438242.26,5.2062,0.0,-18.060669,2.528946,0.646847,-29.069204
sh.600409,三友化工,2026-04-01,7.06,7.37,7.02,7.21,42387569.0,305047577.94,2.0533,3.8905,65.870714,1.070529,0.765338,59.690671
sh.600409,三友化工,2026-04-02,7.18,7.2,6.99,7.09,26086539.0,184397187.28,1.2637,-1.6644,64.774392,1.052711,0.7526,58.697207
sh.600410,华胜天成,2026-04-01,25.4,26.7,25.37,26.47,220512182.0,5764932302.05,20.1106,6.6909,48.65744,6.118929,6.499741,-985.678378
sh.600410,华胜天成,2026-04-02,25.9,26.06,24.9,25.14,157705099.0,4013289376.77,14.3827,-5.0246,46.21262,5.81148,6.173157,-936.152415
sh.600415,小商品城,2026-04-01,13.08,13.41,12.94,13.28,57265641.0,757285813.35,1.0443,2.6275,17.329749,3.282516,4.004389,11.843543
sh.600415,小商品城,2026-04-02,13.3,13.3,12.97,13.06,35685025.0,465805282.02,0.6508,-1.6566,17.04266,3.228137,3.938051,11.647339
sh.600416,湘电股份,2026-04-01,12.96,12.99,12.72,12.77,15691230.0,201227339.77,1.0632,0.2355,66.893421,1.950619,3.866235,11.96218
sh.600416,湘电股份,2026-04-02,12.69,12.8,12.4,12.47,16562671.0,207791637.03,1.1223,-2.3493,65.321924,1.904794,3.775407,11.681157
sh.600418,江淮汽车,2026-04-01,47.0,47.25,46.31,46.79,24984701.0,1168745532.79,1.144,1.2771,-27.441968,10.622441,2.581135,-54.964046
sh.600418,江淮汽车,2026-04-02,46.54,46.69,45.16,45.42,24002763.0,1100070273.7,1.099,-2.928,-26.638473,10.311418,2.50556,-53.354712
sh.600419,天润乳业,2026-04-01,9.66,9.75,9.56,9.63,7999150.0,77235440.0,2.5353,1.1555,73.244356,1.25164,1.104075,-21.735916
sh.600419,天润乳业,2026-04-02,9.63,9.69,9.53,9.59,5078390.0,48771494.6,1.6096,-0.4154,72.940122,1.246441,1.099489,-21.645632
sh.600420,国药现代,2026-04-01,10.69,10.8,10.52,10.75,15109700.0,161840659.0,1.1266,1.3195,15.311789,1.046358,1.539837,-6.212825
sh.600420,国药现代,2026-04-02,10.73,10.83,10.67,10.71,13926000.0,149576099.0,1.0383,-0.3721,15.254815,1.042465,1.534107,-6.189708
sh.600421,*ST华嵘,2026-04-01,6.98,6.99,6.55,6.55,4507000.0,30061742.0,2.3042,-4.9347,-315.434136,207.837848,8.564529,2352.480921
sh.600421,*ST华嵘,2026-04-02,6.45,6.63,6.25,6.27,4972420.0,31795032.0,2.5421,-4.2748,-301.949929,198.953177,8.198411,2251.916851
sh.600422,昆药集团,2026-04-01,11.47,11.66,11.39,11.62,7587600.0,87658888.0,1.0024,1.9298,25.13585,1.640364,1.33776,-8.770299
sh.600422,昆药集团,2026-04-02,11.56,11.8,11.53,11.76,9072300.0,105850892.0,1.1985,1.2048,25.438692,1.660128,1.353878,-8.875966
sh.600423,柳化股份,2026-04-01,3.88,3.94,3.68,3.75,49812786.0,186812882.18,6.2368,-2.8497,488.770122,5.357651,20.200322,249.382556
sh.600423,柳化股份,2026-04-02,3.72,3.74,3.57,3.61,24149050.0,87880086.98,3.0236,-3.7333,470.522704,5.157632,19.446177,240.072274
sh.600425,青松建化,2026-04-01,4.19,4.23,4.13,4.19,28082700.0,117307677.45,1.75,1.699,24.327447,1.038813,1.73152,-56.745763
sh.600425,青松建化,2026-04-02,4.17,4.2,4.1,4.12,22587759.0,93598431.64,1.4076,-1.6706,23.921022,1.021458,1.702592,-55.797743
sh.600426,华鲁恒升,2026-04-01,36.3,36.96,36.0,36.5,20395594.0,743591379.18,0.9607,0.8287,23.373984,2.342681,2.502393,121.350757
sh.600426,华鲁恒升,2026-04-02,36.36,36.9,35.41,35.63,22419675.0,805387447.75,1.0561,-2.3836,22.81685,2.286842,2.442747,118.458287
sh.600428,中远海特,2026-04-01,9.07,9.3,9.02,9.15,62684536.0,573285981.07,2.5635,1.7798,14.105206,1.489027,1.0817,7.746167
sh.600428,中远海特,2026-04-02,9.11,9.85,9.11,9.6,96216158.0,920833112.48,3.9348,4.918,14.798904,1.562257,1.134899,8.127126
sh.600429,三元股份,2026-04-01,5.86,6.26,5.86,6.05,48498090.0,295038414.08,3.2385,2.8912,48.887372,1.734974,1.405073,44.162159
sh.600429,三元股份,2026-04-02,6.05,6.08,5.88,5.98,33578500.0,201072622.0,2.2422,-1.157,48.321733,1.7149,1.388816,43.651192
sh.600433,冠豪高新,2026-04-01,3.79,3.85,3.65,3.68,46789338.0,173156826.9,2.6732,-1.0753,-21.211028,1.52201,0.900621,-13.844624
sh.600433,冠豪高新,2026-04-02,3.65,3.67,3.53,3.57,36276791.0,129879364.14,2.0726,-2.9891,-20.577003,1.476516,0.8737,-13.43079
sh.600435,北方导航,2026-04-01,14.82,14.88,14.59,14.7,20857905.0,306344506.63,1.3792,0.3413,184.325372,7.61993,5.303512,-129.198822
sh.600435,北方导航,2026-04-02,14.7,14.76,14.44,14.49,18677544.0,272572893.31,1.235,-1.4286,181.692152,7.511074,5.227747,-127.353125
sh.600436,片仔癀,2026-04-01,151.88,153.24,151.55,153.0,1438354.0,219189934.3,0.2384,1.2574,38.148883,6.378244,9.438488,-49.820873
sh.600436,片仔癀,2026-04-02,154.0,154.07,151.82,152.01,1627987.0,248564031.52,0.2698,-0.6471,37.902037,6.336973,9.377415,-49.498503
sh.600438,通威股份,2026-04-01,16.7,16.86,16.48,16.69,36289447.0,604515628.11,0.8061,1.0291,-9.014063,1.80011,0.850734,21.971479
sh.600438,通威股份,2026-04-02,16.8,16.8,16.07,16.21,51730269.0,847739691.57,1.1491,-2.876,-8.754821,1.74834,0.826267,21.339585
sh.600439,瑞贝卡,2026-04-01,2.63,2.64,2.57,2.59,10027899.0,26008381.4,0.8859,0.3876,-25.303817,1.112801,2.315237,49.020706
sh.600439,瑞贝卡,2026-04-02,2.59,2.6,2.53,2.54,10528500.0,26923850.0,0.9301,-1.9305,-24.815326,1.091318,2.270541,48.074361
sh.600444,国机通用,2026-04-01,17.28,17.6,17.12,17.34,2327400.0,40208928.0,1.5895,1.5222,43.389318,3.486036,2.824747,-7.447219
sh.600444,国机通用,2026-04-02,17.34,17.45,16.97,17.09,2004100.0,34400234.0,1.3687,-1.4418,42.763751,3.435775,2.784021,-7.339848
sh.600446,金证股份,2026-04-01,12.75,13.0,12.6,12.86,14593317.0,186876637.32,1.5504,2.7157,-84.347303,3.287447,4.053807,-10.883819
sh.600446,金证股份,2026-04-02,12.79,12.81,12.36,12.43,12850210.0,161044185.6,1.3652,-3.3437,-81.526981,3.177525,3.91826,-10.519897
sh.600448,华纺股份,2026-04-01,3.42,3.43,3.3,3.33,22045400.0,73916806.0,3.5003,-1.1869,-15.324142,1.860876,0.670271,126.77948
sh.600448,华纺股份,2026-04-02,3.33,3.36,3.22,3.26,21219640.0,69528401.4,3.3692,-2.1021,-15.002013,1.821758,0.656181,124.114446
sh.600449,宁夏建材,2026-04-01,13.0,13.1,12.77,12.89,5312862.0,68704127.8,1.1111,1.098,33.846,0.836002,1.191451,2.527082
sh.600449,宁夏建材,2026-04-02,12.7,12.86,12.35,12.5,6608994.0,83049873.87,1.3821,-3.0256,32.821955,0.810708,1.155402,2.450623
sh.600452,涪陵电力,2026-04-01,11.65,11.68,11.35,11.43,36506335.0,418785564.28,2.3759,1.1504,45.010915,3.209539,5.882137,-7.464107
sh.600452,涪陵电力,2026-04-02,11.42,11.78,10.95,11.07,44258565.0,497725438.56,2.8804,-3.1496,43.593248,3.108452,5.696873,-7.229017
sh.600455,博通股份,2026-04-01,27.35,27.82,26.53,26.86,1630495.0,43912673.7,2.6105,0.9016,43.354157,5.074789,5.59831,41.295512
sh.600455,博通股份,2026-04-02,26.81,26.98,25.62,25.91,2094800.0,54789808.0,3.3539,-3.5369,41.820782,4.895301,5.400306,39.834948
sh.600456,宝钛股份,2026-04-01,34.16,34.29,33.67,34.04,5755258.0,195288896.77,1.2046,1.2794,39.130236,2.302274,2.634496,-1002.80293
sh.600456,宝钛股份,2026-04-02,33.82,33.97,33.01,33.28,6303376.0,210814744.5,1.3193,-2.2327,38.256588,2.250872,2.575676,-980.413675
sh.600458,时代新材,2026-04-01,11.88,11.98,11.65,11.85,18859212.0,222635281.89,2.1874,1.7167,21.474142,1.393095,0.5137,8.705391
sh.600458,时代新材,2026-04-02,11.8,11.87,11.41,11.5,16182763.0,187563148.22,1.8769,-2.9536,20.839884,1.351949,0.498528,8.448269
sh.600459,贵研铂业,2026-04-01,19.95,20.02,19.56,19.8,15161225.0,299431644.59,1.9957,1.5385,23.69848,2.030617,0.27002,152.920957
sh.600459,贵研铂业,2026-04-02,19.6,19.71,19.08,19.28,14231619.0,275801895.48,1.8733,-2.6263,23.076096,1.977288,0.262928,148.904851
sh.600460,士兰微,2026-04-01,26.05,26.13,25.75,25.99,18739938.0,486001803.27,1.1261,1.8417,80.083027,3.621789,3.386662,-81.571234
sh.600460,士兰微,2026-04-02,25.93,25.94,25.1,25.19,21164120.0,539175139.21,1.2718,-3.0781,77.617986,3.510307,3.282416,-79.060384
sh.600461,洪城环境,2026-04-01,9.9,9.93,9.79,9.86,7560200.0,74540602.0,0.5887,0.0,10.543883,1.312018,1.580864,-40.233653
sh.600461,洪城环境,2026-04-02,9.85,9.9,9.7,9.72,8007750.0,78334434.8,0.6236,-1.4199,10.394174,1.293389,1.558418,-39.662391
sh.600463,空港股份,2026-04-01,10.04,10.05,9.72,9.83,3632141.0,35770844.19,1.2107,-1.1066,-30.785612,3.207379,6.134283,-58.903586
sh.600463,空港股份,2026-04-02,9.83,10.15,9.59,9.97,6656185.0,65544832.35,2.2187,1.4242,-31.224064,3.253059,6.221648,-59.742498
sh.600467,好当家,2026-04-01,2.48,2.5,2.46,2.48,28428200.0,70503545.0,1.9458,0.813,88.517896,1.059167,2.625851,-146.495215
sh.600467,好当家,2026-04-02,2.47,2.5,2.44,2.46,29986800.0,74058629.0,2.0525,-0.8065,87.804042,1.050625,2.604675,-145.313802
sh.600468,百利电气,2026-04-01,8.6,8.76,8.1,8.29,73151300.0,612991939.4,6.7251,-1.3095,-69.554112,4.489844,4.153471,-281.113573
sh.600468,百利电气,2026-04-02,8.18,8.58,8.1,8.18,54828751.0,454016141.71,5.0406,-1.3269,-68.631199,4.430268,4.098358,-277.383477
sh.600469,风神股份,2026-04-01,6.72,6.76,6.62,6.73,6040450.0,40320488.5,0.8281,2.5915,26.181729,1.699857,0.812633,-108.322145
sh.600469,风神股份,2026-04-02,6.72,6.77,6.63,6.77,8757619.0,58667459.22,1.2006,0.5944,26.337341,1.70996,0.817463,-108.965961
sh.600470,六国化工,2026-04-01,7.16,7.25,7.0,7.03,36136901.0,255838714.04,6.9281,-0.7062,-16.629333,2.253791,0.569488,75.882908
sh.600470,六国化工,2026-04-02,7.03,7.1,6.85,6.91,28867083.0,200559169.31,5.5343,-1.707,-16.345475,2.215319,0.559767,74.58761
sh.600475,华光环能,2026-04-01,17.76,17.89,17.5,17.6,7888128.0,139285560.04,0.8366,1.0333,29.658448,1.935459,1.969493,43.939721
sh.600475,华光环能,2026-04-02,17.56,17.82,17.08,17.24,9578441.0,166300821.14,1.0159,-2.0455,29.051798,1.895871,1.929207,43.040954
sh.600476,湘邮科技,2026-04-01,11.6,11.63,10.94,11.1,4958000.0,55246173.0,3.0782,-1.7699,-173.363388,15.737405,2.542434,60.153643
sh.600476,湘邮科技,2026-04-02,11.1,11.27,10.55,10.68,5645000.0,61041765.0,3.5047,-3.7838,-166.803692,15.141936,2.446234,57.877559
sh.600477,杭萧钢构,2026-04-01,3.36,3.46,3.24,3.28,89257456.0,296160347.94,3.7837,1.2346,68.798741,1.522635,1.00007,70.825936
sh.600477,杭萧钢构,2026-04-02,3.24,3.25,3.15,3.16,57666354.0,184275570.24,2.4446,-3.6585,66.281713,1.466929,0.963482,68.234743
sh.600478,科力远,2026-04-01,7.31,7.43,7.15,7.18,56220841.0,407302977.41,3.3755,0.1395,63.200034,4.12017,2.622327,29.830945
sh.600478,科力远,2026-04-02,7.15,7.33,7.07,7.21,45723776.0,329909333.72,2.7453,0.4178,63.464101,4.137385,2.633284,29.955587
sh.600479,千金药业,2026-04-01,10.79,10.97,10.67,10.92,9761520.0,105892965.8,2.3325,1.676,18.673542,2.148661,1.478833,-4.581357
sh.600479,千金药业,2026-04-02,10.91,11.02,10.84,10.87,7179240.0,78471575.4,1.7154,-0.4579,18.588041,2.138822,1.472062,-4.56038
sh.600480,凌云股份,2026-04-01,9.99,10.03,9.86,9.9,7627166.0,75580569.8,0.6288,0.4057,16.288164,1.552858,0.618663,-36.506978
sh.600480,凌云股份,2026-04-02,9.91,9.91,9.68,9.72,9131527.0,89119388.27,0.7529,-1.8182,15.992016,1.524624,0.607415,-35.843214
sh.600481,双良节能,2026-04-01,6.68,6.75,6.46,6.62,87609745.0,577208919.37,4.2443,0.9146,-10.214379,3.308351,1.55855,-35.732561
sh.600481,双良节能,2026-04-02,6.55,6.6,6.33,6.38,61703456.0,396994041.66,2.9892,-3.6254,-9.844163,3.188441,1.502061,-34.43745
sh.600482,中国动力,2026-04-01,32.11,33.03,32.06,32.29,31339948.0,1019422585.0,1.3817,3.0642,39.476217,1.825954,1.306772,9.244373
sh.600482,中国动力,2026-04-02,32.35,34.0,31.91,32.26,39806180.0,1313932756.78,1.7549,-0.0929,39.43954,1.824258,1.305558,9.235785
sh.600483,福能股份,2026-04-01,10.4,10.8,10.4,10.63,35252085.0,374087612.97,1.268,2.2115,9.821623,1.12611,2.093984,26.500998
sh.600483,福能股份,2026-04-02,10.56,10.58,10.21,10.31,24900741.0,257831322.6,0.8957,-3.0103,9.525958,1.09221,2.030948,25.703225
sh.600486,扬农化工,2026-04-01,75.45,77.38,74.1,77.0,5642281.0,430076271.64,1.3966,2.6667,24.269963,2.721746,2.629227,53.882036
sh.600486,扬农化工,2026-04-02,77.14,77.6,74.3,75.1,4911885.0,371748155.32,1.2158,-2.4675,23.671094,2.654586,2.56435,52.552479
sh.600487,亨通光电,2026-04-01,54.66,54.7,50.58,51.96,128739639.0,6686306031.78,5.265,-1.3293,45.286616,4.163897,1.906897,62.318961
sh.600487,亨通光电,2026-04-02,52.03,55.8,52.03,53.39,146987529.0,7954717995.76,6.0113,2.7521,46.532956,4.278493,1.959377,64.034052
sh.600488,津药药业,2026-04-01,5.76,5.76,5.65,5.76,36894429.0,212279369.64,3.379,9.9237,385.960362,2.080437,2.18787,-36.401407
sh.600488,津药药业,2026-04-02,6.34,6.34,6.34,6.34,14879297.0,94334742.98,1.3627,10.0694,424.824426,2.289926,2.408177,-40.066827
sh.600489,中金黄金,2026-04-01,27.5,27.95,26.93,27.26,75611637.0,2067955806.61,1.5599,2.0592,29.884114,4.525956,1.7981,50.427131
sh.600489,中金黄金,2026-04-02,26.99,26.99,26.01,26.4,74258430.0,1967001730.52,1.532,-3.1548,28.941328,4.383171,1.741373,48.836253
sh.600490,鹏欣资源,2026-04-01,7.84,8.08,7.74,7.9,53482029.0,419597741.64,2.684,3.5387,68.739207,2.754256,2.91072,240.956381
sh.600490,鹏欣资源,2026-04-02,7.83,7.89,7.62,7.83,51940800.0,405125258.92,2.6067,-0.8861,68.130125,2.729851,2.884928,238.821325
sh.600491,龙元建设,2026-04-01,2.99,3.04,2.84,2.86,35728000.0,103671157.0,2.3355,-1.7182,-7.249797,0.44587,0.714121,18.957418
sh.600491,龙元建设,2026-04-02,2.84,2.87,2.77,2.82,15427127.0,43433452.51,1.0085,-1.3986,-7.148401,0.439634,0.704133,18.692279
sh.600493,凤竹纺织,2026-04-01,7.65,7.76,7.42,7.54,8142700.0,61448412.0,2.9936,-0.1325,130.543815,1.828273,2.227052,38.686519
sh.600493,凤竹纺织,2026-04-02,7.49,7.57,7.17,7.33,8138600.0,60266024.0,2.9921,-2.7851,126.90798,1.777353,2.165025,37.609043
sh.600495,晋西车轴,2026-04-01,5.19,5.42,4.96,4.98,168894901.0,884438022.7,13.9792,1.0142,153.562649,1.840991,4.583826,-85.677086
sh.600495,晋西车轴,2026-04-02,4.81,5.06,4.76,5.03,120493070.0,588509316.08,9.973,1.004,155.104443,1.859475,4.629848,-86.537298
sh.600496,精工钢构,2026-04-01,4.05,4.17,4.04,4.12,36348130.0,149467180.46,1.8264,3.2581,13.099953,0.892048,0.390385,59.471913
sh.600496,精工钢构,2026-04-02,4.1,4.12,3.97,3.99,22350600.0,89921115.0,1.1231,-3.1553,12.686605,0.863901,0.378067,57.595372
sh.600497,驰宏锌锗,2026-04-01,8.06,8.09,7.9,7.98,77221409.0,616104231.6,1.5321,1.5267,38.849898,2.473151,1.671785,245.460367
sh.600497,驰宏锌锗,2026-04-02,7.93,7.99,7.75,7.83,73492946.0,578399677.15,1.4581,-1.8797,38.119637,2.426663,1.64036,240.846451
sh.600498,烽火通信,2026-04-01,52.33,52.38,48.0,48.86,113773085.0,5591067319.57,8.9471,-3.2092,80.742123,4.387682,2.712269,135.71925
sh.600498,烽火通信,2026-04-02,48.19,50.5,47.53,47.82,96329925.0,4720234272.78,7.5754,-2.1285,79.023502,4.294289,2.654537,132.830425
sh.600499,科达制造,2026-04-01,16.2,16.68,16.05,16.26,26740843.0,435961114.13,1.3943,2.3285,23.825515,2.47637,1.793289,141.331059
sh.600499,科达制造,2026-04-02,16.21,16.56,15.88,16.13,16636700.0,269224703.68,0.8675,-0.7995,23.635028,2.456572,1.778951,140.201106
sh.600500,中化国际,2026-04-01,4.38,4.45,4.36,4.41,27481650.0,120910457.0,0.7659,1.6129,-4.333813,1.393978,0.321964,8.835846
sh.600500,中化国际,2026-04-02,4.4,4.43,4.32,4.35,26244053.0,114602389.11,0.7314,-1.3605,-4.27485,1.375012,0.317583,8.715631
sh.600501,航天晨光,2026-04-01,23.09,23.14,22.19,22.37,8094494.0,181546915.88,1.892,-1.4537,-29.114445,5.55358,4.179259,1497.408557
sh.600501,航天晨光,2026-04-02,22.35,22.51,21.88,22.02,5072700.0,111986764.0,1.1857,-1.5646,-28.658922,5.466689,4.11387,1473.980171
sh.600502,安徽建工,2026-04-01,6.03,6.19,5.55,5.55,301977262.0,1787993962.85,17.5923,-1.421,6.24385,0.787208,0.114507,5.092088
sh.600502,安徽建工,2026-04-02,5.43,5.75,5.37,5.64,227290331.0,1270018014.64,13.2412,1.6216,6.345102,0.799973,0.116364,5.174662
sh.600503,华丽家族,2026-04-01,2.47,2.49,2.4,2.45,20431050.0,49762892.0,1.2751,0.823,-63.144394,1.104393,15.137122,-131.033585
sh.600503,华丽家族,2026-04-02,2.44,2.45,2.38,2.4,19450400.0,46847872.0,1.2139,-2.0408,-61.855733,1.081855,14.828201,-128.35943
sh.600505,西昌电力,2026-04-01,13.78,13.83,13.15,13.24,19904537.0,266011853.3,5.4598,-2.2157,307.382443,3.956997,3.115615,180.192889
sh.600505,西昌电力,2026-04-02,13.38,14.39,13.23,13.64,29060708.0,399182014.64,7.9713,3.0211,316.668921,4.076544,3.209742,185.636783
sh.600506,统一股份,2026-04-01,22.02,22.03,21.45,21.57,5741200.0,124237878.0,2.9899,-1.055,316.718582,9.336508,1.717836,-45.087346
sh.600506,统一股份,2026-04-02,21.54,22.2,21.54,21.97,7725200.0,169368282.0,4.0231,1.8544,322.591899,9.509646,1.749692,-45.923459
sh.600507,方大特钢,2026-04-01,5.76,5.85,5.74,5.78,20701021.0,119875652.13,0.8949,1.4035,14.189414,1.31681,0.733281,67.122127
sh.600507,方大特钢,2026-04-02,5.77,5.81,5.68,5.73,17488516.0,100225157.31,0.756,-0.8651,14.066668,1.305419,0.726938,66.541486
sh.600508,上海能源,2026-04-01,13.46,13.72,13.23,13.47,11564312.0,156374203.79,1.6001,0.5975,44.163651,0.770554,1.268142,-13.546486
sh.600508,上海能源,2026-04-02,13.41,13.79,13.35,13.41,10044502.0,136171971.93,1.3898,-0.4454,43.966931,0.767121,1.262493,-13.486146
sh.600509,天富能源,2026-04-01,8.3,8.41,8.21,8.36,29452926.0,245050534.93,2.143,2.2005,89.221219,1.477901,1.359,72.308568
sh.600509,天富能源,2026-04-02,8.3,8.36,8.1,8.15,29978874.0,245516567.24,2.1812,-2.512,86.980016,1.440777,1.324863,70.492205
sh.600510,黑牡丹,2026-04-01,8.15,8.21,8.08,8.17,4482866.0,36560620.22,0.4344,1.6169,80.202422,0.809727,1.549,-9.415222
sh.600510,黑牡丹,2026-04-02,8.17,8.49,8.08,8.2,10315466.0,85349060.88,0.9995,0.3672,80.496923,0.8127,1.554688,-9.449795
sh.600511,国药股份,2026-04-01,29.74,29.74,29.0,29.3,7723453.0,225889637.94,1.3958,0.0,11.07233,1.192088,0.421339,36.804889
sh.600511,国药股份,2026-04-02,29.29,29.5,29.15,29.3,6139100.0,180052949.2,1.1094,0.0,11.07233,1.192088,0.421339,36.804889
sh.600512,腾达建设,2026-04-01,2.55,2.64,2.48,2.51,88720900.0,225794774.0,5.5891,-1.5686,146.513118,0.6365,1.01996,-43.611367
sh.600512,腾达建设,2026-04-02,2.5,2.56,2.45,2.47,48408600.0,120575761.0,3.0495,-1.5936,144.178248,0.626357,1.003705,-42.916365
sh.600513,联环药业,2026-04-01,27.96,30.76,27.5,30.3,64902710.0,1906828631.34,22.7365,8.3691,-198.373042,6.478713,3.328792,144.891768
sh.600513,联环药业,2026-04-02,29.85,32.27,29.0,30.75,57324049.0,1733933639.75,20.0816,1.4851,-201.319176,6.574931,3.378229,147.043626
sh.600515,海南机场,2026-04-01,3.67,3.69,3.63,3.66,66318854.0,242675802.09,0.7227,1.105,134.895619,1.77618,9.177348,-16.789568
sh.600515,海南机场,2026-04-02,3.65,3.66,3.59,3.61,66383988.0,240376179.91,0.7235,-1.3661,133.052783,1.751915,9.051975,-16.560202
sh.600516,方大炭素,2026-04-01,5.76,5.79,5.67,5.72,49740684.0,284408504.61,1.2355,0.3509,540.583895,1.422202,6.888358,-19.428036
sh.600516,方大炭素,2026-04-02,5.7,5.7,5.48,5.5,60039220.0,334775895.59,1.4913,-3.8462,519.792207,1.367501,6.623421,-18.680804
sh.600517,国网英大,2026-04-01,6.47,6.54,6.46,6.5,21212900.0,137665867.8,0.371,1.8809,15.785902,1.605001,3.242172,-48.185418
sh.600517,国网英大,2026-04-02,6.46,6.5,6.3,6.34,23458233.0,149790274.22,0.4102,-2.4615,15.397326,1.565494,3.162365,-46.999316
sh.600518,康美药业,2026-04-01,1.78,1.79,1.75,1.78,174878471.0,309322433.19,1.2652,0.565,1479.254415,3.425102,4.666272,54.884042
sh.600518,康美药业,2026-04-02,1.77,1.89,1.77,1.83,447636210.0,817951302.77,3.2385,2.809,1520.806505,3.521313,4.797347,56.425729
sh.600519,贵州茅台,2026-04-01,1464.49,1469.99,1452.88,1459.44,2912514.0,4256185471.72,0.2326,0.651,20.300647,7.1094,10.045948,423.482286
sh.600519,贵州茅台,2026-04-02,1459.44,1464.88,1452.1,1459.88,2106437.0,3071809845.5,0.1682,0.0301,20.306767,7.111544,10.048977,423.60996
sh.600520,三佳科技,2026-04-01,24.08,24.19,23.82,24.01,2365800.0,56699901.0,1.4933,1.7373,497.804147,9.71295,10.049511,61.254637
sh.600520,三佳科技,2026-04-02,23.51,23.94,22.98,23.2,3018800.0,70726935.0,1.9054,-3.3736,481.010254,9.385275,9.710481,59.188154
sh.600521,华海药业,2026-04-01,16.16,16.77,15.98,16.59,49099695.0,809942493.11,3.2793,3.3001,53.067802,2.679608,2.852268,-938.208102
sh.600521,华海药业,2026-04-02,16.5,16.69,16.36,16.5,29892681.0,493446640.23,1.9965,-0.5425,52.779911,2.665071,2.836795,-933.118366
sh.600522,中天科技,2026-04-01,30.99,30.99,28.6,29.16,158760715.0,4628127274.75,4.6517,-3.0907,34.731422,2.717753,1.924598,45.007221
sh.600522,中天科技,2026-04-02,29.15,30.62,29.11,29.32,142711659.0,4241717845.22,4.1815,0.5487,34.921992,2.732666,1.935158,45.254175
sh.600523,贵航股份,2026-04-01,13.95,14.01,13.8,13.9,2674279.0,37145952.84,0.6619,0.7977,29.176254,1.752986,2.227286,-80.28771
sh.600523,贵航股份,2026-04-02,13.85,14.04,13.7,13.77,3115300.0,43173166.0,0.771,-0.9353,28.903382,1.736591,2.206455,-79.536818
sh.600525,ST长园,2026-04-01,5.59,5.6,5.46,5.48,8523760.0,46891167.4,0.6463,-0.3636,-5.750111,1.920849,0.926487,90.610199
sh.600525,ST长园,2026-04-02,5.49,5.5,5.25,5.27,14202905.0,75859435.55,1.077,-3.8321,-5.52976,1.84724,0.890983,87.13791
sh.600526,菲达环保,2026-04-01,5.46,5.54,5.43,5.48,8916900.0,48851130.0,1.0214,1.8587,17.604395,1.089138,1.05665,-28.133653
sh.600526,菲达环保,2026-04-02,5.46,5.5,5.3,5.36,7237042.0,38973429.32,0.829,-2.1898,17.218897,1.065288,1.033511,-27.517588
sh.600527,江南高纤,2026-04-01,2.6,2.64,2.5,2.54,88918580.0,226182175.6,5.1346,-0.7813,157.480503,2.130238,8.235324,-87.944086
sh.600527,江南高纤,2026-04-02,2.52,2.55,2.47,2.5,71945484.0,180190177.36,4.1545,-1.5748,155.000495,2.096691,8.105634,-86.559139
sh.600528,中铁工业,2026-04-01,9.59,9.6,8.54,8.58,174432371.0,1560478989.25,7.8518,-6.434,13.94576,0.756393,0.688363,-412.109364
sh.600528,中铁工业,2026-04-02,8.41,8.82,8.34,8.66,101131999.0,864296688.08,4.5523,0.9324,14.07579,0.763445,0.694781,-415.951876
sh.600529,山东药玻,2026-04-01,18.59,18.82,18.48,18.77,7977592.0,149027309.08,1.2021,1.3499,18.062016,1.501697,2.784082,217.094358
sh.600529,山东药玻,2026-04-02,18.7,18.76,18.57,18.62,4672500.0,87163763.0,0.7041,-0.7991,17.917674,1.489696,2.761833,215.359453
sh.600530,交大昂立,2026-04-01,5.45,5.54,5.42,5.48,6546600.0,35840407.0,0.8448,1.8587,166.412881,13.339722,13.57835,122.028007
sh.600530,交大昂立,2026-04-02,5.48,5.49,5.35,5.39,5144750.0,27912096.5,0.6639,-1.6423,163.679823,13.120639,13.355348,120.023897
sh.600531,豫光金铅,2026-04-01,13.6,13.7,13.23,13.45,43409556.0,581846370.81,3.5898,2.0486,18.61695,2.810816,0.359976,-134.695095
sh.600531,豫光金铅,2026-04-02,13.29,13.29,12.8,12.94,39604616.0,517056552.04,3.2751,-3.7918,17.911029,2.704235,0.346326,-129.587698
sh.600533,栖霞建设,2026-04-01,2.58,2.59,2.47,2.5,17276330.0,43442635.2,1.6454,-1.5748,-3.482775,0.814599,0.492988,-8.202119
sh.600533,栖霞建设,2026-04-02,2.52,2.52,2.44,2.45,12937200.0,32029792.0,1.2321,-2.0,-3.413119,0.798307,0.483129,-8.038076
sh.600535,天士力,2026-04-01,14.39,14.54,14.3,14.51,11080050.0,160122177.48,0.7417,1.115,19.618065,1.747567,2.631855,36.261832
sh.600535,天士力,2026-04-02,14.5,14.65,14.42,14.52,10298369.0,149742724.8,0.6893,0.0689,19.631585,1.748771,2.633669,36.286823
sh.600536,中国软件,2026-04-01,36.77,36.87,36.51,36.79,8050373.0,295511732.22,0.9542,1.4617,-191.785743,9.74688,6.274331,10.528247
sh.600536,中国软件,2026-04-02,36.79,36.79,35.5,35.67,9876245.0,355274684.64,1.1706,-3.0443,-185.947199,9.450155,6.083321,10.207735
sh.600537,亿晶光电,2026-04-01,3.75,3.8,3.58,3.66,120131839.0,443012181.42,10.1487,-0.5435,-2.501414,19.272222,1.863733,1770.909005
sh.600537,亿晶光电,2026-04-02,3.64,3.9,3.6,3.79,180500201.0,677612660.96,15.2486,3.5519,-2.590262,19.956754,1.929932,1833.810145
sh.600538,国发股份,2026-04-01,6.77,6.82,6.63,6.66,12838400.0,85998353.0,2.4491,-0.597,-45.446608,4.524889,11.045856,236.730934
sh.600538,国发股份,2026-04-02,6.7,6.7,6.48,6.5,12303883.0,81005833.33,2.3472,-2.4024,-44.354798,4.416183,10.78049,231.043704
sh.600539,狮头股份,2026-04-01,15.0,15.33,14.27,15.0,32908820.0,487465940.43,14.3082,2.2495,-157.926848,11.501676,7.835337,136.115714
sh.600539,狮头股份,2026-04-02,14.8,15.15,13.89,14.09,27988300.0,400753353.0,12.1688,-6.0667,-148.345953,10.803907,7.359993,127.858027
sh.600540,新赛股份,2026-04-01,4.89,4.91,4.68,4.73,24090900.0,114405985.5,4.1438,-2.0704,-11.848661,6.304549,0.634357,13.079359
sh.600540,新赛股份,2026-04-02,4.75,4.79,4.64,4.71,17822300.0,84125724.0,3.0655,-0.4228,-11.798561,6.277891,0.631675,13.024055
sh.600543,莫高股份,2026-04-01,4.99,5.04,4.85,4.93,7252300.0,35637864.0,2.2584,0.818,-21.190028,2.08375,6.426705,70.407966
sh.600543,莫高股份,2026-04-02,4.88,4.95,4.73,4.79,6108800.0,29518780.0,1.9023,-2.8398,-20.588283,2.024577,6.244202,68.408551
sh.600545,卓郎智能,2026-04-01,3.79,4.0,3.7,4.0,80722077.0,316850287.5,4.5149,9.8901,-28.982322,2.238133,1.837816,-34.482562
sh.600545,卓郎智能,2026-04-02,4.06,4.06,3.77,3.79,151359584.0,583257525.45,8.4657,-5.25,-27.46075,2.120631,1.74133,-32.672228
sh.600546,山煤国际,2026-04-01,11.06,11.32,10.89,11.17,27336707.0,305481987.68,1.3789,0.6306,17.960422,1.352181,0.9658,-6.501169
sh.600546,山煤国际,2026-04-02,11.24,11.45,11.19,11.3,23249003.0,263043534.58,1.1727,1.1638,18.169451,1.367918,0.97704,-6.576832
sh.600547,山东黄金,2026-04-01,41.55,41.83,40.58,41.13,49314632.0,2030216363.2,1.3644,2.1863,40.006473,6.125009,1.818114,31.276311
sh.600547,山东黄金,2026-04-02,40.7,40.86,39.06,40.03,44985441.0,1801009501.25,1.2446,-2.6744,38.936521,5.961199,1.76949,30.439843
sh.600548,深高速,2026-04-01,9.34,9.4,9.27,9.39,6035600.0,56363667.0,0.352,0.5353,20.733835,1.034707,2.57224,11.486832
sh.600548,深高速,2026-04-02,9.36,9.6,9.32,9.53,10775203.0,102644730.65,0.6285,1.4909,21.042966,1.050133,2.610591,11.658094
sh.600549,厦门钨业,2026-04-01,57.01,57.07,55.36,56.0,41862472.0,2349117939.81,2.694,0.6832,38.470264,5.297616,1.913196,125.006572
sh.600549,厦门钨业,2026-04-02,55.0,55.01,52.77,53.37,48634484.0,2612226712.6,3.1298,-4.6964,36.663535,5.048818,1.823344,119.135727
sh.600550,保变电气,2026-04-01,15.3,15.43,15.06,15.26,43604423.0,664259184.51,2.3678,1.6656,178.018589,35.895098,4.629809,105.845177
sh.600550,保变电气,2026-04-02,15.26,15.76,14.82,14.9,70448412.0,1074933721.72,3.8255,-2.3591,173.818937,35.048294,4.520587,103.348174
sh.600551,时代出版,2026-04-01,8.0,8.08,7.97,8.04,3151700.0,25309016.8,0.4648,1.1321,13.124774,0.93017,0.722363,-9.591767
sh.600551,时代出版,2026-04-02,8.05,8.05,7.93,7.98,2664720.0,21318266.4,0.393,-0.7463,13.026828,0.923228,0.716972,-9.520187
sh.600552,凯盛科技,2026-04-01,12.1,12.18,11.86,12.09,29095137.0,349881533.59,3.0801,1.9393,88.757529,2.68644,1.942262,44.591673
sh.600552,凯盛科技,2026-04-02,12.0,12.07,11.66,11.73,19614984.0,232375404.87,2.0765,-2.9777,86.114625,2.606447,1.884428,43.263882
sh.600556,天下秀,2026-04-01,6.15,6.18,6.03,6.09,36448801.0,221566359.06,2.0163,0.495,506.668088,2.862206,2.931468,54.6819
sh.600556,天下秀,2026-04-02,6.05,6.05,5.86,5.89,43617078.0,258910705.02,2.4128,-3.2841,490.028741,2.768209,2.835196,52.886107
sh.600557,康缘药业,2026-04-01,13.75,14.21,13.75,14.2,9800507.0,137914869.98,1.7311,4.182,28.57197,1.705364,2.5656,24.027114
sh.600557,康缘药业,2026-04-02,14.2,14.3,14.1,14.15,6120700.0,86873728.0,1.0811,-0.3521,28.471365,1.699359,2.556566,23.942511
sh.600558,大西洋,2026-04-01,5.68,5.7,5.6,5.66,13231850.0,74659942.5,1.4741,0.7117,24.100063,2.135717,1.378365,83.68501
sh.600558,大西洋,2026-04-02,5.65,5.69,5.53,5.59,11921300.0,66753036.0,1.3281,-1.2367,23.802005,2.109303,1.361318,82.650036
sh.600559,老白干酒,2026-04-01,13.45,13.73,13.45,13.64,6978000.0,94891203.0,0.7672,0.7386,19.769223,2.365343,2.712396,-57.997032
sh.600559,老白干酒,2026-04-02,13.57,13.72,13.57,13.61,6926600.0,94383349.95,0.7616,-0.2199,19.725742,2.36014,2.70643,-57.869472
sh.600560,金自天正,2026-04-01,14.57,14.76,14.42,14.58,1994800.0,29058846.0,0.8919,1.3908,63.188831,3.324451,4.116245,223.38617
sh.600560,金自天正,2026-04-02,14.54,14.56,14.15,14.29,2410960.0,34561196.2,1.078,-1.989,61.931989,3.258327,4.034371,218.942961
sh.600561,江西长运,2026-04-01,6.84,6.89,6.57,6.67,5588600.0,37232921.99,1.9645,-0.4478,10698.237452,2.095177,1.258823,-49.544813
sh.600561,江西长运,2026-04-02,6.63,6.71,6.41,6.5,6981605.0,45779875.85,2.4542,-2.5487,10425.568731,2.041777,1.22674,-48.282052
sh.600562,国睿科技,2026-04-01,25.71,25.87,24.99,25.24,8370900.0,212045292.99,0.6741,-0.8641,49.439546,4.818311,8.872057,37.161324
sh.600562,国睿科技,2026-04-02,25.09,25.35,24.66,24.73,4520326.0,112494740.42,0.364,-2.0206,48.440569,4.720953,8.692788,36.410441
sh.600563,法拉电子,2026-04-01,127.76,132.88,125.53,129.55,10660331.0,1382662801.8,4.7379,3.7147,24.44995,4.833754,5.471934,-524.479297
sh.600563,法拉电子,2026-04-02,130.57,130.58,122.6,123.66,8422897.0,1057880414.44,3.7435,-4.5465,23.338332,4.613987,5.223152,-500.633808
sh.600566,济川药业,2026-04-01,26.45,26.79,26.33,26.55,5053854.0,134365633.54,0.5504,0.8739,14.814601,1.768816,3.981513,-17.558358
sh.600566,济川药业,2026-04-02,26.62,27.24,26.46,27.15,5826861.0,157538808.88,0.6344,2.2599,15.154623,1.809414,4.072896,-17.961354
sh.600567,山鹰国际,2026-04-01,1.56,1.57,1.54,1.55,56579261.0,87790482.59,0.897,0.6494,-12.087711,0.638475,0.339933,-103.58253
sh.600567,山鹰国际,2026-04-02,1.55,1.56,1.52,1.53,62763201.0,96511772.53,0.9951,-1.2903,-11.93174,0.630237,0.335547,-102.245981
sh.600568,ST中珠,2026-04-01,2.76,2.81,2.73,2.77,17452166.0,48288693.04,1.0456,1.4652,-9.829721,3.216356,9.674138,61.359798
sh.600568,ST中珠,2026-04-02,2.77,2.77,2.64,2.68,21653622.0,58260102.47,1.2973,-3.2491,-9.510344,3.111853,9.359816,59.366158
sh.600569,安阳钢铁,2026-04-01,2.25,2.29,2.23,2.25,35056272.0,79024951.99,1.2204,0.8969,-6.231865,2.368624,0.22472,-58.123111
sh.600569,安阳钢铁,2026-04-02,2.24,2.25,2.18,2.19,34899100.0,77084134.0,1.215,-2.6667,-6.065682,2.30546,0.218727,-56.573161
sh.600570,恒生电子,2026-04-01,25.88,25.97,25.67,25.85,16926538.0,437047699.67,0.8939,1.2534,39.759163,4.970612,8.464707,-52.45575
sh.600570,恒生电子,2026-04-02,25.71,25.72,25.25,25.36,14010311.0,356658680.72,0.7399,-1.8956,39.005508,4.876391,8.304254,-51.461424
sh.600571,信雅达,2026-04-01,13.4,13.48,13.34,13.43,5208300.0,69861130.0,1.1378,1.6654,62.392767,5.225514,3.007654,-138.787762
sh.600571,信雅达,2026-04-02,13.35,13.45,12.97,13.02,6516900.0,85575350.0,1.4237,-3.0529,60.487999,5.065986,2.915834,-134.550757
sh.600572,康恩贝,2026-04-01,4.43,4.47,4.39,4.46,44630660.0,198162120.7,1.764,1.3636,16.44571,1.602258,1.720129,95.340118
sh.600572,康恩贝,2026-04-02,4.46,4.52,4.45,4.5,51318447.0,230517821.86,2.0283,0.8969,16.593205,1.616628,1.735556,96.195186
sh.600573,惠泉啤酒,2026-04-01,12.15,12.32,12.08,12.24,5784300.0,70603319.0,2.3137,0.8237,36.552885,2.223592,4.843792,76.861633
sh.600573,惠泉啤酒,2026-04-02,12.19,12.3,12.1,12.16,5940710.0,72396248.7,2.3763,-0.6536,36.313977,2.209058,4.812133,76.359269
sh.600575,淮河能源,2026-04-01,3.88,3.92,3.86,3.89,51667400.0,201124449.0,1.3295,1.3021,16.42296,1.26862,0.71807,-11.595271
sh.600575,淮河能源,2026-04-02,3.88,3.95,3.82,3.85,58427700.0,226766848.0,1.5034,-1.0283,16.254086,1.255575,0.710686,-11.47604
sh.600576,祥源文旅,2026-04-01,6.06,6.13,5.99,6.08,13893500.0,84356639.0,2.1038,2.3569,33.289406,2.158596,5.914014,42.487849
sh.600576,祥源文旅,2026-04-02,6.07,6.07,5.82,5.84,15736500.0,92889468.0,2.3829,-3.9474,31.975351,2.073388,5.680566,40.810697
sh.600577,精达股份,2026-04-01,12.2,12.43,12.04,12.33,62260466.0,762346474.72,2.8944,4.1385,44.268203,4.34657,1.074951,67.689311
sh.600577,精达股份,2026-04-02,12.33,12.42,11.8,11.88,49350528.0,595439054.92,2.2942,-3.6496,42.652576,4.187936,1.035719,65.218898
sh.600578,京能电力,2026-04-01,5.15,5.31,5.09,5.22,57568804.0,299782647.54,0.8599,2.7559,10.01774,1.470685,0.982846,-43.123572
sh.600578,京能电力,2026-04-02,5.2,5.24,5.09,5.13,33546018.0,172550517.6,0.5011,-1.7241,9.845021,1.445328,0.9659,-42.380062
sh.600579,中化装备,2026-04-01,8.05,8.05,7.83,7.93,4318700.0,34208889.0,0.8749,0.1263,-3.404496,2.387334,1.086488,-3.373156
sh.600579,中化装备,2026-04-02,7.9,7.92,7.7,7.74,4305000.0,33455998.0,0.8722,-2.396,-3.322926,2.330134,1.060457,-3.292337
sh.600580,卧龙电驱,2026-04-01,37.76,38.05,37.3,37.67,28952409.0,1089819986.82,1.8587,1.4817,52.252971,5.367397,3.807864,-723.395569
sh.600580,卧龙电驱,2026-04-02,37.6,37.6,36.32,36.42,30675265.0,1130754266.04,1.9694,-3.3183,50.519065,5.189291,3.681508,-699.391203
sh.600581,*ST八钢,2026-04-01,2.93,2.93,2.93,2.93,11575068.0,33914949.24,0.7551,5.0179,-2.390425,-2.509225,0.239565,-15.248367
sh.600581,*ST八钢,2026-04-02,2.89,2.89,2.78,2.78,68820484.0,194701991.36,4.4896,-5.1195,-2.268048,-2.380767,0.2273,-14.467733
sh.600582,天地科技,2026-04-01,5.77,5.79,5.73,5.77,27808750.0,160205774.76,0.6719,0.8741,9.759132,0.93256,0.816611,-6.057333
sh.600582,天地科技,2026-04-02,5.75,5.77,5.68,5.71,25387400.0,145191514.0,0.6134,-1.0399,9.65765,0.922862,0.808119,-5.994345
sh.600583,海油工程,2026-04-01,6.5,6.75,6.49,6.63,57395291.0,381118571.67,1.2981,1.8433,14.063076,1.102933,1.079156,11.477359
sh.600583,海油工程,2026-04-02,6.64,6.94,6.64,6.9,127490744.0,866586748.54,2.8835,4.0724,14.63578,1.147849,1.123104,11.944763
sh.600584,长电科技,2026-04-01,39.88,39.89,39.24,39.49,36706954.0,1450867469.13,2.0513,1.9097,47.522417,2.509144,1.78207,-25.910743
sh.600584,长电科技,2026-04-02,39.53,39.53,38.28,38.48,32891527.0,1276608568.44,1.8381,-2.5576,46.30698,2.44497,1.736492,-25.248047
sh.600585,海螺水泥,2026-04-01,23.4,23.55,23.17,23.31,19319248.0,450608002.18,0.483,0.6477,15.22565,0.641939,1.496712,-21.820545
sh.600585,海螺水泥,2026-04-02,23.31,23.4,23.13,23.18,16202440.0,376474949.39,0.4051,-0.5577,15.140737,0.638359,1.488365,-21.698852
sh.600586,金晶科技,2026-04-01,5.88,5.95,5.83,5.88,36401000.0,214342602.0,2.5683,1.7301,-16.467403,1.517021,1.717928,-17.034342
sh.600586,金晶科技,2026-04-02,5.85,5.86,5.54,5.57,52946100.0,299632542.48,3.7356,-5.2721,-15.599224,1.437042,1.627357,-16.136273
sh.600587,新华医疗,2026-04-01,14.4,14.55,14.29,14.53,6860682.0,99154877.66,1.1309,1.822,17.320147,1.1151,0.920549,32.778386
sh.600587,新华医疗,2026-04-02,14.44,14.59,14.42,14.49,4800731.0,69568635.3,0.7914,-0.2753,17.272466,1.11203,0.918015,32.68815
sh.600588,用友网络,2026-04-01,11.87,11.9,11.73,11.85,25854784.0,305728309.27,0.7567,1.8041,-20.20434,5.465651,4.499493,-51.837157
sh.600588,用友网络,2026-04-02,11.79,11.97,11.6,11.75,45807252.0,540142802.97,1.3406,-0.8439,-20.03384,5.419527,4.461523,-51.399713
sh.600589,大位科技,2026-04-01,10.98,11.2,10.83,10.96,158208344.0,1745848420.56,10.7008,2.6217,372.301662,22.880681,39.46163,-194.3611
sh.600589,大位科技,2026-04-02,10.83,10.88,10.13,10.24,143377846.0,1489738597.22,9.6977,-6.5693,347.843888,21.377571,36.86926,-181.592853
sh.600590,泰豪科技,2026-04-01,13.38,14.14,13.15,13.9,99479021.0,1354569391.75,11.7926,8.0031,-15.980235,3.707141,2.535146,-82.193156
sh.600590,泰豪科技,2026-04-02,13.87,14.1,13.44,13.67,52058828.0,713427077.87,6.1713,-1.6547,-15.715814,3.6458,2.493198,-80.833125
sh.600592,龙溪股份,2026-04-01,20.3,20.39,19.86,20.01,6529608.0,130707016.03,1.6342,0.0,104.29366,3.143581,5.424131,1361.725008
sh.600592,龙溪股份,2026-04-02,19.9,20.06,19.54,19.65,4540918.0,89801838.9,1.1365,-1.7991,102.417313,3.087025,5.326546,1337.226208
sh.600593,大连圣亚,2026-04-01,36.85,37.99,36.43,37.77,4898964.0,182553709.04,3.8035,4.3082,-45.047256,23.06097,9.720136,98.096172
sh.600593,大连圣亚,2026-04-02,37.65,37.65,36.03,36.29,4227300.0,154330742.0,3.2821,-3.9185,-43.2821,22.157336,9.339257,94.252319
sh.600594,益佰制药,2026-04-01,3.97,4.36,3.96,4.36,93063337.0,397303379.28,11.7515,10.101,-14.716157,1.436765,1.810693,-213.390387
sh.600594,益佰制药,2026-04-02,4.45,4.8,4.32,4.8,160345100.0,735582394.74,20.2474,10.0917,-16.201274,1.58176,1.993424,-234.925196
sh.600595,中孚实业,2026-04-01,7.4,7.55,7.3,7.43,67738888.0,503934540.48,1.6901,3.0513,25.59033,1.784889,1.314103,1261.297529
sh.600595,中孚实业,2026-04-02,7.52,7.79,7.39,7.5,70972684.0,538189177.25,1.7708,0.9421,25.831423,1.801705,1.326484,1273.180547
sh.600596,新安股份,2026-04-01,10.88,10.98,10.76,10.93,17771631.0,193472469.6,1.3168,2.2451,-1487.210466,1.185873,1.014897,-12.725272
sh.600596,新安股份,2026-04-02,10.93,11.08,10.66,10.77,13375787.0,145149768.32,0.9911,-1.4639,-1465.439773,1.168514,1.00004,-12.538992
sh.600597,光明乳业,2026-04-01,7.62,7.64,7.52,7.56,6517100.0,49243060.0,0.4728,-0.2639,-69.841268,1.134913,0.436121,-96.852052
sh.600597,光明乳业,2026-04-02,7.56,7.57,7.5,7.53,7571798.0,57032435.95,0.5493,-0.3968,-69.564121,1.130409,0.43439,-96.467719
sh.600598,北大荒,2026-04-01,16.6,16.91,16.26,16.32,38998487.0,640627618.87,2.1938,-2.2754,24.877525,3.624993,5.548036,-20.947982
sh.600598,北大荒,2026-04-02,16.29,16.99,16.29,16.63,43757495.0,728541941.3,2.4615,1.8995,25.350076,3.693851,5.653421,-21.345891
sh.600599,*ST熊猫,2026-04-01,5.61,5.61,5.61,5.61,428000.0,2401080.0,0.2578,-4.9153,-1.900888,8.033008,3.453506,-2.858625
sh.600599,*ST熊猫,2026-04-02,5.33,5.33,5.33,5.33,273400.0,1457222.0,0.1647,-4.9911,-1.806013,7.632073,3.281138,-2.715949
sh.600600,青岛啤酒,2026-04-01,62.15,63.3,62.11,63.3,7417020.0,466129647.96,1.0459,2.3278,18.821196,2.817505,2.659201,-49.095742
sh.600600,青岛啤酒,2026-04-02,63.02,64.1,63.0,63.99,8361537.0,532604541.04,1.1791,1.09,19.026356,2.848217,2.688188,-49.630909
sh.600601,方正科技,2026-04-01,10.08,10.2,9.95,10.06,54772968.0,550886015.95,1.3134,1.8219,118.098457,9.653392,9.705426,96.550104
sh.600601,方正科技,2026-04-02,10.0,10.05,9.66,9.7,55418907.0,544158878.19,1.3289,-3.5785,113.87227,9.307943,9.358115,93.09503
sh.600602,云赛智联,2026-04-01,23.8,23.97,23.12,23.32,107321826.0,2521543250.66,9.9899,0.3874,164.634571,6.540418,5.024253,-365.264102
sh.600602,云赛智联,2026-04-02,23.32,23.4,21.99,22.17,74564691.0,1668838291.1,6.9408,-4.9314,156.5158,6.217884,4.776487,-347.251507
sh.600603,广汇物流,2026-04-01,6.7,6.99,6.58,6.91,25893080.0,177093088.6,2.1698,4.2232,20.345967,1.128588,2.559715,-61.193191
sh.600603,广汇物流,2026-04-02,6.97,6.97,6.77,6.84,10514806.0,71972672.86,0.8811,-1.013,20.139857,1.117155,2.533784,-60.573289
sh.600604,市北高新,2026-04-01,5.22,5.25,5.13,5.2,12374800.0,64145696.0,0.8792,0.5803,-165.390738,1.56674,3.681504,32.469358
sh.600604,市北高新,2026-04-02,5.15,5.18,4.95,4.99,23442574.0,118068641.52,1.6656,-4.0385,-158.711496,1.503468,3.532828,31.158096
sh.600605,汇通能源,2026-04-01,28.47,28.55,27.74,27.97,1870200.0,52548016.0,0.9066,-0.1428,239.234634,4.064801,55.959626,-7.272085
sh.600605,汇通能源,2026-04-02,27.98,27.98,26.49,26.65,3186760.0,85918150.6,1.5449,-4.7193,227.944333,3.872969,53.3187,-6.92889
sh.600606,绿地控股,2026-04-01,1.54,1.54,1.51,1.52,56207587.0,85764545.38,0.3999,0.0,-0.950352,0.372877,0.102321,-21.09691
sh.600606,绿地控股,2026-04-02,1.52,1.53,1.48,1.5,69963472.0,104778088.8,0.4978,-1.3158,-0.937848,0.367971,0.100974,-20.819319
sh.600608,*ST沪科,2026-04-01,2.9,2.91,2.84,2.86,2439700.0,6991609.0,0.7663,-0.6944,-195.364817,24.186089,122.474539,14.092651
sh.600608,*ST沪科,2026-04-02,2.91,3.0,2.91,3.0,3945501.0,11816357.0,1.2393,4.8951,-204.92813,25.370023,128.469796,14.782501
sh.600609,金杯汽车,2026-04-01,4.13,4.15,4.09,4.14,9650286.0,39801056.84,0.7397,1.2225,19.962621,3.429198,1.26837,-19.738692
sh.600609,金杯汽车,2026-04-02,4.12,4.14,4.0,4.03,17061577.0,69287824.31,1.3078,-2.657,19.432214,3.338084,1.234669,-19.214234
sh.600610,中毅达,2026-04-01,9.1,9.18,9.05,9.13,14969346.0,136304079.98,2.1121,1.3319,192.875894,81.431519,9.363658,65.249216
sh.600610,中毅达,2026-04-02,9.13,9.13,8.83,8.93,19462327.0,173906510.49,2.7461,-2.1906,188.650792,79.647696,9.15854,63.819879
sh.600611,大众交通,2026-04-01,4.84,4.86,4.79,4.85,15672600.0,75692374.0,1.0025,1.6771,158.368537,1.158619,5.149007,-416.832667
sh.600611,大众交通,2026-04-02,4.85,4.85,4.72,4.74,11843200.0,56499500.0,0.7576,-2.268,154.776673,1.132341,5.032225,-407.37873
sh.600612,老凤祥,2026-04-01,41.85,41.86,41.35,41.78,1190969.0,49647266.08,0.3756,0.5052,12.453738,1.699449,0.413754,-12.397425
sh.600612,老凤祥,2026-04-02,41.68,42.03,41.5,41.65,995539.0,41552499.96,0.3139,-0.3112,12.414987,1.694161,0.412466,-12.35885
sh.600613,神奇制药,2026-04-01,6.09,6.38,6.02,6.32,17090300.0,106613319.0,3.5655,4.4628,54.147526,1.446774,1.792152,-13.92132
sh.600613,神奇制药,2026-04-02,6.33,6.85,6.27,6.65,60460332.0,400494076.46,12.6138,5.2215,56.974849,1.522318,1.885729,-14.648224
sh.600615,鑫源智造,2026-04-01,11.64,11.78,11.35,11.52,2235541.0,25676377.07,0.9924,0.6114,282.452084,3.535904,4.675661,45.90701
sh.600615,鑫源智造,2026-04-02,11.5,11.52,10.97,11.1,3247779.0,36255057.19,1.4418,-3.6458,272.154352,3.406991,4.505194,44.233317
sh.600616,金枫酒业,2026-04-01,5.1,5.16,5.07,5.16,8020803.0,41098439.39,1.1989,1.9763,1691.897081,1.785692,6.541677,-73.658125
sh.600616,金枫酒业,2026-04-02,5.15,5.17,5.06,5.08,5378200.0,27477820.0,0.8039,-1.5504,1665.666118,1.758006,6.440256,-72.516138
sh.600617,国新能源,2026-04-01,3.85,3.91,3.67,3.7,112635363.0,420326249.2,6.3437,-3.3943,-21.060354,2.109911,0.45454,-54.673495
sh.600617,国新能源,2026-04-02,3.7,3.77,3.61,3.62,80718520.0,297240621.75,4.5461,-2.1622,-20.604995,2.064292,0.444712,-53.491366
sh.600618,氯碱化工,2026-04-01,12.69,12.76,12.58,12.68,8841976.0,111997552.37,1.1792,1.5212,18.477522,1.617238,1.864939,-273.908561
sh.600618,氯碱化工,2026-04-02,12.63,12.66,12.28,12.38,8331176.0,103752666.04,1.1111,-2.3659,18.040356,1.578975,1.820816,-267.428074
sh.600619,海立股份,2026-04-01,16.3,16.5,16.15,16.43,17810819.0,291137428.26,2.2569,2.9449,265.305264,2.87974,0.878975,-25.731038
sh.600619,海立股份,2026-04-02,16.6,16.6,15.92,15.97,16855100.0,271137246.0,2.1358,-2.7998,257.877363,2.799114,0.854366,-25.010632
sh.600620,天宸股份,2026-04-01,6.46,6.48,6.31,6.34,4635905.0,29546644.65,0.6751,0.158,70.070235,2.934432,8.912854,198.452611
sh.600620,天宸股份,2026-04-02,6.26,6.35,6.19,6.26,4186000.0,26229592.0,0.6096,-1.2618,69.186068,2.897404,8.800389,195.948477
sh.600621,华鑫股份,2026-04-01,14.21,14.24,14.03,14.18,8038180.0,113762655.24,0.7577,1.5759,23.664807,1.635549,5.798887,4.46594
sh.600621,华鑫股份,2026-04-02,14.14,14.16,13.81,13.85,9546437.0,133125108.21,0.8998,-2.3272,23.114074,1.597486,5.663934,4.362008
sh.600622,光大嘉宝,2026-04-01,2.59,2.59,2.55,2.56,15840926.0,40636014.79,1.0563,0.0,-2.511095,1.30557,2.445942,-23.706791
sh.600622,光大嘉宝,2026-04-02,2.56,2.57,2.51,2.51,14136039.0,35663384.89,0.9426,-1.9531,-2.46205,1.280071,2.398169,-23.243768
sh.600623,华谊集团,2026-04-01,9.64,9.8,9.44,9.66,20039062.0,193326016.06,1.0682,0.2075,33.257884,0.925419,0.475192,-17.412838
sh.600623,华谊集团,2026-04-02,9.62,9.89,9.49,9.58,17165258.0,166217052.58,0.915,-0.8282,32.982456,0.917755,0.471257,-17.268632
sh.600624,ST复华,2026-04-01,4.68,4.76,4.67,4.72,4620544.0,21772913.36,0.6801,1.7241,-26.941503,5.15411,4.84899,30.703956
sh.600624,ST复华,2026-04-02,4.72,4.77,4.67,4.69,4126141.0,19460178.28,0.6074,-0.6356,-26.770264,5.121351,4.81817,30.508804
sh.600626,申达股份,2026-04-01,4.02,4.04,3.95,4.0,11751500.0,46887272.0,1.0606,0.7557,61.868155,1.644473,0.490889,-10.648172
sh.600626,申达股份,2026-04-02,4.01,4.01,3.88,3.9,12431531.0,48783127.79,1.122,-2.5,60.321451,1.603361,0.478616,-10.381967
sh.600628,新世界,2026-04-01,7.29,7.34,7.2,7.3,8953700.0,65043749.0,1.3841,1.3889,68.3593,1.111804,4.274422,407.548511
sh.600628,新世界,2026-04-02,7.3,7.32,7.17,7.21,7682072.0,55602415.35,1.1876,-1.2329,67.516514,1.098096,4.221724,402.52394
sh.600629,华建集团,2026-04-01,20.58,20.75,20.25,20.53,15317100.0,313958170.0,1.6071,1.8859,66.880129,3.755531,2.605484,-54.854545
sh.600629,华建集团,2026-04-02,20.43,20.64,19.96,20.23,13652464.0,276725306.24,1.4324,-1.4613,65.902826,3.700653,2.567411,-54.052968
sh.600630,龙头股份,2026-04-01,8.05,8.08,7.9,7.96,4633065.0,36841829.45,1.0905,0.3783,106.931816,4.390932,1.86037,-65.85192
sh.600630,龙头股份,2026-04-02,7.92,7.98,7.78,7.83,3877900.0,30491655.0,0.9127,-1.6332,105.185442,4.31922,1.829987,-64.776449
sh.600633,浙数文化,2026-04-01,12.29,12.47,12.22,12.46,22287149.0,275362538.07,1.7576,2.9752,27.593647,1.541837,5.12785,-86.161732
sh.600633,浙数文化,2026-04-02,12.43,12.43,12.09,12.16,19140000.0,233348488.66,1.5094,-2.4077,26.929274,1.504714,5.004387,-84.087212
sh.600635,大众公用,2026-04-01,5.59,5.63,5.55,5.57,31855327.0,177538109.47,1.317,0.1799,39.610325,1.85026,2.690013,-39.205848
sh.600635,大众公用,2026-04-02,5.56,5.65,5.51,5.57,45016257.0,251386046.16,1.8611,0.0,39.610325,1.85026,2.690013,-39.205848
sh.600636,*ST国化,2026-04-01,7.7,7.73,7.5,7.65,5710702.0,43498696.14,1.3019,0.0,-9.427955,1.630551,9.473546,-8.049329
sh.600636,*ST国化,2026-04-02,7.65,7.82,7.63,7.7,4252961.0,32780725.49,0.9696,0.6536,-9.489576,1.641209,9.535464,-8.101939
sh.600637,东方明珠,2026-04-01,9.59,9.64,9.47,9.6,29013298.0,277621896.48,0.863,1.9108,65.653328,1.081015,4.24292,-8.742228
sh.600637,东方明珠,2026-04-02,9.58,9.58,9.25,9.3,32660870.0,305695215.36,0.9715,-3.125,63.601662,1.047233,4.110328,-8.469033
sh.600638,新黄浦,2026-04-01,6.01,6.09,5.93,5.99,5739014.0,34366423.72,0.8522,0.5034,24.793007,0.875199,1.67194,1.878748
sh.600638,新黄浦,2026-04-02,5.96,5.99,5.83,5.87,5146400.0,30338413.0,0.7642,-2.0033,24.296319,0.857666,1.638445,1.841111
sh.600639,浦东金桥,2026-04-01,11.02,11.07,10.9,11.04,8898100.0,97673051.99,1.0465,0.5464,11.542881,0.855506,2.077389,-10.028983
sh.600639,浦东金桥,2026-04-02,11.0,11.01,10.85,10.89,6017999.0,65627081.13,0.7078,-1.3587,11.386048,0.843882,2.049163,-9.892719
sh.600640,国脉文化,2026-04-01,12.0,12.05,11.89,12.0,5250100.0,62907801.0,0.6598,1.3514,444.360563,2.400561,4.727231,-7214.741051
sh.600640,国脉文化,2026-04-02,12.02,12.04,11.71,11.76,4045768.0,47797025.08,0.5085,-2.0,435.473352,2.35255,4.632686,-7070.44623
sh.600641,先导基电,2026-04-01,18.78,19.0,18.56,18.66,26139908.0,491914778.4,2.8088,1.5234,109.98965,2.130462,12.935439,-14.115834
sh.600641,先导基电,2026-04-02,18.6,18.65,17.67,17.81,34005296.0,612772081.76,3.654,-4.5552,104.979404,2.033415,12.346204,-13.47283
sh.600642,申能股份,2026-04-01,8.95,8.99,8.86,8.93,20248554.0,180488098.64,0.4138,0.2245,10.985649,1.189893,1.550959,25.513606
sh.600642,申能股份,2026-04-02,8.92,8.95,8.81,8.88,20521854.0,182207440.41,0.4193,-0.5599,10.924139,1.183231,1.542275,25.370753
sh.600643,爱建集团,2026-04-01,4.75,5.15,4.71,5.15,66365950.0,331773965.41,4.173,10.0427,-13.879883,0.685945,4.72496,34.996677
sh.600643,爱建集团,2026-04-02,5.2,5.28,5.06,5.16,96686541.0,500254306.7,6.0796,0.1942,-13.906834,0.687277,4.734135,35.064632
sh.600644,乐山电力,2026-04-01,11.82,11.9,11.42,11.49,27385094.0,316426932.8,4.7353,-0.9483,283.942441,3.143054,1.957221,84.771275
sh.600644,乐山电力,2026-04-02,12.3,12.64,12.2,12.64,94407788.0,1181754440.01,16.3245,10.0087,312.361398,3.457633,2.153113,93.25578
sh.600645,中源协和,2026-04-01,31.39,32.94,31.1,32.94,31872833.0,1025723980.94,6.8138,6.6019,206.221404,4.153481,10.471763,-48.445626
sh.600645,中源协和,2026-04-02,32.94,32.94,31.01,31.58,29853854.0,946765423.14,6.3822,-4.1287,197.707102,3.981995,10.039413,-46.445442
sh.600648,外高桥,2026-04-01,10.46,10.47,10.28,10.43,2731600.0,28330674.0,0.2401,0.4817,15.099384,0.935071,2.375999,-56.965369
sh.600648,外高桥,2026-04-02,10.39,10.41,10.25,10.27,2249988.0,23208492.0,0.1978,-1.534,14.867754,0.920727,2.33955,-56.0915
sh.600649,城投控股,2026-04-01,4.48,4.52,4.42,4.48,26818517.0,119929138.04,1.0708,1.1287,38.784112,0.533385,0.776123,-21.858657
sh.600649,城投控股,2026-04-02,4.43,4.43,4.27,4.35,46529278.0,202117694.4,1.8578,-2.9018,37.65868,0.517907,0.753601,-21.224366
sh.600650,锦江在线,2026-04-01,13.17,13.29,13.06,13.27,3538501.0,46593902.13,0.906,2.0769,51.559447,1.658157,4.864674,48.99991
sh.600650,锦江在线,2026-04-02,13.18,13.24,12.82,12.91,3526101.0,45747235.87,0.9028,-2.7129,50.160698,1.613173,4.732701,47.670599
sh.600651,飞乐音响,2026-04-01,7.05,7.07,6.95,7.04,15435900.0,108225066.0,0.6157,1.4409,320.720118,7.013484,9.728353,241.985216
sh.600651,飞乐音响,2026-04-02,7.04,7.04,6.88,6.92,13693400.0,95279155.38,0.5462,-1.7045,315.253298,6.893936,9.562529,237.860468
sh.600653,申华控股,2026-04-01,1.82,1.83,1.77,1.79,22817872.0,40937515.88,1.1723,0.0,602.461166,4.76619,0.807204,-1855.252926
sh.600653,申华控股,2026-04-02,1.79,1.8,1.74,1.75,23074097.0,40640080.75,1.1855,-2.2346,588.998347,4.659683,0.789166,-1813.79476
sh.600654,中安科,2026-04-01,3.4,3.42,3.35,3.37,32888800.0,110929502.0,1.4192,0.597,46.870768,5.61539,2.874172,-469.277366
sh.600654,中安科,2026-04-02,3.36,3.41,3.29,3.31,34334518.0,114806363.64,1.4816,-1.7804,46.036274,5.515413,2.823,-460.92228
sh.600655,豫园股份,2026-04-01,4.63,4.67,4.6,4.64,11415834.0,52957117.08,0.2935,1.0893,-3.688434,0.601807,0.496546,32.066015
sh.600655,豫园股份,2026-04-02,4.64,4.66,4.58,4.62,10774612.0,49764580.82,0.277,-0.431,-3.672536,0.599213,0.494405,31.927799
sh.600657,信达地产,2026-04-01,3.06,3.12,2.97,3.09,25701561.0,78780041.88,0.9012,2.6578,-1.467221,0.475569,1.220283,7.892811
sh.600657,信达地产,2026-04-02,3.06,3.09,2.98,3.0,15687700.0,47387518.0,0.5501,-2.9126,-1.086383,0.535946,1.866229,3.120212
sh.600658,电子城,2026-04-01,4.7,4.73,4.64,4.68,7067400.0,33066025.0,0.6318,0.6452,-3.571553,0.944204,3.757179,-26.38597
sh.600658,电子城,2026-04-02,4.68,4.68,4.53,4.56,8552000.0,39255609.0,0.7645,-2.5641,-3.479975,0.919993,3.660841,-25.709406
sh.600660,福耀玻璃,2026-04-01,57.9,58.18,57.55,57.97,12855426.0,744644691.0,0.6418,1.7018,16.245908,4.02825,3.304112,298.389545
sh.600660,福耀玻璃,2026-04-02,57.61,58.5,57.51,58.34,10209614.0,593646229.29,0.5097,0.6383,16.349599,4.053961,3.325201,300.294049
sh.600661,昂立教育,2026-04-01,9.75,9.81,9.64,9.77,3218700.0,31358387.0,1.1233,1.6649,-128.993345,20.806995,2.080339,-146.897756
sh.600661,昂立教育,2026-04-02,9.78,9.8,9.51,9.59,3050767.0,29371234.86,1.0647,-1.8424,-126.616804,20.423652,2.042011,-144.191349
sh.600662,外服控股,2026-04-01,5.11,5.16,5.09,5.14,14526549.0,74592840.54,0.6381,2.1869,10.612899,2.326791,0.470297,-14.64866
sh.600662,外服控股,2026-04-02,5.13,5.15,5.03,5.06,9848090.0,49989608.1,0.4326,-1.5564,10.447718,2.290577,0.462977,-14.420666
sh.600663,陆家嘴,2026-04-01,7.8,7.82,7.71,7.79,5130026.0,39782897.38,0.1626,0.646,32.061527,1.549311,2.159266,25.555486
sh.600663,陆家嘴,2026-04-02,7.74,7.85,7.63,7.8,8265124.0,63977220.24,0.2619,0.1284,32.102684,1.5513,2.162038,25.588292
sh.600664,哈药股份,2026-04-01,3.53,3.59,3.49,3.59,50851545.0,180945955.61,2.0191,1.9886,20.129926,1.598024,0.567194,-26.156009
sh.600664,哈药股份,2026-04-02,3.59,3.63,3.56,3.6,53294881.0,191621289.36,2.1161,0.2786,20.185998,1.602475,0.568774,-26.228867
sh.600665,天地源,2026-04-01,3.41,3.46,3.31,3.36,11375840.0,38285601.0,1.3165,-0.885,-2.167064,1.093178,0.263311,-1.648894
sh.600665,天地源,2026-04-02,3.35,3.38,3.24,3.28,10006363.0,33048979.38,1.158,-2.381,-2.115468,1.06715,0.257042,-1.609635
sh.600666,奥瑞德,2026-04-01,5.92,6.27,5.8,6.27,264323623.0,1625808853.86,10.9236,10.0,117.397112,15.269691,40.801898,445.675572
sh.600666,奥瑞德,2026-04-02,6.27,6.65,6.04,6.17,746343081.0,4682192702.49,30.8438,-1.5949,115.52475,15.026156,40.15115,438.567508
sh.600667,太极实业,2026-04-01,9.3,9.44,9.1,9.17,151622688.0,1403859480.14,7.2493,2.5727,32.728945,2.215586,0.577966,-80.040824
sh.600667,太极实业,2026-04-02,9.31,9.35,8.75,8.8,123643676.0,1115067170.29,5.9116,-4.0349,31.408366,2.126189,0.554646,-76.81126
sh.600668,尖峰集团,2026-04-01,10.45,10.56,10.32,10.55,3757060.0,39332239.0,0.9099,1.9324,6.339508,0.754381,1.570081,-303.450016
sh.600668,尖峰集团,2026-04-02,10.6,10.68,10.45,10.51,4395660.0,46396324.4,1.0646,-0.3791,6.315472,0.751521,1.564128,-302.299495
sh.600671,天目药业,2026-04-01,21.98,22.17,21.72,21.96,2008800.0,44038046.0,1.6503,0.9191,80.671209,40.158532,10.630895,-318.220865
sh.600671,天目药业,2026-04-02,22.0,22.23,21.5,21.72,1869130.0,40749505.5,1.5356,-1.0929,79.789556,39.719641,10.51471,-314.743042
sh.600673,东阳光,2026-04-01,31.3,31.8,30.8,31.4,49961184.0,1565544245.49,1.6645,3.6304,97.620832,9.705621,6.612662,41.426343
sh.600673,东阳光,2026-04-02,31.01,31.17,29.68,29.87,43671555.0,1319079927.95,1.455,-4.8726,92.864148,9.232704,6.290452,39.407798
sh.600674,川投能源,2026-04-01,14.92,14.95,14.65,14.75,31094361.0,458842848.1,0.6379,-0.9402,16.693445,1.619931,43.242544,75.542249
sh.600674,川投能源,2026-04-02,14.83,15.22,14.66,15.19,49002655.0,734099399.26,1.0053,2.9831,17.191419,1.668254,44.532491,77.795713
sh.600675,中华企业,2026-04-01,2.65,2.67,2.62,2.63,27378395.0,72188163.57,0.4528,0.0,134.033372,1.100611,1.506188,-4.252829
sh.600675,中华企业,2026-04-02,2.63,2.64,2.56,2.58,26896241.0,69770630.03,0.4449,-1.9011,131.485209,1.079687,1.477553,-4.171977
sh.600676,交运股份,2026-04-01,7.6,7.68,7.48,7.6,9901100.0,75050377.0,0.9627,1.6043,-40.112268,1.523263,1.683048,37.016361
sh.600676,交运股份,2026-04-02,7.58,7.72,7.47,7.51,10477701.0,79403498.55,1.0187,-1.1842,-39.637254,1.505224,1.663118,36.578009
sh.600678,四川金顶,2026-04-01,10.71,10.83,10.46,10.58,11053900.0,116994322.0,3.1674,0.7619,193.980442,13.095676,6.769561,284.092612
sh.600678,四川金顶,2026-04-02,10.52,10.57,10.27,10.33,7697901.0,79971394.35,2.2058,-2.3629,189.396783,12.786232,6.6096,277.379648
sh.600679,上海凤凰,2026-04-01,12.07,12.17,11.86,12.02,4008400.0,48054094.0,1.1663,-0.3317,-84.807302,2.894733,2.822066,32.636157
sh.600679,上海凤凰,2026-04-02,12.02,12.04,11.82,11.88,2824511.0,33622580.42,0.8218,-1.1647,-83.81953,2.861017,2.789197,32.256035
sh.600681,百川能源,2026-04-01,4.41,4.44,4.35,4.38,49613478.0,217268610.53,3.703,-0.905,17.482754,1.672121,1.109564,91.53763
sh.600681,百川能源,2026-04-02,4.38,4.45,4.37,4.45,48022847.0,212147786.58,3.5843,1.5982,17.762159,1.698845,1.127297,93.00056
sh.600682,南京新百,2026-04-01,6.99,7.1,6.85,7.1,26176732.0,183366118.12,2.2487,2.4531,43.233497,0.539563,1.446796,12.107562
sh.600682,南京新百,2026-04-02,7.13,7.58,7.01,7.32,56369897.0,411141865.95,4.8425,3.0986,44.573127,0.556282,1.491626,12.482726
sh.600683,京投发展,2026-04-01,9.74,9.85,9.36,9.62,29498959.0,281748645.81,3.9822,-1.4344,-12.217719,-55.112095,8.431996,7.939097
sh.600683,京投发展,2026-04-02,9.69,9.69,9.26,9.4,18228600.0,172064222.71,2.4607,-2.2869,-11.938311,-53.851735,8.239165,7.757538
sh.600684,珠江股份,2026-04-01,5.08,5.17,5.01,5.15,30543496.0,155867582.2,3.5788,2.5896,163.065779,11.463416,3.569582,-115.32933
sh.600684,珠江股份,2026-04-02,5.12,5.16,4.72,4.76,53196844.0,258390461.64,6.2331,-7.5728,71.146369,4.156842,3.316865,11.008697
sh.600685,中船防务,2026-04-01,28.99,29.2,28.57,28.68,10840067.0,311886854.27,1.3196,0.3499,40.207145,2.223222,1.973001,30.214551
sh.600685,中船防务,2026-04-02,28.61,28.89,27.75,27.89,13661595.0,385080450.38,1.6631,-2.7545,39.099626,2.161983,1.918654,29.382281
sh.600686,金龙汽车,2026-04-01,18.05,18.43,17.6,18.14,27597226.0,498602006.67,3.8487,1.0585,39.578657,3.97873,0.522488,38.029918
sh.600686,金龙汽车,2026-04-02,18.09,18.2,17.74,18.02,13839666.0,249544494.75,1.9301,-0.6615,39.316835,3.95241,0.519032,37.778342
sh.600688,上海石化,2026-04-01,2.9,2.94,2.89,2.91,38740425.0,112951652.75,0.5286,1.0417,-21.414997,1.326241,0.406005,-43.983245
sh.600688,上海石化,2026-04-02,2.9,2.96,2.9,2.95,53923636.0,158356292.87,0.7358,1.3746,-21.709361,1.344471,0.411586,-44.587825
sh.600689,上海三毛,2026-04-01,13.35,13.4,13.08,13.17,1919300.0,25319940.0,1.261,0.4577,152.453411,5.58947,1.967209,-69.842511
sh.600689,上海三毛,2026-04-02,13.17,13.23,12.9,13.0,2480200.0,32276213.0,1.6295,-1.2908,150.485523,5.51732,1.941816,-68.940975
sh.600690,海尔智家,2026-04-01,21.66,21.88,21.53,21.79,69078300.0,1501487301.99,1.1047,1.9177,10.450604,1.721494,0.675842,-23.414772
sh.600690,海尔智家,2026-04-02,21.77,21.78,21.31,21.38,58502258.0,1255125377.39,0.9356,-1.8816,10.253966,1.689102,0.663125,-22.974201
sh.600691,潞化科技,2026-04-01,3.35,3.38,3.26,3.28,75482110.0,249629079.03,3.1774,-0.9063,-11.853467,2.154822,0.742602,-6.208103
sh.600691,潞化科技,2026-04-02,3.26,3.35,3.22,3.23,66153588.0,216939163.71,2.7847,-1.5244,-11.672774,2.121974,0.731281,-6.113467
sh.600692,亚通股份,2026-04-01,8.44,8.46,8.24,8.32,7297900.0,60684362.0,2.8618,0.8485,-203.431499,3.16522,5.8939,9.447376
sh.600692,亚通股份,2026-04-02,8.28,8.4,8.14,8.16,6654501.0,54785445.31,2.6095,-1.9231,-199.519355,3.10435,5.780555,9.265696
sh.600693,东百集团,2026-04-01,11.52,11.56,10.98,11.13,32410900.0,360771462.0,3.7299,-1.5915,210.084391,2.739823,5.242196,30.400468
sh.600693,东百集团,2026-04-02,11.13,11.29,11.07,11.16,25847600.0,288847052.0,2.9746,0.2695,210.650656,2.747208,5.256326,30.48241
sh.600694,大商股份,2026-04-01,16.59,16.66,16.5,16.61,2095551.0,34751271.32,0.6085,0.9726,11.438189,0.64787,0.88093,29.713743
sh.600694,大商股份,2026-04-02,16.53,16.75,16.53,16.62,2138608.0,35554610.53,0.621,0.0602,11.445075,0.64826,0.881461,29.731632
sh.600696,*ST岩石,2026-04-01,1.58,1.66,1.58,1.62,3222831.0,5223467.21,0.9636,0.6211,-2.135902,1.885429,6.106371,-1876.24066
sh.600696,*ST岩石,2026-04-02,1.62,1.63,1.54,1.57,4793557.0,7489444.05,1.4332,-3.0864,-2.069979,1.827237,5.917902,-1818.331997
sh.600697,欧亚集团,2026-04-01,12.22,12.25,11.97,12.08,3833900.0,46308953.0,2.4675,0.1658,-69.377262,0.837574,0.278477,20.756942
sh.600697,欧亚集团,2026-04-02,12.02,12.11,11.74,11.91,3957217.0,47142300.62,2.5469,-1.4073,-68.400926,0.825787,0.274558,20.464833
sh.600698,湖南天雁,2026-04-01,8.13,8.25,7.54,7.65,47841615.0,370747778.46,5.7609,-5.9041,1957.738353,10.608746,16.582525,-202.056124
sh.600698,湖南天雁,2026-04-02,7.75,7.98,7.47,7.68,43425219.0,334884343.86,5.2291,0.3922,1965.415758,10.650349,16.647554,-202.848501
sh.600699,均胜电子,2026-04-01,25.3,25.36,24.89,25.2,29310851.0,736569875.79,2.1631,1.6949,29.255004,2.256003,0.638733,19.679909
sh.600699,均胜电子,2026-04-02,25.04,25.52,24.96,25.23,32684568.0,825136267.34,2.412,0.119,29.289832,2.258688,0.639494,19.703337
sh.600702,舍得酒业,2026-04-01,45.75,46.4,44.95,45.68,4267963.0,194305300.3,1.2831,1.0172,68.161314,2.206994,3.439618,-37.822757
sh.600702,舍得酒业,2026-04-02,45.5,46.19,45.3,45.5,3668026.0,167447913.99,1.1028,-0.394,67.892727,2.198297,3.426065,-37.673718
sh.600703,三安光电,2026-04-01,11.89,12.02,11.71,11.85,149576424.0,1773256042.48,2.9981,1.5424,627.075004,1.672429,3.272037,132.614545
sh.600703,三安光电,2026-04-02,11.81,11.97,11.33,11.4,146294728.0,1696998146.78,2.9323,-3.7975,603.262029,1.608919,3.147783,127.57855
sh.600704,物产中大,2026-04-01,5.23,5.25,5.2,5.23,38874361.0,203161421.53,0.7518,0.9653,7.119506,0.661014,0.045799,16.815023
sh.600704,物产中大,2026-04-02,5.22,5.23,5.16,5.19,35921525.0,186816868.33,0.6946,-0.7648,7.065055,0.655959,0.045448,16.686419
sh.600706,曲江文旅,2026-04-01,10.05,10.05,9.71,9.8,6754300.0,66386331.0,2.6589,-0.8097,101.365872,3.938622,2.697772,-165.612722
sh.600706,曲江文旅,2026-04-02,9.75,9.78,9.2,9.42,7900899.0,74852315.63,3.1102,-3.8776,97.435359,3.7859,2.593165,-159.191004
sh.600707,彩虹股份,2026-04-01,5.69,5.72,5.61,5.66,13067300.0,73899365.0,0.3642,1.2522,52.053907,0.932442,1.797361,5.173256
sh.600707,彩虹股份,2026-04-02,5.65,5.66,5.52,5.55,16139701.0,89831650.57,0.4499,-1.9435,51.042258,0.91432,1.76243,5.072715
sh.600708,光明地产,2026-04-01,3.45,3.49,3.36,3.43,35059894.0,120175845.4,1.5755,2.0833,-6.041269,0.836312,1.388651,-23.154976
sh.600708,光明地产,2026-04-02,3.41,3.44,3.31,3.32,27143542.0,90863620.89,1.2198,-3.207,-5.847526,0.809492,1.344117,-22.412396
sh.600710,苏美达,2026-04-01,12.59,12.97,12.59,12.89,19257521.0,247173474.43,1.4737,4.1195,12.429056,2.046542,0.142985,-13.074943
sh.600710,苏美达,2026-04-02,12.8,12.95,12.54,12.64,15415792.0,195595742.51,1.1797,-1.9395,12.187996,2.006849,0.140211,-12.821356
sh.600711,盛屯矿业,2026-04-01,13.89,13.89,13.3,13.54,207638151.0,2814596564.76,6.7184,6.8666,21.334984,2.539168,1.394772,40.837143
sh.600711,盛屯矿业,2026-04-02,13.55,13.85,13.18,13.54,170206937.0,2304048468.33,5.5072,0.0,21.334984,2.539168,1.394772,40.837143
sh.600712,南宁百货,2026-04-01,6.29,6.32,6.21,6.26,4158700.0,26020872.0,0.7721,0.8052,-82.463399,4.513782,7.236163,199.144331
sh.600712,南宁百货,2026-04-02,6.29,6.3,6.11,6.15,5130100.0,31706233.0,0.9524,-1.7572,-81.014361,4.434467,7.10901,195.64499
sh.600713,南京医药,2026-04-01,5.3,5.42,5.26,5.41,17947575.0,96526460.24,1.3915,2.4621,13.34255,1.016307,0.131392,24.528129
sh.600713,南京医药,2026-04-02,5.41,5.51,5.4,5.49,23277127.0,127257364.09,1.8047,1.4787,13.539854,1.031336,0.133335,24.890841
sh.600714,金瑞矿业,2026-04-01,17.78,18.04,17.52,17.56,17805901.0,315690528.55,6.1788,0.7458,89.31675,6.583581,14.394424,4458.262288
sh.600714,金瑞矿业,2026-04-02,17.6,18.04,17.41,17.48,14825003.0,262252323.31,5.1444,-0.4556,88.90984,6.553588,14.328846,4437.951299
sh.600715,文投控股,2026-04-01,2.0,2.03,1.97,2.03,34251600.0,68695694.0,1.1966,2.5253,-16.148314,7.33814,23.874416,12.677337
sh.600715,文投控股,2026-04-02,2.02,2.03,1.96,1.97,27063300.0,53895717.0,0.9455,-2.9557,-15.671024,7.121249,23.168768,12.302637
sh.600716,凤凰股份,2026-04-01,4.56,4.63,4.52,4.55,6769300.0,30858543.0,0.7232,0.6637,-30.167174,0.846614,3.763067,134.833363
sh.600716,凤凰股份,2026-04-02,4.54,4.59,4.42,4.46,6650669.0,29909381.55,0.7105,-1.978,-29.570461,0.829868,3.688633,132.166329
sh.600717,天津港,2026-04-01,4.64,4.67,4.59,4.6,18975692.0,87688997.95,0.6557,0.0,13.574417,0.662167,1.040708,-80.239505
sh.600717,天津港,2026-04-02,4.6,4.68,4.57,4.63,27758334.0,128787502.12,0.9592,0.6522,13.662946,0.666486,1.047495,-80.762806
sh.600718,东软集团,2026-04-01,9.17,9.19,9.04,9.11,9433505.0,85908059.97,0.7885,0.8859,-285.083294,1.153245,0.896309,53.523791
sh.600718,东软集团,2026-04-02,9.11,9.26,8.96,9.0,18583400.0,168528634.0,1.5532,-1.2075,-281.641015,1.13932,0.885486,52.87751
sh.600719,大连热电,2026-04-01,7.01,7.05,6.7,6.84,24837381.0,168823641.4,6.1388,-1.7241,-29.219073,9.019696,4.574931,61.546672
sh.600719,大连热电,2026-04-02,6.85,7.04,6.63,6.67,20810100.0,141267302.0,5.1434,-2.4854,-28.492868,8.795523,4.461226,60.017003
sh.600720,中交设计,2026-04-01,7.1,7.14,7.0,7.09,9184801.0,64853393.59,0.9102,0.7102,11.180696,1.021164,1.470945,-3702.060098
sh.600720,中交设计,2026-04-02,7.09,7.09,7.0,7.04,7467791.0,52642174.61,0.7401,-0.7052,11.101847,1.013963,1.460571,-3675.952481
sh.600721,百花医药,2026-04-01,10.18,10.18,10.18,10.18,,,,,96.212666,4.882152,10.081121,284.110819
sh.600721,百花医药,2026-04-02,10.18,10.18,10.18,10.18,,,,,96.212666,4.882152,10.081121,284.110819
sh.600722,金牛化工,2026-04-01,14.81,14.95,13.97,14.35,100011422.0,1439192424.11,14.7007,-3.497,196.46414,7.906162,19.65836,107.76507
sh.600722,金牛化工,2026-04-02,14.48,14.83,14.1,14.33,97362121.0,1409703386.5,14.3112,-0.1394,196.190322,7.895143,19.630961,107.614875
sh.600724,宁波富达,2026-04-01,6.23,6.66,6.23,6.66,40510812.0,266116083.88,2.8036,10.0826,43.98462,3.373837,6.176621,287.815804
sh.600724,宁波富达,2026-04-02,6.75,6.83,6.55,6.58,42587408.0,285307916.05,2.9473,-1.2012,43.456277,3.333311,6.102427,284.358557
sh.600725,云维股份,2026-04-01,4.48,4.67,4.47,4.52,22952959.0,104437345.94,1.8624,2.0316,-78.578579,19.878836,8.564401,-452.261649
sh.600725,云维股份,2026-04-02,4.51,4.52,4.34,4.37,18552783.0,82047397.35,1.5053,-3.3186,-75.970883,19.21914,8.280184,-437.252966
sh.600726,华电能源,2026-04-01,6.27,6.27,5.77,5.91,432277272.0,2572142269.97,5.7827,-7.8003,-2331.750345,11.363557,2.80541,42.382693
sh.600726,华电能源,2026-04-02,5.92,6.07,5.32,5.32,413483532.0,2315907549.14,5.5313,-9.9831,-2098.969853,10.229124,2.525344,38.151595
sh.600727,鲁北化工,2026-04-01,7.72,7.8,7.43,7.47,22225544.0,167291391.44,4.2047,-2.3529,103.172121,1.234819,0.775842,55.088857
sh.600727,鲁北化工,2026-04-02,7.53,7.63,7.36,7.44,23528410.0,176213447.4,4.4512,-0.4016,102.757775,1.22986,0.772726,54.867616
sh.600728,佳都科技,2026-04-01,5.72,5.74,5.63,5.68,20408700.0,115720573.6,0.957,1.2478,45.354817,1.541707,1.185921,18.552333
sh.600728,佳都科技,2026-04-02,5.65,5.67,5.52,5.55,18657700.0,104169802.0,0.8749,-2.2887,44.316767,1.506422,1.158778,18.12772
sh.600729,重庆百货,2026-04-01,22.35,22.44,22.01,22.08,4198000.0,92946704.0,2.181,-0.4957,9.52767,1.234187,0.661023,-83.498615
sh.600729,重庆百货,2026-04-02,22.08,22.08,21.86,21.94,2042700.0,44869904.0,1.0612,-0.6341,9.467259,1.226362,0.656831,-82.969185
sh.600730,中国高科,2026-04-01,9.01,9.42,9.01,9.23,14613686.0,135439099.28,2.491,4.2938,640.226747,3.022132,46.250948,42.778769
sh.600730,中国高科,2026-04-02,9.23,9.3,8.81,8.89,10726699.0,96068926.25,1.8284,-3.6836,616.643096,2.910807,44.547229,41.202953
sh.600731,湖南海利,2026-04-01,7.07,7.33,7.07,7.29,17241832.0,124325289.52,3.183,4.2918,16.717601,1.283987,2.250198,-88.880223
sh.600731,湖南海利,2026-04-02,7.26,7.27,7.02,7.08,9983260.0,71181624.0,1.843,-2.8807,16.236024,1.247,2.185378,-86.319887
sh.600732,爱旭股份,2026-04-01,14.28,14.61,13.93,14.47,59052166.0,845197926.23,2.8127,3.2834,-10.142942,4.735849,2.06226,18.799877
sh.600732,爱旭股份,2026-04-02,14.34,14.63,13.96,14.09,46172438.0,657520586.61,2.1993,-2.6261,-9.876576,4.61148,2.008103,18.306169
sh.600733,北汽蓝谷,2026-04-01,7.24,7.3,7.18,7.3,58241519.0,422399281.3,1.1906,2.0979,-7.90182,22.271544,2.315009,58.417616
sh.600733,北汽蓝谷,2026-04-02,7.25,7.29,7.12,7.13,52747406.0,378819411.4,1.0783,-2.3288,-7.717805,21.752892,2.261098,57.057206
sh.600734,实达集团,2026-04-01,3.88,3.9,3.79,3.84,51260054.0,196232078.79,2.3537,0.2611,-70.609661,26.952854,22.024848,-137.788138
sh.600734,实达集团,2026-04-02,3.83,3.83,3.73,3.75,33122549.0,125036122.75,1.5209,-2.3438,-68.954747,26.321146,21.508641,-134.558729
sh.600735,ST新华锦,2026-04-01,6.73,6.73,6.73,6.73,,,,,-18.100151,2.365364,2.128703,-6.161025
sh.600735,ST新华锦,2026-04-02,6.73,6.73,6.73,6.73,,,,,-18.100151,2.365364,2.128703,-6.161025
sh.600736,苏州高新,2026-04-01,6.18,6.23,6.08,6.14,9632000.0,58986088.0,0.8366,0.6557,41.068208,0.946843,1.283957,20.031306
sh.600736,苏州高新,2026-04-02,6.14,6.14,5.97,6.0,11546478.0,69714663.44,1.0029,-2.2801,40.1318,0.925253,1.254681,19.574566
sh.600737,中粮糖业,2026-04-01,14.16,14.3,14.06,14.2,15783505.0,223668330.05,0.7379,0.5666,22.228808,2.69313,1.009397,-150.312741
sh.600737,中粮糖业,2026-04-02,14.14,14.23,13.93,14.0,15426457.0,216455069.28,0.7213,-1.4085,21.915727,2.655198,0.99518,-148.19566
sh.600738,丽尚国潮,2026-04-01,4.87,4.88,4.77,4.8,8628900.0,41571101.0,1.1344,-0.4149,45.122777,1.791188,5.827442,-120.789675
sh.600738,丽尚国潮,2026-04-02,4.8,4.82,4.73,4.76,6525900.0,31185672.0,0.8579,-0.8333,44.746754,1.776261,5.77888,-119.783095
sh.600739,辽宁成大,2026-04-01,11.38,11.49,11.2,11.47,13669288.0,155167172.72,0.8936,2.0463,20.33615,0.596433,1.577706,-22.312077
sh.600739,辽宁成大,2026-04-02,11.46,11.47,11.26,11.31,9076785.0,102904467.62,0.5934,-1.3949,20.052473,0.588113,1.555698,-22.000837
sh.600740,山西焦化,2026-04-01,4.34,4.39,4.25,4.35,54135020.0,235033698.91,2.1129,0.2304,-281.242275,0.732013,1.677661,27.755537
sh.600740,山西焦化,2026-04-02,4.36,4.43,4.32,4.38,49810473.0,218126211.68,1.9441,0.6897,-283.181877,0.737061,1.689231,27.946954
sh.600741,华域汽车,2026-04-01,19.48,19.89,19.25,19.82,46477546.0,912430598.31,1.4742,3.1754,8.669996,0.930634,0.339605,30.494608
sh.600741,华域汽车,2026-04-02,19.82,20.06,19.71,19.93,28917386.0,576410305.82,0.9172,0.555,8.718115,0.935798,0.34149,30.663851
sh.600742,富维股份,2026-04-01,10.29,10.35,10.18,10.26,11367832.0,116698257.4,1.5299,0.6869,15.239683,0.878445,0.385783,3.838978
sh.600742,富维股份,2026-04-02,10.14,10.26,9.86,9.95,12713112.0,127091387.96,1.7109,-3.0214,14.779225,0.851903,0.374127,3.722985
sh.600743,华远控股,2026-04-01,1.94,1.95,1.89,1.9,15481100.0,29545250.0,0.6599,-1.5544,-6.227626,7.043295,3.208694,-8.404919
sh.600743,华远控股,2026-04-02,1.9,1.91,1.85,1.86,12091744.0,22635107.84,0.5154,-2.1053,-6.096518,6.895015,3.141142,-8.227974
sh.600744,华银电力,2026-04-01,7.75,7.78,7.47,7.57,88009457.0,666757874.35,4.333,0.1323,73.160728,10.805471,1.79893,-69.188743
sh.600744,华银电力,2026-04-02,7.6,7.92,7.48,7.59,126769756.0,971266181.92,6.2414,0.2642,73.354019,10.834019,1.803683,-69.37154
sh.600745,闻泰科技,2026-04-01,31.9,31.93,31.48,31.65,12003493.0,380187516.84,0.9644,0.9247,-22.716499,1.160047,0.784635,-60.647848
sh.600745,闻泰科技,2026-04-02,31.5,31.55,30.75,30.82,16046942.0,498044844.19,1.2893,-2.6224,-22.120792,1.129626,0.764059,-59.057445
sh.600746,江苏索普,2026-04-01,9.0,9.92,8.98,9.9,53852254.0,514877189.85,4.6182,9.7561,87.898944,2.120568,1.889605,272.651939
sh.600746,江苏索普,2026-04-02,9.99,10.69,9.99,10.11,60891791.0,626354061.77,5.2219,2.1212,89.763467,2.16555,1.929687,278.435465
sh.600748,上实发展,2026-04-01,5.22,5.23,5.05,5.1,23067391.0,117756705.98,1.2506,0.0,-15.221623,0.90146,2.776385,14.956289
sh.600748,上实发展,2026-04-02,5.06,5.07,4.85,4.88,20608000.0,101525351.0,1.1172,-4.3137,-14.565004,0.862573,2.65662,14.311116
sh.600749,西藏旅游,2026-04-01,16.16,16.35,15.97,16.3,4141101.0,67015763.15,1.8246,1.6209,126.684602,3.438472,18.117341,22.855936
sh.600749,西藏旅游,2026-04-02,16.29,16.29,15.91,16.07,2986700.0,47974048.0,1.3159,-1.411,124.897028,3.389953,17.861697,22.533428
sh.600750,华润江中,2026-04-01,26.7,26.92,26.41,26.79,5714590.0,152758998.9,0.909,0.262,18.780571,4.232877,4.035565,298.040643
sh.600750,华润江中,2026-04-02,26.81,27.18,26.66,27.0,6375903.0,171698310.07,1.0142,0.7839,18.927787,4.266058,4.067199,300.376908
sh.600751,海航科技,2026-04-01,4.02,4.1,3.98,4.05,55992300.0,226060082.0,2.176,2.5316,107.116336,1.550511,8.852968,-19.825625
sh.600751,海航科技,2026-04-02,4.02,4.1,3.94,3.99,43786533.0,175866922.68,1.7016,-1.4815,105.529427,1.52754,8.721813,-19.531912
sh.600753,*ST海钦,2026-04-01,12.02,12.27,11.82,12.15,3381700.0,40699791.0,1.4683,1.25,-20.301098,125.834558,3.283439,165.529868
sh.600753,*ST海钦,2026-04-02,12.16,12.63,12.02,12.25,5212842.0,64460318.7,2.2634,0.823,-20.468185,126.870233,3.310463,166.892254
sh.600754,锦江酒店,2026-04-01,27.07,29.47,26.9,29.2,21524225.0,614664883.03,2.3756,8.6714,33.643687,1.945444,2.254456,-16.102011
sh.600754,锦江酒店,2026-04-02,28.57,28.88,27.84,28.15,17989551.0,509367286.3,1.9855,-3.5959,32.433897,1.875488,2.173388,-15.523
sh.600755,厦门国贸,2026-04-01,6.41,6.45,6.31,6.36,28019292.0,178232875.65,1.3141,-0.625,27.699706,0.691596,0.044074,-3.655562
sh.600755,厦门国贸,2026-04-02,6.34,6.45,6.33,6.41,24323710.0,155884173.3,1.1408,0.7862,27.917471,0.697033,0.044421,-3.684301
sh.600756,浪潮软件,2026-04-01,18.5,18.79,17.88,18.03,25232169.0,460021155.96,7.7853,-1.5292,-61.386241,2.9981,4.031284,-72.715982
sh.600756,浪潮软件,2026-04-02,17.73,18.05,16.87,16.9,27861261.0,483534041.07,8.5965,-6.2673,-57.538961,2.810199,3.77863,-68.15863
sh.600757,长江传媒,2026-04-01,8.9,8.92,8.82,8.88,8551671.0,75876155.72,0.7047,0.5663,9.664485,1.089629,1.558536,43.213092
sh.600757,长江传媒,2026-04-02,8.85,8.91,8.8,8.85,6845100.0,60626563.0,0.5641,-0.3378,9.631835,1.085947,1.553271,43.067102
sh.600758,辽宁能源,2026-04-01,4.46,4.52,4.28,4.36,192936391.0,839210248.37,14.6082,-4.386,138.613831,1.040321,1.137753,6.626908
sh.600758,辽宁能源,2026-04-02,4.3,4.43,4.21,4.38,166586992.0,722399656.84,12.6131,0.4587,139.249675,1.045093,1.142973,6.657306
sh.600759,洲际油气,2026-04-01,5.64,5.75,5.55,5.61,411938078.0,2333352863.36,9.9413,-1.406,56.075288,2.647792,10.752614,-165.797315
sh.600759,洲际油气,2026-04-02,5.7,6.05,5.7,5.89,636550620.0,3729409408.61,15.3619,4.9911,58.874055,2.779946,11.289287,-174.072404
sh.600760,中航沈飞,2026-04-01,49.62,49.7,48.6,49.02,14644616.0,716837027.82,0.5182,-0.1629,39.507055,5.900772,3.112169,-600.023432
sh.600760,中航沈飞,2026-04-02,49.02,49.18,47.86,48.3,13235936.0,641258222.11,0.4683,-1.4688,38.92678,5.814102,3.066458,-591.210358
sh.600761,安徽合力,2026-04-01,18.27,18.39,18.14,18.32,11133232.0,203435455.33,1.25,1.6648,13.324216,1.505967,0.823345,50.552475
sh.600761,安徽合力,2026-04-02,18.16,18.24,17.66,17.81,15546385.0,277879910.94,1.7454,-2.7838,12.953291,1.464043,0.800424,49.145173
sh.600763,通策医疗,2026-04-01,42.56,42.7,41.83,42.48,7076434.0,299817543.81,1.5821,0.9746,36.741295,4.374338,6.483031,-926.785898
sh.600763,通策医疗,2026-04-02,42.27,42.27,41.1,41.55,7994175.0,332570731.48,1.7873,-2.1893,35.936931,4.278572,6.3411,-906.496093
sh.600764,中国海防,2026-04-01,24.06,24.26,23.91,24.19,4657763.0,112222119.21,0.6554,1.8526,73.743295,2.080548,5.329327,-19.822964
sh.600764,中国海防,2026-04-02,24.02,24.26,23.79,23.83,3301950.0,79146240.0,0.4647,-1.4882,72.645834,2.049585,5.250015,-19.527955
sh.600765,中航重机,2026-04-01,16.61,16.67,16.32,16.44,20622911.0,339144042.48,1.3284,0.489,41.921975,1.800636,2.523405,-13.660082
sh.600765,中航重机,2026-04-02,16.4,16.45,16.03,16.13,17496255.0,283810421.17,1.127,-1.8856,41.131475,1.766682,2.475823,-13.402501
sh.600768,宁波富邦,2026-04-01,17.8,17.8,17.26,17.47,4213600.0,73394004.0,3.1504,0.287,171.120511,6.033826,2.106533,-45.914483
sh.600768,宁波富邦,2026-04-02,17.47,17.61,16.83,17.06,4587100.0,78723460.0,3.4297,-2.3469,167.104517,5.892219,2.057096,-44.836925
sh.600769,祥龙电业,2026-04-01,14.0,14.12,13.66,13.93,9211800.0,128195117.0,2.4566,-0.8541,282.636625,43.465322,66.264338,398.193541
sh.600769,祥龙电业,2026-04-02,13.71,14.2,13.71,13.97,9454190.0,132112621.7,2.5213,0.2872,283.448217,43.590132,66.454617,399.336954
sh.600770,综艺股份,2026-04-01,5.62,5.64,5.54,5.59,13310900.0,74232121.0,1.0239,1.4519,148.706634,2.119397,17.303663,66.262468
sh.600770,综艺股份,2026-04-02,5.56,5.58,5.43,5.48,15432301.0,84950401.22,1.1871,-1.9678,145.780385,2.077691,16.963162,64.958555
sh.600771,广誉远,2026-04-01,17.01,17.15,16.94,17.14,5672679.0,96805439.45,1.1589,1.3601,101.852536,5.088808,6.041868,52.733567
sh.600771,广誉远,2026-04-02,17.14,17.4,17.09,17.28,7218368.0,124759483.71,1.4747,0.8168,102.68447,5.130373,6.091218,53.164296
sh.600773,西藏城投,2026-04-01,18.18,18.45,17.58,17.65,30732000.0,550179349.0,3.2296,-3.1816,341.97265,3.55737,9.34858,-34.57462
sh.600773,西藏城投,2026-04-02,17.63,18.88,17.37,18.22,33957961.0,621942231.05,3.5686,3.2295,353.016526,3.672254,9.650489,-35.691194
sh.600774,汉商集团,2026-04-01,8.96,9.15,8.81,9.12,5998311.0,54061360.95,2.0342,3.4014,-346.975132,1.611357,2.598769,1998.231514
sh.600774,汉商集团,2026-04-02,9.12,9.27,8.98,9.15,8440702.0,76906978.49,2.8624,0.3289,-348.116497,1.616657,2.607318,2004.804644
sh.600775,南京熊猫,2026-04-01,13.6,13.68,13.39,13.63,23951315.0,324583603.38,3.565,2.021,1160.636939,3.986683,5.006469,30.714023
sh.600775,南京熊猫,2026-04-02,13.83,13.97,13.12,13.2,35053853.0,472295339.6,5.2176,-3.1548,1124.0211,3.860911,4.848524,29.745055
sh.600776,东方通信,2026-04-01,15.38,15.45,14.98,15.16,16288601.0,246220108.05,1.7038,0.1983,46.257813,5.036157,7.464182,116.081131
sh.600776,东方通信,2026-04-02,15.08,15.2,14.73,14.88,11593321.0,173332357.17,1.2127,-1.847,45.403447,4.943141,7.326321,113.937152
sh.600777,*ST新潮,2026-04-01,5.16,5.34,5.13,5.19,39995557.0,209175477.76,0.6283,-1.3308,20.586638,1.50039,4.649639,-36.937874
sh.600777,*ST新潮,2026-04-02,5.22,5.44,5.22,5.37,41393163.0,220373450.49,0.6502,3.4682,21.300625,1.552427,4.810898,-38.218957
sh.600778,友好集团,2026-04-01,6.6,6.64,6.42,6.5,7095300.0,46055328.0,2.2799,0.0,330.718819,8.803651,1.374473,-78.525509
sh.600778,友好集团,2026-04-02,6.5,6.5,6.22,6.29,8942500.0,56647830.0,2.8734,-3.2308,320.034057,8.519226,1.330067,-75.988531
sh.600779,水井坊,2026-04-01,32.86,33.38,32.62,33.13,2599308.0,85802598.36,0.5332,1.0369,29.797637,3.208589,4.276374,-8.970494
sh.600779,水井坊,2026-04-02,33.0,33.58,33.0,33.24,2644609.0,87945191.24,0.5425,0.332,29.896573,3.219242,4.290573,-9.000278
sh.600780,通宝能源,2026-04-01,7.02,7.06,6.68,6.74,67299350.0,457509457.99,5.87,-3.8516,12.566323,0.942483,0.69294,9.87275
sh.600780,通宝能源,2026-04-02,6.7,6.81,6.52,6.55,46372195.0,307421894.83,4.0447,-2.819,12.212079,0.915915,0.673406,9.594438
sh.600782,新钢股份,2026-04-01,3.62,3.63,3.6,3.61,41225800.0,148909175.0,1.3106,1.1204,11.829766,0.434542,0.303689,-6.464923
sh.600782,新钢股份,2026-04-02,3.6,3.62,3.54,3.55,40392331.0,144467905.6,1.2841,-1.662,11.63315,0.42732,0.298641,-6.357473
sh.600783,鲁信创投,2026-04-01,21.27,21.55,20.48,20.7,14394100.0,299322577.34,1.9338,-1.7561,89.279368,3.253548,183.552685,-31.092988
sh.600783,鲁信创投,2026-04-02,20.58,20.76,20.19,20.31,8110627.0,165609625.48,1.0896,-1.8841,87.597293,3.192249,180.094446,-30.507178
sh.600784,鲁银投资,2026-04-01,7.1,7.16,7.01,7.06,6562802.0,46416398.1,0.9713,0.7133,22.856329,1.462217,1.452234,-48.706218
sh.600784,鲁银投资,2026-04-02,7.07,7.14,6.99,7.03,4421247.0,31215320.71,0.6544,-0.4249,22.759206,1.456004,1.446063,-48.499252
sh.600785,新华百货,2026-04-01,17.17,17.4,17.0,17.27,4006900.0,69069862.0,1.7759,1.8879,29.18591,1.694278,0.642666,32.233203
sh.600785,新华百货,2026-04-02,17.15,17.21,16.85,16.99,3432200.0,58359258.0,1.5212,-1.6213,28.712716,1.666808,0.632247,31.710604
sh.600787,中储股份,2026-04-01,5.61,5.63,5.51,5.57,28929200.0,160902852.0,1.3331,1.0889,22.156337,0.86873,0.178582,33.980244
sh.600787,中储股份,2026-04-02,5.57,5.57,5.42,5.45,24235204.0,132459005.56,1.1168,-2.1544,21.679001,0.850014,0.174734,33.248174
sh.600789,鲁抗医药,2026-04-01,8.38,8.52,8.3,8.5,18935412.0,159900892.92,2.107,2.4096,47.067276,2.24515,1.435125,-304.063627
sh.600789,鲁抗医药,2026-04-02,8.51,8.61,8.46,8.47,20577372.0,175263141.48,2.2898,-0.3529,46.901156,2.237226,1.43006,-302.990462
sh.600790,轻纺城,2026-04-01,3.78,3.89,3.75,3.82,11809200.0,45125151.56,0.8057,1.8667,67.127031,0.966561,5.818721,-7.931713
sh.600790,轻纺城,2026-04-02,3.83,3.84,3.78,3.79,6113464.0,23242709.56,0.4171,-0.7853,66.599856,0.95897,5.773025,-7.869422
sh.600791,京能置业,2026-04-01,9.8,10.05,9.6,10.02,17227637.0,169780105.7,3.8088,3.299,-16.500383,11.501505,1.128344,-4.617203
sh.600791,京能置业,2026-04-02,10.02,10.78,9.9,10.7,30218720.0,315292701.08,6.6809,6.7864,-17.62017,12.282046,1.204919,-4.930546
sh.600792,云煤能源,2026-04-01,4.55,4.59,4.24,4.27,68976400.0,298412060.0,6.2145,-6.9717,-8.891165,1.666822,0.863561,20.240225
sh.600792,云煤能源,2026-04-02,4.25,4.54,4.22,4.43,63462045.0,280796081.33,5.7177,3.7471,-9.224323,1.729279,0.895919,20.998641
sh.600793,宜宾纸业,2026-04-01,18.34,18.45,18.13,18.39,1644200.0,30073180.0,0.9294,0.9885,-46.793496,13.670338,1.426419,27.142958
sh.600793,宜宾纸业,2026-04-02,18.4,18.52,18.07,18.26,1621800.0,29569626.0,0.9168,-0.7069,-46.46271,13.573702,1.416336,26.951083
sh.600794,保税科技,2026-04-01,3.74,3.76,3.68,3.71,10764000.0,39907720.0,0.8969,0.542,52.551136,1.694925,6.032847,-24.204014
sh.600794,保税科技,2026-04-02,3.68,3.71,3.63,3.65,11183109.0,41001672.0,0.9318,-1.6173,51.701252,1.667514,5.935281,-23.812574
sh.600795,国电电力,2026-04-01,4.87,4.92,4.83,4.86,129748627.0,632246160.39,0.7275,0.4132,11.686828,1.415953,0.508319,55.855856
sh.600795,国电电力,2026-04-02,4.87,4.88,4.8,4.81,142183358.0,685885390.01,0.7972,-1.0288,11.566593,1.401385,0.50309,55.281207
sh.600796,钱江生化,2026-04-01,6.65,6.78,6.56,6.64,9017700.0,59934201.0,2.8951,0.7587,31.523306,1.68054,3.452942,-39.261232
sh.600796,钱江生化,2026-04-02,6.65,6.68,6.51,6.61,9683840.0,63874672.2,3.109,-0.4518,31.380881,1.672947,3.437341,-39.083847
sh.600797,浙大网新,2026-04-01,9.1,9.23,9.04,9.12,25587601.0,233141044.05,2.4902,2.0134,543.39367,2.684076,2.752344,46.472523
sh.600797,浙大网新,2026-04-02,9.01,9.1,8.8,8.85,20803612.0,185357766.12,2.0246,-2.9605,527.306357,2.604613,2.67086,45.096691
sh.600798,宁波海运,2026-04-01,3.84,3.94,3.83,3.92,23534460.0,91768540.8,1.9506,2.8871,-6005.035129,1.211723,1.717211,6.537106
sh.600798,宁波海运,2026-04-02,3.89,3.98,3.84,3.94,33214113.0,130554617.09,2.7529,0.5102,-6035.673063,1.217905,1.725973,6.570459
sh.600800,渤海化学,2026-04-01,4.82,4.88,4.59,4.75,59245673.0,280793935.53,5.3387,1.4957,-8.157775,4.436972,1.583426,-24.224066
sh.600800,渤海化学,2026-04-02,4.79,4.84,4.63,4.67,36165375.0,170099625.63,3.2589,-1.6842,-8.02038,4.362244,1.556758,-23.816082
sh.600801,华新建材,2026-04-01,23.03,23.32,22.06,22.76,37267000.0,848954276.18,2.7776,7.3585,16.583398,1.475853,1.338621,77.865671
sh.600801,华新建材,2026-04-02,22.53,23.13,22.3,22.9,22562435.0,515576785.87,1.6816,0.6151,16.685405,1.484931,1.346855,78.344634
sh.600802,福建水泥,2026-04-01,6.4,6.53,6.08,6.11,25406022.0,157173559.14,5.5442,-4.5313,-392.550727,2.529257,1.617701,-33.919786
sh.600802,福建水泥,2026-04-02,6.15,6.33,6.08,6.1,17625876.0,108967203.79,3.8464,-0.1637,-391.908255,2.525117,1.615053,-33.864271
sh.600803,新奥股份,2026-04-01,22.1,22.4,21.85,21.92,13585151.0,299956412.77,0.4423,-1.1722,14.495828,2.753263,0.516016,21.185472
sh.600803,新奥股份,2026-04-02,21.94,22.81,21.94,22.67,13638946.0,308303661.76,0.444,3.4215,14.991808,2.847466,0.533672,21.91034
sh.600805,悦达投资,2026-04-01,5.28,5.32,5.16,5.21,18978900.0,98896741.0,2.2321,0.0,120.232571,1.042642,1.734374,53.54601
sh.600805,悦达投资,2026-04-02,5.21,5.23,5.14,5.15,12457638.0,64484891.8,1.4651,-1.1516,118.847935,1.030635,1.714401,52.929357
sh.600807,济高发展,2026-04-01,3.26,3.28,3.18,3.24,18025202.0,57907730.4,2.2903,0.6211,-3.404454,65.330997,8.826168,4.274217
sh.600807,济高发展,2026-04-02,3.25,3.27,3.18,3.21,20842700.0,67025468.0,2.6483,-0.9259,-3.372931,64.72608,8.744444,4.234641
sh.600808,马钢股份,2026-04-01,3.81,3.89,3.79,3.8,46346404.0,177607466.24,0.7766,1.3333,-140.142259,1.217921,0.377461,5.29443
sh.600808,马钢股份,2026-04-02,3.81,3.82,3.72,3.75,34039889.0,127833255.16,0.5704,-1.3158,-138.298282,1.201896,0.372494,5.224767
sh.600809,山西汾酒,2026-04-01,143.6,145.89,142.06,144.38,6972614.0,1004410077.88,0.5715,0.9227,14.323203,4.542009,4.687299,504.182232
sh.600809,山西汾酒,2026-04-02,143.6,145.36,142.88,144.06,4109182.0,592516479.56,0.3368,-0.2216,14.291457,4.531943,4.67691,503.064776
sh.600810,神马股份,2026-04-01,7.8,8.1,7.77,8.03,21084121.0,168065378.15,1.9142,4.2857,-185.318169,1.309559,0.673154,-14.359608
sh.600810,神马股份,2026-04-02,8.0,8.59,7.89,8.21,31641048.0,262472626.0,2.8727,2.2416,-189.472292,1.338914,0.688244,-14.681496
sh.600812,华北制药,2026-04-01,5.47,5.64,5.4,5.62,40380617.0,224152662.6,2.3536,3.3088,52.681309,1.751501,0.984505,-49.357767
sh.600812,华北制药,2026-04-02,5.63,5.73,5.59,5.7,46885839.0,266111951.65,2.7327,1.4235,53.431221,1.776433,0.998519,-50.060368
sh.600814,杭州解百,2026-04-01,7.75,7.78,7.68,7.77,6948600.0,53732230.0,0.9453,1.0403,25.444942,1.528271,3.360102,30.465533
sh.600814,杭州解百,2026-04-02,7.75,7.76,7.62,7.67,7452900.0,57203596.0,1.0139,-1.287,25.117465,1.508602,3.316858,30.073441
sh.600815,厦工股份,2026-04-01,4.07,4.19,3.72,3.79,165199634.0,636102153.44,9.3118,-5.25,-956.67104,4.430126,12.174369,-40.824694
sh.600815,厦工股份,2026-04-02,3.73,3.83,3.63,3.69,105553481.0,391560325.08,5.9497,-2.6385,-931.42906,4.313236,11.853145,-39.747526
sh.600816,建元信托,2026-04-01,2.59,2.6,2.56,2.58,27884700.0,72017571.0,0.5099,0.7813,401.705739,1.829874,102.107178,874.077762
sh.600816,建元信托,2026-04-02,2.57,2.58,2.51,2.52,32973560.0,83591252.6,0.6029,-2.3256,392.363745,1.787319,99.732592,853.750373
sh.600817,宇通重工,2026-04-01,11.12,11.18,10.93,11.1,6078900.0,67058651.0,1.1486,0.726,20.880072,2.435846,1.606911,-27.609822
sh.600817,宇通重工,2026-04-02,11.03,11.24,10.98,11.14,4165900.0,46266783.0,0.7871,0.3604,20.955315,2.444624,1.612702,-27.709317
sh.600818,中路股份,2026-04-01,9.05,9.09,8.76,8.87,4054200.0,35876901.0,1.7037,-0.1126,-68.544752,5.103346,2.713274,-81.058523
sh.600818,中路股份,2026-04-02,8.86,8.86,8.62,8.68,3048300.0,26582029.0,1.281,-2.1421,-67.076488,4.994029,2.655154,-79.322207
sh.600819,耀皮玻璃,2026-04-01,7.29,7.48,7.21,7.25,7044100.0,51367276.0,0.9425,1.1158,52.21605,1.839426,1.255234,20.662161
sh.600819,耀皮玻璃,2026-04-02,7.2,7.24,7.02,7.09,6194300.0,44017670.0,0.8288,-2.2069,51.063696,1.798832,1.227533,20.206168
sh.600820,隧道股份,2026-04-01,6.4,6.4,6.18,6.21,40418226.0,252020365.46,1.2855,-2.3585,7.654454,0.627338,0.323753,18.156837
sh.600820,隧道股份,2026-04-02,6.19,6.19,6.07,6.11,23229925.0,142064404.75,0.7388,-1.6103,7.531194,0.617236,0.318539,17.864456
sh.600821,金开新能,2026-04-01,9.0,9.28,8.68,9.04,328582869.0,2971618854.88,16.702,2.9613,28.796476,1.839878,4.908504,-40.429918
sh.600821,金开新能,2026-04-02,8.9,8.95,8.22,8.28,332401205.0,2820979835.7,16.8961,-8.4071,26.375533,1.685198,4.495843,-37.030942
sh.600822,上海物贸,2026-04-01,10.19,10.28,10.09,10.16,2813904.0,28533499.56,0.7103,0.5941,205.823438,4.112115,2.315639,28.341922
sh.600822,上海物贸,2026-04-02,10.16,10.19,9.98,10.04,2667800.0,26868091.0,0.6734,-1.1811,203.392452,4.063547,2.288289,28.007175
sh.600824,益民集团,2026-04-01,4.04,4.07,4.0,4.04,7718956.0,31072282.12,0.7323,0.7481,227.676835,1.765469,6.533222,498.756974
sh.600824,益民集团,2026-04-02,4.03,4.04,3.96,4.0,6727065.0,26919656.05,0.6382,-0.9901,225.422609,1.747989,6.468537,493.818786
sh.600825,新华传媒,2026-04-01,5.98,5.99,5.85,5.89,14272692.0,84363718.56,1.366,0.0,145.639251,2.466258,4.241307,198.936798
sh.600825,新华传媒,2026-04-02,5.86,5.88,5.71,5.76,9935405.0,57439059.2,0.9509,-2.2071,142.424802,2.411824,4.147696,194.546003
sh.600826,兰生股份,2026-04-01,9.77,9.93,9.73,9.92,4897900.0,48235387.74,0.6659,2.5853,25.550184,1.699786,4.201557,19.029884
sh.600826,兰生股份,2026-04-02,9.89,9.97,9.7,9.79,4114986.0,40450792.24,0.5595,-1.3105,25.215353,1.67751,4.146496,18.7805
sh.600827,百联股份,2026-04-01,8.55,8.56,8.47,8.55,7244525.0,61754672.25,0.4515,0.7067,62.834386,0.769162,0.607467,-7.93729
sh.600827,百联股份,2026-04-02,8.55,8.55,8.45,8.52,4949929.0,42050920.49,0.3085,-0.3509,62.613915,0.766463,0.605336,-7.90944
sh.600828,茂业商业,2026-04-01,5.42,5.43,5.21,5.28,23352179.0,122978768.39,1.3488,-0.9381,-37.202458,1.355821,3.863394,-238.61658
sh.600828,茂业商业,2026-04-02,5.27,5.27,5.08,5.14,20584477.0,105956585.78,1.1889,-2.6515,-36.216029,1.319871,3.760955,-232.289625
sh.600829,人民同泰,2026-04-01,10.3,10.36,9.99,10.33,9002758.0,92198095.49,1.5525,1.3739,50.277181,2.001378,0.586352,-43.955996
sh.600829,人民同泰,2026-04-02,10.3,11.36,10.3,11.3,43459357.0,471660009.41,7.4944,9.3901,54.998271,2.189309,0.641412,-48.083519
sh.600830,香溢融通,2026-04-01,8.85,8.92,8.77,8.82,3365300.0,29713953.0,0.7407,0.5701,49.898437,1.788805,8.503799,-35.008509
sh.600830,香溢融通,2026-04-02,8.78,8.84,8.59,8.65,3826016.0,33209745.76,0.8421,-1.9274,48.936676,1.754327,8.339894,-34.333742
sh.600831,广电网络,2026-04-01,4.0,4.03,3.85,3.89,20015800.0,78452378.0,2.8154,-0.5115,-2.512179,1.881659,2.140271,-52.596238
sh.600831,广电网络,2026-04-02,3.88,3.89,3.68,3.7,17204400.0,64651918.0,2.4199,-4.8843,-2.389476,1.789752,2.035734,-50.02727
sh.600833,第一医药,2026-04-01,12.17,12.18,12.01,12.15,2657000.0,32159095.0,1.191,0.9975,39.279047,2.335113,1.299778,29.881565
sh.600833,第一医药,2026-04-02,12.19,12.25,12.0,12.1,3082800.0,37345908.0,1.3819,-0.4115,39.117405,2.325504,1.294429,29.758596
sh.600834,申通地铁,2026-04-01,8.58,8.67,8.37,8.43,8081300.0,68372351.0,1.6928,-2.5434,74.217067,2.314563,6.748456,-19.77898
sh.600834,申通地铁,2026-04-02,8.39,8.5,8.33,8.36,4099401.0,34436523.39,0.8587,-0.8304,73.600792,2.295344,6.692419,-19.614742
sh.600835,上海机电,2026-04-01,22.28,22.49,22.01,22.23,4753300.0,105408453.0,0.5894,1.5532,28.689431,1.616852,1.178348,370.121422
sh.600835,上海机电,2026-04-02,22.03,22.2,21.72,21.85,4476140.0,98148980.69,0.555,-1.7094,28.199014,1.589213,1.158205,363.79456
sh.600838,上海九百,2026-04-01,10.33,10.41,10.14,10.22,6253200.0,63838813.0,1.5599,0.1961,90.380527,2.594396,42.835348,73.129295
sh.600838,上海九百,2026-04-02,10.15,10.21,9.97,10.03,6959709.0,70009979.27,1.7361,-1.8591,88.700262,2.546164,42.038997,71.769749
sh.600839,四川长虹,2026-04-01,8.8,8.83,8.73,8.78,46536139.0,408380615.53,1.0084,1.2687,29.653944,2.621176,0.374306,52.733689
sh.600839,四川长虹,2026-04-02,8.75,8.75,8.56,8.6,44801172.0,387225962.73,0.9708,-2.0501,29.046005,2.567439,0.366633,51.652589
sh.600841,动力新科,2026-04-01,8.77,8.92,8.53,8.78,22130200.0,193967225.0,2.1217,2.2119,4.242707,1.909532,2.123005,-31.942573
sh.600841,动力新科,2026-04-02,8.78,8.78,8.21,8.33,20986400.0,176489511.0,2.0121,-5.1253,4.025257,1.811663,2.014195,-30.305425
sh.600843,上工申贝,2026-04-01,9.51,9.58,9.43,9.48,5316327.0,50444421.44,1.133,0.8511,-34.150904,2.221264,1.555489,10.777887
sh.600843,上工申贝,2026-04-02,9.48,9.51,9.24,9.32,6863200.0,64053682.0,1.4627,-1.6878,-33.574517,2.183775,1.529236,10.595981
sh.600844,金煤科技,2026-04-01,4.8,4.86,4.38,4.38,166123751.0,738444533.36,20.1918,-10.0616,-22.516168,31.866648,5.113812,1263.871682
sh.600844,金煤科技,2026-04-02,4.25,4.77,4.17,4.45,191857932.0,857720611.74,23.3197,1.5982,-22.876016,32.375932,5.195539,1284.070544
sh.600845,宝信软件,2026-04-01,23.43,23.48,23.05,23.18,15304225.0,355671768.63,0.7171,0.7826,50.991641,6.026549,6.065197,-80.685179
sh.600845,宝信软件,2026-04-02,23.05,23.13,22.7,22.78,13435951.0,306754118.01,0.6296,-1.7256,50.111717,5.922554,5.960535,-79.292854
sh.600846,同济科技,2026-04-01,11.9,12.41,11.9,12.31,3159568.0,38663519.08,0.5057,4.0575,29.119678,1.868003,2.149662,5.557417
sh.600846,同济科技,2026-04-02,12.21,12.4,12.0,12.11,1925613.0,23472450.4,0.3082,-1.6247,28.646572,1.837654,2.114737,5.467126
sh.600847,万里股份,2026-04-01,13.64,13.66,12.7,12.9,5648300.0,73365127.0,3.6848,-2.1986,-41.53625,3.843564,3.556285,60.514568
sh.600847,万里股份,2026-04-02,12.88,12.94,12.38,12.59,4244100.0,53721136.0,2.7687,-2.4031,-40.538092,3.751199,3.470823,59.060342
sh.600848,上海临港,2026-04-01,10.08,10.28,10.06,10.25,10402860.0,105809495.6,0.4346,2.7054,16.49173,1.321139,2.398948,-19.804979
sh.600848,上海临港,2026-04-02,10.2,10.2,9.9,9.99,9361977.0,93763026.21,0.3911,-2.5366,16.073403,1.287627,2.338097,-19.302609
sh.600850,电科数字,2026-04-01,23.06,23.11,22.81,22.97,6804743.0,156426656.37,1.0004,1.7272,31.050136,3.213597,1.39891,-195.003515
sh.600850,电科数字,2026-04-02,22.98,22.98,22.13,22.35,6912144.0,155242605.3,1.0162,-2.6992,30.212039,3.126856,1.361151,-189.740033
sh.600851,海欣股份,2026-04-01,7.89,8.62,7.89,8.62,17513233.0,146515927.29,2.3724,9.949,66.591182,2.228188,13.203262,-1585.544163
sh.600851,海欣股份,2026-04-02,9.0,9.0,8.52,8.62,44914155.0,390523564.32,6.0842,0.0,66.591182,2.228188,13.203262,-1585.544163
sh.600853,龙建股份,2026-04-01,4.02,4.05,3.95,3.99,14788972.0,59035769.08,1.4589,-0.25,9.998804,1.185526,0.228707,4.50304
sh.600853,龙建股份,2026-04-02,3.97,4.01,3.88,3.91,13168261.0,51738328.33,1.299,-2.005,9.798327,1.161756,0.224121,4.412753
sh.600854,春兰股份,2026-04-01,5.21,5.24,5.05,5.12,9543400.0,48862280.0,1.8372,-0.5825,22.278945,1.084953,27.458145,27.500119
sh.600854,春兰股份,2026-04-02,5.1,5.12,4.96,5.0,7675500.0,38589306.0,1.4776,-2.3438,21.756782,1.059524,26.814595,26.855585
sh.600855,航天长峰,2026-04-01,17.5,17.6,16.96,17.19,8115300.0,139010870.0,1.7354,-0.0581,-35.987908,5.259658,7.014327,-37.510235
sh.600855,航天长峰,2026-04-02,17.02,17.25,16.75,16.86,6461831.0,109453863.1,1.3818,-1.9197,-35.297041,5.158687,6.879671,-36.790143
sh.600857,宁波中百,2026-04-01,12.08,12.13,11.8,11.92,2424700.0,28907115.0,1.0809,0.6757,82.182663,3.079717,5.819338,166.439154
sh.600857,宁波中百,2026-04-02,11.98,12.03,11.73,11.81,2362200.0,28058068.0,1.053,-0.9228,81.424266,3.051297,5.765636,164.903222
sh.600858,银座股份,2026-04-01,5.92,5.94,5.78,5.82,8979652.0,52380279.2,1.735,-0.6826,51.084067,1.126617,0.573009,5.857556
sh.600858,银座股份,2026-04-02,5.81,5.84,5.73,5.76,5765000.0,33321562.0,1.1139,-1.0309,50.557427,1.115003,0.567102,5.797169
sh.600859,王府井,2026-04-01,12.3,12.35,12.21,12.33,8091014.0,99439579.24,0.72,1.2315,-401.323834,0.706648,1.309709,-7.375544
sh.600859,王府井,2026-04-02,12.3,12.3,12.14,12.17,7973810.0,97389956.1,0.7095,-1.2976,-396.116063,0.697478,1.292713,-7.279835
sh.600860,京城股份,2026-04-01,11.35,11.79,11.15,11.5,21346889.0,245459000.37,4.8074,3.3243,-117.396571,7.342849,4.120574,47.104664
sh.600860,京城股份,2026-04-02,11.31,11.7,11.13,11.19,14177705.0,160968625.7,3.1929,-2.6957,-114.231968,7.144912,4.009497,45.834887
sh.600861,北京人力,2026-04-01,16.4,16.4,16.2,16.29,2797600.0,45545612.0,0.7632,0.3079,7.970027,1.290891,0.211226,-119.512796
sh.600861,北京人力,2026-04-02,16.25,16.27,16.08,16.17,1940481.0,31389483.01,0.5294,-0.7366,7.911315,1.281381,0.20967,-118.632407
sh.600862,中航高科,2026-04-01,21.64,21.69,21.35,21.54,11652185.0,250460932.93,0.8365,0.9845,29.109058,3.905724,5.991859,90.748126
sh.600862,中航高科,2026-04-02,21.47,21.6,20.92,21.08,13997825.0,296675766.05,1.0048,-2.1356,28.487417,3.822315,5.863899,88.810143
sh.600863,华能蒙电,2026-04-01,5.14,5.16,5.05,5.08,65240627.0,332773624.78,0.9996,-0.7813,19.288448,2.296845,1.917057,-67.980496
sh.600863,华能蒙电,2026-04-02,5.08,5.13,5.04,5.08,44840957.0,227555571.3,0.687,0.0,19.288448,2.296845,1.917057,-67.980496
sh.600864,哈投股份,2026-04-01,6.81,6.83,6.67,6.72,48232275.0,323983493.07,2.3182,0.0,22.520791,1.056141,5.017401,6.237426
sh.600864,哈投股份,2026-04-02,6.68,6.68,6.41,6.47,59670094.0,388756337.83,2.868,-3.7202,21.682964,1.016851,4.830742,6.005379
sh.600865,百大集团,2026-04-01,11.21,11.43,11.12,11.3,5290100.0,59394321.0,1.406,0.8029,168.783395,1.850576,23.024601,121.374588
sh.600865,百大集团,2026-04-02,11.27,11.27,11.12,11.18,3813365.0,42638392.7,1.0135,-1.0619,166.991005,1.830923,22.780092,120.085654
sh.600866,星湖科技,2026-04-01,7.22,7.32,7.21,7.3,20165124.0,146532661.0,1.6058,2.3843,9.467762,1.459903,0.729674,20.707028
sh.600866,星湖科技,2026-04-02,7.27,7.32,7.06,7.12,22925498.0,164374735.5,1.8256,-2.4658,9.234311,1.423906,0.711682,20.196444
sh.600867,通化东宝,2026-04-01,9.52,9.77,9.29,9.59,94174698.0,899104563.6,4.8084,1.0537,15.32154,2.634868,6.851442,16.094191
sh.600867,通化东宝,2026-04-02,9.63,9.86,9.51,9.75,104394264.0,1011790097.14,5.3302,1.6684,15.577166,2.678828,6.965752,16.362707
sh.600868,梅雁吉祥,2026-04-01,3.83,3.84,3.67,3.69,84571626.0,314745273.43,4.4555,-0.8065,-55.902177,3.614699,22.590229,-47.727293
sh.600868,梅雁吉祥,2026-04-02,3.69,3.72,3.55,3.57,86481347.0,312110035.43,4.5561,-3.252,-54.08422,3.497148,21.855587,-46.175186
sh.600869,远东股份,2026-04-01,13.8,14.16,13.65,13.9,63598183.0,886415602.93,2.8656,3.1157,-603.927725,7.241397,1.098563,-45820.407592
sh.600869,远东股份,2026-04-02,14.4,14.63,13.55,14.19,96509081.0,1368440005.98,4.3485,2.0863,-616.527656,7.392477,1.121482,-46776.37293
sh.600871,石化油服,2026-04-01,2.83,2.89,2.83,2.85,123788091.0,354163995.44,0.9138,0.3521,82.003975,5.83804,0.669386,44.18899
sh.600871,石化油服,2026-04-02,2.85,2.99,2.85,2.95,308985979.0,905567282.99,2.2808,3.5088,84.881307,6.042884,0.692873,45.739481
sh.600872,中炬高新,2026-04-01,19.16,19.55,19.09,19.48,15101740.0,293155980.35,1.9588,2.2036,21.765826,2.664553,3.206773,52.375843
sh.600872,中炬高新,2026-04-02,19.4,19.6,19.3,19.36,11396354.0,221382167.05,1.4781,-0.616,21.631745,2.648139,3.187019,52.053199
sh.600873,梅花生物,2026-04-01,11.55,11.64,11.51,11.57,26381955.0,305322017.64,0.9408,1.048,8.605669,2.013242,1.318694,36.538218
sh.600873,梅花生物,2026-04-02,11.53,11.54,11.22,11.32,32307918.0,366570685.46,1.1521,-2.1608,8.419721,1.969741,1.2902,35.748714
sh.600874,创业环保,2026-04-01,6.14,6.18,6.08,6.12,12654301.0,77302628.07,1.0285,0.6579,11.144985,0.936803,2.019079,4.859726
sh.600874,创业环保,2026-04-02,6.12,6.13,6.0,6.06,12340723.0,74697318.93,1.003,-0.9804,11.035721,0.927619,1.999284,4.812081
sh.600875,东方电气,2026-04-01,36.79,38.56,36.55,38.28,158456636.0,6014067332.53,7.0009,9.2154,34.553804,2.926657,1.683973,-37.589397
sh.600875,东方电气,2026-04-02,37.71,38.6,37.18,37.31,85488032.0,3217765108.56,3.777,-2.534,33.678225,2.852497,1.641302,-36.636896
sh.600876,凯盛新能,2026-04-01,10.12,10.51,9.93,10.08,12315634.0,125633469.94,3.1126,1.7154,-7.118142,2.097536,2.006577,-710.41733
sh.600876,凯盛新能,2026-04-02,10.0,10.03,9.38,9.47,10782336.0,103945999.72,2.725,-6.0516,-6.687381,1.970602,1.885147,-667.425805
sh.600877,电科芯片,2026-04-01,16.23,16.29,15.96,16.16,14309500.0,230336069.99,1.2085,1.5075,974.76126,7.74337,19.879934,208.690811
sh.600877,电科芯片,2026-04-02,16.09,16.17,15.6,15.76,13342800.0,211629338.0,1.1269,-2.4752,950.633506,7.551702,19.387856,203.525197
sh.600879,航天电子,2026-04-01,22.65,22.66,21.52,21.75,153834594.0,3365630549.56,4.6626,-2.2032,316.156384,3.440147,5.158877,-59.503319
sh.600879,航天电子,2026-04-02,21.58,22.06,20.93,21.05,101976437.0,2178043345.96,3.0909,-3.2184,305.981236,3.329429,4.992844,-57.58827
sh.600880,博瑞传播,2026-04-01,4.9,4.94,4.83,4.88,15177400.0,73843377.0,1.3886,1.0352,370.297228,1.755464,7.570961,154.823869
sh.600880,博瑞传播,2026-04-02,4.86,4.87,4.73,4.75,16281301.0,77870264.75,1.4896,-2.6639,360.432753,1.708699,7.369275,150.699463
sh.600881,亚泰集团,2026-04-01,1.67,1.68,1.63,1.66,34378455.0,56830250.75,1.0636,0.6061,-2.080606,3.163105,0.793962,44.126629
sh.600881,亚泰集团,2026-04-02,1.66,1.67,1.61,1.63,32424400.0,52876347.0,1.0032,-1.8072,-2.043005,3.105941,0.779614,43.32916
sh.600882,妙可蓝多,2026-04-01,18.43,18.65,18.36,18.6,4548450.0,84354482.05,0.8918,1.3624,80.063287,2.079687,1.684197,-18.875011
sh.600882,妙可蓝多,2026-04-02,18.51,18.58,17.86,17.96,6998600.0,126994299.0,1.3721,-3.4409,77.308422,2.008128,1.626246,-18.225548
sh.600883,博闻科技,2026-04-01,8.18,8.22,8.01,8.14,4663500.0,37847063.0,1.9753,1.118,53.41425,1.959322,34.123213,15.724294
sh.600883,博闻科技,2026-04-02,8.15,8.25,7.92,8.07,6037800.0,48748817.0,2.5574,-0.86,52.954914,1.942473,33.82977,15.589072
sh.600884,杉杉股份,2026-04-01,13.48,13.58,13.21,13.41,43877611.0,587780817.81,2.391,1.055,-282.568028,1.374984,1.492915,-95.669837
sh.600884,杉杉股份,2026-04-02,13.34,13.44,13.08,13.14,47922430.0,633545181.81,2.6114,-2.0134,-276.878739,1.3473,1.462856,-93.743599
sh.600885,宏发股份,2026-04-01,28.14,28.3,27.9,28.15,16734584.0,470376331.07,1.0813,1.4049,23.788442,4.312765,2.697908,158.074756
sh.600885,宏发股份,2026-04-02,26.95,27.1,25.34,25.35,68606022.0,1760366656.59,4.4331,-9.9467,22.32199,3.106091,2.280573,98.56332
sh.600886,国投电力,2026-04-01,14.15,14.21,14.0,14.01,17664806.0,248517819.9,0.237,-1.0593,17.037131,1.692167,2.076854,17.646663
sh.600886,国投电力,2026-04-02,14.2,14.26,13.88,14.15,20941115.0,293805179.8,0.2809,0.9993,17.207381,1.709077,2.097607,17.823004
sh.600887,伊利股份,2026-04-01,26.58,26.58,26.18,26.33,29163243.0,768508690.69,0.4634,-0.0759,20.791101,2.957644,1.41979,-5.009734
sh.600887,伊利股份,2026-04-02,26.31,26.5,26.23,26.43,24744408.0,652316983.58,0.3931,0.3798,20.870065,2.968877,1.425182,-5.02876
sh.600888,新疆众和,2026-04-01,8.13,8.16,8.0,8.06,31035066.0,250014955.16,1.9983,0.8761,18.910742,1.088671,1.585668,-17.694214
sh.600888,新疆众和,2026-04-02,8.1,8.19,7.98,8.01,28709074.0,231793047.57,1.8485,-0.6203,18.79343,1.081918,1.575831,-17.584448
sh.600889,南京化纤,2026-04-01,14.4,14.48,14.26,14.48,3089100.0,44437355.0,0.8432,1.9718,-23.642122,21.69987,21.929668,-301.251106
sh.600889,南京化纤,2026-04-02,14.4,14.45,13.78,13.86,3913700.0,54943823.0,1.0683,-4.2818,-22.629821,20.770732,20.99069,-288.352233
sh.600892,*ST大晟,2026-04-01,3.68,3.75,3.64,3.69,5746000.0,21176822.0,1.0273,2.5,-17.636535,273.292408,8.123761,-46.350319
sh.600892,*ST大晟,2026-04-02,3.67,3.7,3.6,3.62,4410800.0,16019352.0,0.7886,-1.897,-17.301966,268.107999,7.969651,-45.471045
sh.600893,航发动力,2026-04-01,48.92,49.29,48.22,49.04,29089338.0,1419642371.12,1.0915,2.0391,539.959339,3.285194,2.915563,94.780707
sh.600893,航发动力,2026-04-02,49.53,52.46,49.53,49.8,54097662.0,2754462342.51,2.0298,1.5498,209.271166,3.302907,2.865148,-58.729933
sh.600894,广日股份,2026-04-01,9.58,10.49,9.44,10.01,49357016.0,486647958.34,5.8539,4.3796,12.367868,0.959936,1.176617,32.570493
sh.600894,广日股份,2026-04-02,9.77,9.93,9.6,9.7,29323833.0,284891710.89,3.4779,-3.0969,11.984847,0.930208,1.140178,31.561817
sh.600895,张江高科,2026-04-01,34.9,35.66,34.6,35.54,26166912.0,918464670.0,1.6896,4.3759,55.815074,4.032064,13.162116,39.917093
sh.600895,张江高科,2026-04-02,35.38,35.38,34.05,34.21,20144757.0,696544174.85,1.3008,-3.7423,53.726327,3.881174,12.669555,38.42329
sh.600897,厦门空港,2026-04-01,16.46,16.57,16.16,16.29,3357848.0,54901730.24,0.8054,-0.2449,15.289581,1.439726,3.423245,-61.643329
sh.600897,厦门空港,2026-04-02,16.17,16.48,16.15,16.4,2990232.0,48973965.08,0.7172,0.6753,15.392826,1.449448,3.446361,-62.059582
sh.600900,长江电力,2026-04-01,27.12,27.12,26.84,26.88,90608171.0,2440214452.28,0.3703,-0.5917,19.249735,2.974619,7.658248,175.337757
sh.600900,长江电力,2026-04-02,26.9,27.02,26.76,27.01,73984893.0,1988851812.57,0.3024,0.4836,19.342833,2.989006,7.695286,176.185744
sh.600901,江苏金租,2026-04-01,6.71,6.74,6.59,6.63,33587980.0,223023567.2,0.5801,-1.3393,12.146172,1.535384,6.446231,43.582504
sh.600901,江苏金租,2026-04-02,6.65,6.73,6.6,6.71,25751257.0,171887226.47,0.4447,1.2066,12.292732,1.55391,6.524014,44.108387
sh.600903,贵州燃气,2026-04-01,6.41,6.45,6.37,6.39,8380540.0,53624716.0,0.7287,0.1567,-435.098732,2.452793,1.096455,-58.642493
sh.600903,贵州燃气,2026-04-02,6.39,6.45,6.39,6.4,9707800.0,62314211.0,0.8441,0.1565,-435.779638,2.456631,1.09817,-58.734266
sh.600905,三峡能源,2026-04-01,4.22,4.25,4.15,4.18,403011201.0,1684670207.8,1.4097,-1.8779,32.569195,1.339349,4.207767,-52.092658
sh.600905,三峡能源,2026-04-02,4.16,4.2,4.14,4.18,196757957.0,819340564.89,0.6883,0.0,32.569195,1.339349,4.207767,-52.092658
sh.600906,财达证券,2026-04-01,6.45,6.48,6.38,6.44,14052716.0,90287878.72,0.6615,0.468,21.311117,1.702001,7.434918,5.740356
sh.600906,财达证券,2026-04-02,6.42,6.43,6.3,6.33,13623596.0,86540494.68,0.6413,-1.7081,20.947107,1.672929,7.307924,5.642306
sh.600908,无锡银行,2026-04-01,5.78,5.8,5.69,5.7,18799000.0,107823833.0,0.9403,-0.6969,5.417484,0.557397,2.595693,2.663717
sh.600908,无锡银行,2026-04-02,5.69,5.76,5.69,5.7,15153102.0,86748266.46,0.7579,0.0,5.417484,0.557397,2.595693,2.663717
sh.600909,华安证券,2026-04-01,5.63,5.66,5.57,5.62,50209549.0,281648288.98,0.9994,1.2613,13.392595,1.197143,5.570974,3.661397
sh.600909,华安证券,2026-04-02,5.6,5.61,5.51,5.54,41215650.0,228996176.28,0.8203,-1.4235,13.201953,1.180102,5.491672,3.609278
sh.600916,中国黄金,2026-04-01,9.63,9.68,9.46,9.55,25553290.0,244186557.7,1.521,0.7384,39.352363,2.229065,0.268952,-45.127003
sh.600916,中国黄金,2026-04-02,9.5,9.52,9.3,9.37,22131880.0,207679964.44,1.3174,-1.8848,38.610643,2.187051,0.263883,-44.276441
sh.600917,重庆燃气,2026-04-01,5.51,5.52,5.46,5.48,7700400.0,42226860.0,0.4933,0.1828,33.160824,1.495384,0.824536,-21.329252
sh.600917,重庆燃气,2026-04-02,5.48,5.52,5.43,5.46,10615910.0,58062202.5,0.6801,-0.365,33.039799,1.489926,0.821526,-21.251408
sh.600918,中泰证券,2026-04-01,6.12,6.14,6.1,6.12,21248700.0,130059483.0,0.5413,0.8237,33.776693,1.091816,4.253676,2.333298
sh.600918,中泰证券,2026-04-02,6.11,6.12,5.97,6.0,20827299.0,125498991.93,0.5305,-1.9608,33.114405,1.070408,4.17027,2.287547
sh.600919,江苏银行,2026-04-01,10.93,11.03,10.8,10.82,88758066.0,967777096.71,0.4837,-0.9158,5.807414,0.778341,2.317071,3.740095
sh.600919,江苏银行,2026-04-02,10.84,10.93,10.82,10.88,56458203.0,613426587.23,0.3077,0.5545,5.839618,0.782657,2.32992,3.760835
sh.600925,苏能股份,2026-04-01,4.67,4.68,4.61,4.65,15693700.0,72951107.0,0.9772,0.0,99.729148,2.08057,2.55865,-23.516416
sh.600925,苏能股份,2026-04-02,4.64,4.68,4.63,4.65,11491800.0,53434258.0,0.7155,0.0,99.729148,2.08057,2.55865,-23.516416
sh.600926,杭州银行,2026-04-01,16.81,16.95,16.71,16.77,23372641.0,393353207.47,0.3224,0.1194,6.388112,0.914228,3.133219,2.107244
sh.600926,杭州银行,2026-04-02,16.79,16.94,16.74,16.84,17147122.0,288524914.3,0.2365,0.4174,6.414777,0.918044,3.146298,2.11604
sh.600927,永安期货,2026-04-01,13.97,14.0,13.78,13.85,4061991.0,56277572.62,0.2791,0.6541,31.953724,1.533608,1.76582,-10.087814
sh.600927,永安期货,2026-04-02,13.82,13.82,13.42,13.48,6161400.0,83528802.0,0.4233,-2.6715,31.100087,1.492638,1.718646,-9.81832
sh.600928,西安银行,2026-04-01,3.65,3.66,3.61,3.62,17414737.0,63326101.57,0.3937,-0.5495,6.0378,0.466271,1.554121,0.702772
sh.600928,西安银行,2026-04-02,3.62,3.65,3.6,3.63,13433967.0,48721923.54,0.3037,0.2762,6.054479,0.467559,1.558414,0.704714
sh.600929,雪天盐业,2026-04-01,6.02,6.04,5.94,5.99,9424287.0,56371628.39,0.5746,0.5034,-4316.739559,1.303627,2.194282,-147.012427
sh.600929,雪天盐业,2026-04-02,5.97,6.1,5.94,5.98,12744056.0,76696995.76,0.777,-0.1669,-4309.532982,1.301451,2.190619,-146.766997
sh.600930,华电新能,2026-04-01,6.33,6.37,6.19,6.24,242436246.0,1514523489.24,7.5062,-0.6369,35.838792,2.3591,6.67771,-50.260473
sh.600930,华电新能,2026-04-02,6.24,6.3,6.1,6.13,204811418.0,1262664199.73,6.3413,-1.7628,35.207018,2.317513,6.559994,-49.374471
sh.600933,爱柯迪,2026-04-01,17.06,17.15,16.99,17.03,7168801.0,122316565.39,0.7335,1.0083,16.04958,1.878758,2.477218,3298.978265
sh.600933,爱柯迪,2026-04-02,17.03,17.03,16.71,16.84,6181446.0,104110476.93,0.6325,-1.1157,15.87052,1.857797,2.44958,3262.172638
sh.600935,华塑股份,2026-04-01,2.86,2.92,2.82,2.85,48655700.0,139129846.0,1.3872,0.3521,-30.401172,1.711232,2.132223,54.943441
sh.600935,华塑股份,2026-04-02,2.83,2.87,2.77,2.79,45041182.0,126527429.02,1.2842,-2.1053,-29.761147,1.675206,2.087334,53.786737
sh.600936,北投科技,2026-04-01,4.07,4.4,4.04,4.14,82484567.0,350229792.22,4.9362,3.5,-12.526793,7.086729,2.912365,-5.067478
sh.600936,北投科技,2026-04-02,4.13,4.16,3.98,4.01,40742700.0,164926365.0,2.4382,-3.1401,-12.133439,6.864199,2.820914,-4.908354
sh.600938,中国海油,2026-04-01,39.09,40.17,38.5,38.64,74930937.0,2945621109.98,2.5061,-3.4,15.043638,2.287832,4.611917,-705.012446
sh.600938,中国海油,2026-04-02,39.2,39.68,38.91,39.33,72634594.0,2858105527.78,2.4293,1.7857,15.312274,2.328686,4.694272,-717.601954
sh.600939,重庆建工,2026-04-01,3.12,3.26,3.07,3.1,33169188.0,104513224.78,1.7435,-0.3215,-5.844686,0.786119,0.230812,-13.74547
sh.600939,重庆建工,2026-04-02,3.06,3.13,3.01,3.04,22185699.0,67861774.51,1.1661,-1.9355,-5.731563,0.770904,0.226344,-13.479428
sh.600941,中国移动,2026-04-01,94.15,94.32,93.58,93.85,7484273.0,702615043.99,0.829,0.064,14.823451,1.458698,1.935104,-29.014319
sh.600941,中国移动,2026-04-02,93.83,93.83,93.0,93.28,6099814.0,569686045.51,0.6757,-0.6074,14.73342,1.449838,1.923351,-28.8381
sh.600955,维远股份,2026-04-01,17.5,17.75,17.24,17.3,11850297.0,207323552.06,2.1546,-0.2307,-45.167401,1.13095,1.05014,-30.229341
sh.600955,维远股份,2026-04-02,17.5,17.65,16.93,17.11,9637500.0,166078860.01,1.7523,-1.0983,-44.671343,1.118529,1.038607,-29.897343
sh.600956,新天绿能,2026-04-01,8.66,8.75,8.46,8.49,27794903.0,237719341.41,1.1837,-0.7018,20.977967,1.596249,1.931981,21.419572
sh.600956,新天绿能,2026-04-02,8.6,8.72,8.3,8.32,27248618.0,230793445.9,1.1605,-2.0024,20.557913,1.564287,1.893296,20.990676
sh.600958,东方证券,2026-04-01,9.15,9.18,9.08,9.16,37480460.0,342398819.68,0.5018,1.3274,13.815292,0.976704,5.067607,3.354543
sh.600958,东方证券,2026-04-02,9.13,9.13,8.99,9.02,34118387.0,308685258.22,0.4568,-1.5284,13.604141,0.961776,4.990154,3.303273
sh.600959,江苏有线,2026-04-01,3.94,4.03,3.93,3.97,64948592.0,257669104.74,1.2988,2.3196,43.543063,0.873194,2.439727,-73.753546
sh.600959,江苏有线,2026-04-02,3.95,3.96,3.8,3.82,56540677.0,218613927.84,1.1307,-3.7783,41.897859,0.840202,2.347545,-70.966888
sh.600960,渤海汽车,2026-04-01,5.15,5.22,5.12,5.18,14722916.0,76173360.56,1.5489,2.5743,-5.699036,1.332466,1.497428,-17.810815
sh.600960,渤海汽车,2026-04-02,5.18,5.18,4.99,5.05,13870100.0,70291018.0,1.4592,-2.5097,-5.55601,1.299026,1.459848,-17.363826
sh.600961,株冶集团,2026-04-01,17.9,18.16,17.49,17.74,16434801.0,292140062.86,2.186,2.0127,17.906185,5.193859,0.888582,25.635891
sh.600961,株冶集团,2026-04-02,17.65,17.65,17.12,17.24,12572102.0,218183033.67,1.6722,-2.8185,17.401501,5.047471,0.863537,24.913347
sh.600962,国投中鲁,2026-04-01,19.21,19.23,18.94,19.06,1914900.0,36494876.0,0.7303,0.9534,122.129587,5.264503,2.518997,-1286.353991
sh.600962,国投中鲁,2026-04-02,19.06,19.16,18.53,18.85,1761100.0,33314794.0,0.6716,-1.1018,120.783983,5.206499,2.491243,-1272.181151
sh.600963,岳阳林纸,2026-04-01,4.8,4.92,4.78,4.84,29306050.0,142309616.0,1.6674,2.3256,-36.203583,1.117515,0.981712,-25.397043
sh.600963,岳阳林纸,2026-04-02,4.83,4.92,4.67,4.72,22877671.0,109108808.97,1.3017,-2.4793,-35.305974,1.089808,0.957372,-24.767364
sh.600965,福成股份,2026-04-01,5.71,5.79,5.62,5.67,13050500.0,74091121.0,1.594,-1.7331,60.641851,2.133748,4.212552,-906.848908
sh.600965,福成股份,2026-04-02,5.64,5.74,5.63,5.67,10374313.0,58972578.58,1.2672,0.0,60.641851,2.133748,4.212552,-906.848908
sh.600966,博汇纸业,2026-04-01,6.61,6.64,6.36,6.46,33819246.0,219063635.78,2.5298,0.78,58.307195,1.170328,0.444847,-21.829667
sh.600966,博汇纸业,2026-04-02,6.45,6.46,6.32,6.38,12771126.0,81542505.62,0.9553,-1.2384,57.585124,1.155835,0.439338,-21.559331
sh.600967,内蒙一机,2026-04-01,14.85,14.9,14.56,14.73,16877500.0,248660333.69,0.9917,0.0679,48.02181,2.112964,2.369711,45.229892
sh.600967,内蒙一机,2026-04-02,14.69,14.96,14.56,14.7,20905469.0,308230176.27,1.2284,-0.2037,47.924006,2.108661,2.364885,45.137774
sh.600968,海油发展,2026-04-01,4.48,4.54,4.42,4.45,58488900.0,262533473.0,0.5754,-0.8909,11.64543,1.529466,0.898172,11.407148
sh.600968,海油发展,2026-04-02,4.46,4.61,4.46,4.6,110152399.0,500888499.21,1.0836,3.3708,12.037973,1.581021,0.928448,11.791659
sh.600969,郴电国际,2026-04-01,10.08,10.09,9.64,9.72,12373500.0,120963466.6,3.3437,-1.8182,-228.207294,0.988149,0.887245,-10.937427
sh.600969,郴电国际,2026-04-02,9.66,9.88,9.46,9.52,8303600.0,79694743.0,2.2439,-2.0576,-223.511671,0.967817,0.868989,-10.712377
sh.600970,中材国际,2026-04-01,10.68,10.96,10.3,10.38,28414851.0,300099779.03,1.0851,0.484,9.508435,1.185525,0.548694,97.781194
sh.600970,中材国际,2026-04-02,10.41,10.63,10.28,10.52,27214675.0,285170025.5,1.0392,1.3487,9.63668,1.201515,0.556094,99.100016
sh.600971,恒源煤电,2026-04-01,7.41,7.7,7.35,7.49,27954640.0,211206633.09,2.3295,0.9434,-46.872258,0.764319,1.624533,-5.077427
sh.600971,恒源煤电,2026-04-02,7.5,7.58,7.35,7.36,16600694.0,123301724.56,1.3834,-1.7356,-46.058721,0.751053,1.596336,-4.989301
sh.600973,宝胜股份,2026-04-01,6.7,6.73,6.58,6.68,20784483.0,138116377.29,1.5156,1.059,-208.72752,2.505911,0.191013,20.654877
sh.600973,宝胜股份,2026-04-02,6.69,6.83,6.56,6.62,25434600.0,170292631.0,1.8547,-0.8982,-206.852722,2.483403,0.189297,20.469354
sh.600975,新五丰,2026-04-01,5.39,5.4,5.32,5.36,10333100.0,55260357.98,0.8269,0.1869,268.744655,2.219138,0.934919,-15.634979
sh.600975,新五丰,2026-04-02,5.36,5.5,5.34,5.45,20733402.0,112840627.88,1.6591,1.6791,273.257158,2.2564,0.950617,-15.897507
sh.600976,健民集团,2026-04-01,33.7,34.5,33.53,34.3,4627345.0,157863128.49,3.0185,2.053,14.62193,1.98072,1.56134,-122.756383
sh.600976,健民集团,2026-04-02,34.0,35.27,33.96,35.11,5266059.0,182990411.78,3.4352,2.3615,14.967229,2.027495,1.598211,-125.655295
sh.600977,中国电影,2026-04-01,13.58,13.68,13.38,13.67,25246963.0,342369440.67,1.3523,1.787,-2918.128884,2.308503,5.687541,-20.234973
sh.600977,中国电影,2026-04-02,13.61,13.62,13.4,13.5,18176493.0,245071330.79,0.9736,-1.2436,-2881.839059,2.279795,5.616811,-19.983331
sh.600979,广安爱众,2026-04-01,4.95,4.98,4.71,4.78,86865761.0,417258231.43,7.0493,-2.2495,41.070465,1.299045,1.976544,103.000264
sh.600979,广安爱众,2026-04-02,4.85,5.08,4.71,4.87,97441349.0,474384306.74,7.9075,1.8828,41.843758,1.323504,2.013759,104.939599
sh.600980,北矿科技,2026-04-01,21.74,21.89,21.28,21.56,2508800.0,53998831.0,1.3256,0.5597,32.759615,2.742046,3.121878,-46.008535
sh.600980,北矿科技,2026-04-02,21.5,21.55,21.07,21.23,2216800.0,47246165.0,1.1713,-1.5306,32.258192,2.700076,3.074094,-45.304322
sh.600981,苏豪汇鸿,2026-04-01,3.16,3.19,3.09,3.12,22474100.0,70252120.0,1.0022,0.0,45.178593,1.379548,0.125239,31.885695
sh.600981,苏豪汇鸿,2026-04-02,3.11,3.12,3.04,3.05,17640500.0,54123407.0,0.7867,-2.2436,44.164971,1.348597,0.122429,31.170311
sh.600982,宁波能源,2026-04-01,5.9,5.96,5.45,5.52,154709924.0,866402188.72,13.8427,-7.3826,18.728322,1.401172,1.602382,44.003053
sh.600982,宁波能源,2026-04-02,5.53,5.92,5.4,5.72,156269150.0,882591386.79,13.9822,3.6232,19.406884,1.451939,1.660439,45.597366
sh.600983,惠而浦,2026-04-01,10.31,10.44,10.17,10.34,4803100.0,49510876.64,0.6267,1.3725,17.024792,2.858309,1.79214,44.881169
sh.600983,惠而浦,2026-04-02,10.2,10.34,10.12,10.16,2910073.0,29767503.25,0.3797,-1.7408,16.728423,2.808551,1.760942,44.099872
sh.600984,建设机械,2026-04-01,4.04,4.05,3.87,3.93,26588273.0,104461623.69,2.1151,-1.0076,-2.344422,1.481939,1.948172,-7.766466
sh.600984,建设机械,2026-04-02,3.92,3.93,3.77,3.79,18956095.0,72616472.15,1.508,-3.5623,-2.260905,1.429148,1.878772,-7.489798
sh.600985,淮北矿业,2026-04-01,13.51,13.9,13.34,13.78,25283503.0,347471517.62,0.9388,1.6974,24.643632,0.895439,0.899973,-22.684229
sh.600985,淮北矿业,2026-04-02,13.7,14.1,13.7,13.8,18221375.0,253514137.58,0.6766,0.1451,24.6794,0.896738,0.901279,-22.717153
sh.600986,浙文互联,2026-04-01,9.91,9.98,9.63,9.76,68424239.0,666772968.22,4.6003,0.2053,169.740194,2.80109,1.738828,58.220034
sh.600986,浙文互联,2026-04-02,9.65,9.69,9.32,9.36,59304298.0,560615989.3,3.9872,-4.0984,162.783628,2.686292,1.667564,55.833967
sh.600987,航民股份,2026-04-01,7.47,7.63,7.46,7.53,9236501.0,69752025.4,0.9048,1.8945,10.56963,1.19255,0.703475,113.398098
sh.600987,航民股份,2026-04-02,7.5,7.59,7.44,7.57,8713882.0,65792099.23,0.8536,0.5312,10.625777,1.198885,0.707212,114.000479
sh.600988,赤峰黄金,2026-04-01,44.5,46.33,44.5,45.35,82468894.0,3725825882.39,4.9563,5.0985,27.960209,6.424333,6.819132,20.589476
sh.600988,赤峰黄金,2026-04-02,45.0,46.03,43.01,45.0,89307537.0,3997954281.29,5.3673,-0.7718,27.744419,6.374752,6.766504,20.430572
sh.600989,宝丰能源,2026-04-01,29.06,29.48,28.63,28.75,107096884.0,3101908668.87,1.4604,-1.0668,18.575208,4.356984,4.38894,-191.674364
sh.600989,宝丰能源,2026-04-02,28.91,29.79,28.9,29.36,98416325.0,2889281209.37,1.342,2.1217,18.969325,4.449428,4.482062,-195.741194
sh.600990,四创电子,2026-04-01,22.98,22.99,22.55,22.88,2857030.0,64961096.71,1.062,1.1494,-20.976859,3.441075,3.994708,291.880957
sh.600990,四创电子,2026-04-02,22.85,22.92,22.12,22.23,2704883.0,60694384.26,1.0055,-2.8409,-20.380926,3.343317,3.881222,283.588884
sh.600992,贵绳股份,2026-04-01,12.52,12.6,12.23,12.29,4723700.0,58361618.0,1.9273,-0.0813,-42.377439,2.162661,1.440031,-106.435668
sh.600992,贵绳股份,2026-04-02,12.25,12.35,11.95,12.0,5235800.0,63403260.0,2.1363,-2.3596,-41.377484,2.11163,1.406051,-103.924167
sh.600993,马应龙,2026-04-01,25.3,25.78,25.27,25.56,4102860.0,104834990.26,0.9535,1.6302,19.275246,2.562594,2.919775,-16.605666
sh.600993,马应龙,2026-04-02,25.56,25.83,25.45,25.7,3599700.0,92457307.79,0.8365,0.5477,19.380822,2.57663,2.935767,-16.696621
sh.600995,南网储能,2026-04-01,14.2,14.26,13.88,14.02,27361631.0,383644369.41,0.8561,0.2861,26.537151,1.980091,6.073778,37.834862
sh.600995,南网储能,2026-04-02,14.02,14.09,13.6,13.62,27064077.0,372704597.98,0.8468,-2.8531,25.780028,1.923598,5.900489,36.755408
sh.600996,贵广网络,2026-04-01,10.38,10.89,10.04,10.27,92647836.0,965070075.55,7.4309,-0.677,-10.495391,5.475189,10.205897,-264.783026
sh.600996,贵广网络,2026-04-02,10.0,10.13,9.25,9.62,87786777.0,842004717.09,7.041,-6.3291,-9.831126,5.128658,9.559954,-248.024606
sh.600997,开滦股份,2026-04-01,6.21,6.22,6.07,6.07,26844012.0,164465142.32,1.6906,-2.0968,-297.703928,0.707122,0.554177,-15.028372
sh.600997,开滦股份,2026-04-02,6.08,6.19,6.03,6.08,14813613.0,90405797.58,0.933,0.1647,-298.194379,0.708287,0.55509,-15.053131
sh.600998,九州通,2026-04-01,5.31,5.33,5.22,5.3,56810568.0,300822407.38,1.1266,0.3788,9.590386,1.00936,0.16946,-1060.043362
sh.600998,九州通,2026-04-02,5.3,5.4,5.28,5.38,77173950.0,412597099.9,1.5305,1.5094,9.735147,1.024596,0.172018,-1076.044017
sh.600999,招商证券,2026-04-01,15.66,15.82,15.59,15.76,30718801.0,482816860.33,0.4139,2.0725,11.098183,1.132661,5.488496,-30.109409
sh.600999,招商证券,2026-04-02,15.73,15.75,15.6,15.65,20930791.0,328306950.39,0.282,-0.698,11.020721,1.124755,5.450188,-29.899254
sh.601000,唐山港,2026-04-01,4.69,4.79,4.62,4.75,96739458.0,455212881.83,1.6325,1.2793,14.085638,1.310164,4.952399,-15.876673
sh.601000,唐山港,2026-04-02,4.75,4.8,4.66,4.72,77904524.0,368419099.6,1.3146,-0.6316,13.996676,1.30189,4.921121,-15.7764
sh.601001,晋控煤业,2026-04-01,16.08,16.76,15.85,16.42,24157977.0,398512266.34,1.4434,-0.0609,14.211733,1.461852,2.094073,-6.90962
sh.601001,晋控煤业,2026-04-02,16.44,16.92,16.3,16.57,13210343.0,219698246.93,0.7893,0.9135,14.34156,1.475207,2.113203,-6.97274
sh.601002,晋亿实业,2026-04-01,5.85,5.91,5.65,5.67,104253692.0,595771171.94,10.923,-5.9701,22.342453,1.24988,2.316226,60.207047
sh.601002,晋亿实业,2026-04-02,5.63,5.64,5.42,5.48,51425899.0,283777087.8,5.3881,-3.351,21.593764,1.207997,2.23861,58.189526
sh.601003,柳钢股份,2026-04-01,4.66,4.72,4.63,4.68,10612189.0,49602041.03,0.4141,1.2987,23.087359,1.36601,0.18174,50.643471
sh.601003,柳钢股份,2026-04-02,4.68,4.7,4.6,4.63,9929549.0,46098139.89,0.3875,-1.0684,22.840699,1.351416,0.179798,50.102409
sh.601005,重庆钢铁,2026-04-01,1.44,1.45,1.42,1.43,86957700.0,124428352.0,1.046,0.7042,-4.650552,0.909878,0.527381,-14.507221
sh.601005,重庆钢铁,2026-04-02,1.43,1.43,1.4,1.41,97944151.0,138416643.91,1.1781,-1.3986,-4.58551,0.897152,0.520005,-14.304323
sh.601006,大秦铁路,2026-04-01,5.37,5.38,5.32,5.33,118392989.0,631153527.51,0.5876,-0.5597,16.123638,0.645306,1.404248,-30.323179
sh.601006,大秦铁路,2026-04-02,5.32,5.36,5.31,5.33,87716986.0,467692841.21,0.4354,0.0,16.123638,0.645306,1.404248,-30.323179
sh.601007,金陵饭店,2026-04-01,8.37,8.57,8.27,8.54,22196902.0,187884274.48,5.6915,2.0311,52.507286,2.072248,1.827374,27.90813
sh.601007,金陵饭店,2026-04-02,8.49,8.5,8.22,8.29,18370663.0,152652972.95,4.7104,-2.9274,50.970188,2.011585,1.773879,27.091148
sh.601008,连云港,2026-04-01,4.97,5.0,4.94,4.98,9573138.0,47567274.33,0.7716,1.4257,36.212015,1.472441,2.403475,-25.211827
sh.601008,连云港,2026-04-02,4.97,5.02,4.94,4.97,9672200.0,48139111.0,0.7796,-0.2008,36.1393,1.469485,2.398649,-25.161201
sh.601009,南京银行,2026-04-01,11.38,11.49,11.27,11.34,43486633.0,494156697.31,0.3517,-0.439,6.429259,0.769992,2.524358,23.591767
sh.601009,南京银行,2026-04-02,11.33,11.4,11.25,11.29,33688561.0,381458343.55,0.2725,-0.4409,6.400911,0.766597,2.513228,23.487747
sh.601010,文峰股份,2026-04-01,2.25,2.26,2.21,2.23,20336142.0,45365710.66,1.1004,0.4505,38.618069,0.962695,2.441063,-16.067271
sh.601010,文峰股份,2026-04-02,2.23,2.24,2.18,2.19,22836191.0,50343667.88,1.2357,-1.7937,37.925369,0.945427,2.397277,-15.779069
sh.601011,宝泰隆,2026-04-01,3.47,3.49,3.4,3.44,49754442.0,170890782.63,2.5972,-0.2899,-46.806284,1.144244,10.270444,-1406.430395
sh.601011,宝泰隆,2026-04-02,3.42,3.48,3.4,3.44,39728025.0,136352075.15,2.0739,0.0,-46.806284,1.144244,10.270444,-1406.430395
sh.601012,隆基绿能,2026-04-01,17.72,18.03,17.54,17.89,134902214.0,2398083290.72,1.7802,1.9954,-24.491447,2.38196,1.809934,248.82485
sh.601012,隆基绿能,2026-04-02,17.8,17.8,17.31,17.36,134821843.0,2361042861.32,1.7791,-2.9625,-23.765882,2.311393,1.756314,241.45335
sh.601015,陕西黑猫,2026-04-01,4.5,4.54,4.26,4.44,119440022.0,528074792.58,5.8477,-3.8961,-7.184336,1.608333,0.823492,-49.594609
sh.601015,陕西黑猫,2026-04-02,4.45,4.55,4.43,4.5,96337634.0,432455746.06,4.7167,1.3514,-7.281421,1.630068,0.83462,-50.264806
sh.601016,节能风电,2026-04-01,4.36,4.4,4.16,4.26,536346594.0,2294960371.15,8.8826,-0.4673,30.987943,1.594648,6.025659,29.555447
sh.601016,节能风电,2026-04-02,4.23,4.26,4.0,4.03,565344533.0,2315551864.55,9.3628,-5.3991,29.314885,1.508552,5.70033,27.95973
sh.601018,宁波港,2026-04-01,4.12,4.16,4.02,4.06,53585539.0,218161822.95,0.2754,-0.7335,15.284303,0.991919,2.543071,-122.957872
sh.601018,宁波港,2026-04-02,4.08,4.1,4.03,4.08,48924101.0,199163122.08,0.2515,0.4926,15.357325,0.982922,2.558768,28.395578
sh.601019,山东出版,2026-04-01,9.01,9.03,8.83,9.01,9657063.0,86450483.37,0.4627,1.236,12.177212,1.20895,1.625088,-20.529579
sh.601019,山东出版,2026-04-02,8.95,9.01,8.79,8.84,7122003.0,63159084.57,0.3413,-1.8868,11.947453,1.18614,1.594426,-20.142228
sh.601020,华钰矿业,2026-04-01,29.01,29.08,28.19,28.69,24358877.0,695746642.59,2.9707,1.7737,26.088707,5.499068,10.955889,59.06649
sh.601020,华钰矿业,2026-04-02,28.38,28.47,27.6,27.85,23819760.0,668164557.12,2.905,-2.9278,25.324869,5.338064,10.635117,57.337112
sh.601021,春秋航空,2026-04-01,47.7,47.94,47.05,47.73,8145181.0,387211648.54,0.8326,3.3117,23.298806,2.568723,2.245408,-18.207472
sh.601021,春秋航空,2026-04-02,47.11,47.95,46.58,47.28,5811962.0,274644631.81,0.5941,-0.9428,23.079144,2.544505,2.224238,-18.035812
sh.601022,宁波远洋,2026-04-01,9.06,9.23,9.06,9.11,9564830.0,87393646.61,0.7309,1.7877,18.226313,1.944181,1.952011,-130.077726
sh.601022,宁波远洋,2026-04-02,9.06,9.23,9.03,9.12,10206000.0,93410569.0,0.7799,0.1098,18.24632,1.946315,1.954154,-130.220512
sh.601026,道生天合,2026-04-01,19.3,19.45,19.2,19.44,3874245.0,74974032.9,3.6146,2.0472,60.898403,6.532286,3.364371,134.120945
sh.601026,道生天合,2026-04-02,19.3,19.45,18.95,19.0,3929914.0,75128276.6,3.6665,-2.2634,59.520044,6.384436,3.288223,131.085286
sh.601033,永兴股份,2026-04-01,15.0,15.04,14.82,14.86,7867341.0,117040858.94,3.2781,-0.0672,15.541308,1.236903,3.119664,-23.870921
sh.601033,永兴股份,2026-04-02,14.86,14.88,14.66,14.69,5345811.0,78820785.06,2.2274,-1.144,15.363514,1.222752,3.083975,-23.597835
sh.601038,一拖股份,2026-04-01,12.98,13.0,12.75,12.85,6293300.0,80785897.0,0.8601,0.9427,17.782844,1.884793,1.334139,-32.004179
sh.601038,一拖股份,2026-04-02,12.8,12.86,12.61,12.66,5586500.0,71004048.0,0.7635,-1.4786,17.519907,1.856924,1.314412,-31.530966
sh.601058,赛轮轮胎,2026-04-01,13.14,13.89,13.04,13.79,68926325.0,937155505.06,2.0962,7.1484,12.285479,2.152214,1.267931,-61.551396
sh.601058,赛轮轮胎,2026-04-02,13.73,13.76,13.35,13.43,31002608.0,420010637.71,0.9429,-2.6106,11.964755,2.096029,1.234831,-59.944543
sh.601059,信达证券,2026-04-01,16.5,16.54,16.34,16.51,7019596.0,115590094.01,0.2165,1.2883,28.273653,2.541098,13.240261,25.155023
sh.601059,信达证券,2026-04-02,16.51,16.51,16.36,16.46,5547204.0,91202469.27,0.1711,-0.3028,28.188027,2.533402,13.200163,25.078842
sh.601061,中信金属,2026-04-01,11.88,12.02,11.65,11.76,15022018.0,176663382.56,2.9975,1.1178,21.426026,2.47969,0.40632,642.002944
sh.601061,中信金属,2026-04-02,11.7,11.7,11.45,11.56,10375847.0,119929987.97,2.0704,-1.7007,21.061637,2.437519,0.39941,631.084527
sh.601065,江盐集团,2026-04-01,8.4,8.42,8.34,8.41,4917108.0,41217772.04,1.1813,0.9604,18.030668,1.221633,2.284232,176.638606
sh.601065,江盐集团,2026-04-02,8.39,8.41,8.31,8.33,4657248.0,38893840.76,1.1188,-0.9512,17.859152,1.210012,2.262503,174.958334
sh.601066,中信建投,2026-04-01,21.69,21.8,21.55,21.69,8062900.0,174498793.7,0.1241,1.1189,17.823409,2.02808,7.213994,3.456875
sh.601066,中信建投,2026-04-02,21.61,21.69,21.37,21.46,5972005.0,128326434.96,0.0919,-1.0604,17.63441,2.006574,7.137497,3.420219
sh.601068,中铝国际,2026-04-01,6.06,6.18,5.81,5.85,33108132.0,196492497.74,1.2935,-2.3372,67.851331,5.834124,0.757979,226.718233
sh.601068,中铝国际,2026-04-02,5.98,6.14,5.68,5.72,31352261.0,183474193.36,1.2249,-2.2222,66.343524,5.704477,0.741135,221.68005
sh.601069,西部黄金,2026-04-01,32.5,32.56,31.5,32.22,17523400.0,560526355.72,1.9752,2.4483,61.767756,6.446691,2.374901,-82.438765
sh.601069,西部黄金,2026-04-02,31.7,31.76,30.57,31.05,14209658.0,442931957.5,1.6017,-3.6313,59.524793,6.212594,2.288661,-79.445178
sh.601077,渝农商行,2026-04-01,7.04,7.14,6.98,7.06,36322100.0,256223187.0,0.411,0.1418,6.610953,0.611462,2.798785,6.534841
sh.601077,渝农商行,2026-04-02,7.06,7.17,7.01,7.17,40360944.0,287855179.7,0.4567,1.5581,6.713956,0.620989,2.842392,6.636659
sh.601083,锦江航运,2026-04-01,12.56,12.93,12.56,12.93,18906689.0,243764098.77,9.7397,10.0426,11.152956,1.776058,2.38686,30.889469
sh.601083,锦江航运,2026-04-02,12.79,13.27,12.7,13.16,54399975.0,713242731.12,28.0239,1.7788,11.351346,1.807651,2.429318,31.438934
sh.601086,国芳集团,2026-04-01,8.9,8.9,8.75,8.87,4835600.0,42648128.0,0.7261,0.7955,70.857869,3.715147,8.080084,-37.665671
sh.601086,国芳集团,2026-04-02,8.88,8.88,8.76,8.82,2956300.0,26049853.0,0.4439,-0.5637,70.458445,3.694205,8.034537,-37.453351
sh.601088,中国神华,2026-04-01,46.33,47.48,45.87,46.62,33588680.0,1573648802.33,0.2037,-0.2781,18.729305,2.419477,3.356295,-22.952465
sh.601088,中国神华,2026-04-02,46.68,47.9,46.68,47.69,32237381.0,1531233783.89,0.1955,2.2952,19.159171,2.475008,3.433327,-23.479259
sh.601089,福元医药,2026-04-01,23.31,24.6,23.25,24.39,6204200.0,149250567.0,1.2925,5.7676,25.281958,3.176687,3.423933,19.035168
sh.601089,福元医药,2026-04-02,24.39,24.7,23.99,24.6,5419900.0,132286323.0,1.1291,0.861,25.499638,3.204038,3.453414,19.199063
sh.601096,宏盛华源,2026-04-01,5.73,5.77,5.63,5.7,26221758.0,149207560.91,1.596,1.4235,45.569934,3.326231,1.539629,67.337062
sh.601096,宏盛华源,2026-04-02,5.66,5.77,5.55,5.61,27384962.0,154548176.9,1.6668,-1.5789,44.850408,3.273712,1.515319,66.273845
sh.601098,中南传媒,2026-04-01,11.06,11.17,11.0,11.16,8775092.0,97262384.28,0.4886,1.5469,12.655571,1.272338,1.607202,-4.19831
sh.601098,中南传媒,2026-04-02,11.11,11.19,11.08,11.13,7187192.0,80015420.2,0.4002,-0.2688,12.621551,1.268918,1.602882,-4.187025
sh.601099,太平洋,2026-04-01,3.79,3.8,3.76,3.78,61707304.0,233260469.52,0.9053,0.8,78.216199,2.590744,17.277721,19.568055
sh.601099,太平洋,2026-04-02,3.77,3.78,3.69,3.7,84573921.0,314683038.49,1.2408,-2.1164,76.56083,2.535914,16.912055,19.153917
sh.601100,恒立液压,2026-04-01,97.3,105.6,97.3,102.0,16649463.0,1698046924.51,1.2417,6.25,48.772342,8.018469,13.350883,-110.787401
sh.601100,恒立液压,2026-04-02,101.49,103.98,100.95,102.5,13993890.0,1438729511.8,1.0437,0.4902,49.011422,8.057775,13.416329,-111.330477
sh.601101,昊华能源,2026-04-01,8.39,8.71,8.27,8.48,19805331.0,168577557.33,1.3754,0.0,25.906464,1.010744,1.419779,-16.36215
sh.601101,昊华能源,2026-04-02,8.49,8.69,8.43,8.56,14777181.0,126339040.78,1.0262,0.9434,26.150864,1.020279,1.433173,-16.51651
sh.601106,中国一重,2026-04-01,4.38,4.4,4.28,4.34,46859900.0,202568033.0,0.6833,0.2309,-8.195723,5.643516,3.118111,24.415068
sh.601106,中国一重,2026-04-02,4.34,4.34,4.21,4.24,43576100.0,185474359.0,0.6354,-2.3041,-8.006881,5.513481,3.046265,23.852509
sh.601107,四川成渝,2026-04-01,5.84,5.87,5.65,5.68,32992101.0,188657212.73,1.5255,-1.8998,11.479182,1.024827,1.983307,12.177623
sh.601107,四川成渝,2026-04-02,5.7,5.91,5.68,5.86,31468850.0,182824955.0,1.455,3.169,11.842959,1.057304,2.046158,12.563534
sh.601108,财通证券,2026-04-01,7.72,7.85,7.67,7.82,42790905.0,332029636.12,0.9215,2.6247,12.499239,0.983297,5.257482,16.813496
sh.601108,财通证券,2026-04-02,7.78,7.79,7.67,7.71,28263520.0,218600796.1,0.6086,-1.4066,12.32342,0.969466,5.183528,16.576992
sh.601111,中国国航,2026-04-01,6.94,7.07,6.88,7.04,147991972.0,1034774995.34,1.2716,4.6062,-69.383964,2.886776,0.716314,-18.213696
sh.601111,中国国航,2026-04-02,6.97,6.97,6.82,6.88,80198584.0,552067486.87,0.6891,-2.2727,-67.807056,2.821168,0.700034,-17.799749
sh.601112,振石股份,2026-04-01,19.32,20.25,19.32,20.1,23886386.0,475971110.88,13.4761,5.7895,47.661757,9.527832,4.856919,204.245032
sh.601112,振石股份,2026-04-02,20.1,20.1,19.16,19.25,20992788.0,406428576.84,11.8436,-4.2289,45.64621,9.124913,4.651527,195.607804
sh.601113,华鼎股份,2026-04-01,4.37,4.41,4.34,4.37,7367500.0,32154883.0,0.6673,0.9238,13.701408,1.214437,0.948219,-255.947988
sh.601113,华鼎股份,2026-04-02,4.37,4.37,4.29,4.3,8376100.0,36198646.0,0.7586,-1.6018,13.481935,1.194984,0.93303,-251.848135
sh.601116,三江购物,2026-04-01,14.36,14.49,14.23,14.36,7492165.0,107427369.27,1.368,0.5602,57.84463,2.445816,2.020246,93.966131
sh.601116,三江购物,2026-04-02,13.75,13.85,13.55,13.62,12943203.0,177259402.58,2.3633,-5.1532,54.863778,2.319778,1.916138,89.123865
sh.601117,中国化学,2026-04-01,8.96,9.06,8.94,8.98,109399003.0,983471972.27,1.7969,2.1615,8.520295,0.816151,0.288431,-8.152206
sh.601117,中国化学,2026-04-02,8.91,9.03,8.8,8.86,77672266.0,691904213.49,1.2758,-1.3363,8.406438,0.805244,0.284577,-8.043267
sh.601118,海南橡胶,2026-04-01,6.41,6.54,6.38,6.49,46183014.0,298367409.07,1.0792,3.1797,96.196076,2.864802,0.547434,-159.748601
sh.601118,海南橡胶,2026-04-02,6.48,6.62,6.42,6.55,35437102.0,231791387.63,0.8281,0.9245,97.085408,2.891287,0.552495,-161.225475
sh.601121,宝地矿业,2026-04-01,7.5,7.51,7.36,7.41,9609900.0,71265752.0,1.2012,0.9537,87.119218,2.318478,5.338437,95.639772
sh.601121,宝地矿业,2026-04-02,7.37,7.56,7.33,7.44,10649700.0,79276516.0,1.3312,0.4049,87.471927,2.327864,5.36005,96.026977
sh.601126,四方股份,2026-04-01,44.5,44.92,43.95,44.41,21470350.0,953657942.39,2.6022,3.0873,44.634955,7.559164,4.516008,226.33999
sh.601126,四方股份,2026-04-02,44.2,44.2,41.21,41.59,26771821.0,1134243737.32,3.2447,-6.3499,41.800671,7.079163,4.229245,211.967579
sh.601127,赛力斯,2026-04-01,91.79,92.26,90.29,91.76,18862031.0,1723883752.55,1.2113,1.0239,26.83402,3.906448,0.96844,3.803144
sh.601127,赛力斯,2026-04-02,91.4,91.49,88.9,89.08,19601778.0,1763428544.65,1.2588,-2.9207,26.050288,3.792354,0.940155,3.692067
sh.601128,常熟银行,2026-04-01,7.17,7.19,7.1,7.12,34630052.0,247116950.55,1.0442,-0.2801,5.629168,0.794081,2.037142,3.333693
sh.601128,常熟银行,2026-04-02,7.12,7.14,7.07,7.1,25523899.0,181209051.69,0.7696,-0.2809,5.613356,0.79185,2.03142,3.324329
sh.601133,柏诚股份,2026-04-01,17.6,18.85,17.6,18.85,16614288.0,307568919.46,11.1217,9.9767,53.360948,3.401314,2.125432,58.531678
sh.601133,柏诚股份,2026-04-02,19.0,19.48,18.37,18.92,33560409.0,633162398.51,22.4655,0.3714,53.559105,3.413945,2.133325,58.749037
sh.601136,首创证券,2026-04-01,16.38,16.41,16.26,16.31,5574884.0,91044859.5,0.204,0.5549,42.200458,3.240913,17.631965,130.648909
sh.601136,首创证券,2026-04-02,16.34,16.6,16.21,16.26,8145419.0,133264875.61,0.298,-0.3066,42.071088,3.230977,17.577912,130.248391
sh.601137,博威合金,2026-04-01,18.39,18.62,18.29,18.61,12021776.0,222095553.81,1.3102,3.0454,15.033999,1.936858,0.874556,-33.982117
sh.601137,博威合金,2026-04-02,18.61,18.64,17.86,18.02,11625145.0,211516146.52,1.2666,-3.1703,14.561067,1.875929,0.847045,-32.913126
sh.601138,工业富联,2026-04-01,53.0,53.5,51.47,53.32,215430014.0,11336940979.84,1.0856,3.6145,29.986402,6.34428,1.171893,47.133566
sh.601138,工业富联,2026-04-02,52.66,54.45,51.75,52.0,157175051.0,8293713010.67,0.792,-2.4756,29.244053,6.18722,1.142881,45.966719
sh.601139,深圳燃气,2026-04-01,7.08,7.25,7.05,7.18,37075676.0,265885877.52,1.2888,1.6997,14.669967,1.269719,0.6931,12.59737
sh.601139,深圳燃气,2026-04-02,7.15,7.32,7.14,7.25,32590890.0,235761561.3,1.1329,0.9749,14.812993,1.282098,0.699857,12.720188
sh.601155,新城控股,2026-04-01,14.25,14.28,14.02,14.13,10961409.0,155123876.65,0.486,0.8565,46.863168,0.51742,0.601226,-15.044846
sh.601155,新城控股,2026-04-02,14.17,14.26,13.87,14.03,14400393.0,201111973.16,0.6384,-0.7077,46.531511,0.513758,0.596971,-14.938372
sh.601156,东航物流,2026-04-01,17.25,17.6,17.25,17.58,7859690.0,137405589.3,0.8321,2.3879,10.382723,1.413239,1.150209,21.184368
sh.601156,东航物流,2026-04-02,17.56,17.56,17.16,17.2,7672642.0,132513669.74,0.8123,-2.1615,10.158295,1.382691,1.125346,20.726457
sh.601158,重庆水务,2026-04-01,4.54,4.54,4.49,4.51,13154100.0,59321104.0,0.274,-0.2212,25.871224,1.254022,2.935801,23.654721
sh.601158,重庆水务,2026-04-02,4.48,4.48,4.37,4.39,34113055.0,150694568.45,0.7107,-2.6608,26.053784,1.22836,2.80047,61.918293
sh.601162,天风证券,2026-04-01,3.74,3.76,3.7,3.73,65811400.0,245172301.0,0.7654,0.8108,56.948174,1.369858,10.825644,30.129752
sh.601162,天风证券,2026-04-02,3.72,3.72,3.63,3.64,89363398.0,327980711.65,1.0394,-2.4129,55.574089,1.336805,10.564435,29.40276
sh.601163,三角轮胎,2026-04-01,14.18,14.48,14.06,14.4,6686825.0,95567508.71,0.8359,3.2999,12.77844,0.840088,1.167893,898.301218
sh.601163,三角轮胎,2026-04-02,14.3,14.44,14.28,14.39,3705900.0,53227600.2,0.4632,-0.0694,12.769566,0.839504,1.167082,897.677398
sh.601166,兴业银行,2026-04-01,18.89,19.09,18.82,18.91,74201531.0,1406437576.73,0.3506,0.4782,5.165803,0.48857,1.881112,1.45328
sh.601166,兴业银行,2026-04-02,18.91,18.98,18.81,18.9,50959388.0,962974710.16,0.2408,-0.0529,5.163072,0.488312,1.880117,1.452511
sh.601168,西部矿业,2026-04-01,26.0,26.36,25.55,26.17,57078987.0,1481317917.12,2.3953,4.68,17.120086,3.380926,1.010964,12.556684
sh.601168,西部矿业,2026-04-02,25.97,26.04,25.2,25.5,40592665.0,1040897964.0,1.7034,-2.5602,16.68178,3.294368,0.985082,12.23521
sh.601169,北京银行,2026-04-01,5.52,5.53,5.47,5.49,124026454.0,682097368.59,0.5866,-0.363,4.484257,0.417698,1.67366,0.514082
sh.601169,北京银行,2026-04-02,5.49,5.53,5.48,5.5,98869065.0,544406365.8,0.4676,0.1821,4.492425,0.418459,1.676708,0.515018
sh.601177,杭齿前进,2026-04-01,14.56,14.59,14.41,14.5,3209400.0,46520788.0,0.8022,0.6944,22.829057,2.117965,2.474332,703.954035
sh.601177,杭齿前进,2026-04-02,14.46,14.46,14.25,14.3,3193275.0,45844431.65,0.7982,-1.3793,22.514173,2.088752,2.440203,694.244324
sh.601179,中国西电,2026-04-01,15.59,15.85,15.48,15.64,134548494.0,2102452470.27,2.6249,2.8271,66.479681,3.543355,3.334934,106.705925
sh.601179,中国西电,2026-04-02,15.65,16.12,15.25,15.33,155846256.0,2437546783.9,3.0404,-1.9821,65.161989,3.473122,3.268833,104.590909
sh.601186,中国铁建,2026-04-01,7.1,7.14,7.03,7.05,67473966.0,476853726.22,0.5866,0.0,5.213623,0.34919,0.092967,16.126276
sh.601186,中国铁建,2026-04-02,7.05,7.05,6.94,6.97,54643867.0,381655137.08,0.475,-1.1348,5.154461,0.345227,0.091912,15.943283
sh.601187,厦门银行,2026-04-01,7.66,7.83,7.61,7.75,14392326.0,111497887.98,0.5465,1.3072,7.765088,0.777469,3.492698,-1.451646
sh.601187,厦门银行,2026-04-02,7.74,7.91,7.69,7.8,15659726.0,122571054.58,0.5947,0.6452,7.815185,0.782485,3.515232,-1.461011
sh.601188,龙江交通,2026-04-01,3.43,3.44,3.35,3.37,20134200.0,67992360.0,1.5423,-0.8824,26.172343,0.983294,5.711217,-6.206075
sh.601188,龙江交通,2026-04-02,3.37,3.39,3.29,3.31,19577300.0,65344358.0,1.4996,-1.7804,25.706366,0.965787,5.609534,-6.095581
sh.601198,东兴证券,2026-04-01,12.48,12.54,12.39,12.49,18108544.0,225790315.75,0.5602,1.3799,19.209217,1.335088,8.570384,23.143113
sh.601198,东兴证券,2026-04-02,12.49,12.5,12.33,12.44,14013046.0,173771795.36,0.4335,-0.4003,19.132318,1.329744,8.536075,23.050466
sh.601199,江南水务,2026-04-01,5.8,5.81,5.69,5.73,6553800.0,37643735.0,0.7008,0.0,13.202873,1.177598,3.465987,21.479378
sh.601199,江南水务,2026-04-02,5.7,5.78,5.67,5.7,7192600.0,41073178.0,0.7691,-0.5236,13.133748,1.171432,3.44784,21.36692
sh.601200,上海环境,2026-04-01,8.55,8.61,8.46,8.5,12115140.0,103165347.48,0.8999,1.0702,19.104726,0.987042,1.753608,588.286425
sh.601200,上海环境,2026-04-02,8.5,8.5,8.15,8.19,18147799.0,150132669.89,1.348,-3.6471,18.280335,0.945006,1.761752,-233.644082
sh.601208,东材科技,2026-04-01,30.5,31.14,30.15,30.53,39662287.0,1216990259.81,3.9262,4.0204,135.398345,5.121981,6.134051,-517.381322
sh.601208,东材科技,2026-04-02,30.25,30.5,29.17,29.4,28633811.0,853101827.57,2.8345,-3.7013,130.386876,4.932402,5.907013,-498.231604
sh.601211,国泰海通,2026-04-01,16.83,16.96,16.66,16.9,77647261.0,1306357948.78,0.5753,1.8686,10.713317,0.929745,4.720978,1.112712
sh.601211,国泰海通,2026-04-02,16.85,16.86,16.48,16.55,64930511.0,1079054852.43,0.4811,-2.071,10.491444,0.91049,4.623206,1.089667
sh.601212,白银有色,2026-04-01,8.34,8.36,7.97,8.08,127879958.0,1035140928.45,1.727,-0.4926,338.255878,3.878016,0.661957,19.150481
sh.601212,白银有色,2026-04-02,8.0,8.0,7.78,7.89,118425740.0,933317041.9,1.5993,-2.3515,330.301841,3.786825,0.646391,18.70016
sh.601216,君正集团,2026-04-01,5.56,5.64,5.5,5.52,74487196.0,413937198.75,0.8828,0.1815,13.853194,1.615903,1.825821,43.586516
sh.601216,君正集团,2026-04-02,5.5,5.53,5.29,5.32,98823372.0,532398305.72,1.1712,-3.6232,13.351267,1.557356,1.759668,42.007294
sh.601218,吉鑫科技,2026-04-01,6.26,6.41,6.15,6.26,101957697.0,638426170.5,10.5216,2.2876,44.885083,2.044762,4.314237,46.593667
sh.601218,吉鑫科技,2026-04-02,6.3,6.58,6.18,6.28,118897171.0,757023760.24,12.2697,0.3195,45.028486,2.051295,4.328021,46.742528
sh.601222,林洋能源,2026-04-01,6.2,6.28,6.15,6.2,23975600.0,149020410.0,1.1638,1.1419,63.327074,0.822768,2.432799,13.111543
sh.601222,林洋能源,2026-04-02,6.18,6.22,6.01,6.02,33048005.0,201069935.0,1.6041,-2.9032,61.488546,0.798881,2.362169,12.730885
sh.601225,陕西煤业,2026-04-01,25.41,26.18,24.9,25.38,48799990.0,1253784957.86,0.5034,-0.8206,14.869636,2.605731,1.555478,-26.862107
sh.601225,陕西煤业,2026-04-02,25.63,25.98,25.53,25.75,25690492.0,661273365.75,0.265,1.4578,15.086411,2.643719,1.578155,-27.253714
sh.601226,华电科工,2026-04-01,9.25,9.33,9.16,9.25,26025624.0,240712765.72,2.2393,1.9846,68.599953,2.444219,1.031107,-11.192608
sh.601226,华电科工,2026-04-02,9.21,9.35,8.92,8.98,23485887.0,213719131.77,2.0208,-2.9189,66.597576,2.372874,1.00101,-10.865905
sh.601228,广州港,2026-04-01,3.4,3.43,3.36,3.38,24668490.0,83488934.6,0.327,0.0,28.694722,1.201146,1.679362,395.538029
sh.601228,广州港,2026-04-02,3.37,3.42,3.35,3.37,25722000.0,86948750.0,0.3409,-0.2959,28.609826,1.197592,1.674393,394.367798
sh.601229,上海银行,2026-04-01,9.92,10.05,9.87,9.89,43610357.0,434017752.14,0.3069,-0.2018,5.808586,0.585857,2.56619,3.59543
sh.601229,上海银行,2026-04-02,9.9,9.98,9.86,9.93,26057041.0,258116924.61,0.1834,0.4044,5.832081,0.588226,2.57657,3.609974
sh.601231,环旭电子,2026-04-01,34.04,34.6,33.5,33.79,27202590.0,921558642.72,1.1386,2.3939,43.555708,3.934981,1.36376,45.064529
sh.601231,环旭电子,2026-04-02,33.87,35.81,33.45,33.68,42520977.0,1461426431.14,1.7798,-0.3255,43.413917,3.922171,1.359321,44.917826
sh.601233,桐昆股份,2026-04-01,18.67,19.2,18.42,18.79,46713177.0,877209746.97,1.9671,4.0997,25.634004,1.180229,0.482449,-12.719307
sh.601233,桐昆股份,2026-04-02,18.76,18.76,18.13,18.19,27460924.0,504353546.58,1.1564,-3.1932,24.815462,1.142542,0.467043,-12.313156
sh.601236,红塔证券,2026-04-01,7.72,7.74,7.62,7.68,19264674.0,147549329.12,0.4084,0.2611,29.850294,1.435711,14.883048,31.151262
sh.601236,红塔证券,2026-04-02,7.63,7.65,7.5,7.51,14361803.0,108668010.64,0.3045,-2.2135,29.189546,1.403931,14.553606,30.461716
sh.601238,广汽集团,2026-04-01,7.24,7.27,7.17,7.24,14959373.0,108070553.2,0.2026,0.6954,-8.405048,0.701565,0.764708,-4.878551
sh.601238,广汽集团,2026-04-02,7.23,7.23,7.11,7.14,14845048.0,106309633.72,0.2011,-1.3812,-8.288956,0.691875,0.754146,-4.811168
sh.601279,英利汽车,2026-04-01,4.3,4.34,4.18,4.21,13992600.0,59119652.0,0.8824,-1.4052,-78.99071,1.599147,1.545538,242.020035
sh.601279,英利汽车,2026-04-02,4.19,4.22,4.13,4.13,8394500.0,34953464.0,0.5294,-1.9002,-77.489699,1.568759,1.516169,237.42108
sh.601288,农业银行,2026-04-01,6.69,6.78,6.66,6.69,331688263.0,2229362172.32,0.1039,-0.1493,8.044868,0.846127,3.228136,5.961822
sh.601288,农业银行,2026-04-02,6.72,6.93,6.7,6.92,562631309.0,3860679040.1,0.1762,3.438,8.321448,0.875216,3.339118,6.166788
sh.601298,青岛港,2026-04-01,8.65,8.76,8.63,8.74,10362850.0,90092839.8,0.1922,1.5099,10.76205,1.241056,3.016656,105.23275
sh.601298,青岛港,2026-04-02,8.72,8.81,8.69,8.79,9206327.0,80701368.79,0.1707,0.5721,10.823618,1.248155,3.033914,105.834768
sh.601311,骆驼股份,2026-04-01,9.59,9.72,9.47,9.61,22927630.0,219814090.7,1.9544,1.6931,15.125417,1.14425,0.687381,27.17072
sh.601311,骆驼股份,2026-04-02,9.56,9.58,9.3,9.38,21674194.0,204537460.73,1.8475,-2.3933,14.763414,1.116864,0.670929,26.520433
sh.601318,中国平安,2026-04-01,57.58,58.29,57.54,58.18,68403496.0,3964968442.02,0.6417,2.4657,7.816577,1.053061,1.002853,6.154392
sh.601318,中国平安,2026-04-02,58.0,58.0,57.16,57.26,45979403.0,2642755830.87,0.4313,-1.5813,7.692973,1.036409,0.986994,6.057072
sh.601319,中国人保,2026-04-01,7.36,7.51,7.35,7.49,97543672.0,726713711.2,0.2748,3.0261,7.101095,1.071998,0.495091,21.041652
sh.601319,中国人保,2026-04-02,7.45,7.46,7.38,7.43,51580200.0,382577307.0,0.1453,-0.8011,7.044211,1.06341,0.491125,20.873094
sh.601326,秦港股份,2026-04-01,3.66,3.7,3.58,3.63,47717400.0,172767932.0,1.003,-0.5479,12.627104,0.992718,2.903441,-71.26049
sh.601326,秦港股份,2026-04-02,3.61,3.92,3.6,3.77,96912834.0,366814068.25,2.037,3.8567,13.1141,1.031005,3.015419,-74.008829
sh.601328,交通银行,2026-04-01,7.01,7.07,6.97,7.01,144757087.0,1015874135.22,0.5552,0.1429,6.477904,0.542037,2.336846,-17.454636
sh.601328,交通银行,2026-04-02,7.01,7.1,7.0,7.09,146850902.0,1037757398.54,0.5632,1.1412,6.551831,0.548223,2.363515,-17.653833
sh.601330,绿色动力,2026-04-01,8.48,8.6,8.3,8.35,40985022.0,344143368.97,4.1437,-0.5952,19.344726,1.48417,3.380551,17.696035
sh.601330,绿色动力,2026-04-02,8.33,8.46,8.09,8.13,39949540.0,328586949.98,4.039,-2.6347,18.835047,1.445066,3.291483,17.229795
sh.601333,广深铁路,2026-04-01,3.18,3.2,3.13,3.14,62328768.0,196342938.52,1.1027,-0.9464,15.599998,0.786147,0.775376,10.063653
sh.601333,广深铁路,2026-04-02,3.14,3.18,3.13,3.16,59682732.0,188232177.48,1.0559,0.6369,15.699361,0.791154,0.780315,10.127753
sh.601336,新华保险,2026-04-01,62.59,63.37,61.89,62.38,16316415.0,1018376961.23,0.7824,1.3814,5.363172,1.744579,1.23362,43.573067
sh.601336,新华保险,2026-04-02,62.2,62.21,60.32,60.65,18600493.0,1134047879.9,0.8919,-2.7733,5.214433,1.696196,1.199407,42.364644
sh.601339,百隆东方,2026-04-01,7.18,7.39,7.12,7.26,8853100.0,64299001.0,0.5904,1.3966,19.891796,1.186579,1.434072,-19.945526
sh.601339,百隆东方,2026-04-02,7.26,7.28,7.14,7.28,6138718.0,44247893.5,0.4094,0.2755,19.946594,1.189848,1.438022,-20.000472
sh.601360,三六零,2026-04-01,10.9,10.93,10.75,10.83,73226575.0,792210244.4,1.0462,1.215,-118.977884,2.582587,9.017289,-135.202758
sh.601360,三六零,2026-04-02,10.73,10.74,10.46,10.51,68992218.0,729799901.18,0.9857,-2.9548,-115.462378,2.506278,8.75085,-131.207847
sh.601366,利群股份,2026-04-01,4.19,4.19,4.11,4.16,8915045.0,36893403.13,0.9555,0.9709,256.044758,0.980633,0.541411,41.425877
sh.601366,利群股份,2026-04-02,4.15,4.16,4.05,4.08,8991100.0,36815525.54,0.9368,-1.9231,258.301479,0.989276,0.546183,41.790995
sh.601368,绿城水务,2026-04-01,4.97,5.02,4.84,4.87,21343501.0,104437307.56,2.4172,-1.217,45.157187,0.89396,1.718048,38.299779
sh.601368,绿城水务,2026-04-02,4.87,4.92,4.79,4.81,13455900.0,65220253.0,1.5239,-1.232,44.600835,0.882946,1.696881,37.827913
sh.601369,陕鼓动力,2026-04-01,10.22,10.33,10.13,10.27,10957801.0,112517795.3,0.6422,1.9861,17.826701,2.014886,1.739862,173.928964
sh.601369,陕鼓动力,2026-04-02,10.27,10.27,10.04,10.11,8210200.0,83125647.0,0.4812,-1.5579,17.548972,1.983495,1.712756,171.219263
sh.601375,中原证券,2026-04-01,4.07,4.08,4.03,4.06,28139300.0,114164080.0,0.8162,0.7444,41.354408,1.310462,9.602995,4.971825
sh.601375,中原证券,2026-04-02,4.05,4.06,3.97,4.0,28045200.0,112552106.0,0.8135,-1.4778,40.743259,1.291096,9.461078,4.89835
sh.601377,兴业证券,2026-04-01,5.95,5.97,5.89,5.94,66310431.0,393119445.83,0.7678,1.1925,17.871543,0.917049,4.332075,5.099819
sh.601377,兴业证券,2026-04-02,5.92,5.93,5.79,5.81,79490358.0,464398654.06,0.9205,-2.1886,17.480415,0.896979,4.237265,4.988207
sh.601388,怡球资源,2026-04-01,3.85,3.88,3.63,3.68,119852267.0,444624881.68,5.4448,-3.9164,208.835024,1.769139,1.07238,202.790137
sh.601388,怡球资源,2026-04-02,3.75,3.96,3.7,3.72,134016431.0,509611925.07,6.0883,1.087,211.10497,1.788369,1.084036,204.994377
sh.601390,中国中铁,2026-04-01,5.5,5.54,5.43,5.44,196633335.0,1074192370.18,0.9602,0.1842,5.866451,0.421948,0.122811,11.344452
sh.601390,中国中铁,2026-04-02,5.44,5.44,5.34,5.35,187953439.0,1009911746.65,0.9178,-1.6544,5.769395,0.414967,0.120779,11.156768
sh.601398,工商银行,2026-04-01,7.6,7.71,7.54,7.58,330870374.0,2520186946.65,0.1227,-0.7853,7.33,0.699958,3.22278,-5.181416
sh.601398,工商银行,2026-04-02,7.57,7.69,7.56,7.63,275748282.0,2103575351.84,0.1023,0.6596,7.378351,0.704575,3.244038,-5.215595
sh.601399,国机重装,2026-04-01,4.54,4.63,4.48,4.56,73723159.0,334666227.54,1.022,1.1086,68.69323,2.222728,2.368959,36.592323
sh.601399,国机重装,2026-04-02,4.56,4.62,4.44,4.48,73905200.0,334194397.99,1.0245,-1.7544,67.488085,2.183733,2.327398,35.950352
sh.601456,国联民生,2026-04-01,9.18,9.2,9.1,9.14,18353000.0,167639485.06,0.4201,0.6608,25.845084,0.989147,6.766315,1.805996
sh.601456,国联民生,2026-04-02,9.1,9.12,9.02,9.04,15402662.0,139497011.8,0.3526,-1.0941,25.562315,0.978325,6.692286,1.786237
sh.601500,通用股份,2026-04-01,4.34,4.36,4.31,4.34,10830120.0,46896381.4,0.6842,0.9302,66.231904,1.124181,0.842735,-389.597132
sh.601500,通用股份,2026-04-02,4.33,4.35,4.26,4.29,10804700.0,46473427.6,0.6825,-1.1521,65.468864,1.11123,0.833027,-385.108686
sh.601512,中新集团,2026-04-01,8.74,8.76,8.66,8.73,3230400.0,28150804.0,0.2155,1.0417,16.463519,0.867692,3.964901,207.562692
sh.601512,中新集团,2026-04-02,8.69,8.84,8.65,8.73,4042400.0,35383077.0,0.2697,0.0,16.463519,0.867692,3.964901,207.562692
sh.601515,衢州东峰,2026-04-01,4.22,4.55,4.13,4.55,78513648.0,343980391.34,4.0798,9.9034,-22.188818,1.736613,6.773231,28.723236
sh.601515,衢州东峰,2026-04-02,4.6,5.01,4.55,4.76,187438263.0,899624848.71,9.7397,4.6154,-23.212917,1.816764,7.085842,30.048924
sh.601518,吉林高速,2026-04-01,2.99,3.01,2.94,2.97,19327951.0,57373027.25,1.0223,-0.3356,10.304432,0.999185,3.69021,28.336644
sh.601518,吉林高速,2026-04-02,2.96,2.98,2.92,2.95,11101700.0,32712403.0,0.5872,-0.6734,10.235041,0.992457,3.66536,28.145825
sh.601519,大智慧,2026-04-01,10.62,10.69,10.5,10.64,20850033.0,221368691.93,1.0482,2.1113,-480.734025,15.838661,25.605803,-5904.192127
sh.601519,大智慧,2026-04-02,10.6,10.63,10.21,10.28,23571490.0,244157804.6,1.185,-3.3835,-464.468588,15.302766,24.739441,-5704.426228
sh.601528,瑞丰银行,2026-04-01,5.36,5.38,5.32,5.34,23986830.0,128328855.8,1.383,0.0,5.330016,0.532146,2.37701,9.772631
sh.601528,瑞丰银行,2026-04-02,5.34,5.37,5.3,5.33,19463320.0,103843732.7,1.1222,-0.1873,5.320034,0.531149,2.372559,9.754331
sh.601555,东吴证券,2026-04-01,7.92,7.97,7.85,7.95,41058063.0,325133177.27,0.8263,1.4031,11.385797,0.933931,2.939668,4.112927
sh.601555,东吴证券,2026-04-02,7.91,8.02,7.89,7.95,41412451.0,329677238.35,0.8335,0.0,11.385797,0.933931,2.939668,4.112927
sh.601566,九牧王,2026-04-01,10.85,10.9,10.67,10.8,6104881.0,65698898.9,1.0624,0.4651,17.665561,1.521862,2.038314,-23.511626
sh.601566,九牧王,2026-04-02,10.74,10.82,10.64,10.69,3997460.0,42790559.2,0.6956,-1.0185,17.485634,1.506362,2.017554,-23.272156
sh.601567,三星医疗,2026-04-01,26.64,26.86,26.27,26.56,12934811.0,342771185.0,0.9205,1.2967,18.929457,3.005082,2.447906,164.692789
sh.601567,三星医疗,2026-04-02,26.57,26.64,24.98,25.1,27096905.0,691554151.89,1.9283,-5.497,17.888907,2.839893,2.313345,155.639646
sh.601568,北元集团,2026-04-01,4.16,4.3,4.16,4.23,43602571.0,184742170.88,1.0977,2.4213,82.04692,1.466435,1.80002,-62.002783
sh.601568,北元集团,2026-04-02,4.22,4.28,4.21,4.25,24030303.0,102023630.08,0.605,0.4728,82.434849,1.473369,1.80853,-62.29594
sh.601577,长沙银行,2026-04-01,9.71,9.77,9.62,9.67,13967306.0,135487251.05,0.3474,0.4154,4.743932,0.556866,1.485062,1.345891
sh.601577,长沙银行,2026-04-02,9.66,9.71,9.58,9.64,11876040.0,114556690.4,0.2954,-0.3102,4.729214,0.555139,1.480455,1.341715
sh.601579,会稽山,2026-04-01,17.5,18.4,17.5,18.4,19188559.0,345448298.55,4.0021,9.9821,36.061464,2.342299,4.841955,-33.77445
sh.601579,会稽山,2026-04-02,18.39,18.6,17.86,18.17,20271509.0,367333019.58,4.228,-1.25,35.610696,2.31302,4.781431,-33.352269
sh.601588,北辰实业,2026-04-01,1.79,1.81,1.74,1.76,32972600.0,58080373.0,1.2396,-0.565,-1.983181,0.884142,0.977802,-14.561428
sh.601588,北辰实业,2026-04-02,1.75,1.76,1.7,1.71,32728900.0,56325294.0,1.2304,-2.8409,-1.92684,0.859024,0.950024,-14.147751
sh.601595,上海电影,2026-04-01,24.3,24.88,23.73,24.73,6662720.0,161543395.0,1.4866,3.6897,90.806402,6.402321,12.990625,147.972452
sh.601595,上海电影,2026-04-02,24.5,24.65,24.04,24.36,5439624.0,131867188.72,1.2137,-1.4962,89.447794,6.306532,12.796264,145.758549
sh.601598,中国外运,2026-04-01,6.18,6.28,6.11,6.21,29127996.0,180037497.58,0.5648,0.8117,11.076887,1.078941,0.460176,12.916691
sh.601598,中国外运,2026-04-02,6.2,6.35,6.16,6.3,28472521.0,178730402.54,0.5521,1.4493,11.237421,1.094578,0.466845,13.103889
sh.601599,浙文影业,2026-04-01,3.93,3.95,3.88,3.91,20998800.0,82166594.98,1.8094,0.7732,34.19146,2.99734,1.405021,26.498172
sh.601599,浙文影业,2026-04-02,3.9,3.91,3.81,3.82,20638100.0,79258878.0,1.7783,-2.3018,33.404444,2.928348,1.372681,25.888239
sh.601600,中国铝业,2026-04-01,11.63,11.68,11.43,11.56,301488779.0,3485780825.54,2.2886,1.4035,15.647211,2.646806,0.822442,27.374764
sh.601600,中国铝业,2026-04-02,11.75,11.95,11.61,11.68,344082582.0,4047490025.17,2.612,1.0381,15.809639,2.674282,0.830979,27.658931
sh.601601,中国太保,2026-04-01,38.15,38.58,37.79,38.31,34217623.0,1308954044.91,0.4999,3.2893,6.88824,1.219804,0.84695,7.786434
sh.601601,中国太保,2026-04-02,38.2,38.55,37.9,38.39,23055681.0,883294459.56,0.3368,0.2088,6.902624,1.222351,0.848718,7.802694
sh.601606,长城军工,2026-04-01,40.56,40.95,39.73,40.19,20927055.0,839244037.41,2.8896,-1.2531,-95.452227,13.153276,18.960868,323.187206
sh.601606,长城军工,2026-04-02,39.9,41.8,39.8,40.57,26888711.0,1093917656.83,3.7127,0.9455,-96.354736,13.277641,19.140144,326.24297
sh.601607,上海医药,2026-04-01,17.11,17.23,16.93,17.2,17146048.0,293089525.6,0.6147,0.8798,11.14214,0.840463,0.224924,-18.313359
sh.601607,上海医药,2026-04-02,17.24,17.37,17.18,17.33,19899306.0,344210686.72,0.7134,0.7558,11.226354,0.846815,0.226624,-18.451774
sh.601608,中信重工,2026-04-01,6.32,6.33,6.18,6.25,33640897.0,209823799.84,0.7346,0.6441,76.232003,3.063236,3.530556,219.863825
sh.601608,中信重工,2026-04-02,6.18,6.27,6.1,6.13,25649724.0,158154785.82,0.5601,-1.92,74.768349,3.004421,3.46277,215.64244
sh.601609,金田股份,2026-04-01,10.4,10.42,10.06,10.11,33806176.0,343495393.16,1.9557,-1.7493,22.917511,1.758117,0.140847,-15.388232
sh.601609,金田股份,2026-04-02,10.07,10.08,9.75,9.84,21029900.0,207478923.0,1.2166,-2.6706,22.305471,1.711165,0.137086,-14.97727
sh.601611,中国核建,2026-04-01,14.29,14.66,14.03,14.55,58096416.0,832067317.32,1.9277,3.8544,25.560696,2.015157,0.403973,16.953798
sh.601611,中国核建,2026-04-02,14.44,14.71,14.04,14.14,49109579.0,703925752.46,1.6295,-2.8179,24.840429,1.958372,0.392589,16.476062
sh.601615,明阳智能,2026-04-01,17.3,17.3,16.6,16.85,72037013.0,1210104046.54,3.1854,-0.7071,125.613595,1.444001,1.146901,-14.762916
sh.601615,明阳智能,2026-04-02,16.84,17.29,16.24,16.42,63856105.0,1061985023.59,2.8236,-2.5519,122.408025,1.407151,1.117633,-14.386176
sh.601616,广电电气,2026-04-01,4.89,4.91,4.8,4.84,25835530.0,125101760.5,3.0264,0.6237,216.112251,1.697853,4.682616,19.024637
sh.601616,广电电气,2026-04-02,4.85,4.9,4.68,4.73,29375200.0,140253908.0,3.441,-2.2727,211.200609,1.659266,4.576193,18.592259
sh.601618,中国中冶,2026-04-01,3.03,3.04,3.0,3.01,114994646.0,346430778.46,0.6441,0.3333,47.192922,0.613579,0.13698,2.372182
sh.601618,中国中冶,2026-04-02,3.01,3.01,2.97,2.99,112827111.0,337223748.78,0.632,-0.6645,46.879347,0.609502,0.13607,2.35642
sh.601619,嘉泽新能,2026-04-01,5.4,5.41,5.19,5.24,70819364.0,373284171.01,2.9088,-1.1321,21.369735,1.938307,6.106476,20.490858
sh.601619,嘉泽新能,2026-04-02,5.23,5.27,5.08,5.11,69458886.0,357225936.69,2.8529,-2.4809,20.83957,1.890219,5.954979,19.982497
sh.601628,中国人寿,2026-04-01,36.85,37.14,36.51,37.02,26723353.0,985937770.39,0.1283,1.8712,6.791102,1.757982,1.699524,18.399792
sh.601628,中国人寿,2026-04-02,36.85,36.86,36.17,36.36,17966772.0,655701270.96,0.0863,-1.7828,6.670029,1.72664,1.669224,18.071757
sh.601633,长城汽车,2026-04-01,20.78,20.83,20.4,20.64,11659510.0,239755840.7,0.1878,0.0485,17.90466,2.017377,0.792708,-90.462433
sh.601633,长城汽车,2026-04-02,20.7,21.04,20.66,20.87,16708703.0,348466666.52,0.2691,1.1143,18.104179,2.039858,0.801541,-91.470493
sh.601636,旗滨集团,2026-04-01,5.9,6.02,5.85,5.9,40996292.0,242466517.46,1.3856,1.2007,29.159596,1.279736,1.10278,17.81522
sh.601636,旗滨集团,2026-04-02,5.85,5.87,5.73,5.8,37543187.0,217448896.44,1.2689,-1.6949,28.665365,1.258045,1.084089,17.513268
sh.601658,邮储银行,2026-04-01,5.15,5.18,5.09,5.11,130281563.0,668683083.25,0.1796,-0.3899,7.021254,0.607519,1.725154,2.17908
sh.601658,邮储银行,2026-04-02,5.11,5.19,5.1,5.18,192230559.0,993306482.36,0.265,1.3699,7.117436,0.615842,1.748787,2.208931
sh.601665,齐鲁银行,2026-04-01,5.78,5.88,5.76,5.8,57428170.0,334296952.3,0.9332,0.6944,6.247019,0.741883,2.717308,2.497572
sh.601665,齐鲁银行,2026-04-02,5.8,5.85,5.78,5.83,41055493.0,238653085.26,0.6672,0.5172,6.279331,0.74572,2.731363,2.51049
sh.601666,平煤股份,2026-04-01,8.16,8.34,8.03,8.28,32825801.0,269747761.07,1.3293,1.4706,34.994499,0.890246,0.938837,-77.107617
sh.601666,平煤股份,2026-04-02,8.23,8.35,8.16,8.23,19722926.0,162678967.68,0.7987,-0.6039,34.783179,0.88487,0.933168,-76.641992
sh.601668,中国建筑,2026-04-01,5.04,5.06,5.0,5.02,175271841.0,880077518.02,0.4242,0.1996,4.643879,0.430171,0.097898,107.607807
sh.601668,中国建筑,2026-04-02,5.01,5.04,4.99,5.03,171236802.0,859616697.05,0.4144,0.1992,4.653129,0.431028,0.098093,107.822165
sh.601669,中国电建,2026-04-01,5.85,5.88,5.75,5.8,223025747.0,1294251637.15,1.7062,1.0453,9.328111,0.694814,0.154349,12.64269
sh.601669,中国电建,2026-04-02,5.8,5.81,5.65,5.67,258601907.0,1476549056.67,1.9784,-2.2414,9.119033,0.679241,0.150889,12.359319
sh.601677,明泰铝业,2026-04-01,15.4,15.47,15.21,15.25,19523483.0,298996489.83,1.6029,0.0656,10.888833,1.014858,0.549052,55.636904
sh.601677,明泰铝业,2026-04-02,15.4,15.47,15.03,15.06,20323868.0,310120668.18,1.6686,-1.2459,10.753168,1.002214,0.542211,54.943722
sh.601678,滨化股份,2026-04-01,5.02,5.07,4.94,4.96,48522310.0,242126168.04,2.3747,0.4049,45.886303,0.892609,0.738705,13.826144
sh.601678,滨化股份,2026-04-02,4.94,4.99,4.84,4.88,36794662.0,180434234.32,1.8007,-1.6129,45.146201,0.878212,0.726791,13.603142
sh.601686,友发集团,2026-04-01,5.88,5.94,5.87,5.9,5046100.0,29741007.0,0.3429,0.5111,10.513105,1.293266,0.164609,-14.98266
sh.601686,友发集团,2026-04-02,5.88,5.92,5.81,5.84,5446535.0,31881088.05,0.3701,-1.0169,10.406192,1.280115,0.162935,-14.830294
sh.601688,华泰证券,2026-04-01,18.12,18.4,18.04,18.2,77422178.0,1409322324.47,1.0596,2.2472,10.027708,0.94615,4.587805,2.964324
sh.601688,华泰证券,2026-04-02,18.14,18.14,17.61,17.72,71076171.0,1265000337.84,0.9727,-2.6374,9.763241,0.921196,4.466808,2.886144
sh.601689,拓普集团,2026-04-01,57.97,59.19,57.9,58.68,26916640.0,1576025549.28,1.5489,3.3099,36.694344,4.231731,3.447301,134.35926
sh.601689,拓普集团,2026-04-02,59.21,60.4,58.35,58.66,30526989.0,1814453457.14,1.7566,-0.0341,36.681838,4.230288,3.446126,134.313466
sh.601696,中银证券,2026-04-01,12.36,12.4,12.25,12.37,20441953.0,252444177.7,0.7359,1.3104,31.243582,1.837253,10.090691,5.743514
sh.601696,中银证券,2026-04-02,12.3,12.33,12.08,12.14,18477867.0,225195650.79,0.6652,-1.8593,30.662658,1.803092,9.903071,5.636723
sh.601698,中国卫通,2026-04-01,33.58,33.72,32.28,32.63,46829986.0,1535640255.67,1.1086,-1.1212,312.398812,8.621657,52.118365,-96.547691
sh.601698,中国卫通,2026-04-02,32.53,32.89,31.72,31.94,30441833.0,979289766.58,0.7206,-2.1146,305.792769,8.439342,51.01626,-94.506076
sh.601699,潞安环能,2026-04-01,13.5,13.7,13.14,13.42,29849882.0,401877743.04,0.9979,-0.9594,33.298155,0.858499,1.324836,-3.779258
sh.601699,潞安环能,2026-04-02,13.39,13.8,13.37,13.69,21954999.0,299810205.93,0.7339,2.0119,33.968088,0.875771,1.351491,-3.855294
sh.601700,风范股份,2026-04-01,5.35,5.38,5.24,5.28,18514500.0,97876742.0,1.6259,-0.189,220.075148,2.352725,2.234595,-859.759801
sh.601700,风范股份,2026-04-02,5.28,5.35,5.1,5.15,19253218.0,100221479.51,1.6907,-2.4621,214.656631,2.294798,2.179577,-838.591473
sh.601702,华峰铝业,2026-04-01,19.67,19.82,19.31,19.67,10856426.0,212657488.84,1.0872,1.6012,16.34225,3.052774,1.572964,-123.686688
sh.601702,华峰铝业,2026-04-02,19.75,19.84,18.95,19.06,8461100.0,163435643.0,0.8474,-3.1012,15.835449,2.958102,1.524184,-119.850955
sh.601717,中创智领,2026-04-01,20.66,20.76,20.28,20.58,23990538.0,490737723.7,1.5556,0.9318,8.558158,1.519161,0.887844,88.379639
sh.601717,中创智领,2026-04-02,20.53,20.53,20.11,20.2,17073049.0,345626633.12,1.1071,-1.8465,8.400136,1.49111,0.87145,86.747751
sh.601718,际华集团,2026-04-01,3.09,3.1,3.04,3.06,27212800.0,83482799.0,0.624,-0.3257,-3.053833,1.082543,1.864739,28.161244
sh.601718,际华集团,2026-04-02,3.06,3.08,3.0,3.02,30419400.0,92179356.0,0.6975,-1.3072,-3.013914,1.068392,1.840363,27.793123
sh.601727,上海电气,2026-04-01,8.07,8.16,8.01,8.11,104910315.0,848624942.56,0.8316,1.8844,104.483835,2.304251,0.994883,-18.422002
sh.601727,上海电气,2026-04-02,8.12,8.12,7.91,7.93,99517926.0,794416290.01,0.7888,-2.2195,102.164835,2.253109,0.972802,-18.013129
sh.601728,中国电信,2026-04-01,5.71,5.72,5.67,5.69,84789262.0,482916676.78,0.1092,0.3527,15.690216,1.12987,0.993799,-25.016847
sh.601728,中国电信,2026-04-02,5.69,5.7,5.63,5.68,91232809.0,516634494.83,0.1175,-0.1757,15.66264,1.127885,0.992052,-24.97288
sh.601766,中国中车,2026-04-01,6.38,6.4,6.26,6.35,206032562.0,1302087330.64,0.8469,0.1577,13.825778,1.058779,0.667383,-57.543735
sh.601766,中国中车,2026-04-02,6.34,6.34,6.23,6.27,104148613.0,654232376.06,0.4281,-1.2598,13.651595,1.04544,0.658975,-56.818775
sh.601777,千里科技,2026-04-01,10.0,10.19,9.96,10.17,21796253.0,220046499.99,0.4821,3.0395,861.86026,4.398301,5.015903,101.941142
sh.601777,千里科技,2026-04-02,10.1,10.28,10.05,10.2,19017073.0,193527811.74,0.4206,0.295,864.402621,4.411275,5.030699,102.241853
sh.601778,晶科科技,2026-04-01,5.02,5.08,4.91,4.98,197352939.0,984786816.51,5.5265,1.8405,38.638515,1.123944,4.437888,33.676832
sh.601778,晶科科技,2026-04-02,4.96,4.96,4.64,4.71,222769370.0,1060254847.22,6.2355,-5.4217,36.559918,1.063481,4.199148,31.865153
sh.601788,光大证券,2026-04-01,15.42,15.52,15.36,15.48,14214463.0,219531875.89,0.3638,1.5748,19.165237,1.171551,6.577236,9.340312
sh.601788,光大证券,2026-04-02,15.44,15.45,15.21,15.28,11848301.0,181556373.24,0.3033,-1.292,18.917624,1.156414,6.492259,9.219636
sh.601789,宁波建工,2026-04-01,5.65,6.08,5.65,5.87,220780530.0,1305091420.06,20.3148,6.1483,32.998598,1.970511,0.442075,32.087934
sh.601789,宁波建工,2026-04-02,5.81,5.87,5.51,5.55,156718201.0,884403921.93,14.4202,-5.4514,31.199697,1.863089,0.417976,30.338677
sh.601798,蓝科高新,2026-04-01,9.17,9.2,9.04,9.09,4191700.0,38196453.0,1.1823,0.442,-93.701527,2.543424,4.210878,216.609515
sh.601798,蓝科高新,2026-04-02,9.16,9.2,8.99,9.1,5443200.0,49472775.0,1.5353,0.11,-93.804609,2.546222,4.21551,216.847809
sh.601799,星宇股份,2026-04-01,123.9,124.77,122.41,123.0,2284019.0,281749191.33,0.7995,0.8114,21.635843,3.082804,2.303162,83.903769
sh.601799,星宇股份,2026-04-02,122.59,123.25,119.56,121.18,3415201.0,412953650.16,1.1955,-1.4797,21.315702,3.037188,2.269082,82.662266
sh.601800,中国交建,2026-04-01,7.71,7.74,7.61,7.64,21950600.0,167720627.0,0.1864,0.3942,8.428928,0.430645,0.170068,25.605985
sh.601800,中国交建,2026-04-02,7.62,7.65,7.55,7.57,19202123.0,145545486.88,0.163,-0.9162,8.3517,0.426699,0.16851,25.371376
sh.601801,皖新传媒,2026-04-01,6.32,6.36,6.26,6.35,8775418.0,55441842.12,0.4482,1.6,14.648395,1.021628,1.342267,-14.802836
sh.601801,皖新传媒,2026-04-02,6.32,6.35,6.18,6.2,9496813.0,59342778.57,0.485,-2.3622,14.30237,0.997495,1.31056,-14.453163
sh.601808,中海油服,2026-04-01,15.71,15.88,15.5,15.53,33422567.0,524451758.47,1.129,-1.6466,19.288865,1.591108,1.473731,36.338828
sh.601808,中海油服,2026-04-02,15.59,16.17,15.54,16.15,42598052.0,681182807.37,1.4389,3.9923,20.058929,1.65463,1.532566,37.789573
sh.601811,新华文轩,2026-04-01,13.62,13.75,13.52,13.75,2960506.0,40476031.2,0.3738,1.7012,10.816608,1.1117,1.446111,-10.080633
sh.601811,新华文轩,2026-04-02,13.74,13.78,13.58,13.73,2427272.0,33235913.12,0.3065,-0.1455,10.800874,1.110083,1.444008,-10.06597
sh.601816,京沪高铁,2026-04-01,5.09,5.1,5.04,5.08,118040282.0,598647363.34,0.2413,0.3953,19.037695,1.215698,5.833392,39.432543
sh.601816,京沪高铁,2026-04-02,5.08,5.12,5.06,5.11,116751227.0,594818379.44,0.2386,0.5906,19.150122,1.222878,5.867841,39.665412
sh.601818,光大银行,2026-04-01,3.23,3.24,3.2,3.2,279995692.0,901018598.32,0.6034,-0.3115,4.869772,0.378228,1.496891,1.700992
sh.601818,光大银行,2026-04-02,3.2,3.22,3.19,3.19,181071711.0,579458437.09,0.3902,-0.3125,4.854554,0.377046,1.492213,1.695676
sh.601825,沪农商行,2026-04-01,9.11,9.32,9.06,9.15,24027692.0,220960066.28,0.2563,0.4391,7.133727,0.700791,3.395544,10.054092
sh.601825,沪农商行,2026-04-02,9.14,9.3,9.11,9.25,18309241.0,169067319.84,0.1953,1.0929,7.211691,0.708449,3.432654,10.163973
sh.601827,三峰环境,2026-04-01,8.32,8.35,8.1,8.16,27910663.0,227590863.05,1.6694,-1.5682,11.083229,1.135039,2.454177,7.147723
sh.601827,三峰环境,2026-04-02,8.11,8.16,8.03,8.08,13415160.0,108505341.61,0.8024,-0.9804,10.974569,1.123911,2.430116,7.077647
sh.601828,美凯龙,2026-04-01,2.44,2.46,2.38,2.41,16649799.0,40146777.79,0.4608,-0.4132,-0.442408,0.465918,1.5945,-32.465175
sh.601828,美凯龙,2026-04-02,2.41,2.42,2.35,2.36,14095140.0,33534535.6,0.3901,-2.0747,-0.433229,0.456251,1.561419,-31.791623
sh.601838,成都银行,2026-04-01,17.16,17.25,17.09,17.14,15474281.0,265622791.64,0.3651,0.1168,5.456943,0.856547,3.091208,-1.643907
sh.601838,成都银行,2026-04-02,17.11,17.41,17.11,17.32,22448060.0,388445124.01,0.5296,1.0502,5.514251,0.865543,3.123671,-1.661171
sh.601857,中国石油,2026-04-01,12.01,12.44,12.01,12.07,252735701.0,3091522058.6,0.1561,-0.9844,14.043453,1.392798,0.771195,65.580027
sh.601857,中国石油,2026-04-02,12.2,12.39,12.15,12.35,258790147.0,3176478963.28,0.1598,2.3198,14.369233,1.425109,0.789085,67.101353
sh.601858,中国科传,2026-04-01,23.4,23.71,22.96,23.06,11233797.0,261158878.68,1.4211,0.8308,34.695251,3.325908,6.050949,144.830329
sh.601858,中国科传,2026-04-02,22.85,23.0,22.09,22.18,10201863.0,228590424.99,1.2906,-3.8161,33.371234,3.198987,5.820037,139.303412
sh.601860,紫金银行,2026-04-01,2.8,2.8,2.74,2.75,56892100.0,157143350.0,1.6019,-1.0791,6.819711,0.500913,2.354748,3.267589
sh.601860,紫金银行,2026-04-02,2.76,2.76,2.72,2.73,39783700.0,108941967.0,1.1202,-0.7273,6.770115,0.49727,2.337623,3.243826
sh.601865,福莱特,2026-04-01,14.45,14.49,13.98,14.24,30505958.0,432852629.45,1.6047,0.3524,34.023553,1.514878,2.143192,-42.113978
sh.601865,福莱特,2026-04-02,14.13,14.18,13.77,13.88,25028127.0,349241417.93,1.3166,-2.5281,33.163407,1.47658,2.08901,-41.049299
sh.601866,中远海发,2026-04-01,2.72,2.79,2.71,2.72,111709400.0,305899517.0,1.1455,0.7407,22.304958,1.165927,1.424467,22.856603
sh.601866,中远海发,2026-04-02,2.71,2.79,2.69,2.76,149685909.0,412637610.48,1.5349,1.4706,22.632972,1.183073,1.445415,23.19273
sh.601868,中国能建,2026-04-01,2.95,2.98,2.88,2.92,686459667.0,2001409611.05,2.1168,0.6897,20.844532,1.091967,0.26878,132.991107
sh.601868,中国能建,2026-04-02,2.91,2.92,2.82,2.85,642253275.0,1839411009.44,1.9805,-2.3973,20.344835,1.06579,0.262336,129.802964
sh.601869,长飞光纤,2026-04-01,320.0,320.0,291.0,308.0,18290081.0,5554795108.59,4.5012,-0.4814,313.362536,18.470333,17.89173,106.190687
sh.601869,长飞光纤,2026-04-02,304.9,338.8,304.9,332.49,19214226.0,6337712569.67,4.7286,7.9513,338.278927,19.938965,19.314354,114.634226
sh.601872,招商轮船,2026-04-01,16.68,18.0,16.68,18.0,196844026.0,3523412682.06,2.4378,10.0244,24.174878,3.379598,5.158129,1104.543909
sh.601872,招商轮船,2026-04-02,18.15,19.8,18.14,19.47,329987622.0,6428486573.06,4.0868,8.1667,26.14916,3.655598,5.579376,1194.748329
sh.601877,正泰电器,2026-04-01,33.3,33.4,32.32,32.87,29585897.0,968839073.29,1.3767,0.6738,15.504703,1.616074,1.09504,34.181535
sh.601877,正泰电器,2026-04-02,32.8,33.05,31.56,31.75,28678699.0,921233759.12,1.3345,-3.4074,14.976402,1.561009,1.057728,33.016846
sh.601878,浙商证券,2026-04-01,9.75,9.78,9.67,9.72,22101691.0,214627912.42,0.4832,0.6211,18.428479,1.216284,5.028614,1.599474
sh.601878,浙商证券,2026-04-02,9.69,9.7,9.5,9.51,27427346.0,262634507.16,0.5997,-2.1605,18.030333,1.190007,4.919971,1.564918
sh.601880,辽港股份,2026-04-01,1.66,1.68,1.64,1.65,141752290.0,234675796.93,0.7698,0.6098,29.762555,0.964071,3.424044,27.630535
sh.601880,辽港股份,2026-04-02,1.65,1.67,1.63,1.64,128312350.0,211354675.5,0.6969,-0.6061,29.582176,0.958228,3.403293,27.463077
sh.601881,中国银河,2026-04-01,12.87,12.93,12.76,12.86,42455677.0,545842795.85,0.5861,0.9419,11.231595,1.192539,4.968383,3.27306
sh.601881,中国银河,2026-04-02,12.79,12.87,12.55,12.63,40146366.0,508473047.57,0.5542,-1.7885,11.030719,1.171211,4.879523,3.214521
sh.601882,海天精工,2026-04-01,18.77,18.94,18.65,18.81,3504867.0,65818064.94,0.6714,1.2379,22.888294,3.330793,2.915397,-170.583986
sh.601882,海天精工,2026-04-02,18.81,18.84,18.35,18.4,2740100.0,50756170.0,0.5249,-2.1797,22.389399,3.258192,2.85185,-166.865781
sh.601886,江河集团,2026-04-01,8.68,9.13,8.68,8.99,11560800.0,103503527.0,1.0204,3.9306,16.6912,1.394622,0.466265,-29.260053
sh.601886,江河集团,2026-04-02,8.98,9.22,8.9,9.12,9812603.0,89422163.23,0.8661,1.4461,16.932563,1.414789,0.473008,-29.683169
sh.601888,中国中免,2026-04-01,71.58,71.91,70.5,71.4,18418858.0,1311907596.21,0.9434,1.4493,41.36847,2.674539,2.762987,-143.535708
sh.601888,中国中免,2026-04-02,71.1,71.34,69.6,70.0,17126249.0,1204523418.55,0.8772,-1.9608,40.557324,2.622097,2.708811,-140.721282
sh.601890,亚星锚链,2026-04-01,10.33,10.38,10.2,10.27,24563079.0,252196165.43,2.5603,0.6863,32.837164,2.660921,4.768861,-56.160938
sh.601890,亚星锚链,2026-04-02,10.19,10.36,10.1,10.16,25330651.0,258789597.24,2.6403,-1.0711,32.485451,2.63242,4.717783,-55.559409
sh.601898,中煤能源,2026-04-01,17.06,17.6,16.79,17.26,62474383.0,1082989996.83,0.6826,0.3488,12.796351,1.42909,1.545655,-44.147203
sh.601898,中煤能源,2026-04-02,17.37,18.1,17.36,17.91,46002911.0,820009133.7,0.5027,3.7659,13.278253,1.482908,1.603863,-45.809757
sh.601899,紫金矿业,2026-04-01,33.86,34.58,33.62,34.15,323703092.0,11014637163.36,1.5712,4.3704,17.537987,4.936873,2.601331,28.765547
sh.601899,紫金矿业,2026-04-02,33.99,33.99,32.7,33.12,258942623.0,8604391359.51,1.2569,-3.0161,17.009023,4.787972,2.522872,27.897948
sh.601900,南方传媒,2026-04-01,13.15,13.2,13.06,13.12,6820438.0,89580884.55,0.7733,1.0008,10.229379,1.339521,1.28907,-44.350128
sh.601900,南方传媒,2026-04-02,13.09,13.14,12.96,12.96,6558938.0,85558485.1,0.7437,-1.2195,10.104631,1.323185,1.273349,-43.809273
sh.601901,方正证券,2026-04-01,6.86,6.9,6.81,6.88,60690898.0,415951971.37,0.7372,1.3255,14.265999,1.115049,5.392164,3.551307
sh.601901,方正证券,2026-04-02,6.86,6.86,6.76,6.79,40278600.0,274108580.0,0.4893,-1.3081,14.07938,1.100462,5.321627,3.504851
sh.601908,京运通,2026-04-01,5.0,5.05,4.72,4.83,352112244.0,1708461335.51,14.5826,-3.5928,-9.891066,1.324924,3.746509,-25.471234
sh.601908,京运通,2026-04-02,4.74,5.14,4.65,4.9,286845492.0,1413680858.43,11.8796,1.4493,-10.034415,1.344125,3.800807,-25.840382
sh.601916,浙商银行,2026-04-01,3.02,3.03,2.97,2.99,176226729.0,527730029.47,0.818,-0.3333,6.350573,0.461674,1.313614,-477.437567
sh.601916,浙商银行,2026-04-02,2.98,3.0,2.97,2.97,98605345.0,293980397.65,0.4577,-0.6689,6.308094,0.458585,1.304827,-474.244005
sh.601918,新集能源,2026-04-01,7.57,7.64,7.45,7.5,42893624.0,323903073.04,1.6558,-0.5305,9.095609,1.145543,1.582138,78.744448
sh.601918,新集能源,2026-04-02,7.54,7.68,7.52,7.6,40767257.0,309677900.67,1.5737,1.3333,9.216884,1.160817,1.603233,79.794374
sh.601919,中远海控,2026-04-01,15.1,15.22,15.03,15.18,67607568.0,1022991267.1,0.5384,1.1326,7.530306,1.00078,1.058964,-6.978811
sh.601919,中远海控,2026-04-02,15.1,15.31,15.09,15.2,64098635.0,972824207.4,0.5105,0.1318,7.540227,1.002099,1.060359,-6.988006
sh.601921,浙版传媒,2026-04-01,7.84,7.92,7.77,7.91,15295724.0,120099668.88,0.6883,1.2804,13.6718,1.222029,1.667144,-18.478074
sh.601921,浙版传媒,2026-04-02,7.88,7.92,7.84,7.88,7292449.0,57484408.12,0.3282,-0.3793,13.619948,1.217394,1.660821,-18.407993
sh.601928,凤凰传媒,2026-04-01,9.81,9.89,9.75,9.88,7743464.0,76064065.2,0.3043,1.0225,12.858304,1.251612,1.904183,-34.412963
sh.601928,凤凰传媒,2026-04-02,9.84,9.93,9.83,9.86,6071551.0,59900024.94,0.2386,-0.2024,12.832275,1.249078,1.900328,-34.343301
sh.601929,吉视传媒,2026-04-01,3.03,3.05,2.97,3.01,57862390.0,173741524.9,1.658,0.6689,-20.938486,2.098832,5.188407,10497.183085
sh.601929,吉视传媒,2026-04-02,2.99,3.01,2.91,2.92,63478800.0,186813262.0,1.819,-2.99,-20.312418,2.036076,5.033272,10183.313824
sh.601933,永辉超市,2026-04-01,3.8,3.82,3.76,3.79,76386349.0,289157770.23,0.8417,0.5305,-13.487635,9.31908,0.642795,-59.80411
sh.601933,永辉超市,2026-04-02,3.79,3.79,3.73,3.75,73286649.0,275492583.22,0.8076,-1.0554,-13.345286,9.220725,0.636011,-59.172932
sh.601939,建设银行,2026-04-01,9.58,9.67,9.43,9.45,122939013.0,1171653737.62,1.2815,-2.0725,7.294423,0.713778,3.248311,5.0206
sh.601939,建设银行,2026-04-02,9.45,9.62,9.42,9.58,86416345.0,825714632.74,0.9008,1.3757,7.394769,0.723597,3.292996,5.089667
sh.601949,中国出版,2026-04-01,6.42,6.43,6.31,6.34,7021100.0,44606707.0,0.3688,0.0,21.210543,1.251555,2.178849,737.244073
sh.601949,中国出版,2026-04-02,6.32,6.34,6.22,6.24,7297300.0,45728994.0,0.3833,-1.5773,20.875991,1.231814,2.144482,725.615617
sh.601952,苏垦农发,2026-04-01,10.3,10.33,9.97,10.02,29699200.0,298669930.0,2.1552,-1.7647,24.942717,2.032612,1.355581,-173.791012
sh.601952,苏垦农发,2026-04-02,10.03,10.38,9.99,10.24,31768500.0,324269697.49,2.3054,2.1956,25.490362,2.07724,1.385344,-177.606783
sh.601956,东贝集团,2026-04-01,6.61,6.65,6.54,6.61,5850520.0,38544815.8,0.9412,1.2251,32.063539,1.614122,0.656809,-43.629105
sh.601956,东贝集团,2026-04-02,6.61,6.62,6.45,6.51,6017600.0,39283133.0,0.9681,-1.5129,31.578463,1.589703,0.646873,-42.969058
sh.601958,金钼股份,2026-04-01,19.05,19.25,18.76,19.13,30561432.0,581322731.08,0.9472,2.8495,19.360501,3.414304,4.391505,31.506004
sh.601958,金钼股份,2026-04-02,19.04,19.04,18.52,18.68,29485879.0,552012164.22,0.9138,-2.3523,18.905079,3.333989,4.288202,30.76488
sh.601963,重庆银行,2026-04-01,10.48,10.5,10.28,10.34,15723600.0,163075378.0,0.773,-1.2416,6.630493,0.682872,2.480588,10.382658
sh.601963,重庆银行,2026-04-02,10.3,10.45,10.28,10.41,12714846.0,131917248.48,0.6251,0.677,6.67538,0.687495,2.497381,10.452947
sh.601965,中国汽研,2026-04-01,17.46,17.81,17.46,17.63,7544515.0,133129284.67,0.7557,2.3215,16.681094,2.359556,3.559879,96.932661
sh.601965,中国汽研,2026-04-02,17.61,17.66,17.0,17.16,6483953.0,111970205.53,0.6494,-2.6659,16.236391,2.296653,3.464976,94.348524
sh.601966,玲珑轮胎,2026-04-01,14.1,14.22,14.08,14.19,10003349.0,141629628.63,0.6835,1.5021,17.19315,0.892568,0.855675,-34.866064
sh.601966,玲珑轮胎,2026-04-02,14.19,14.19,14.02,14.08,7470803.0,105317467.27,0.5105,-0.7752,17.059869,0.885649,0.849042,-34.595785
sh.601968,宝钢包装,2026-04-01,5.3,5.33,5.24,5.29,6397600.0,33832054.0,0.5015,0.9542,35.303305,1.478119,0.772277,35.617984
sh.601968,宝钢包装,2026-04-02,5.31,5.34,5.22,5.24,5400500.0,28437362.0,0.4233,-0.9452,34.969626,1.464148,0.764978,35.28133
sh.601969,海南矿业,2026-04-01,11.54,11.64,11.24,11.27,24612967.0,279834840.59,1.2478,-0.9666,52.082831,3.253844,5.083559,32.668238
sh.601969,海南矿业,2026-04-02,11.3,11.64,11.23,11.35,31822641.0,363184079.09,1.6133,0.7098,52.45254,3.276942,5.119645,32.900133
sh.601975,招商南油,2026-04-01,4.32,4.66,4.32,4.51,347315388.0,1577862800.71,7.4207,4.8837,16.094976,1.813924,3.627151,119.733429
sh.601975,招商南油,2026-04-02,4.4,4.96,4.4,4.8,604098733.0,2918003310.16,12.9071,6.4302,17.129908,1.930562,3.860383,127.432475
sh.601985,中国核电,2026-04-01,9.07,9.1,8.93,8.95,156237711.0,1406673035.28,0.8274,-1.105,23.461382,1.592764,2.247089,19.525229
sh.601985,中国核电,2026-04-02,8.96,9.01,8.9,9.01,117201785.0,1050054439.94,0.6207,0.6704,23.618665,1.603441,2.262153,19.656125
sh.601988,中国银行,2026-04-01,5.89,5.95,5.85,5.87,343189269.0,2022103026.15,0.1628,0.0,7.782812,0.70205,2.873095,-29.513261
sh.601988,中国银行,2026-04-02,5.87,5.97,5.84,5.94,292924188.0,1738174185.05,0.139,1.1925,7.875623,0.710422,2.907356,-29.865208
sh.601990,南京证券,2026-04-01,7.39,7.4,7.32,7.35,12161930.0,89427839.41,0.3299,0.2729,26.534299,1.804411,9.503338,8.2909
sh.601990,南京证券,2026-04-02,7.33,7.34,7.26,7.28,11172663.0,81481993.64,0.3031,-0.9524,26.281591,1.787226,9.41283,8.211939
sh.601991,大唐发电,2026-04-01,4.02,4.05,3.89,3.94,195175036.0,770265918.73,1.5745,0.0,9.871908,2.141636,0.601346,43.596569
sh.601991,大唐发电,2026-04-02,3.94,3.97,3.81,3.84,185368120.0,717247233.5,1.4954,-2.5381,9.621352,2.08728,0.586083,42.490057
sh.601992,金隅集团,2026-04-01,1.82,1.84,1.78,1.79,77447350.0,139062881.0,0.9293,-0.5556,-18.933972,0.468625,0.209775,-15.617186
sh.601992,金隅集团,2026-04-02,1.79,1.79,1.76,1.76,64847149.0,114936531.73,0.7781,-1.676,-18.616642,0.460771,0.206259,-15.355446
sh.601995,中金公司,2026-04-01,32.8,32.87,32.44,32.68,11504732.0,375771259.05,0.3935,0.8953,16.11299,1.578215,5.538933,6.072707
sh.601995,中金公司,2026-04-02,32.55,32.57,32.22,32.39,8375433.0,271056816.58,0.2865,-0.8874,15.970005,1.56421,5.489781,6.018819
sh.601996,丰林集团,2026-04-01,2.61,2.67,2.5,2.52,52836345.0,134228470.4,4.7137,-2.7027,-21.983193,1.138763,1.664554,44.058704
sh.601996,丰林集团,2026-04-02,2.56,2.57,2.45,2.5,39061799.0,97709738.5,3.4848,-0.7937,-21.808723,1.129725,1.651344,43.709032
sh.601997,贵阳银行,2026-04-01,5.83,5.85,5.79,5.82,23618641.0,137454212.6,0.646,0.0,4.165511,0.336827,1.584512,8.105461
sh.601997,贵阳银行,2026-04-02,5.81,5.84,5.77,5.79,23134650.0,134336383.5,0.6328,-0.5155,4.14404,0.33509,1.576345,8.06368
sh.601998,中信银行,2026-04-01,8.26,8.48,8.25,8.3,60589643.0,506505381.54,0.1486,0.0,6.540186,0.63804,2.17369,6.632701
sh.601998,中信银行,2026-04-02,8.29,8.43,8.29,8.37,35644404.0,298785009.18,0.0874,0.8434,6.595344,0.643421,2.192023,6.688639
sh.601999,出版传媒,2026-04-01,7.99,8.05,7.85,7.95,13914416.0,110284241.72,2.5257,1.4031,32.375348,1.653162,1.887359,63.415991
sh.601999,出版传媒,2026-04-02,7.92,7.92,7.54,7.59,13573985.0,103777484.79,2.4639,-4.5283,30.909295,1.578302,1.801894,60.544323
sh.603000,人民网,2026-04-01,19.94,19.97,19.62,19.75,15185007.0,299721660.57,1.3733,0.6113,116.957189,5.946593,10.65719,52.855629
sh.603000,人民网,2026-04-02,19.62,19.65,19.08,19.18,16856761.0,324932749.57,1.5245,-2.8861,113.581715,5.77497,10.349615,51.330176
sh.603001,奥康国际,2026-04-01,9.09,9.27,9.0,9.06,4925500.0,44982097.0,1.2284,0.4435,-12.562111,1.527562,1.705615,22.439446
sh.603001,奥康国际,2026-04-02,9.06,9.06,8.83,8.95,4387500.0,39216763.0,1.0942,-1.2141,-12.409591,1.509016,1.684907,22.167003
sh.603002,宏昌电子,2026-04-01,10.09,10.4,10.07,10.14,34875300.0,356516857.81,3.0752,3.0488,299.42668,3.33851,4.307917,-16.932371
sh.603002,宏昌电子,2026-04-02,10.2,10.2,9.59,9.71,29689656.0,292138517.54,2.618,-4.2406,286.729099,3.196937,4.125234,-16.214332
sh.603004,鼎龙科技,2026-04-01,21.8,22.05,21.75,22.02,1989511.0,43613539.79,3.3789,2.0389,29.152966,2.504228,6.867561,264.402231
sh.603004,鼎龙科技,2026-04-02,21.9,22.27,21.64,21.77,1577607.0,34584122.18,2.6794,-1.1353,28.821983,2.475797,6.789591,261.400389
sh.603005,晶方科技,2026-04-01,26.93,27.2,26.76,27.01,18030496.0,485689100.56,2.7647,2.4659,47.657777,3.822568,11.951498,-54.72477
sh.603005,晶方科技,2026-04-02,26.9,26.96,25.94,26.07,22600220.0,596004138.33,3.4654,-3.4802,45.999195,3.689535,11.535562,-52.820242
sh.603006,联明股份,2026-04-01,12.77,13.02,12.77,12.92,2419101.0,31183566.88,0.9514,2.2152,44.420106,2.519234,3.863613,46.843017
sh.603006,联明股份,2026-04-02,12.8,13.05,12.73,12.84,2209300.0,28444352.0,0.8689,-0.6192,44.145059,2.503635,3.839689,46.552968
sh.603007,*ST花王,2026-04-01,6.46,6.48,6.29,6.4,13504367.0,86061539.36,1.9428,0.1565,-24.825247,19.620779,13.802246,-52.929331
sh.603007,*ST花王,2026-04-02,6.38,6.42,6.23,6.25,11650670.0,73749857.42,1.6761,-2.3438,-24.243406,19.160917,13.478755,-51.688799
sh.603008,喜临门,2026-04-01,15.24,15.44,14.6,15.2,16069273.0,242637127.94,4.3632,1.7403,16.153973,1.431716,0.625546,11.092736
sh.603008,喜临门,2026-04-02,13.68,13.68,13.68,13.68,16374200.0,223999056.0,4.446,-10.0,14.538575,1.288544,0.562991,9.983462
sh.603009,北特科技,2026-04-01,44.8,46.84,44.7,46.72,8097155.0,371876030.26,2.3927,5.941,156.668624,9.425054,7.102571,325.373374
sh.603009,北特科技,2026-04-02,46.61,47.92,45.8,47.02,5744500.0,268365541.0,1.6975,0.6421,157.674629,9.485575,7.148179,327.462672
sh.603010,万盛股份,2026-04-01,11.0,11.95,10.99,11.68,16027142.0,185359745.67,2.7184,6.4722,-7.170594,2.620315,2.038694,-1288.519688
sh.603010,万盛股份,2026-04-02,11.79,11.81,11.48,11.61,8656700.0,100551674.33,1.4683,-0.5993,-7.12762,2.604611,2.026476,-1280.797395
sh.603011,合锻智能,2026-04-01,21.29,21.7,20.82,21.37,25611553.0,543577292.86,5.1802,3.2866,-74.936385,5.031332,4.633658,36.468549
sh.603011,合锻智能,2026-04-02,21.1,21.3,20.4,20.49,19732771.0,409732618.28,3.9911,-4.1179,-71.850563,4.824145,4.442847,34.966802
sh.603012,创力集团,2026-04-01,7.69,7.92,7.66,7.88,18599839.0,144820979.11,2.877,3.548,31.971948,1.339976,1.593719,-27.541408
sh.603012,创力集团,2026-04-02,7.87,7.87,7.63,7.69,17247400.0,133283429.0,2.6678,-2.4112,31.201051,1.307667,1.555292,-26.877338
sh.603013,亚普股份,2026-04-01,19.23,19.5,19.15,19.36,2874000.0,55537343.0,0.5655,2.1097,18.62724,2.180252,1.077293,-87.288731
sh.603013,亚普股份,2026-04-02,19.33,19.34,18.83,18.98,2822100.0,53671424.35,0.5553,-1.9628,18.261623,2.137458,1.056148,-85.57542
sh.603014,威高血净,2026-04-01,37.1,37.46,36.92,37.37,1062462.0,39563583.62,2.6988,1.5489,32.369018,2.193022,4.14238,45.232336
sh.603014,威高血净,2026-04-02,37.35,37.57,36.89,36.99,1000874.0,37172775.2,2.5424,-1.0169,32.03987,2.170722,4.100258,44.772387
sh.603015,弘讯科技,2026-04-01,12.4,12.48,12.27,12.47,3198000.0,39623760.0,0.7912,2.0458,108.576824,3.614465,6.248361,132.49748
sh.603015,弘讯科技,2026-04-02,12.51,12.52,12.05,12.13,4030500.0,49327973.0,0.9971,-2.7265,105.61643,3.515915,6.077997,128.884879
sh.603016,新宏泰,2026-04-01,47.65,50.9,44.42,47.52,11419200.0,549908044.0,7.7073,-1.2674,106.251479,8.537447,11.213525,23.458554
sh.603016,新宏泰,2026-04-02,46.74,52.27,46.41,51.1,13173174.0,662538366.29,8.8912,7.5337,114.256115,9.18063,12.058315,25.225844
sh.603017,中衡设计,2026-04-01,16.5,17.95,15.71,17.57,60644043.0,1020066082.06,21.9573,7.6593,119.178667,3.277812,4.066403,94.957935
sh.603017,中衡设计,2026-04-02,16.86,17.17,15.81,16.16,47491360.0,773346183.02,17.1952,-8.025,109.614528,3.014766,3.740072,87.33752
sh.603018,华设集团,2026-04-01,7.34,7.39,7.28,7.37,7517458.0,55069155.79,1.0994,1.0974,14.987862,0.957042,1.177636,26.322145
sh.603018,华设集团,2026-04-02,7.36,7.36,7.19,7.25,5411482.0,39306292.43,0.7914,-1.6282,14.743826,0.941459,1.158462,25.893562
sh.603019,中科曙光,2026-04-01,80.14,80.81,79.63,80.39,25126229.0,2015607599.78,1.7178,2.2774,55.673749,5.583891,7.856986,272.066826
sh.603019,中科曙光,2026-04-02,80.02,80.02,77.86,78.08,24308584.0,1910835080.54,1.6619,-2.8735,54.073968,5.423439,7.631216,264.249008
sh.603020,爱普股份,2026-04-01,11.12,11.3,11.0,11.26,5209000.0,58301913.0,1.3592,1.9005,23.676121,1.304981,1.745567,92.017307
sh.603020,爱普股份,2026-04-02,11.3,11.88,11.25,11.48,11293824.0,130015668.76,2.9469,1.9538,24.13871,1.330478,1.779672,93.815159
sh.603021,ST华鹏,2026-04-01,7.02,7.22,7.0,7.16,8853700.0,62920697.92,2.7672,3.3189,-15.704766,-55.946165,5.809223,-131.594642
sh.603021,ST华鹏,2026-04-02,7.15,7.26,7.1,7.24,7406240.0,53177491.8,2.3148,1.1173,-15.880238,-56.571261,5.874131,-133.064973
sh.603022,新通联,2026-04-01,10.71,10.73,10.38,10.49,4636800.0,48748836.0,2.3184,-0.4744,39.993769,2.558853,2.204938,-72.30463
sh.603022,新通联,2026-04-02,10.49,10.55,10.03,10.19,5558100.0,56974739.0,2.7791,-2.8599,38.85,2.485674,2.14188,-70.236814
sh.603023,威帝股份,2026-04-01,5.39,5.4,5.23,5.36,18622796.0,98906231.84,3.3367,1.5152,1351.790308,3.885727,23.128215,-40.93691
sh.603023,威帝股份,2026-04-02,5.38,5.38,4.82,4.83,59525494.0,295893027.9,10.6654,-9.8881,1218.124475,3.501504,20.841284,-36.889044
sh.603025,大豪科技,2026-04-01,13.98,14.14,13.95,14.03,9253760.0,130004574.24,0.8343,1.9622,22.062114,5.756143,5.219203,-105.737305
sh.603025,大豪科技,2026-04-02,14.03,14.03,13.65,13.73,7662516.0,105561143.09,0.6908,-2.1383,21.590365,5.633061,5.107602,-103.47635
sh.603026,石大胜华,2026-04-01,87.51,89.5,84.24,85.93,19788956.0,1719396215.6,8.504,-0.8309,1257.730793,4.071942,2.936965,83.025422
sh.603026,石大胜华,2026-04-02,85.6,88.58,84.67,86.27,19749878.0,1709508146.84,8.4872,0.3957,1262.707268,4.088054,2.948586,83.353929
sh.603027,千禾味业,2026-04-01,9.49,9.52,9.36,9.48,10515528.0,99442128.23,0.8415,1.4989,29.928585,3.715017,4.558974,-26.581094
sh.603027,千禾味业,2026-04-02,9.49,9.67,9.42,9.6,11569588.0,110550246.74,0.9259,1.2658,30.307428,3.762043,4.616683,-26.917564
sh.603028,赛福天,2026-04-01,8.65,8.69,8.49,8.57,4516200.0,38662252.0,1.5891,0.7051,-15.371552,4.803393,1.35327,111.417102
sh.603028,赛福天,2026-04-02,8.52,8.59,8.29,8.36,4900400.0,41205111.0,1.7243,-2.4504,-14.994886,4.68569,1.32011,108.686928
sh.603029,天鹅股份,2026-04-01,18.92,19.11,18.56,18.77,3132100.0,58714612.0,2.5812,1.4595,30.518131,2.391064,2.375711,-145.511011
sh.603029,天鹅股份,2026-04-02,18.82,18.87,18.11,18.33,2571400.0,47438194.0,2.1191,-2.3442,29.802735,2.335013,2.32002,-142.099991
sh.603030,全筑股份,2026-04-01,2.47,2.49,2.41,2.44,24313398.0,59161724.16,1.8462,0.0,-19.389456,3.628221,3.726109,-203.780388
sh.603030,全筑股份,2026-04-02,2.44,2.46,2.36,2.37,17632097.0,42303302.77,1.3389,-2.8689,-18.833201,3.524133,3.619212,-197.934229
sh.603031,安孚科技,2026-04-01,47.48,48.0,46.87,47.46,5215468.0,247677512.08,2.4054,2.7718,54.14433,4.457377,2.562784,21.983153
sh.603031,安孚科技,2026-04-02,47.0,49.96,46.9,48.4,7284805.0,353983967.88,3.3598,1.9806,55.216721,4.54566,2.613543,22.418554
sh.603032,德新科技,2026-04-01,17.8,18.01,17.63,17.89,4492900.0,80074592.0,1.9394,1.9373,-32.035857,3.670508,7.62731,-227.530782
sh.603032,德新科技,2026-04-02,17.79,17.93,17.28,17.42,3729640.0,65565021.6,1.6099,-2.6272,-31.194222,3.574077,7.426928,-221.553171
sh.603033,三维股份,2026-04-01,9.94,9.97,9.75,9.75,3388900.0,33264431.0,0.3347,-0.7128,-31.938018,3.454656,2.077957,304.294491
sh.603033,三维股份,2026-04-02,9.71,10.23,9.54,9.8,12117718.0,118648727.74,1.1968,0.5128,-32.101803,3.472372,2.088613,305.854975
sh.603035,常熟汽饰,2026-04-01,14.13,14.23,14.06,14.19,3533468.0,49999441.8,0.9645,0.9964,13.395951,0.978859,0.787405,19.050751
sh.603035,常熟汽饰,2026-04-02,14.19,14.19,13.96,14.07,2693100.0,37863466.0,0.7351,-0.8457,13.282666,0.970581,0.780746,18.889645
sh.603036,如通股份,2026-04-01,18.07,18.31,17.8,18.3,3680600.0,66377563.0,1.7866,1.7798,32.737423,2.747906,8.722922,68.093028
sh.603036,如通股份,2026-04-02,18.18,18.48,18.01,18.16,2037700.0,37000218.0,0.9891,-0.765,32.486972,2.726884,8.656189,67.572098
sh.603037,凯众股份,2026-04-01,13.3,13.42,13.17,13.29,4454644.0,59176463.4,1.6738,1.6055,48.208282,3.603831,4.307543,18.347083
sh.603037,凯众股份,2026-04-02,13.27,13.3,12.9,13.01,4096997.0,53515872.55,1.5394,-2.1068,47.192857,3.527922,4.216812,17.960633
sh.603038,华立股份,2026-04-01,15.09,15.12,14.72,14.85,2864200.0,42480412.0,1.066,0.1349,113.936285,2.863887,2.83184,-666.476859
sh.603038,华立股份,2026-04-02,14.74,14.98,14.56,14.65,2059250.0,30375390.0,0.7664,-1.3468,112.401789,2.825316,2.793701,-657.500739
sh.603039,泛微网络,2026-04-01,44.25,46.8,43.66,46.44,20488834.0,924147459.16,7.992,6.8815,41.23995,4.907988,5.206134,-107.638595
sh.603039,泛微网络,2026-04-02,45.15,45.3,43.52,44.24,11077042.0,488675503.71,4.3208,-4.7373,39.286292,4.675483,4.959504,-102.539436
sh.603040,新坐标,2026-04-01,80.3,82.9,79.5,82.11,1904038.0,154818692.0,1.4027,3.4001,43.231846,7.701782,14.422735,-5396.902758
sh.603040,新坐标,2026-04-02,82.15,82.3,79.3,80.55,1378300.0,111020587.0,1.0154,-1.8999,42.410488,7.555456,14.148718,-5294.367521
sh.603041,美思德,2026-04-01,12.82,12.97,12.72,12.82,2251660.0,28905735.8,1.2294,1.0244,74.150636,1.562151,3.777962,-85.31974
sh.603041,美思德,2026-04-02,12.79,12.87,12.38,12.56,2470700.0,31156034.0,1.349,-2.0281,72.646801,1.53047,3.701342,-83.589387
sh.603042,华脉科技,2026-04-01,20.65,20.92,19.53,19.78,17034517.0,339265178.65,10.6075,-2.4174,-233.251668,3.681838,3.631192,-74.765899
sh.603042,华脉科技,2026-04-02,19.59,21.76,19.48,21.76,31243348.0,666048869.69,19.4554,10.0101,-256.600419,4.050394,3.994679,-82.250049
sh.603043,广州酒家,2026-04-01,15.7,15.8,15.57,15.7,3892820.0,61022105.0,0.6903,0.641,18.299291,2.268252,1.65923,56.561039
sh.603043,广州酒家,2026-04-02,15.67,15.67,15.42,15.51,3558540.0,55169605.2,0.631,-1.2102,18.077834,2.240802,1.63915,55.876542
sh.603045,福达合金,2026-04-01,28.69,29.65,28.28,29.53,5969700.0,173339663.0,4.4075,4.7163,67.144613,3.925838,0.858645,136.163296
sh.603045,福达合金,2026-04-02,29.31,29.79,28.41,28.57,4869507.0,141422895.03,3.5952,-3.2509,64.961788,3.798212,0.830731,131.736721
sh.603048,浙江黎明,2026-04-01,22.02,22.08,21.58,21.93,2533200.0,55302664.0,1.7247,2.1901,103.385375,2.550586,4.430908,-163.268007
sh.603048,浙江黎明,2026-04-02,22.0,22.18,21.6,21.74,2621345.0,57261445.5,1.7847,-0.8664,102.489651,2.528488,4.392519,-161.853465
sh.603049,中策橡胶,2026-04-01,48.5,49.78,48.39,49.55,3567517.0,175496346.61,4.0796,3.1003,10.604364,1.794762,0.99282,19.817995
sh.603049,中策橡胶,2026-04-02,49.42,49.47,48.62,49.19,1999968.0,97838508.0,2.287,-0.7265,10.527319,1.781723,0.985607,19.67401
sh.603050,科林电气,2026-04-01,20.2,20.65,19.97,20.15,3431742.0,69391185.78,0.8509,1.2054,31.502484,4.32851,1.852132,71.762096
sh.603050,科林电气,2026-04-02,20.07,20.42,19.63,19.77,3585186.0,71503200.68,0.8889,-1.8859,30.908393,4.246881,1.817204,70.408766
sh.603051,鹿山新材,2026-04-01,21.42,21.85,21.29,21.75,4764709.0,103172418.13,2.9479,2.8855,-1444.562051,2.17833,2.159993,40.703964
sh.603051,鹿山新材,2026-04-02,21.62,21.77,20.76,20.94,4291160.0,90951448.4,2.6549,-3.7241,-1390.764567,2.097206,2.079552,39.188092
sh.603052,可川科技,2026-04-01,68.0,68.15,63.01,64.25,10295816.0,671952522.4,5.4795,-2.0878,353.788555,11.097551,13.516895,-47.760156
sh.603052,可川科技,2026-04-02,63.54,65.45,61.5,62.09,6914455.0,436559462.0,3.6799,-3.3619,341.894652,10.724466,13.062475,-46.154523
sh.603053,成都燃气,2026-04-01,10.05,10.17,10.02,10.15,4734193.0,47790545.51,0.5326,0.995,18.594271,1.870171,1.72046,56.051528
sh.603053,成都燃气,2026-04-02,10.16,10.28,10.11,10.21,5115100.0,52187197.0,0.5754,0.5911,18.704188,1.881226,1.73063,56.382867
sh.603055,台华新材,2026-04-01,9.54,9.63,9.31,9.37,9242245.0,87276969.2,1.0419,-0.213,15.861403,1.620662,1.256624,260.075852
sh.603055,台华新材,2026-04-02,9.37,9.4,8.83,9.03,16711883.0,150900032.11,1.884,-3.6286,15.285857,1.561854,1.211027,250.638752
sh.603057,紫燕食品,2026-04-01,25.55,25.55,24.64,25.01,2012300.0,50292271.0,0.4884,1.9152,53.770458,5.139483,3.230022,71.506753
sh.603057,紫燕食品,2026-04-02,24.92,27.07,24.68,26.93,6917421.0,182099108.64,1.679,7.6769,57.898379,5.534037,3.477989,76.996276
sh.603058,永吉股份,2026-04-01,12.08,12.41,11.99,12.18,8860500.0,107813928.0,2.1421,3.1329,38.67061,4.04271,5.19317,-130.738839
sh.603058,永吉股份,2026-04-02,12.0,12.25,11.61,11.73,8309100.0,98220509.0,2.0088,-3.6946,37.241893,3.893348,5.001304,-125.908586
sh.603059,倍加洁,2026-04-01,31.87,33.24,31.61,33.07,2861500.0,93166002.0,2.8487,5.5875,-79.089379,3.156768,2.251233,86.36608
sh.603059,倍加洁,2026-04-02,33.15,33.88,31.95,32.21,1555600.0,50582884.0,1.5487,-2.6005,-77.032624,3.074674,2.192689,84.120092
sh.603060,国检集团,2026-04-01,6.31,6.35,6.24,6.29,4323094.0,27151709.31,0.5377,0.9631,43.275375,2.561142,1.942408,13.059335
sh.603060,国检集团,2026-04-02,6.27,6.32,6.23,6.27,3595273.0,22551681.44,0.4472,-0.318,43.137774,2.552999,1.936232,13.017811
sh.603061,金海通,2026-04-01,279.92,297.0,272.07,278.88,3284563.0,919351502.9,5.4743,3.1628,94.789825,10.365404,23.96645,-154.628711
sh.603061,金海通,2026-04-02,277.61,277.78,267.05,272.0,1504500.0,408097646.0,2.5075,-2.467,92.451349,10.109689,23.375195,-150.814004
sh.603062,麦加芯彩,2026-04-01,47.21,48.44,47.06,47.3,1370300.0,65303470.0,3.6962,2.1819,24.302503,2.445265,2.984171,-16.044831
sh.603062,麦加芯彩,2026-04-02,47.3,47.3,45.9,46.32,910300.0,42228342.0,2.4554,-2.0719,23.798984,2.394602,2.922342,-15.712401
sh.603063,禾望电气,2026-04-01,31.22,32.68,30.41,31.9,30059731.0,944419914.25,6.5548,3.3701,27.548667,2.837364,3.5099,17.164214
sh.603063,禾望电气,2026-04-02,31.41,31.84,30.35,30.55,19520020.0,603703795.03,4.2546,-4.232,26.395031,2.718546,3.362919,16.44544
sh.603065,宿迁联盛,2026-04-01,8.23,8.27,8.09,8.19,3936200.0,32236772.0,0.9395,0.738,93.938947,1.697224,2.448365,-48.784016
sh.603065,宿迁联盛,2026-04-02,8.18,8.23,8.07,8.15,3441897.0,27992999.49,0.8215,-0.4884,93.480148,1.688935,2.436407,-48.545755
sh.603066,音飞储存,2026-04-01,10.13,10.19,10.04,10.12,2841980.0,28723271.4,0.9661,0.6965,452.639855,2.074645,2.421752,-93.770626
sh.603066,音飞储存,2026-04-02,10.05,10.14,9.84,9.93,2234966.0,22299283.38,0.7597,-1.8775,444.141675,2.035694,2.376284,-92.01011
sh.603067,振华股份,2026-04-01,32.36,33.3,32.12,32.45,21578532.0,706433476.31,3.036,3.4098,44.476712,6.640164,5.375982,-554.825628
sh.603067,振华股份,2026-04-02,32.63,32.88,31.33,31.53,14961797.0,476709962.07,2.105,-2.8351,43.215739,6.451907,5.223566,-539.095595
sh.603068,博通集成,2026-04-01,31.6,31.75,31.26,31.48,1573150.0,49526968.5,1.0364,1.877,256.229529,2.83732,5.453469,-57.792802
sh.603068,博通集成,2026-04-02,31.42,31.47,30.44,30.62,2067500.0,63754049.0,1.3621,-2.7319,249.229612,2.759807,5.304486,-56.213964
sh.603069,海汽集团,2026-04-01,17.8,17.85,17.44,17.78,3060500.0,53989117.0,0.9685,1.2528,-40.18389,6.942542,8.227038,270.407434
sh.603069,海汽集团,2026-04-02,17.64,17.74,17.35,17.45,3315149.0,58022959.52,1.0491,-1.856,-39.43807,6.813687,8.074343,265.388623
sh.603070,万控智造,2026-04-01,14.86,14.91,14.66,14.8,2321700.0,34353145.0,0.579,1.6484,64.162461,2.755444,3.016287,-27.133475
sh.603070,万控智造,2026-04-02,14.78,14.92,14.34,14.46,2545400.0,37059912.0,0.6348,-2.2973,62.688458,2.692143,2.946994,-26.510138
sh.603071,物产环能,2026-04-01,13.88,14.0,13.55,13.71,5817690.0,79817704.5,1.0427,-1.3669,11.623056,1.356369,0.18779,-44.005141
sh.603071,物产环能,2026-04-02,13.65,14.07,13.6,13.72,4039390.0,55767962.0,0.724,0.0729,11.631534,1.357359,0.187927,-44.037238
sh.603072,天和磁材,2026-04-01,36.2,36.5,36.08,36.3,1782036.0,64686967.59,1.4117,1.5101,64.229163,4.482389,4.239152,22.834646
sh.603072,天和磁材,2026-04-02,36.14,36.43,35.51,35.74,1459218.0,52398006.58,1.156,-1.5427,63.2383,4.413239,4.173755,22.482376
sh.603073,彩蝶实业,2026-04-01,20.16,20.37,19.85,20.12,1778200.0,35871836.0,3.494,1.9767,24.06324,1.688449,2.897833,204.493562
sh.603073,彩蝶实业,2026-04-02,20.2,20.24,19.27,19.75,2221803.0,43822881.25,4.3656,-1.839,23.620725,1.657399,2.844543,200.732994
sh.603075,热威股份,2026-04-01,21.95,22.1,21.65,21.98,2114160.0,46216969.2,5.1258,1.2903,27.884092,4.221251,4.302106,-3117.377102
sh.603075,热威股份,2026-04-02,21.94,22.33,21.77,22.06,1484532.0,32657733.4,3.5993,0.364,27.985581,4.236615,4.317764,-3128.723334
sh.603076,乐惠国际,2026-04-01,28.5,29.06,28.49,28.7,5194209.0,149209516.91,4.3034,1.773,244.4701,2.671717,2.320191,-277.305527
sh.603076,乐惠国际,2026-04-02,28.72,28.78,27.81,28.05,4538156.0,127504572.86,3.7598,-2.2648,238.933321,2.611207,2.267643,-271.025088
sh.603077,和邦生物,2026-04-01,2.86,2.87,2.78,2.81,204976546.0,577257546.26,2.3209,0.0,-256.518476,1.366687,3.239686,5.592474
sh.603077,和邦生物,2026-04-02,2.8,2.82,2.73,2.75,179160188.0,496117693.6,2.0286,-2.1352,-251.041398,1.337506,3.170514,5.473066
sh.603078,江化微,2026-04-01,22.1,22.24,21.88,22.1,6340051.0,139889467.69,1.644,1.8903,93.490679,4.39755,7.16884,-44.560656
sh.603078,江化微,2026-04-02,22.0,22.06,21.3,21.53,5913470.0,128023794.9,1.5334,-2.5792,91.079381,4.284129,6.983942,-43.411354
sh.603079,圣达生物,2026-04-01,16.97,17.25,16.76,17.2,2743442.0,46841435.4,1.4513,2.9324,53.226843,2.063546,3.871453,8.636756
sh.603079,圣达生物,2026-04-02,17.2,17.61,17.06,17.23,2741500.0,47301472.0,1.4503,0.1744,53.319681,2.067145,3.878205,8.65182
sh.603080,新疆火炬,2026-04-01,21.62,21.84,21.52,21.76,1560100.0,33856655.0,1.1025,1.3979,16.764857,2.021117,1.970001,310.283641
sh.603080,新疆火炬,2026-04-02,21.8,22.09,21.45,21.54,1700100.0,36936664.0,1.2015,-1.011,16.59536,2.000683,1.950084,307.146582
sh.603081,大丰实业,2026-04-01,11.9,11.94,11.67,11.94,4574300.0,53982122.0,1.0827,2.3136,48.468806,1.577891,2.127987,39.732196
sh.603081,大丰实业,2026-04-02,11.85,11.97,11.69,11.82,5631000.0,66541489.0,1.3328,-1.005,47.981682,1.562032,2.1066,39.332878
sh.603082,北自科技,2026-04-01,34.56,35.48,34.56,35.05,1167800.0,40945423.0,2.8794,2.6655,34.270599,3.567248,2.82781,18.629361
sh.603082,北自科技,2026-04-02,35.68,36.17,35.29,35.61,1803011.0,64576501.34,4.4456,1.5977,33.523429,3.504981,2.743512,-55.816993
sh.603083,剑桥科技,2026-04-01,104.6,105.5,102.82,105.24,19626182.0,2047724241.17,7.1216,3.5827,140.853922,4.982002,7.69434,8.667806
sh.603083,剑桥科技,2026-04-02,104.05,107.56,101.6,102.23,19596731.0,2042944080.56,7.1109,-2.8601,136.825318,4.83951,7.474272,8.419895
sh.603085,天成自控,2026-04-01,11.0,11.38,10.99,11.26,10714400.0,120184207.4,2.6982,4.2593,588.518155,5.016082,1.701733,-267.388616
sh.603085,天成自控,2026-04-02,11.2,11.26,10.87,10.97,6390450.0,70571174.8,1.6093,-2.5755,573.360938,4.886894,1.657905,-260.502053
sh.603086,先达股份,2026-04-01,7.59,7.65,7.5,7.59,9046840.0,68424833.6,2.0806,0.9309,20.145084,1.527142,1.301958,126.68869
sh.603086,先达股份,2026-04-02,7.57,7.61,7.42,7.46,7506480.0,56351585.0,1.7264,-1.7128,19.800044,1.500986,1.279659,124.518791
sh.603087,甘李药业,2026-04-01,64.5,65.5,63.44,65.38,11652087.0,755081694.24,2.0887,2.1563,42.184495,3.461305,10.15023,585.363193
sh.603087,甘李药业,2026-04-02,65.0,65.31,64.2,64.53,7774978.0,502858793.26,1.3937,-1.3001,41.636057,3.416305,10.018267,577.752935
sh.603088,宁波精达,2026-04-01,12.28,12.59,12.05,12.18,21673879.0,267454589.46,4.9498,2.6116,50.244642,5.590043,7.797142,79.524945
sh.603088,宁波精达,2026-04-02,12.2,12.37,11.9,12.2,18000600.0,218808355.23,4.1109,0.1642,50.327145,5.599222,7.809946,79.655527
sh.603089,正裕工业,2026-04-01,12.37,12.49,12.24,12.34,2146159.0,26492109.56,0.8941,0.817,21.721635,2.274325,1.243937,39.44524
sh.603089,正裕工业,2026-04-02,12.37,12.37,12.01,12.1,2157400.0,26308528.0,0.8988,-1.9449,21.299172,2.230092,1.219744,38.678072
sh.603090,宏盛股份,2026-04-01,61.56,63.0,61.3,61.7,2664700.0,164869213.0,2.6647,2.3048,74.891991,9.746574,8.07756,-116.910476
sh.603090,宏盛股份,2026-04-02,61.5,61.5,58.68,59.12,2817900.0,167970941.0,2.8179,-4.1815,71.760365,9.339019,7.739795,-112.021837
sh.603091,众鑫股份,2026-04-01,71.99,73.58,71.58,73.03,378206.0,27579569.0,1.2029,2.8447,26.13299,3.526783,5.136852,-24.956298
sh.603091,众鑫股份,2026-04-02,73.99,73.99,72.02,72.4,216395.0,15785170.4,0.6882,-0.8627,25.907552,3.496359,5.092538,-24.74101
sh.603092,德力佳,2026-04-01,66.65,67.42,66.27,66.78,1718841.0,115022022.72,5.1382,1.5202,34.166648,7.576724,5.007203,174.999677
sh.603092,德力佳,2026-04-02,66.33,67.5,65.2,65.7,1878368.0,124487810.74,5.615,-1.6173,33.614088,7.454189,4.926224,172.169494
sh.603093,南华期货,2026-04-01,19.72,20.13,19.62,19.9,7686270.0,152818429.7,1.2599,1.8424,29.372422,2.552377,10.293817,3.780436
sh.603093,南华期货,2026-04-02,19.7,19.99,18.85,19.02,8006160.0,154579638.4,1.3123,-4.4221,28.073541,2.439508,9.838613,3.613261
sh.603095,越剑智能,2026-04-01,18.19,18.27,17.84,17.95,2139340.0,38588347.8,0.8283,0.673,43.304501,1.999467,3.666781,-10.437639
sh.603095,越剑智能,2026-04-02,17.95,18.14,17.42,17.5,2014436.0,35509641.92,0.78,-2.507,42.218873,1.949341,3.574857,-10.175971
sh.603096,新经典,2026-04-01,17.5,17.7,17.4,17.59,1306200.0,22940943.6,0.8469,1.3249,40.203825,1.458923,4.132205,-1042.014733
sh.603096,新经典,2026-04-02,17.49,17.65,17.11,17.23,1101100.0,19110873.2,0.7139,-2.0466,39.381007,1.429064,4.047635,-1020.688678
sh.603097,江苏华辰,2026-04-01,32.77,32.98,32.35,32.6,2736222.0,89242348.46,1.71,1.9068,53.178618,4.99735,2.727322,461.251386
sh.603097,江苏华辰,2026-04-02,32.47,33.15,31.59,31.79,2262500.0,73026383.0,1.4139,-2.4847,51.857308,4.873183,2.659557,449.790846
sh.603098,森特股份,2026-04-01,17.52,17.56,15.64,16.3,22572522.0,373317933.34,4.1894,-5.9435,91.765026,3.113352,2.669667,-34.873639
sh.603098,森特股份,2026-04-02,16.1,16.14,15.09,15.12,15382796.0,238406846.28,2.855,-7.2393,85.121914,2.887968,2.476402,-32.349044
sh.603099,长白山,2026-04-01,35.79,36.36,35.42,36.13,4474835.0,160882843.89,1.678,2.091,76.075716,6.575394,12.49101,70.148858
sh.603099,长白山,2026-04-02,36.05,36.05,34.81,35.07,4051521.0,142589204.75,1.5193,-2.9338,73.843769,6.382482,12.124543,68.090795
sh.603100,川仪股份,2026-04-01,19.52,19.75,19.29,19.64,5750304.0,112717700.14,1.1241,2.026,15.983859,2.164641,1.48218,21.679015
sh.603100,川仪股份,2026-04-02,19.55,19.57,19.08,19.21,4584340.0,88364316.0,0.8962,-2.1894,15.633907,2.117248,1.449729,21.204373
sh.603101,汇嘉时代,2026-04-01,8.12,8.18,8.05,8.08,3734565.0,30247193.26,0.7939,0.6227,42.930744,2.678938,1.563449,71.284924
sh.603101,汇嘉时代,2026-04-02,8.1,8.2,7.99,8.08,5130058.0,41550745.44,1.0906,0.0,42.930744,2.678938,1.563449,71.284924
sh.603102,百合股份,2026-04-01,41.52,41.98,41.3,41.63,420000.0,17460694.0,0.6563,1.0437,21.904611,1.636969,3.170215,-145.867169
sh.603102,百合股份,2026-04-02,41.55,42.75,41.23,41.99,811700.0,34233463.0,1.2683,0.8648,22.094033,1.651125,3.19763,-147.128571
sh.603103,横店影视,2026-04-01,23.4,23.48,22.97,23.33,5522691.0,128085089.28,0.8708,0.6905,92.931441,11.950415,6.439546,-31.248511
sh.603103,横店影视,2026-04-02,23.21,23.25,22.51,22.56,5324100.0,121367518.0,0.8395,-3.3005,89.864266,11.555995,6.22701,-30.217163
sh.603105,芯能科技,2026-04-01,11.4,11.47,11.11,11.26,34255501.0,386042109.42,6.851,-0.1773,29.063265,2.640586,7.938483,133.89381
sh.603105,芯能科技,2026-04-02,11.19,11.48,10.75,10.84,37656787.0,415561679.32,7.5312,-3.73,27.979201,2.542092,7.642376,128.899547
sh.603106,恒银科技,2026-04-01,9.02,9.08,8.95,9.02,3497786.0,31524134.72,0.672,1.1211,50.09289,3.589605,10.533153,89.691966
sh.603106,恒银科技,2026-04-02,9.03,9.1,8.78,8.82,3960316.0,35150659.48,0.7608,-2.2173,48.982183,3.510013,10.299602,87.70323
sh.603107,上海汽配,2026-04-01,14.58,14.59,14.38,14.44,1620919.0,23416797.41,0.7429,0.3475,25.66139,2.301018,2.16561,-34.539949
sh.603107,上海汽配,2026-04-02,14.4,14.47,14.18,14.28,1731400.0,24774434.0,0.7936,-1.108,25.377053,2.275522,2.141615,-34.157235
sh.603108,润达医疗,2026-04-01,12.86,12.98,12.57,12.96,15945100.0,204416557.0,2.6412,2.6128,-49.568689,1.895252,1.056694,258.67168
sh.603108,润达医疗,2026-04-02,12.89,12.95,12.67,12.75,9872853.0,126177704.87,1.6354,-1.6204,-48.767237,1.864608,1.039609,254.489339
sh.603109,神驰机电,2026-04-01,21.5,21.58,21.22,21.3,3128030.0,66787427.2,1.4978,0.0,33.252652,2.278648,1.519135,-207.213237
sh.603109,神驰机电,2026-04-02,21.27,21.27,20.69,20.7,2684640.0,56080143.0,1.2854,-2.8169,32.315957,2.21446,1.476343,-201.376244
sh.603110,东方材料,2026-04-01,15.96,16.1,15.71,15.95,6309900.0,100544846.0,3.1357,2.9697,720.781216,4.611349,7.755894,160.550483
sh.603110,东方材料,2026-04-02,15.96,15.96,15.02,15.19,7167400.0,110391212.0,3.5619,-4.7649,686.436782,4.391623,7.386335,152.900429
sh.603111,康尼机电,2026-04-01,6.89,6.92,6.67,6.71,14525940.0,97720311.3,1.7032,-2.0438,15.907263,1.458449,1.322297,51.984415
sh.603111,康尼机电,2026-04-02,6.67,6.72,6.56,6.63,6787550.0,44998426.0,0.7958,-1.1923,15.717609,1.441061,1.306532,51.364631
sh.603112,华翔股份,2026-04-01,16.38,16.88,16.36,16.85,8164799.0,135908930.56,1.6074,4.5934,16.196564,2.106236,2.203721,-82.08491
sh.603112,华翔股份,2026-04-02,16.9,16.99,16.65,16.88,5002700.0,84335372.0,0.9849,0.178,16.2254,2.109986,2.207645,-82.231055
sh.603113,金能科技,2026-04-01,7.16,7.34,7.05,7.17,19055738.0,136994064.6,2.2458,0.561,-58.681594,0.755745,0.361951,119.901284
sh.603113,金能科技,2026-04-02,7.12,7.3,7.03,7.12,16383500.0,117261287.24,1.9309,-0.6974,-58.272378,0.750475,0.359427,119.065153
sh.603115,海星股份,2026-04-01,44.4,48.35,43.55,46.85,15864475.0,746248795.25,6.5585,6.5984,55.554456,5.487494,5.081576,65.433555
sh.603115,海星股份,2026-04-02,45.51,47.33,43.0,43.75,14969425.0,667760142.92,6.1885,-6.6169,51.878494,5.124394,4.745335,61.103907
sh.603116,红蜻蜓,2026-04-01,5.69,5.72,5.6,5.63,4854820.0,27378857.0,0.8426,0.5357,-29.521099,1.242402,1.64069,75.374378
sh.603116,红蜻蜓,2026-04-02,5.63,5.63,5.48,5.53,4970800.0,27553661.0,0.8627,-1.7762,-28.996745,1.220335,1.611548,74.03558
sh.603117,万林物流,2026-04-01,4.84,4.9,4.76,4.79,7413661.0,35613942.8,1.2373,0.0,410.992579,2.786729,10.940076,156.244384
sh.603117,万林物流,2026-04-02,4.76,4.84,4.7,4.74,7451030.0,35488973.1,1.2435,-1.0438,406.702469,2.75764,10.825879,154.61344
sh.603118,共进股份,2026-04-01,13.08,13.44,13.08,13.37,80339666.0,1067911571.22,10.2048,1.5957,-1430.937291,2.089543,1.18688,35.812023
sh.603118,共进股份,2026-04-02,13.25,13.43,13.02,13.06,56380716.0,742631209.86,7.1615,-2.3186,-1397.759238,2.041094,1.15936,34.981677
sh.603119,浙江荣泰,2026-04-01,74.45,75.26,73.05,74.24,11499203.0,854940310.62,5.6402,2.0621,97.004853,13.259481,19.628665,-245.478365
sh.603119,浙江荣泰,2026-04-02,74.31,74.52,71.12,71.21,7749333.0,561301119.28,3.8009,-4.0814,93.045738,12.718314,18.827549,-235.459515
sh.603120,肯特催化,2026-04-01,38.8,39.49,38.62,38.85,1025165.0,40089208.65,4.5361,1.6218,39.456006,2.98544,5.669965,78.527231
sh.603120,肯特催化,2026-04-02,38.8,39.71,38.68,38.88,1038447.0,40540251.36,4.5949,0.0772,39.486474,2.987745,5.674343,78.58787
sh.603121,华培动力,2026-04-01,16.76,18.06,16.71,18.06,9200910.0,159660917.9,2.7179,9.9878,279.339543,5.131663,5.305855,-51.730615
sh.603121,华培动力,2026-04-02,18.35,18.38,17.72,18.14,15014360.0,270557767.2,4.4351,0.443,280.576928,5.154395,5.329358,-51.959765
sh.603122,合富中国,2026-04-01,16.98,17.5,16.25,16.99,55993847.0,941051233.87,14.0669,-2.1313,-201.020003,6.392861,9.977902,-42.558352
sh.603122,合富中国,2026-04-02,17.1,18.69,16.83,18.69,71600940.0,1276574778.6,17.9878,10.0059,-221.133835,7.032523,10.976279,-46.816692
sh.603123,翠微股份,2026-04-01,11.12,11.19,11.01,11.14,12202956.0,135555758.82,1.8708,1.9213,-18.511221,5.361854,3.835412,-26.433044
sh.603123,翠微股份,2026-04-02,11.14,11.14,10.82,10.87,10979708.0,120090013.8,1.6833,-2.4237,-18.062565,5.231899,3.742453,-25.792387
sh.603124,江南新材,2026-04-01,104.78,107.52,103.0,105.04,2052988.0,215727364.08,2.6453,1.7731,74.296017,8.518963,1.550778,95.593324
sh.603124,江南新材,2026-04-02,104.48,109.97,101.4,102.12,1914176.0,200135639.08,2.4664,-2.7799,72.230667,8.282145,1.507668,92.935931
sh.603125,常青科技,2026-04-01,17.22,17.45,17.18,17.29,1881306.0,32561871.01,1.8587,1.7657,46.366666,2.927746,7.116467,-299.381547
sh.603125,常青科技,2026-04-02,17.38,17.38,17.02,17.12,1559894.0,26737095.37,1.5412,-0.9832,45.910776,2.89896,7.046496,-296.437946
sh.603126,中材节能,2026-04-01,7.35,7.39,7.22,7.37,10803827.0,79068366.25,1.7697,1.5152,328.117715,2.198616,1.207103,22.521312
sh.603126,中材节能,2026-04-02,7.39,7.43,7.29,7.35,9168700.0,67473483.0,1.5018,-0.2714,327.227301,2.19265,1.203827,22.460196
sh.603127,昭衍新药,2026-04-01,34.24,37.61,33.0,36.96,62373943.0,2206035578.35,9.8951,8.0702,92.988896,3.326844,16.708195,-519.14788
sh.603127,昭衍新药,2026-04-02,36.23,37.4,35.0,36.45,48558144.0,1753899006.02,7.7033,-1.3799,91.70577,3.280938,16.477644,-511.984314
sh.603128,华贸物流,2026-04-01,5.72,5.74,5.61,5.63,13765330.0,77688112.7,1.0516,-0.8803,19.750129,1.215922,0.437978,18.138637
sh.603128,华贸物流,2026-04-02,5.65,5.65,5.53,5.56,12118200.0,67530397.7,0.9257,-1.2433,19.504567,1.200804,0.432532,17.913112
sh.603129,春风动力,2026-04-01,230.0,242.58,226.44,239.44,2428379.0,572537927.52,1.5822,4.7419,20.350845,5.102354,1.988163,12.264415
sh.603129,春风动力,2026-04-02,239.46,243.93,233.47,241.82,1972783.0,473613814.13,1.2853,0.994,20.553129,5.153071,2.007925,12.386321
sh.603130,云中马,2026-04-01,38.82,39.3,38.41,38.6,1964000.0,76169233.0,1.4282,0.1037,50.75715,3.736994,1.984569,-305.283623
sh.603130,云中马,2026-04-02,38.61,38.64,36.64,36.97,2431800.0,90736986.0,1.7684,-4.2228,48.613778,3.579189,1.900765,-292.392112
sh.603131,上海沪工,2026-04-01,20.91,21.08,20.39,20.67,6322173.0,130407384.97,1.8765,-0.0484,-191.252074,5.801015,7.060036,-24.165655
sh.603131,上海沪工,2026-04-02,20.51,20.78,20.15,20.25,4895957.0,99874065.28,1.4532,-2.0319,-187.365965,5.683142,6.916581,-23.674626
sh.603132,金徽股份,2026-04-01,17.17,17.26,16.92,17.23,7188400.0,122987561.0,0.735,1.9527,31.075046,5.257138,9.775997,-57.655038
sh.603132,金徽股份,2026-04-02,17.16,17.26,16.82,17.08,5685922.0,96818284.68,0.5814,-0.8706,30.804514,5.211371,9.69089,-57.153108
sh.603135,中重科技,2026-04-01,10.12,10.38,10.12,10.33,3349194.0,34441005.7,1.3256,2.5819,141.320842,2.222761,9.637285,36.982165
sh.603135,中重科技,2026-04-02,10.1,10.36,10.03,10.08,2267116.0,23069503.04,0.8973,-2.4201,137.900686,2.168968,9.404049,36.087147
sh.603136,天目湖,2026-04-01,11.35,11.55,11.2,11.5,4056165.0,46281847.85,1.5016,2.1314,30.309389,2.28634,6.004289,-13.510485
sh.603136,天目湖,2026-04-02,11.6,11.6,11.14,11.25,4548461.0,51372808.92,1.6838,-2.1739,29.650489,2.236637,5.873761,-13.216779
sh.603137,恒尚节能,2026-04-01,13.87,13.87,13.5,13.6,1780219.0,24265207.1,2.4144,-0.2933,47.002969,2.001108,1.343884,-49.986144
sh.603137,恒尚节能,2026-04-02,13.58,13.69,13.23,13.39,2160100.0,29025308.9,2.9296,-1.5441,46.277188,1.970208,1.323133,-49.214299
sh.603138,海量数据,2026-04-01,20.74,20.94,19.63,20.09,27833603.0,561564464.18,9.653,-2.1432,-62.03836,7.696668,14.068129,-62.67906
sh.603138,海量数据,2026-04-02,19.77,19.9,18.8,19.02,16204528.0,312004683.5,5.6199,-5.326,-58.734176,7.286741,13.318856,-59.340753
sh.603139,康惠股份,2026-04-01,26.7,27.26,26.08,26.46,2477301.0,65967913.15,2.4803,0.1514,-14.375597,3.646084,5.149391,-94.665047
sh.603139,康惠股份,2026-04-02,26.68,26.7,25.74,26.15,1916800.0,50105811.0,1.9191,-1.1716,-14.207176,3.603367,5.089062,-93.555971
sh.603150,万朗磁塑,2026-04-01,48.96,52.0,48.05,51.41,4170600.0,210986711.0,4.8789,7.1042,35.700953,2.5939,1.140952,37.689585
sh.603150,万朗磁塑,2026-04-02,51.41,52.89,49.36,51.75,4126400.0,211107402.02,4.8272,0.6613,35.937061,2.611055,1.148497,37.938845
sh.603151,邦基科技,2026-04-01,16.49,16.94,16.49,16.88,2153500.0,35985257.0,1.2585,3.1155,25.427184,2.120383,0.570159,81.145378
sh.603151,邦基科技,2026-04-02,16.8,17.0,16.45,16.5,2182900.0,36422769.0,1.2757,-2.2512,24.854771,2.072649,0.557323,79.318646
sh.603153,上海建科,2026-04-01,15.89,16.24,15.89,16.07,1654299.0,26520431.97,0.4097,1.9023,17.818686,1.817979,1.581513,-22.250835
sh.603153,上海建科,2026-04-02,16.0,16.16,15.8,15.87,1216700.0,19427980.0,0.3013,-1.2446,17.596923,1.795353,1.561831,-21.973911
sh.603155,新亚强,2026-04-01,15.91,15.92,15.56,15.73,2470803.0,38779927.95,0.7824,1.615,52.754948,2.287474,8.083396,-50.739547
sh.603155,新亚强,2026-04-02,15.62,15.76,15.4,15.48,2668030.0,41499595.1,0.8449,-1.5893,51.916503,2.251119,7.954925,-49.933133
sh.603156,养元饮品,2026-04-01,30.26,31.13,30.18,30.59,5771391.0,176973486.73,0.4579,2.1028,23.915515,4.288984,6.722995,-45.902986
sh.603156,养元饮品,2026-04-02,30.55,30.95,30.0,30.47,4610100.0,139851256.0,0.3658,-0.3923,23.821698,4.272159,6.696621,-45.722915
sh.603158,腾龙股份,2026-04-01,11.4,12.28,11.37,12.28,34671060.0,411961449.2,7.0646,10.0358,38.579289,2.59415,1.516104,34.613358
sh.603158,腾龙股份,2026-04-02,12.28,12.3,11.91,12.03,41207260.0,497002533.8,8.3964,-2.0358,37.79388,2.541338,1.485239,33.908688
sh.603159,上海亚虹,2026-04-01,24.88,25.21,24.78,24.97,983679.0,24531967.25,0.7026,0.8889,533.407998,6.972605,7.914252,157.575906
sh.603159,上海亚虹,2026-04-02,24.8,24.97,24.15,24.24,962800.0,23563259.0,0.6877,-2.9235,517.813771,6.76876,7.682878,152.969161
sh.603160,汇顶科技,2026-04-01,67.15,67.22,65.93,66.05,5120200.0,340211329.82,1.0993,0.2276,36.751278,3.281871,6.496395,-111.739238
sh.603160,汇顶科技,2026-04-02,65.91,65.98,63.68,63.97,5326635.0,344458884.64,1.1436,-3.1491,35.593932,3.178521,6.291816,-108.220425
sh.603161,科华控股,2026-04-01,14.49,14.74,14.35,14.6,2242003.0,32699399.53,1.1754,2.0979,30.777484,1.900557,1.252305,-64.590622
sh.603161,科华控股,2026-04-02,14.52,14.58,14.23,14.3,1878600.0,27015877.0,0.9849,-2.0548,30.14507,1.861505,1.226573,-63.263417
sh.603162,海通发展,2026-04-01,13.39,13.71,13.3,13.4,7893489.0,106290147.68,2.8265,1.4383,26.740857,2.750294,2.798671,214.749858
sh.603162,海通发展,2026-04-02,13.3,13.8,13.21,13.71,12891732.0,176160254.26,4.6137,2.3134,27.364088,2.814393,2.863898,219.75489
sh.603163,圣晖集成,2026-04-01,108.1,111.21,104.8,107.32,3402575.0,365377428.5,3.4026,2.307,69.442044,9.184803,3.591094,95.625916
sh.603163,圣晖集成,2026-04-02,107.0,108.1,98.88,99.72,3784700.0,385729358.75,3.7847,-7.0816,64.524418,8.53437,3.336786,88.854047
sh.603165,荣晟环保,2026-04-01,15.77,15.95,15.03,15.16,17888693.0,274233458.53,5.5825,-1.9405,21.711528,2.353832,2.155986,-3.122696
sh.603165,荣晟环保,2026-04-02,15.03,15.76,14.92,15.44,19778016.0,305912766.75,6.172,1.847,22.112532,2.397307,2.195806,-3.180371
sh.603166,福达股份,2026-04-01,13.48,13.5,13.26,13.41,5546154.0,74207151.6,0.8656,1.7451,27.348243,3.258046,4.355248,123.909142
sh.603166,福达股份,2026-04-02,13.45,13.48,13.03,13.09,5237864.0,69111555.72,0.8175,-2.3863,26.695637,3.1803,4.25132,120.952324
sh.603167,渤海轮渡,2026-04-01,9.32,9.4,9.32,9.36,4886600.0,45726741.0,1.0416,1.1892,15.200052,1.250947,2.393659,-1012.631357
sh.603167,渤海轮渡,2026-04-02,9.39,9.42,9.32,9.36,4179001.0,39158304.33,0.8908,0.0,15.200052,1.250947,2.393659,-1012.631357
sh.603168,莎普爱思,2026-04-01,7.11,7.19,6.98,7.16,7762700.0,55236415.0,2.0839,1.5603,-41.176647,1.655007,5.637238,-28.281884
sh.603168,莎普爱思,2026-04-02,7.17,7.22,7.01,7.07,7223465.0,51363946.58,1.9391,-1.257,-40.659063,1.634203,5.566379,-27.926386
sh.603169,兰石重装,2026-04-01,10.06,10.22,9.96,10.16,24531403.0,247902746.29,1.8779,2.6263,185.858827,4.009814,1.952379,-16.431518
sh.603169,兰石重装,2026-04-02,10.11,10.16,9.84,9.88,22624778.0,225248148.96,1.732,-2.7559,180.736733,3.899308,1.898574,-15.978681
sh.603170,宝立食品,2026-04-01,12.48,12.8,12.45,12.75,2794900.0,35316644.0,0.6987,3.2389,20.269929,3.61327,1.787097,-67.191734
sh.603170,宝立食品,2026-04-02,12.61,12.85,12.58,12.76,2267500.0,28833834.0,0.5669,0.0784,20.285827,3.616104,1.788499,-67.244434
sh.603171,税友股份,2026-04-01,50.97,50.97,50.2,50.74,2154100.0,108902034.0,0.5307,1.3381,192.546274,8.167552,9.875461,-227.937322
sh.603171,税友股份,2026-04-02,50.7,50.71,49.09,49.31,2615215.0,129982600.03,0.6443,-2.8183,187.119763,7.937366,9.597142,-221.513389
sh.603172,万丰股份,2026-04-01,21.3,21.57,21.1,21.52,1920640.0,41025310.4,3.8351,2.9173,51.28278,2.640867,4.991705,-387.021663
sh.603172,万丰股份,2026-04-02,21.52,21.68,20.9,21.04,1616400.0,34292806.0,3.2276,-2.2305,50.138926,2.581963,4.880366,-378.38921
sh.603173,福斯达,2026-04-01,41.13,41.3,40.53,40.74,1091800.0,44564222.0,0.6824,1.1671,16.361618,3.442216,2.243019,6.950992
sh.603173,福斯达,2026-04-02,40.51,40.88,39.88,40.04,1253400.0,50466742.0,0.7834,-1.7182,16.08049,3.383072,2.20448,6.831559
sh.603175,超颖电子,2026-04-01,80.99,83.88,78.6,79.6,4779709.0,386888298.85,10.8631,1.0409,150.367769,11.98527,7.320085,73.443372
sh.603175,超颖电子,2026-04-02,79.68,80.7,76.22,77.52,4345392.0,339418199.52,9.876,-2.6131,146.438561,11.672088,7.128807,71.524249
sh.603176,汇通集团,2026-04-01,5.7,5.7,5.45,5.5,3851600.0,21231509.0,0.834,-0.3623,-93.160781,2.411295,1.077735,44.920609
sh.603176,汇通集团,2026-04-02,5.48,5.54,5.33,5.42,3942400.0,21352540.0,0.8537,-1.4545,-91.805715,2.376222,1.062059,44.267219
sh.603177,德创环保,2026-04-01,11.43,11.55,11.32,11.51,2506600.0,28646789.0,1.2276,2.1295,199.987759,6.183151,2.267129,282.815556
sh.603177,德创环保,2026-04-02,11.5,11.56,11.06,11.12,2513416.0,28274204.72,1.2309,-3.3884,193.211458,5.973644,2.19031,273.232753
sh.603178,圣龙股份,2026-04-01,15.49,15.64,15.31,15.49,1221200.0,18817151.0,0.5166,0.9778,-73.150948,3.015166,2.108562,-93.369932
sh.603178,圣龙股份,2026-04-02,15.5,15.5,15.08,15.16,1307600.0,19927558.0,0.5531,-2.1304,-71.592535,2.950931,2.063641,-91.380773
sh.603179,新泉股份,2026-04-01,66.38,68.76,66.01,67.29,10870550.0,730263934.49,2.1309,3.3641,42.115908,4.631011,2.211204,-90.778025
sh.603179,新泉股份,2026-04-02,66.9,68.6,65.88,66.31,8726880.0,584475346.69,1.7107,-1.4564,41.50254,4.563566,2.179001,-89.45595
sh.603180,金牌家居,2026-04-01,18.88,19.07,18.76,18.99,589200.0,11153451.0,0.382,1.5508,20.280716,1.054947,0.854986,54.316655
sh.603180,金牌家居,2026-04-02,19.0,19.16,18.61,18.76,562700.0,10588978.0,0.3648,-1.2112,20.035083,1.04217,0.844631,53.658792
sh.603181,皇马科技,2026-04-01,14.4,14.7,14.38,14.64,4527365.0,65616436.63,0.769,3.4629,19.169276,2.582203,3.545996,-274.960653
sh.603181,皇马科技,2026-04-02,14.53,14.69,14.22,14.33,3326669.0,48020442.33,0.5651,-2.1175,18.763369,2.527526,3.47091,-269.138398
sh.603182,嘉华股份,2026-04-01,16.24,16.24,16.24,16.24,,,,,23.269055,2.440495,1.897021,-30.985947
sh.603182,嘉华股份,2026-04-02,16.24,16.24,16.24,16.24,,,,,23.269055,2.440495,1.897021,-30.985947
sh.603183,建研院,2026-04-01,4.74,4.77,4.6,4.66,12085248.0,56356313.96,2.4309,0.431,57.290768,1.456989,2.761819,161.858277
sh.603183,建研院,2026-04-02,4.7,4.71,4.46,4.53,12956629.0,59069069.0,2.6062,-2.7897,55.692528,1.416344,2.684772,157.342917
sh.603185,弘元绿能,2026-04-01,23.34,23.89,22.91,23.42,16294559.0,380908580.86,2.3997,2.2261,-19.230087,1.32184,2.090779,-6.407905
sh.603185,弘元绿能,2026-04-02,23.25,23.35,22.32,22.45,14787469.0,336829625.97,2.1778,-4.1418,-18.433623,1.267092,2.004184,-6.142505
sh.603186,华正新材,2026-04-01,61.88,63.8,61.39,62.16,7590003.0,473161944.9,4.8409,3.773,35.22091,5.80002,2.230633,-182.052163
sh.603186,华正新材,2026-04-02,62.0,62.14,59.46,59.87,6605345.0,399954354.45,4.2128,-3.684,33.923358,5.586345,2.148455,-175.345286
sh.603187,海容冷链,2026-04-01,14.27,14.69,14.21,14.49,8645874.0,125267933.22,2.2612,3.0583,14.646481,1.324554,1.776679,172.942015
sh.603187,海容冷链,2026-04-02,14.35,14.66,14.24,14.36,3482288.0,50145329.2,0.9107,-0.8972,14.515077,1.31267,1.760739,171.390431
sh.603188,亚邦股份,2026-04-01,4.93,4.94,4.84,4.9,11975300.0,58493542.0,2.1003,0.4098,-12.161552,3.641125,3.866582,70.901833
sh.603188,亚邦股份,2026-04-02,4.9,4.94,4.78,4.84,10922100.0,53084750.0,1.9156,-1.2245,-12.012635,3.59654,3.819236,70.033648
sh.603189,网达软件,2026-04-01,18.04,18.2,16.86,17.25,23513930.0,411017668.8,8.7235,-2.8716,809.606937,3.085079,17.559033,42.527985
sh.603189,网达软件,2026-04-02,17.08,17.58,16.26,16.39,14174178.0,238237594.08,5.2585,-4.9855,769.243925,2.931272,16.683626,40.407749
sh.603190,亚通精工,2026-04-01,25.2,25.45,24.79,25.04,1346720.0,33721695.2,3.2754,1.1309,28.482887,1.428267,1.754903,-52.595906
sh.603190,亚通精工,2026-04-02,25.26,25.26,24.48,24.59,1194500.0,29568940.0,2.9052,-1.7971,27.971014,1.402599,1.723366,-51.650692
sh.603191,望变电气,2026-04-01,21.49,21.7,21.23,21.45,11462544.0,245848677.33,3.4739,2.3378,76.610289,2.832601,1.910163,19.264566
sh.603191,望变电气,2026-04-02,21.51,21.8,20.71,20.98,10072900.0,213262239.0,3.0527,-2.1911,74.931649,2.770535,1.868308,18.842452
sh.603192,汇得科技,2026-04-01,23.49,24.22,23.49,23.94,1714651.0,40948669.58,1.23,3.1008,32.133811,2.51354,1.62609,19.660301
sh.603192,汇得科技,2026-04-02,24.06,24.15,23.48,23.69,1039780.0,24742699.8,0.7459,-1.0443,31.798245,2.487291,1.609109,19.454993
sh.603193,润本股份,2026-04-01,22.91,24.46,22.86,24.46,11543016.0,274688808.37,11.1703,9.982,32.412504,4.555228,6.518548,-494.471655
sh.603193,润本股份,2026-04-02,24.4,24.4,23.47,23.59,10195496.0,242216172.97,9.8663,-3.5568,31.259647,4.393207,6.286694,-476.884151
sh.603194,中力股份,2026-04-01,33.05,33.15,32.81,33.03,1077236.0,35530316.54,0.6817,1.3501,15.132363,2.511045,1.900671,137.571304
sh.603194,中力股份,2026-04-02,33.08,33.08,32.4,32.61,770770.0,25203881.3,0.4877,-1.2716,14.939944,2.479115,1.876503,135.821987
sh.603195,公牛集团,2026-04-01,41.9,42.03,41.46,41.93,2040547.0,85327130.23,0.1133,0.1912,19.010225,4.840289,4.61521,-105.672378
sh.603195,公牛集团,2026-04-02,41.89,42.33,41.66,41.86,1808703.0,75845045.15,0.1004,-0.1669,18.978488,4.832208,4.607505,-105.495964
sh.603196,璞源材料,2026-04-01,26.58,28.5,26.25,28.18,9401500.0,260702094.0,3.9671,8.2181,655.885517,6.461622,14.466186,26.53886
sh.603196,璞源材料,2026-04-02,28.17,29.32,27.62,28.65,8030000.0,230878923.0,3.3884,1.6678,666.824701,6.569392,14.70746,26.981488
sh.603197,保隆科技,2026-04-01,32.6,32.64,32.16,32.54,1635741.0,53022012.96,0.7656,1.7829,27.593441,2.167609,0.864079,-10.880755
sh.603197,保隆科技,2026-04-02,32.4,32.5,31.88,32.09,1412800.0,45522582.0,0.6612,-1.3829,27.211851,2.137633,0.852129,-10.730284
sh.603198,迎驾贡酒,2026-04-01,32.71,34.35,32.39,34.07,9504571.0,319640899.45,1.1881,4.8308,13.014493,2.68337,4.294829,-19.130769
sh.603198,迎驾贡酒,2026-04-02,34.0,36.84,34.0,36.35,15114637.0,542842291.81,1.8893,6.6921,13.885437,2.862944,4.582243,-20.411021
sh.603199,九华旅游,2026-04-01,39.04,41.3,38.75,40.68,3822300.0,153924246.0,3.4535,5.4979,21.155689,2.725387,5.124793,214.435147
sh.603199,九华旅游,2026-04-02,40.9,40.98,39.92,40.38,1704100.0,68933536.0,1.5397,-0.7375,20.999673,2.705289,5.086999,212.853767
sh.603200,上海洗霸,2026-04-01,58.05,60.35,57.2,59.02,6330540.0,372134062.07,3.6076,3.2721,90.840927,9.541002,21.164513,121.874739
sh.603200,上海洗霸,2026-04-02,58.7,59.05,57.04,57.41,3788047.0,219234740.69,2.1587,-2.7279,88.362888,9.280734,20.587169,118.550132
sh.603201,常润股份,2026-04-01,16.55,16.55,16.35,16.49,1275968.0,20973677.6,0.6774,0.918,12.21243,1.800205,1.052526,39.213364
sh.603201,常润股份,2026-04-02,16.6,16.6,16.12,16.23,1380099.0,22536779.98,0.7327,-1.5767,12.019875,1.771821,1.03593,38.595082
sh.603202,天有为,2026-04-01,93.98,94.76,93.98,94.19,675072.0,63648801.08,2.0296,0.4372,14.160293,2.273859,3.568301,6.989024
sh.603202,天有为,2026-04-02,94.25,94.25,93.27,93.7,671883.0,62912776.43,2.02,-0.5202,14.086628,2.26203,3.549738,6.952666
sh.603203,快克智能,2026-04-01,35.9,37.05,35.76,36.72,3291100.0,120400477.04,1.3209,4.6452,37.595636,6.381294,8.704248,54.445621
sh.603203,快克智能,2026-04-02,36.9,37.15,35.5,35.95,2316500.0,84008822.0,0.9297,-2.0969,36.807274,6.247482,8.521724,53.303923
sh.603205,健尔康,2026-04-01,25.9,26.25,25.7,26.17,769141.0,20007932.64,1.8605,1.9478,39.569893,2.799499,4.131234,7.543154
sh.603205,健尔康,2026-04-02,26.18,26.34,25.84,26.04,720790.0,18819489.4,1.7436,-0.4968,39.373329,2.785592,4.110712,7.505683
sh.603206,嘉环科技,2026-04-01,15.65,15.7,15.47,15.57,1464900.0,22807039.0,0.48,0.842,96.149647,2.094702,1.144511,150.386296
sh.603206,嘉环科技,2026-04-02,15.45,15.64,15.21,15.31,1372800.0,21165033.0,0.4498,-1.6699,94.544065,2.059723,1.125399,147.875028
sh.603207,小方制药,2026-04-01,27.89,28.37,27.53,28.3,1088600.0,30614298.0,2.0011,2.7969,21.317566,4.317641,9.019642,-32.637342
sh.603207,小方制药,2026-04-02,28.18,28.42,27.96,28.13,1004434.0,28299900.46,1.8464,-0.6007,21.18951,4.291705,8.96546,-32.441288
sh.603208,江山欧派,2026-04-01,13.46,13.72,13.46,13.68,1467694.0,19970232.12,0.8284,2.2422,-25.195273,2.013773,1.195394,-15.586578
sh.603208,江山欧派,2026-04-02,13.6,13.8,13.41,13.54,1268613.0,17272419.05,0.716,-1.0234,-24.937427,1.993164,1.183161,-15.427066
sh.603209,兴通股份,2026-04-01,15.01,15.18,14.95,15.03,2491600.0,37506951.0,0.775,1.144,18.352726,1.469634,3.180826,49.336053
sh.603209,兴通股份,2026-04-02,14.95,15.83,14.91,15.47,10209100.0,158346594.0,3.1755,2.9275,18.889998,1.512657,3.273944,50.780355
sh.603210,泰鸿万立,2026-04-01,17.62,17.73,17.58,17.69,1046543.0,18491781.94,1.3882,1.1435,29.803308,3.29683,2.974698,183.666369
sh.603210,泰鸿万立,2026-04-02,17.64,17.75,17.22,17.28,1866200.0,32450955.43,2.4754,-2.3177,29.112559,3.22042,2.905754,179.409545
sh.603211,晋拓股份,2026-04-01,25.36,25.83,25.04,25.5,6321100.0,160556955.0,2.3256,0.7507,110.222119,5.642616,5.462259,-111.876333
sh.603211,晋拓股份,2026-04-02,25.48,25.65,24.57,24.75,5083916.0,127308251.24,1.8704,-2.9412,106.980291,5.476657,5.301604,-108.585853
sh.603212,赛伍技术,2026-04-01,13.18,13.63,13.1,13.4,18474372.0,246745136.26,4.2228,2.8396,-19.133672,2.294044,2.142579,-66.784171
sh.603212,赛伍技术,2026-04-02,13.58,13.58,12.9,13.04,12638700.0,166483428.0,2.8889,-2.6866,-18.619633,2.232413,2.085017,-64.98997
sh.603213,镇洋发展,2026-04-01,13.75,13.82,13.47,13.82,6358971.0,86936233.09,1.4388,1.1713,66.093556,3.287675,2.135916,405.10572
sh.603213,镇洋发展,2026-04-02,13.72,13.85,13.51,13.55,3512671.0,47942380.05,0.7948,-1.9537,64.802293,3.223444,2.094187,397.191208
sh.603214,爱婴室,2026-04-01,16.27,16.5,16.13,16.32,2837900.0,46145613.8,2.0484,1.3035,20.396402,1.96534,0.607122,65.539574
sh.603214,爱婴室,2026-04-02,16.32,16.4,16.02,16.25,2909100.0,47109669.0,2.0998,-0.4289,20.308917,1.95691,0.604518,65.258461
sh.603215,比依股份,2026-04-01,19.93,19.99,19.56,19.68,1809400.0,35804313.0,0.9664,-0.5056,33.604032,3.044804,1.584205,-30.886876
sh.603215,比依股份,2026-04-02,19.83,20.0,19.52,19.83,2905000.0,57621212.0,1.5516,0.7622,33.86016,3.068011,1.596279,-31.122294
sh.603216,梦天家居,2026-04-01,32.62,32.85,32.0,32.7,1859900.0,60310105.0,0.8352,2.4436,95.008097,4.064659,6.659442,54.685904
sh.603216,梦天家居,2026-04-02,32.8,32.8,31.72,31.94,1578800.0,50724840.0,0.709,-2.3242,92.799958,3.97019,6.504666,53.414917
sh.603217,元利科技,2026-04-01,25.05,26.2,24.71,25.74,5966948.0,152256713.28,2.8675,5.19,26.437742,1.594296,2.48413,-20.4383
sh.603217,元利科技,2026-04-02,25.5,26.28,25.5,25.99,5025341.0,129998515.97,2.415,0.9713,26.694518,1.60978,2.508257,-20.636808
sh.603218,日月股份,2026-04-01,14.6,14.79,14.28,14.36,17238906.0,249876365.41,1.6769,-0.2778,26.822593,1.447355,2.323994,13.775308
sh.603218,日月股份,2026-04-02,14.26,14.65,13.81,13.9,21387437.0,302210160.64,2.0804,-3.2033,25.963374,1.400991,2.249548,13.334038
sh.603219,富佳股份,2026-04-01,15.59,16.5,15.47,16.15,8446120.0,135155024.2,1.5045,4.5307,84.664546,5.631537,2.835572,-82.06884
sh.603219,富佳股份,2026-04-02,16.13,16.16,15.68,15.9,4740000.0,75261244.0,0.8443,-1.548,83.353949,5.544362,2.791678,-80.798424
sh.603220,中贝通信,2026-04-01,25.75,27.16,25.59,26.3,39980544.0,1053669113.72,9.2066,4.8226,165.285709,7.085477,4.556488,3242.465434
sh.603220,中贝通信,2026-04-02,26.02,26.15,24.43,24.7,34364704.0,860430055.61,7.9134,-6.0837,155.230515,6.65443,4.279293,3045.209302
sh.603221,爱丽家居,2026-04-01,11.48,11.73,11.42,11.58,2341601.0,27109364.6,0.9665,1.7575,42.944277,1.762363,2.36475,193.224284
sh.603221,爱丽家居,2026-04-02,11.63,11.63,11.21,11.33,1817900.0,20667231.0,0.7504,-2.1589,42.017156,1.724315,2.313698,189.052775
sh.603222,济民健康,2026-04-01,9.0,9.25,8.86,9.23,16087367.0,146416132.45,3.0637,3.2438,-29.324,3.464529,7.599176,59.909227
sh.603222,济民健康,2026-04-02,9.21,10.15,9.06,10.15,48116561.0,465726549.04,9.1635,9.9675,-32.246869,3.809855,8.356623,65.880678
sh.603223,恒通股份,2026-04-01,8.41,8.49,8.35,8.46,5725528.0,48280045.08,0.8112,1.1962,25.699794,1.517509,4.514505,-5.85435
sh.603223,恒通股份,2026-04-02,8.42,8.54,8.36,8.41,4901583.0,41401475.43,0.6945,-0.591,25.547904,1.50854,4.487823,-5.81975
sh.603225,新凤鸣,2026-04-01,17.06,17.99,17.06,17.64,31220320.0,549952183.11,1.8711,5.3763,24.177975,1.688991,0.426161,62.622212
sh.603225,新凤鸣,2026-04-02,17.58,17.79,17.22,17.34,26234782.0,459073775.82,1.5723,-1.7007,23.766785,1.660267,0.418913,61.557209
sh.603226,菲林格尔,2026-04-01,35.89,37.15,35.89,36.59,3312510.0,120644463.0,0.9318,2.3497,-273.603936,14.326047,39.455761,605.693016
sh.603226,菲林格尔,2026-04-02,36.48,37.27,34.81,37.03,4549247.0,163614838.57,1.2797,1.2025,-276.894063,14.49832,39.930222,612.976562
sh.603227,雪峰科技,2026-04-01,9.88,10.22,9.8,10.08,65244411.0,653106820.05,6.088,2.0243,21.447839,2.092172,1.941593,-34.121557
sh.603227,雪峰科技,2026-04-02,9.98,10.18,9.91,10.06,38680758.0,388026607.85,3.6093,-0.1984,21.405284,2.088021,1.93774,-34.053856
sh.603228,景旺电子,2026-04-01,58.3,58.35,56.14,56.73,19331740.0,1099801075.46,1.9812,0.6208,45.385689,4.273667,3.64961,543.644116
sh.603228,景旺电子,2026-04-02,55.88,56.57,53.9,54.17,18556507.0,1019903794.06,1.9018,-4.5126,43.337857,4.080836,3.484937,519.114543
sh.603229,奥翔药业,2026-04-01,10.19,10.43,10.19,10.21,21958316.0,225531508.23,2.6446,0.8893,45.863774,3.611525,11.286206,97.267964
sh.603229,奥翔药业,2026-04-02,10.21,10.32,10.14,10.18,14707467.0,150201000.94,1.7713,-0.2938,45.729013,3.600913,11.253044,96.982162
sh.603230,内蒙新华,2026-04-01,11.98,12.0,11.62,11.85,4046800.0,47675187.0,1.1447,-0.2525,17.159685,1.498573,2.453944,1378.989895
sh.603230,内蒙新华,2026-04-02,11.84,12.12,11.75,12.04,5042000.0,60528439.33,1.4262,1.6034,17.434819,1.5226,2.493289,1401.100281
sh.603231,索宝蛋白,2026-04-01,17.33,17.6,17.33,17.51,1691200.0,29513705.0,1.5915,1.3897,19.027669,1.707219,2.043473,-135.009144
sh.603231,索宝蛋白,2026-04-02,17.42,17.66,17.33,17.45,1896291.0,33222386.6,1.7845,-0.3427,18.962469,1.701369,2.036471,-134.54652
sh.603232,格尔软件,2026-04-01,20.13,20.13,19.83,19.93,5692260.0,113622127.6,2.461,1.3733,494.479579,3.466496,10.800962,-40.26184
sh.603232,格尔软件,2026-04-02,19.81,19.95,19.06,19.16,6914280.0,134124305.2,2.9893,-3.8635,475.37525,3.332567,10.383664,-38.706315
sh.603233,大参林,2026-04-01,17.91,18.44,17.82,18.2,6988828.0,127088866.28,0.6137,2.3622,18.219515,2.944293,0.772423,29.415106
sh.603233,大参林,2026-04-02,18.25,18.4,17.9,17.95,5156608.0,93361305.07,0.4528,-1.3736,17.969247,2.90385,0.761813,29.011052
sh.603235,天新药业,2026-04-01,26.52,27.32,26.39,27.17,847200.0,22821161.32,0.1935,2.567,19.276554,2.48566,5.343588,-46.224599
sh.603235,天新药业,2026-04-02,27.26,27.9,27.14,27.5,1339700.0,36990385.82,0.306,1.2146,19.510682,2.51585,5.40849,-46.786032
sh.603236,移远通信,2026-04-01,76.0,76.0,74.1,74.73,5390944.0,403384657.92,2.0603,0.7143,22.288217,4.755909,0.926118,-24.78949
sh.603236,移远通信,2026-04-02,74.2,74.5,71.92,72.33,4744817.0,345841596.28,1.8134,-3.2116,21.572418,4.60317,0.896375,-23.993361
sh.603237,五芳斋,2026-04-01,16.8,17.2,16.74,17.08,2319008.0,39495439.48,1.1831,2.5826,31.573577,1.907001,1.537968,-7.489789
sh.603237,五芳斋,2026-04-02,17.15,17.2,16.97,17.17,1109044.0,18939897.04,0.5658,0.5269,31.739949,1.917049,1.546072,-7.529255
sh.603238,诺邦股份,2026-04-01,16.15,16.15,15.71,15.9,2541900.0,40381966.0,1.432,0.6329,23.171043,1.955768,1.04529,142.517785
sh.603238,诺邦股份,2026-04-02,15.87,15.87,15.15,15.33,3281215.0,50629074.85,1.8485,-3.5849,22.340383,1.885655,1.007817,137.408657
sh.603239,浙江仙通,2026-04-01,24.18,24.33,23.79,24.18,6813600.0,163924005.0,2.5168,1.2139,33.706825,5.218404,4.650871,135.620257
sh.603239,浙江仙通,2026-04-02,24.41,24.44,23.93,24.09,5162300.0,124834117.12,1.9069,-0.3722,33.581365,5.19898,4.63356,135.115467
sh.603248,锡华科技,2026-04-01,27.7,30.07,27.7,30.07,17612071.0,521539975.69,25.411,9.9854,69.365275,10.296251,11.497167,144.907279
sh.603248,锡华科技,2026-04-02,30.68,30.86,29.2,29.41,22450179.0,667440276.26,32.3915,-2.1949,67.842792,10.070261,11.244819,141.72674
sh.603255,鼎际得,2026-04-01,27.9,28.28,27.55,27.98,662300.0,18450241.0,1.0915,1.7085,-272.929113,2.371028,4.432085,32.176415
sh.603255,鼎际得,2026-04-02,27.84,28.25,27.4,27.51,604400.0,16748884.0,0.9961,-1.6798,-268.344528,2.3312,4.357636,31.635925
sh.603256,宏和科技,2026-04-01,75.24,77.06,70.5,72.93,38945994.0,2880979889.67,4.4271,4.1113,428.713385,41.557083,61.753932,-764.702126
sh.603256,宏和科技,2026-04-02,70.51,70.51,67.03,68.36,25196512.0,1722129630.27,2.8641,-6.2663,401.848992,38.952998,57.884256,-716.783728
sh.603257,中国瑞林,2026-04-01,54.6,55.1,54.37,54.9,852578.0,46681812.42,3.424,2.1966,39.677217,2.695659,2.848904,8.850205
sh.603257,中国瑞林,2026-04-02,54.7,54.89,53.35,53.88,926478.0,50083414.98,3.7208,-1.8579,38.940044,2.645576,2.795974,8.685775
sh.603258,电魂网络,2026-04-01,16.62,16.89,16.49,16.79,2911679.0,48648047.2,1.2065,1.7576,-54.842163,1.885759,9.512973,26.285084
sh.603258,电魂网络,2026-04-02,16.68,16.97,16.58,16.87,3757500.0,63120315.0,1.5569,0.4765,-55.103471,1.894744,9.5583,26.410326
sh.603259,药明康德,2026-04-01,100.06,104.11,98.08,103.81,79027635.0,8034480317.39,3.1953,5.8206,16.174121,3.885773,6.814121,19.345545
sh.603259,药明康德,2026-04-02,103.0,104.6,102.28,103.19,47333217.0,4897475243.75,1.9138,-0.5972,16.077522,3.862565,6.773424,19.230005
sh.603260,合盛硅业,2026-04-01,41.09,41.16,40.46,40.99,4267611.0,174366010.5,0.361,1.3099,-1368.698461,1.513871,2.251041,-249.502273
sh.603260,合盛硅业,2026-04-02,40.71,40.9,39.4,39.74,6168882.0,247244426.08,0.5218,-3.0495,-1326.95967,1.467705,2.182395,-241.89364
sh.603261,*ST立航,2026-04-01,35.89,36.0,34.35,35.2,1249900.0,43770865.0,1.6127,-2.6549,-26.137305,4.03909,9.575633,-28.371552
sh.603261,*ST立航,2026-04-02,35.2,36.2,35.09,35.48,807700.0,28852830.0,1.0421,0.7955,-26.345215,4.071219,9.651802,-28.597234
sh.603262,技源集团,2026-04-01,25.0,25.28,24.91,25.24,662674.0,16660126.93,1.6564,2.021,65.418624,6.583647,9.542494,96.260489
sh.603262,技源集团,2026-04-02,25.19,25.23,24.85,24.97,457628.0,11443726.86,1.1438,-1.0697,64.718821,6.513219,9.440415,95.230761
sh.603266,天龙股份,2026-04-01,18.67,18.67,18.47,18.63,1820500.0,33811935.0,0.9153,1.5259,33.58957,2.359522,2.773779,331.31407
sh.603266,天龙股份,2026-04-02,18.64,18.64,18.12,18.23,1531200.0,28036291.0,0.7699,-2.1471,32.868377,2.308861,2.714224,324.200509
sh.603267,鸿远电子,2026-04-01,50.39,50.6,49.86,50.21,3768068.0,189174729.05,1.6306,1.5164,46.429261,2.624175,6.466441,-132.150255
sh.603267,鸿远电子,2026-04-02,50.02,50.16,47.6,47.77,6021742.0,292182200.72,2.6059,-4.8596,44.172989,2.496651,6.152199,-125.728295
sh.603268,*ST松发,2026-04-01,112.51,117.71,112.51,117.22,4686647.0,545708426.56,2.0093,4.4742,42.866835,12.039048,5.258738,21.439372
sh.603268,*ST松发,2026-04-02,116.31,122.78,116.31,116.99,4741317.0,567865630.79,2.0327,-0.1962,42.782725,12.015426,5.24842,21.397306
sh.603269,海鸥股份,2026-04-01,13.67,13.83,13.58,13.73,7524739.0,103044239.57,2.4371,2.4627,39.920087,4.450023,2.469706,16.75439
sh.603269,海鸥股份,2026-04-02,13.67,13.85,13.21,13.33,7806876.0,104975110.72,2.5285,-2.9133,38.757084,4.320379,2.397756,16.26628
sh.603270,金帝股份,2026-04-01,24.9,24.97,24.6,24.95,2935600.0,72648296.0,4.1512,1.6293,37.142696,2.419048,2.705667,-31.194153
sh.603270,金帝股份,2026-04-02,24.96,25.22,24.62,24.78,2700213.0,67151540.18,3.8184,-0.6814,36.88962,2.402565,2.687232,-30.981608
sh.603271,永杰新材,2026-04-01,45.3,48.98,45.25,47.67,7405070.0,352787785.17,7.8298,6.7637,22.58197,3.207349,0.972677,42.22409
sh.603271,永杰新材,2026-04-02,47.29,48.18,46.5,47.65,3840399.0,182652867.19,4.0606,-0.042,22.572495,3.206003,0.972269,42.206375
sh.603272,联翔股份,2026-04-01,33.67,34.16,31.6,33.08,11259723.0,369327846.92,10.8656,0.2424,163.929193,6.142138,14.87691,-54.463988
sh.603272,联翔股份,2026-04-02,33.26,33.5,31.74,31.8,7053700.0,229221984.0,6.8068,-3.8694,157.586105,5.904474,14.301262,-52.356554
sh.603273,天元智能,2026-04-01,18.45,18.84,18.45,18.68,2198200.0,40963598.0,3.9213,2.0765,124.311837,4.548527,6.98192,-41.35556
sh.603273,天元智能,2026-04-02,18.48,19.0,18.0,18.14,2151987.0,39757655.36,3.8388,-2.8908,120.71824,4.417039,6.780088,-40.160057
sh.603275,众辰科技,2026-04-01,44.45,44.8,44.16,44.68,653446.0,29053662.92,1.5732,1.5455,34.280486,2.271603,9.334342,-23.481561
sh.603275,众辰科技,2026-04-02,44.6,45.0,44.01,44.25,775300.0,34526942.68,1.8666,-0.9624,33.950571,2.249741,9.244508,-23.255575
sh.603276,恒兴新材,2026-04-01,16.63,16.96,16.45,16.7,1846670.0,30740846.5,2.4413,0.4813,85.002831,1.989495,4.492476,25.978496
sh.603276,恒兴新材,2026-04-02,16.7,16.7,16.26,16.45,1495750.0,24668233.4,1.9774,-1.497,83.730334,1.959712,4.425224,25.589597
sh.603277,银都股份,2026-04-01,14.56,14.73,14.38,14.44,2962030.0,43014593.15,0.4858,-0.756,16.761115,3.113972,3.164056,-12.460895
sh.603277,银都股份,2026-04-02,14.46,14.48,14.16,14.21,1231367.0,17588448.57,0.2019,-1.5928,16.494144,3.064373,3.113659,-12.262418
sh.603278,大业股份,2026-04-01,10.94,11.11,10.81,11.0,6061219.0,66254082.44,1.7735,0.5484,-95.855554,1.873629,0.746589,-146.472078
sh.603278,大业股份,2026-04-02,10.91,11.02,10.72,10.81,4850400.0,52572847.0,1.4192,-1.7273,-94.199867,1.841266,0.733693,-143.942106
sh.603279,景津装备,2026-04-01,17.18,17.26,16.9,17.0,4306279.0,73395195.03,0.7471,0.6513,15.838818,2.075702,1.741569,-48.740274
sh.603279,景津装备,2026-04-02,16.95,17.03,16.8,17.0,3390265.0,57334828.63,0.5882,0.0,15.838818,2.075702,1.741569,-48.740274
sh.603280,南方路机,2026-04-01,35.54,35.94,34.85,35.24,1667900.0,58780420.0,5.9692,1.1481,45.727256,2.813336,3.828123,93.570505
sh.603280,南方路机,2026-04-02,34.9,35.75,34.85,35.28,1688300.0,59478436.0,6.0422,0.1135,45.77916,2.81653,3.832468,93.676714
sh.603281,江瀚新材,2026-04-01,33.52,34.0,33.1,33.28,2308092.0,77374901.24,0.6182,0.6046,26.592811,2.644115,6.413946,112.385041
sh.603281,江瀚新材,2026-04-02,33.11,33.65,32.5,32.69,1860966.0,61416745.9,0.4985,-1.7728,26.121364,2.59724,6.300237,110.392638
sh.603282,亚光股份,2026-04-01,20.99,21.2,20.7,21.16,2257648.0,47327987.96,1.6871,1.4382,23.173791,2.142167,2.754901,-57.709088
sh.603282,亚光股份,2026-04-02,21.08,21.45,20.49,20.74,1612191.0,33769396.23,1.2047,-1.9849,22.71382,2.099647,2.70022,-56.563633
sh.603283,赛腾股份,2026-04-01,43.01,43.22,42.6,42.83,5107872.0,218920825.81,1.8836,1.9277,24.191211,3.518028,3.421925,-163.362265
sh.603283,赛腾股份,2026-04-02,42.83,42.83,41.5,41.79,5366147.0,225956590.39,1.9789,-2.4282,23.603799,3.432603,3.338833,-159.395495
sh.603284,林平发展,2026-04-01,46.71,47.32,46.21,47.07,2677188.0,125551481.02,14.4921,0.9003,25.707635,2.438071,1.398945,-124.150444
sh.603284,林平发展,2026-04-02,46.82,50.21,46.6,49.88,4865126.0,236767635.71,26.3358,5.9698,27.242337,2.58362,1.48246,-131.562017
sh.603285,键邦股份,2026-04-01,33.35,33.35,31.21,31.31,3571254.0,113428420.82,5.7326,-4.2508,37.203001,2.987801,8.031027,17.76682
sh.603285,键邦股份,2026-04-02,31.22,31.42,30.37,30.85,2605744.0,80441995.72,4.1828,-1.4692,36.656423,2.943905,7.913037,17.505794
sh.603286,日盈电子,2026-04-01,58.78,62.15,58.0,60.95,5455182.0,329392519.4,4.7266,5.6509,-136.496403,8.829246,6.87096,-49.343232
sh.603286,日盈电子,2026-04-02,59.8,61.6,58.89,59.5,3463800.0,208704918.0,3.0012,-2.379,-133.249155,8.619199,6.7075,-48.169357
sh.603288,海天味业,2026-04-01,41.33,42.08,40.6,41.76,29224283.0,1216694686.36,0.5256,1.8537,34.719531,5.91277,8.463582,-103.099608
sh.603288,海天味业,2026-04-02,41.56,42.45,41.42,42.22,25435313.0,1070287450.29,0.4574,1.1015,35.101978,5.977901,8.556811,-104.235283
sh.603289,泰瑞机器,2026-04-01,11.39,11.67,11.31,11.52,8338856.0,95704599.6,2.8423,2.8571,32.313439,2.320418,2.929393,-30.445577
sh.603289,泰瑞机器,2026-04-02,11.46,11.52,11.16,11.34,5855700.0,66373554.0,1.9959,-1.5625,31.808688,2.284172,2.883634,-29.970002
sh.603290,斯达半导,2026-04-01,103.07,104.71,100.5,101.8,5758022.0,588824754.23,2.4045,0.345,60.173237,3.525354,6.075771,1020.547223
sh.603290,斯达半导,2026-04-02,100.85,100.87,96.92,97.25,5881793.0,579001166.37,2.4561,-4.4695,57.483766,3.367786,5.804211,974.933374
sh.603291,联合水务,2026-04-01,11.95,12.45,11.94,12.18,6302105.0,76770158.85,1.4891,2.267,63.351906,2.908647,4.409046,154.335754
sh.603291,联合水务,2026-04-02,12.06,12.22,11.79,11.92,4731800.0,56708633.0,1.118,-2.1346,61.999567,2.846558,4.314928,151.04123
sh.603296,华勤技术,2026-04-01,82.5,88.14,82.3,88.14,21796414.0,1891828217.5,3.816,9.9963,22.081941,3.470381,0.522213,-77.516791
sh.603296,华勤技术,2026-04-02,89.09,93.31,88.58,89.19,27533761.0,2509618284.79,4.8401,1.1913,22.345001,3.511723,0.528434,-78.440238
sh.603297,永新光学,2026-04-01,101.66,103.0,100.45,102.63,1248700.0,127441199.0,1.1277,3.6667,51.901534,5.697091,12.441566,-20.347325
sh.603297,永新光学,2026-04-02,102.77,103.2,100.1,100.99,825100.0,83965271.8,0.7452,-1.598,51.072162,5.606053,12.242753,-20.02218
sh.603298,杭叉集团,2026-04-01,25.06,25.66,24.8,25.39,6356703.0,160674469.56,0.4853,3.6327,15.124938,2.920393,1.889213,105.986278
sh.603298,杭叉集团,2026-04-02,25.4,25.4,24.56,24.73,4623369.0,115090966.48,0.353,-2.5994,14.731773,2.844479,1.840104,103.231219
sh.603299,苏盐井神,2026-04-01,11.72,11.82,11.49,11.53,7118008.0,82492568.99,0.9151,-0.6034,21.036226,1.789086,2.365888,-9.873537
sh.603299,苏盐井神,2026-04-02,11.55,11.67,11.45,11.49,5614200.0,64853659.0,0.7218,-0.3469,20.963247,1.782879,2.35768,-9.839283
sh.603300,海南华铁,2026-04-01,6.79,6.88,6.77,6.81,39304799.0,267840812.8,1.9707,1.9461,20.970324,2.079435,2.304822,35.265287
sh.603300,海南华铁,2026-04-02,6.78,6.78,6.56,6.62,57891243.0,384578721.61,2.9024,-2.79,20.385958,2.021489,2.240595,34.282574
sh.603301,振德医疗,2026-04-01,99.8,101.4,96.49,100.22,5361100.0,533758174.49,2.0167,0.9977,94.846399,4.671604,6.163206,404.602068
sh.603301,振德医疗,2026-04-02,100.22,102.3,97.9,98.23,3330532.0,330802208.38,1.2529,-1.9856,92.963098,4.578843,6.040827,396.568161
sh.603303,得邦照明,2026-04-01,14.6,14.79,14.35,14.68,1866602.0,27329608.68,0.3914,2.4424,26.492853,2.202196,1.619217,-47.912696
sh.603303,得邦照明,2026-04-02,14.66,14.89,14.55,14.7,1178700.0,17284990.0,0.2471,0.1362,26.528946,2.205197,1.621423,-47.977972
sh.603305,旭升集团,2026-04-01,14.9,14.94,14.55,14.71,21452959.0,315737532.38,1.8563,0.5468,43.244075,2.478512,3.898959,-8.127382
sh.603305,旭升集团,2026-04-02,14.6,14.9,14.45,14.56,22411698.0,328822224.75,1.9392,-1.0197,42.803109,2.453238,3.859201,-8.044506
sh.603306,华懋科技,2026-04-01,78.9,82.78,78.55,81.64,14871950.0,1203356816.4,4.5136,7.9894,105.991807,8.6712,10.94639,-65.294491
sh.603306,华懋科技,2026-04-02,81.6,83.93,80.8,82.75,9880435.0,814501767.21,2.9987,1.3596,107.432901,8.789096,11.09522,-66.182253
sh.603307,扬州金泉,2026-04-01,38.61,39.0,38.3,38.78,471100.0,18227706.0,0.7031,2.3219,21.879424,1.891339,3.020969,-7.018642
sh.603307,扬州金泉,2026-04-02,38.78,38.96,37.85,38.14,405600.0,15503056.0,0.6054,-1.6503,21.518341,1.860126,2.971113,-6.902811
sh.603308,应流股份,2026-04-01,63.57,65.17,63.08,64.14,17997864.0,1152191071.09,2.6505,3.9041,123.212259,8.874158,15.988359,28.850071
sh.603308,应流股份,2026-04-02,64.5,65.85,63.24,63.53,17183099.0,1109906225.72,2.5305,-0.951,122.040456,8.789761,15.836302,28.575694
sh.603309,维力医疗,2026-04-01,15.09,15.14,14.7,14.96,5594930.0,83236091.9,1.9169,0.3353,17.872415,2.256204,2.662309,146.071965
sh.603309,维力医疗,2026-04-02,14.95,15.4,14.53,15.05,11783408.0,175870349.28,4.0372,0.6016,17.979936,2.269777,2.678325,146.95074
sh.603310,巍华新材,2026-04-01,16.22,16.33,16.18,16.33,1074406.0,17492342.68,0.5538,1.4286,31.631128,1.421891,5.700165,-7.328171
sh.603310,巍华新材,2026-04-02,16.31,16.42,16.13,16.24,1227674.0,19978117.71,0.6328,-0.5511,31.456798,1.414054,5.66875,-7.287784
sh.603311,金海高科,2026-04-01,16.64,17.11,16.46,16.96,4975200.0,83553863.0,2.1092,3.3516,44.095991,2.910877,4.695293,-52.545025
sh.603311,金海高科,2026-04-02,17.29,17.49,16.28,16.45,5756600.0,96164970.0,2.4404,-3.0071,42.769991,2.823345,4.554102,-50.964956
sh.603312,西典新能,2026-04-01,40.81,41.18,40.14,40.45,1630982.0,66286700.16,3.2031,0.099,24.812067,3.63775,2.326564,-277.627509
sh.603312,西典新能,2026-04-02,40.27,40.3,38.31,38.39,2106028.0,82344000.12,4.136,-5.0927,23.548461,3.45249,2.208078,-263.488753
sh.603313,梦百合,2026-04-01,8.29,8.31,8.08,8.24,5262220.0,43202739.2,0.9222,0.8568,28.939514,1.275264,0.517831,46.149264
sh.603313,梦百合,2026-04-02,8.27,8.27,8.0,8.04,4635700.0,37534814.0,0.8124,-2.4272,28.237098,1.244311,0.505262,45.029136
sh.603315,福鞍股份,2026-04-01,14.08,14.3,13.98,14.17,5687800.0,80385037.0,1.7754,2.4584,95.859861,2.67231,3.844182,143.603537
sh.603315,福鞍股份,2026-04-02,14.18,14.2,13.61,13.68,5544900.0,76824020.0,1.7308,-3.458,92.545017,2.579901,3.71125,138.637712
sh.603316,诚邦股份,2026-04-01,15.3,15.3,14.16,14.23,20725160.0,300368279.2,7.8426,-1.8621,-31.442588,7.106573,7.467702,96.186305
sh.603316,诚邦股份,2026-04-02,14.11,14.8,13.5,13.58,16460110.0,231044958.3,6.2287,-4.5678,-30.006349,6.781958,7.126591,91.792693
sh.603317,天味食品,2026-04-01,12.41,12.66,12.3,12.59,6858280.0,85944301.0,0.6441,2.5244,23.529051,2.951364,3.886944,111.595088
sh.603317,天味食品,2026-04-02,12.58,13.01,12.52,12.88,9857644.0,126802381.08,0.9258,2.3034,24.071022,3.019346,3.976477,114.165586
sh.603318,水发燃气,2026-04-01,7.86,7.95,7.73,7.78,21323674.0,166919484.98,4.645,-1.1436,-641.910467,3.038138,1.711657,-168.075566
sh.603318,水发燃气,2026-04-02,7.79,8.0,7.79,7.93,24483500.0,194213404.52,5.3333,1.928,-654.286633,3.096714,1.744658,-171.316097
sh.603319,美湖股份,2026-04-01,30.9,32.63,30.89,31.91,14676344.0,465891172.22,4.3274,5.4876,71.938626,4.362224,5.104457,139.780855
sh.603319,美湖股份,2026-04-02,32.05,32.13,31.15,31.45,5356703.0,169306159.18,1.5795,-1.4416,70.901592,4.29934,5.030874,137.765838
sh.603320,迪贝电气,2026-04-01,20.28,20.38,19.99,20.3,1998283.0,40308428.13,1.3398,1.6016,40.363625,2.599802,2.971008,354.247293
sh.603320,迪贝电气,2026-04-02,20.28,20.32,19.68,19.92,1541600.0,30807135.73,1.0336,-1.8719,39.60805,2.551136,2.915393,347.616063
sh.603321,梅轮电梯,2026-04-01,7.5,7.55,7.28,7.36,4865700.0,35878317.0,1.4121,-0.9421,54.927518,1.782689,3.496152,-12.067822
sh.603321,梅轮电梯,2026-04-02,7.39,7.41,7.15,7.23,4024766.0,29296304.52,1.1681,-1.7663,53.957331,1.751201,3.434399,-11.854667
sh.603322,超讯通信,2026-04-01,30.85,31.68,30.69,31.35,3916400.0,122351358.0,2.4852,2.6187,-180.866438,17.147496,2.007016,181.048969
sh.603322,超讯通信,2026-04-02,31.17,31.22,30.06,30.42,3570500.0,108962352.0,2.2657,-2.9665,-175.501022,16.638814,1.947478,175.678139
sh.603323,苏农银行,2026-04-01,4.93,4.95,4.89,4.91,24831134.0,122200997.31,1.2302,0.0,4.851218,0.530351,2.364839,11.495124
sh.603323,苏农银行,2026-04-02,4.91,4.95,4.88,4.9,23660071.0,116322452.8,1.1721,-0.2037,4.841338,0.529271,2.360022,11.471712
sh.603324,盛剑科技,2026-04-01,24.99,25.4,24.87,25.08,2469360.0,61897007.2,1.6721,1.3333,62.636034,2.203185,2.875076,-733.296157
sh.603324,盛剑科技,2026-04-02,25.09,25.69,24.8,24.94,2772060.0,69744190.4,1.8771,-0.5582,62.286392,2.190887,2.859027,-729.202797
sh.603325,博隆技术,2026-04-01,73.61,73.97,72.33,73.92,608940.0,44666220.6,1.7814,2.4248,13.154157,2.190083,3.866023,-16.713756
sh.603325,博隆技术,2026-04-02,73.52,73.8,71.38,71.92,556788.0,40273927.48,1.6288,-2.7056,12.798254,2.130828,3.761422,-16.261544
sh.603326,我乐家居,2026-04-01,8.68,8.88,8.61,8.84,9769305.0,85623779.74,3.0608,4.6154,16.181052,2.384828,1.94469,-118.76785
sh.603326,我乐家居,2026-04-02,8.87,8.88,8.48,8.52,5828800.0,50055086.0,1.8262,-3.6199,15.595313,2.298499,1.874294,-114.468561
sh.603327,福蓉科技,2026-04-01,9.24,9.25,9.08,9.18,9229125.0,84410361.28,0.8828,1.1013,96.990904,4.797837,3.729873,356.903021
sh.603327,福蓉科技,2026-04-02,9.16,9.22,8.95,9.02,7464652.0,67721392.26,0.714,-1.7429,95.300431,4.714214,3.664864,350.682489
sh.603328,依顿电子,2026-04-01,11.37,12.17,11.37,11.74,53678688.0,638426860.24,5.3762,6.1483,25.171532,2.716577,2.912,-55.17158
sh.603328,依顿电子,2026-04-02,11.73,11.79,11.15,11.25,33610155.0,385063601.32,3.3663,-4.1738,24.120932,2.603194,2.79046,-52.868848
sh.603329,上海雅仕,2026-04-01,10.64,10.66,10.38,10.54,2423990.0,25451890.8,1.1745,0.8612,73.45028,2.376598,0.578441,-11.526599
sh.603329,上海雅仕,2026-04-02,10.51,10.57,10.26,10.37,1788197.0,18578226.35,0.8664,-1.6129,72.265598,2.338266,0.569111,-11.340686
sh.603330,天洋新材,2026-04-01,6.72,6.85,6.7,6.78,5064154.0,34248756.04,1.2451,1.8018,-15.081606,1.921977,2.915216,-26.070432
sh.603330,天洋新材,2026-04-02,6.72,6.85,6.64,6.71,4786796.0,32228980.16,1.1769,-1.0324,-14.925896,1.902133,2.885118,-25.801268
sh.603331,百达精工,2026-04-01,15.07,15.23,14.94,15.1,6526800.0,98228620.0,3.2283,2.027,42.795421,2.301245,1.997685,53.891973
sh.603331,百达精工,2026-04-02,15.2,15.2,14.78,14.87,5256238.0,78579225.68,2.5998,-1.5232,42.14357,2.266193,1.967257,53.071102
sh.603332,苏州龙杰,2026-04-01,13.07,13.2,12.46,12.62,9633600.0,122319609.76,4.4528,-1.9425,50.367635,2.139586,1.744684,319.593719
sh.603332,苏州龙杰,2026-04-02,12.74,12.74,12.32,12.44,5885270.0,73387866.98,2.7203,-1.4263,49.649237,2.109069,1.7198,315.03533
sh.603333,尚纬股份,2026-04-01,7.89,7.9,7.69,7.74,6299700.0,48764769.0,1.0136,0.3891,-101.719161,2.355068,3.412318,12.365429
sh.603333,尚纬股份,2026-04-02,7.84,8.35,7.72,8.14,25482670.0,204313798.3,4.1,5.168,-106.975966,2.476777,3.588665,13.004469
sh.603334,丰倍生物,2026-04-01,50.5,51.1,49.77,50.2,1548681.0,78243749.18,4.9871,0.6415,46.644771,8.233065,2.561427,-12677.767156
sh.603334,丰倍生物,2026-04-02,50.59,50.59,49.4,50.06,986891.0,49257886.31,3.178,-0.2789,46.514686,8.210105,2.554283,-12642.410833
sh.603335,迪生力,2026-04-01,6.03,6.24,5.93,6.16,17340701.0,105617557.9,4.0502,2.6667,-23.098153,12.189297,2.7695,-93.1916
sh.603335,迪生力,2026-04-02,6.13,6.24,5.93,6.01,13048842.0,79145687.72,3.0478,-2.4351,-22.535698,11.89248,2.702061,-90.922324
sh.603336,宏辉果蔬,2026-04-01,8.63,9.32,8.59,9.11,14941240.0,134693251.73,2.4545,6.5497,573.66367,3.882056,5.246573,18.186701
sh.603336,宏辉果蔬,2026-04-02,9.05,9.24,8.93,8.98,7509398.0,68062414.42,1.2336,-1.427,565.477471,3.826659,5.171705,17.927176
sh.603337,杰克科技,2026-04-01,38.83,39.05,38.48,38.86,1010100.0,39197760.73,0.2132,1.7544,21.168334,3.773502,2.913654,55.839648
sh.603337,杰克科技,2026-04-02,38.9,38.91,37.83,38.39,1831062.0,70009059.72,0.3865,-1.2095,20.91231,3.727863,2.878414,55.164284
sh.603338,浙江鼎力,2026-04-01,49.17,49.39,48.68,49.13,2918800.0,143225198.0,0.5764,1.5502,14.111294,2.238374,2.982871,-83.523961
sh.603338,浙江鼎力,2026-04-02,48.82,49.13,48.31,48.58,2210881.0,107621086.41,0.4366,-1.1195,13.953321,2.213316,2.949478,-82.588928
sh.603339,四方科技,2026-04-01,12.81,12.9,12.75,12.9,1675300.0,21499366.0,0.5414,1.735,25.574098,1.532633,2.40216,-36.786546
sh.603339,四方科技,2026-04-02,12.86,13.08,12.79,12.93,3246680.0,42014664.2,1.0492,0.2326,25.633572,1.536198,2.407747,-36.872096
sh.603341,龙旗科技,2026-04-01,38.41,38.6,37.95,38.17,5561545.0,212329117.96,2.0891,1.2467,34.091104,3.421086,0.473528,-42.116113
sh.603341,龙旗科技,2026-04-02,38.15,38.49,37.02,37.22,5081245.0,191433189.13,1.9087,-2.4889,33.242622,3.33594,0.461743,-41.0679
sh.603344,星德胜,2026-04-01,27.6,27.74,27.27,27.57,1183920.0,32611596.36,2.1912,2.1111,27.650024,2.552428,2.082749,68.421918
sh.603344,星德胜,2026-04-02,27.44,27.57,26.87,27.06,1175782.0,31917295.82,2.1761,-1.8498,27.138544,2.505212,2.044222,67.156224
sh.603345,安井食品,2026-04-01,94.57,95.03,92.4,94.3,5983106.0,563963658.41,2.04,1.1152,23.122636,2.028652,1.940956,11.999366
sh.603345,安井食品,2026-04-02,94.01,96.78,93.91,96.37,5527313.0,529965019.33,1.8846,2.1951,23.630207,2.073184,1.983562,12.262767
sh.603348,文灿股份,2026-04-01,19.77,20.14,19.59,20.12,2578726.0,51255964.04,0.82,2.7055,312.487185,1.465137,1.075406,-19.691864
sh.603348,文灿股份,2026-04-02,20.22,20.39,19.68,19.73,2206600.0,44104214.0,0.7017,-1.9384,306.430028,1.436737,1.054561,-19.310163
sh.603350,安乃达,2026-04-01,35.34,36.28,35.15,35.47,929599.0,33032466.51,2.1127,1.1983,34.135344,3.140677,2.136015,-7.62118
sh.603350,安乃达,2026-04-02,35.48,35.55,34.63,34.8,477352.0,16691008.32,1.0849,-1.8889,33.490554,3.081352,2.095667,-7.477222
sh.603351,威尔药业,2026-04-01,26.3,27.0,25.92,26.65,2265660.0,59696617.0,1.6728,1.5625,24.455953,2.051865,2.745602,18.277403
sh.603351,威尔药业,2026-04-02,26.8,27.15,26.07,26.46,1490800.0,39717309.8,1.1007,-0.7129,24.281595,2.037236,2.726028,18.147095
sh.603352,至信股份,2026-04-01,38.0,38.0,37.51,37.96,1729588.0,65354063.56,3.8935,1.7967,36.915611,4.929171,2.334157,60.875616
sh.603352,至信股份,2026-04-02,37.96,37.96,36.98,37.09,1829780.0,68300995.34,4.1191,-2.2919,36.069547,4.8162,2.280661,59.480417
sh.603353,和顺石油,2026-04-01,32.13,33.51,31.89,33.18,5978315.0,196494496.8,3.508,3.4934,718.107643,3.458365,2.030637,26.206689
sh.603353,和顺石油,2026-04-02,33.78,36.5,33.78,36.5,6338140.0,229565893.2,3.7192,10.006,789.961693,3.80441,2.233823,28.828938
sh.603355,莱克电气,2026-04-01,27.86,28.85,27.51,28.64,2962340.0,84088204.8,0.5166,4.6784,16.881086,3.005795,1.670364,20.813294
sh.603355,莱克电气,2026-04-02,29.04,29.1,28.06,28.4,1890080.0,53739606.8,0.3296,-0.838,16.739643,2.98061,1.656368,20.638903
sh.603356,华菱精工,2026-04-01,17.98,18.01,17.13,17.5,7487700.0,131272805.0,5.6155,-0.8499,-13.086689,6.085765,2.453391,55.413845
sh.603356,华菱精工,2026-04-02,17.41,17.47,16.65,16.88,4406952.0,75080493.08,3.305,-3.5429,-12.623046,5.870155,2.366471,53.450612
sh.603357,设计总院,2026-04-01,8.14,8.17,8.07,8.15,4473898.0,36329352.68,0.8052,1.1166,12.492437,1.150789,1.810613,17.663577
sh.603357,设计总院,2026-04-02,8.15,8.16,8.05,8.07,3467620.0,28091468.4,0.6241,-0.9816,12.369812,1.139493,1.79284,17.490192
sh.603358,华达科技,2026-04-01,34.5,37.8,33.95,36.01,33099925.0,1184022194.47,7.2718,4.3768,40.453977,4.413376,3.264312,-254.740959
sh.603358,华达科技,2026-04-02,36.1,36.58,35.01,35.92,15906125.0,573800016.98,3.4945,-0.2499,40.35287,4.402346,3.256153,-254.104283
sh.603359,东珠生态,2026-04-01,6.18,6.24,6.02,6.06,10534460.0,64088629.4,2.3615,-0.6557,-4.014128,1.021982,10.137796,70.255573
sh.603359,东珠生态,2026-04-02,6.06,6.1,5.86,5.92,7348633.0,43669013.36,1.6473,-2.3102,-3.921393,0.998372,9.90359,68.632507
sh.603360,百傲化学,2026-04-01,27.35,27.78,27.09,27.67,10244663.0,281399858.8,1.4506,3.2078,90.455604,12.973508,13.276892,85.680672
sh.603360,百傲化学,2026-04-02,27.51,27.88,26.62,26.78,7417043.0,201396845.38,1.0502,-3.2165,87.546117,12.556218,12.849844,82.924771
sh.603363,傲农生物,2026-04-01,3.94,3.94,3.86,3.88,25529310.0,99170518.1,1.1912,0.2584,5.572848,3.022047,1.235761,587.246074
sh.603363,傲农生物,2026-04-02,3.88,4.07,3.87,3.99,70065740.0,279004288.5,3.2693,2.8351,5.730841,3.107723,1.270795,603.894803
sh.603365,水星家纺,2026-04-01,20.99,21.43,20.9,21.32,1947600.0,41291789.0,0.7496,2.0584,14.379955,1.861611,1.247529,50.605567
sh.603365,水星家纺,2026-04-02,21.4,21.82,21.04,21.15,2279300.0,48731842.0,0.8773,-0.7974,14.265293,1.846767,1.237582,50.202052
sh.603366,日出东方,2026-04-01,9.38,9.44,9.23,9.31,27286289.0,254028056.92,3.356,0.2153,41.64154,1.821851,1.645835,-39.904268
sh.603366,日出东方,2026-04-02,9.27,9.31,9.0,9.01,32697797.0,298474605.11,4.0216,-3.2223,40.299708,1.763145,1.5928,-38.618416
sh.603367,辰欣药业,2026-04-01,16.8,17.71,16.8,17.67,21254300.0,370514484.52,4.6944,4.9911,16.234121,1.30025,2.245281,96.349609
sh.603367,辰欣药业,2026-04-02,17.5,17.85,17.4,17.63,18448052.0,325476790.96,4.0746,-0.2264,16.197372,1.297307,2.240199,96.1315
sh.603368,柳药集团,2026-04-01,17.07,17.21,16.9,17.2,4706555.0,80509451.4,1.1849,1.236,8.706807,0.89051,0.32615,-29.806932
sh.603368,柳药集团,2026-04-02,17.19,17.32,17.1,17.23,4514610.0,77786152.9,1.1366,0.1744,8.721993,0.892063,0.326719,-29.85892
sh.603369,今世缘,2026-04-01,26.81,27.47,26.56,27.23,10580846.0,286807139.34,0.8486,2.7547,11.808045,2.056586,3.237705,-41.889679
sh.603369,今世缘,2026-04-02,27.16,28.02,27.1,27.5,10866488.0,299874251.76,0.8716,0.9916,11.925128,2.076978,3.269808,-42.305037
sh.603370,华新精科,2026-04-01,43.45,43.91,43.45,43.72,685500.0,29929200.46,1.9591,1.2506,43.068828,4.014428,4.784958,10.236118
sh.603370,华新精科,2026-04-02,43.59,43.83,42.5,42.95,746847.0,32117883.98,2.1345,-1.7612,42.310297,3.943725,4.700685,10.055838
sh.603373,安邦护卫,2026-04-01,43.0,43.15,41.82,42.16,1976548.0,83891850.15,4.3507,0.0,35.031866,2.508132,1.65313,126.226919
sh.603373,安邦护卫,2026-04-02,42.14,43.2,41.8,42.72,2041100.0,87211999.0,4.4928,1.3283,35.497185,2.541447,1.675088,127.903558
sh.603375,盛景微,2026-04-01,37.5,37.5,36.61,37.16,983500.0,36346218.0,1.542,1.6411,161.662904,2.366415,7.385147,72.201848
sh.603375,盛景微,2026-04-02,37.02,38.08,37.02,37.26,1574700.0,59280669.0,2.4689,0.2691,162.09795,2.372784,7.40502,72.396148
sh.603376,大明电子,2026-04-01,33.6,33.68,33.26,33.46,871223.0,29171678.44,2.807,0.9961,47.342239,10.625285,4.452072,1827.331314
sh.603376,大明电子,2026-04-02,33.6,34.08,33.08,33.21,1157880.0,38899356.35,3.7306,-0.7472,46.988516,10.545897,4.418808,1813.678211
sh.603377,ST东时,2026-04-01,3.77,3.8,3.72,3.75,4603451.0,17252301.23,0.6439,0.2674,-2.992303,3.311184,4.145466,30.004451
sh.603377,ST东时,2026-04-02,3.75,3.77,3.63,3.65,7509400.0,27752048.0,1.0496,-2.6667,-2.914378,3.224955,4.037511,29.22308
sh.603378,亚士创能,2026-04-01,5.87,5.87,5.51,5.56,9923024.0,55784837.46,2.3152,-2.4561,-3.830679,2.387655,3.286217,-191.472339
sh.603378,亚士创能,2026-04-02,5.55,5.58,5.32,5.38,7013421.0,38157773.79,1.6364,-3.2374,-3.706665,2.310356,3.179829,-185.273594
sh.603379,三美股份,2026-04-01,62.7,63.1,61.32,62.55,5929700.0,369649847.2,0.9713,1.4928,21.113049,5.015582,7.033389,79.001359
sh.603379,三美股份,2026-04-02,62.89,62.89,61.0,61.49,4696800.0,290574242.0,0.7694,-1.6946,20.755258,4.930586,6.914199,77.662567
sh.603380,易德龙,2026-04-01,33.69,34.05,33.57,33.81,981400.0,33161882.0,0.6117,1.5925,24.507429,3.544877,2.325928,35.890691
sh.603380,易德龙,2026-04-02,33.79,33.88,32.96,33.16,747600.0,24943094.0,0.466,-1.9225,24.036271,3.476727,2.281211,35.20069
sh.603381,永臻股份,2026-04-01,23.8,24.77,23.6,23.92,8558147.0,206175713.38,6.021,1.8306,61.755595,1.586764,0.493578,9.228113
sh.603381,永臻股份,2026-04-02,23.71,23.83,22.67,22.88,6728000.0,155699606.0,4.7334,-4.3478,59.070569,1.517774,0.472118,8.826891
sh.603382,海阳科技,2026-04-01,27.33,27.46,27.09,27.31,684852.0,18654336.52,1.8892,0.7377,35.925839,2.855311,1.055362,23.52905
sh.603382,海阳科技,2026-04-02,27.35,27.35,26.86,26.86,674075.0,18197496.53,1.8595,-1.6477,35.333871,2.808263,1.037972,23.141351
sh.603383,顶点软件,2026-04-01,29.12,29.18,28.81,29.05,2364468.0,68647276.08,1.1513,1.3962,30.434453,4.085715,9.502635,-20.671723
sh.603383,顶点软件,2026-04-02,28.95,29.0,28.1,28.22,2416334.0,68775031.44,1.1765,-2.8571,29.564897,3.96898,9.231132,-20.081102
sh.603385,惠达卫浴,2026-04-01,6.8,6.87,6.66,6.75,3024100.0,20412046.0,0.7944,0.4464,42.312525,0.684518,0.803825,-7.200831
sh.603385,惠达卫浴,2026-04-02,6.72,6.76,6.48,6.59,4206000.0,27808297.0,1.1049,-2.3704,41.309562,0.668292,0.784772,-7.030144
sh.603386,骏亚科技,2026-04-01,13.36,13.62,13.36,13.49,5692700.0,76778093.0,1.7445,2.7418,-37.448149,3.233617,1.752759,51.413247
sh.603386,骏亚科技,2026-04-02,13.36,13.54,13.05,13.15,4450900.0,59003605.0,1.364,-2.5204,-36.504311,3.152117,1.708583,50.117435
sh.603387,基蛋生物,2026-04-01,10.05,10.82,9.99,10.63,70841547.0,736096197.92,13.9685,6.0878,25.823933,2.003327,5.170452,-28.206499
sh.603387,基蛋生物,2026-04-02,10.35,11.39,10.18,10.65,65478121.0,696235777.7,12.9109,0.1881,25.87252,2.007096,5.18018,-28.259569
sh.603389,*ST亚振,2026-04-01,43.3,43.63,43.01,43.34,718097.0,31055896.65,0.2733,0.6269,-119.87422,48.684163,54.541653,-4018.088298
sh.603389,*ST亚振,2026-04-02,43.33,43.33,42.0,42.22,905300.0,38589363.0,0.3445,-2.5842,-116.776409,47.426058,53.132178,-3914.252145
sh.603390,通达电气,2026-04-01,11.75,11.86,11.54,11.85,3126600.0,36694356.0,0.892,2.5974,65.325617,2.578864,4.48126,96.245186
sh.603390,通达电气,2026-04-02,11.87,12.13,11.68,11.79,5409408.0,64231102.44,1.5433,-0.5063,64.994854,2.565806,4.45857,95.757868
sh.603391,力聚热能,2026-04-01,65.93,66.82,64.55,65.88,785900.0,51733583.0,3.4545,0.4268,29.254267,2.865093,6.046245,-15.598534
sh.603391,力聚热能,2026-04-02,66.32,68.6,65.06,67.66,1283000.0,86775414.0,5.6396,2.7019,30.044682,2.942505,6.209608,-16.019988
sh.603392,万泰生物,2026-04-01,39.97,40.45,39.72,40.31,2987199.0,119944934.79,0.2363,1.4088,-152.672964,4.215879,28.383783,-92.243547
sh.603392,万泰生物,2026-04-02,40.27,40.29,39.7,39.84,2593775.0,103557950.54,0.2051,-1.166,-150.892853,4.166723,28.052838,-91.168021
sh.603393,新天然气,2026-04-01,35.6,36.06,34.83,35.02,16676813.0,590263146.48,3.9404,-2.6952,18.398881,1.619399,3.783605,26.014133
sh.603393,新天然气,2026-04-02,35.0,36.3,35.0,35.69,14731786.0,524753643.74,3.4809,1.9132,18.750887,1.650381,3.855992,26.511833
sh.603395,红四方,2026-04-01,29.78,29.8,29.5,29.63,1857366.0,55017890.02,2.8575,0.3726,283.676319,5.507246,2.334105,35.818244
sh.603395,红四方,2026-04-02,29.6,29.6,28.91,29.0,2920900.0,85251759.34,4.4937,-2.1262,277.644727,5.390149,2.284477,35.056668
sh.603396,金辰股份,2026-04-01,36.15,36.97,34.24,36.31,8551081.0,303727807.57,6.1728,0.8891,109.477057,1.942636,1.942944,16.548333
sh.603396,金辰股份,2026-04-02,35.52,35.89,33.66,33.87,6909899.0,239084842.96,4.9881,-6.7199,102.120295,1.812092,1.81238,15.436299
sh.603398,*ST沐邦,2026-04-01,11.51,11.6,11.22,11.36,7698400.0,87239667.0,1.7753,-1.3032,-4.121085,7.667419,19.440813,-20.206141
sh.603398,*ST沐邦,2026-04-02,11.04,11.35,10.98,11.14,6411600.0,71388347.0,1.4785,-1.9366,-4.041275,7.518931,19.064318,-19.814825
sh.603399,永杉锂业,2026-04-01,11.47,11.59,11.09,11.17,21378646.0,239856288.8,4.1731,-1.0629,-30.349637,3.45037,1.124508,-29.49752
sh.603399,永杉锂业,2026-04-02,11.15,11.67,10.89,11.42,42260328.0,481863742.75,8.2493,2.2381,-31.028904,3.527594,1.149676,-30.157715
sh.603400,华之杰,2026-04-01,68.01,68.77,66.77,67.26,751120.0,50756887.18,3.7556,0.3881,41.452042,5.341776,4.736352,23.330972
sh.603400,华之杰,2026-04-02,67.25,67.25,65.27,66.89,738125.0,48879340.43,3.6906,-0.5501,41.224012,5.312391,4.710297,23.202627
sh.603402,陕西旅游,2026-04-01,134.5,138.2,132.06,137.05,1423201.0,193536148.11,7.3614,3.7079,28.211801,7.799374,10.028499,38.84861
sh.603402,陕西旅游,2026-04-02,136.1,138.32,133.5,135.7,1222611.0,166317915.08,6.3238,-0.985,27.933903,7.722547,9.929714,38.465935
sh.603406,天富龙,2026-04-01,34.73,34.87,34.53,34.72,863889.0,29974855.56,2.3563,0.9889,30.661785,2.980566,3.836239,-80.351533
sh.603406,天富龙,2026-04-02,34.66,34.97,34.37,34.43,1131370.0,39182091.99,3.0859,-0.8353,30.405681,2.955671,3.804197,-79.680394
sh.603408,建霖家居,2026-04-01,11.85,11.99,11.72,11.96,3003000.0,35739300.0,0.671,1.4419,12.33851,1.559554,1.080639,70.199904
sh.603408,建霖家居,2026-04-02,11.89,12.06,11.75,11.78,2319510.0,27564745.6,0.5182,-1.505,12.152813,1.536083,1.064376,69.143384
sh.603409,汇通控股,2026-04-01,37.9,39.43,37.9,38.98,2479792.0,96549431.88,6.857,3.0944,30.903403,3.293314,4.013481,28.017108
sh.603409,汇通控股,2026-04-02,39.0,39.16,38.42,38.91,1508980.0,58498897.94,4.1726,-0.1796,30.847907,3.2874,4.006274,27.966795
sh.603416,信捷电气,2026-04-01,48.73,49.36,48.49,49.01,1056758.0,51745664.54,0.7589,1.9979,32.848256,2.922785,4.097042,-408.404323
sh.603416,信捷电气,2026-04-02,48.76,50.01,47.75,48.03,1579609.0,77372758.0,1.1344,-1.9996,32.191425,2.864342,4.015118,-400.237903
sh.603418,友升股份,2026-04-01,50.3,50.57,50.13,50.53,680819.0,34287366.2,1.6459,1.4659,19.349726,2.210976,2.077559,4.567574
sh.603418,友升股份,2026-04-02,50.3,50.4,49.57,49.61,749754.0,37381652.36,1.8125,-1.8207,18.997426,2.170721,2.039733,4.484412
sh.603421,鼎信通讯,2026-04-01,9.14,9.46,8.72,8.77,35795040.0,321609367.4,5.4884,-2.9867,-10.395255,2.042175,3.013409,-37.607548
sh.603421,鼎信通讯,2026-04-02,8.71,9.59,8.59,8.91,49579712.0,448019783.24,7.602,1.5964,-10.5612,2.074775,3.061514,-38.207896
sh.603429,*ST集友,2026-04-01,10.45,10.45,10.13,10.45,8570991.0,88783107.14,1.6342,5.0251,-301.06777,4.328954,32.029701,373.654257
sh.603429,*ST集友,2026-04-02,10.85,10.97,10.69,10.87,14859692.0,161830252.52,2.8332,4.0191,-313.168101,4.502941,33.317019,388.67194
sh.603439,三力制药,2026-04-01,11.07,11.4,10.92,11.34,3651773.0,40924798.49,0.9043,3.4672,28.859798,3.131849,2.671592,-17.073439
sh.603439,三力制药,2026-04-02,11.34,11.49,11.29,11.35,3491892.0,39687426.36,0.8647,0.0882,28.885248,3.134611,2.673948,-17.088495
sh.603444,吉比特,2026-04-01,368.0,375.19,360.2,375.0,2486956.0,917546036.39,3.4521,3.3912,15.061562,4.902417,4.354052,12.643325
sh.603444,吉比特,2026-04-02,372.5,372.97,363.5,364.55,1555516.0,570068822.62,2.1592,-2.7867,14.641846,4.765803,4.23272,12.290998
sh.603456,九洲药业,2026-04-01,17.31,17.76,17.03,17.74,30209472.0,529342665.98,3.3964,3.0197,21.827879,1.802222,2.946103,228.42267
sh.603456,九洲药业,2026-04-02,17.75,17.86,17.36,17.66,19488930.0,344445996.44,2.1911,-0.451,21.729444,1.794094,2.932817,227.392579
sh.603458,勘设股份,2026-04-01,9.75,10.35,9.51,10.16,15290692.0,152347502.72,4.9949,5.6133,-9.017532,1.089487,2.12009,-52.915004
sh.603458,勘设股份,2026-04-02,10.3,10.8,10.22,10.33,18563620.0,194821119.98,6.0641,1.6732,-9.168416,1.107717,2.155563,-53.800392
sh.603466,风语筑,2026-04-01,9.5,9.5,9.3,9.38,14044288.0,131524929.98,2.3612,1.4054,162.284684,2.648245,3.189856,-29.276432
sh.603466,风语筑,2026-04-02,9.3,9.34,9.14,9.19,11674898.0,107781584.11,1.9628,-2.0256,159.005946,2.594741,3.125409,-28.684943
sh.603477,巨星农牧,2026-04-01,15.9,15.9,15.4,15.48,12361100.0,192114637.0,2.4234,-1.5267,21.557519,2.652595,1.01724,211.43032
sh.603477,巨星农牧,2026-04-02,15.47,17.03,15.47,17.03,34652228.0,571880602.45,6.7936,10.0129,23.716056,2.918198,1.119096,232.600669
sh.603486,科沃斯,2026-04-01,62.0,62.68,61.5,62.4,3720411.0,231225215.23,0.6489,2.2616,22.451532,4.202861,1.882134,20.122317
sh.603486,科沃斯,2026-04-02,62.36,62.36,60.29,60.56,3734170.0,227512941.39,0.6513,-2.9487,21.789524,4.078935,1.826637,19.528989
sh.603488,展鹏科技,2026-04-01,10.06,10.46,9.55,10.15,15775100.0,158068056.2,5.4026,1.9076,-96.384154,3.284733,6.459834,-87.667033
sh.603488,展鹏科技,2026-04-02,10.05,10.2,9.97,10.12,5269300.0,53153530.0,1.8046,-0.2956,-96.099275,3.275025,6.44074,-87.407919
sh.603489,八方股份,2026-04-01,33.72,33.93,32.9,33.0,3950675.0,131539754.48,1.6839,-0.4525,97.403089,2.874466,5.616759,-25.473674
sh.603489,八方股份,2026-04-02,32.67,33.29,31.75,32.11,3365253.0,109104337.84,1.4344,-2.697,94.776157,2.796943,5.465277,-24.786657
sh.603496,恒为科技,2026-04-01,28.74,29.12,28.49,28.51,11122599.0,320122986.43,3.4735,1.0635,261.296168,6.550108,8.72196,92.663369
sh.603496,恒为科技,2026-04-02,28.51,28.51,26.65,27.02,15291041.0,417998149.66,4.7753,-5.2262,247.640213,6.207784,8.26613,87.820563
sh.603499,翔港科技,2026-04-01,21.9,22.34,21.74,21.82,3552680.0,78069764.0,1.1741,0.9251,51.646467,7.551309,6.344631,-669.358587
sh.603499,翔港科技,2026-04-02,21.83,21.95,21.2,21.38,3021780.0,64735158.4,0.9986,-2.0165,50.605016,7.399037,6.216691,-655.86098
sh.603500,祥和实业,2026-04-01,11.28,11.36,11.07,11.23,5088300.0,56795335.4,1.5334,0.6272,25.52482,3.684198,4.919201,-296.378641
sh.603500,祥和实业,2026-04-02,11.23,11.26,10.99,11.04,3931040.0,43672900.8,1.1846,-1.6919,25.092966,3.621866,4.835973,-291.364221
sh.603501,豪威集团,2026-04-01,96.84,97.0,95.0,96.05,14999124.0,1436085405.76,1.2393,1.1479,29.941581,4.335367,4.197781,45.758555
sh.603501,豪威集团,2026-04-02,95.49,95.49,91.12,91.35,24523077.0,2265271583.05,2.0261,-4.8933,28.476454,4.123225,3.992372,43.519458
sh.603505,金石资源,2026-04-01,18.01,18.23,17.92,18.06,7108331.0,128391043.11,0.8446,1.632,62.735656,8.429915,4.129917,831.63591
sh.603505,金石资源,2026-04-02,18.11,18.12,17.55,17.7,7947275.0,141275957.27,0.9442,-1.9934,61.485111,8.261877,4.047593,815.05845
sh.603506,南都物业,2026-04-01,12.5,12.57,12.24,12.4,2861200.0,35400866.0,1.5237,0.4862,20.064362,1.866254,1.267606,-62.004119
sh.603506,南都物业,2026-04-02,12.4,12.44,12.03,12.13,2655400.0,32470246.0,1.4141,-2.1774,19.627477,1.825618,1.240005,-60.65403
sh.603507,振江股份,2026-04-01,42.8,42.9,40.0,41.3,18719795.0,772380547.33,10.2985,-2.3641,68.323036,3.032394,1.916573,-32.683261
sh.603507,振江股份,2026-04-02,41.09,42.2,39.88,40.75,12680852.0,517129023.04,6.9762,-1.3317,67.413165,2.992011,1.89105,-32.248012
sh.603508,思维列控,2026-04-01,26.08,26.14,25.72,25.88,2300328.0,59472140.24,0.6033,0.2712,15.988668,2.565874,6.314399,201.493891
sh.603508,思维列控,2026-04-02,25.73,25.94,25.7,25.82,2094584.0,54101364.56,0.5494,-0.2318,15.9516,2.559926,6.29976,201.026749
sh.603511,爱慕股份,2026-04-01,13.89,13.99,13.8,13.98,1194149.0,16604247.01,0.2971,2.1183,45.835416,1.2974,1.812454,-441.738256
sh.603511,爱慕股份,2026-04-02,13.98,14.02,13.7,13.83,979980.0,13562158.8,0.2438,-1.073,45.343619,1.283479,1.793007,-436.998575
sh.603515,欧普照明,2026-04-01,19.2,19.54,19.09,19.52,2690350.0,52171207.0,0.3654,2.2525,16.900455,2.17866,2.091544,2157.169747
sh.603515,欧普照明,2026-04-02,19.59,19.63,19.25,19.43,1484300.0,28770541.98,0.2016,-0.4611,16.822533,2.168615,2.081901,2147.22378
sh.603516,淳中科技,2026-04-01,141.83,142.56,138.74,139.1,3907882.0,548071490.85,1.9225,0.4985,5597.805685,20.310393,78.101372,-175.716007
sh.603516,淳中科技,2026-04-02,138.31,138.94,132.15,132.89,5230755.0,704980315.83,2.5733,-4.4644,5347.896459,19.403653,74.614603,-167.871317
sh.603517,ST绝味,2026-04-01,11.78,12.29,11.72,12.29,7187187.0,86870779.48,1.186,5.0427,108.047017,1.166847,1.353558,-21.298704
sh.603517,ST绝味,2026-04-02,12.4,12.9,12.33,12.55,15743326.0,200568102.57,2.5979,2.1155,110.332796,1.191532,1.382193,-21.749287
sh.603518,锦泓集团,2026-04-01,9.0,9.1,8.91,9.02,5773500.0,51999242.0,1.678,1.3483,12.039181,0.856769,0.72332,-146.681342
sh.603518,锦泓集团,2026-04-02,9.02,9.02,8.86,8.88,2784599.0,24872604.1,0.8093,-1.5521,11.85232,0.843471,0.712093,-144.404691
sh.603519,立霸股份,2026-04-01,13.5,13.7,13.5,13.68,2667108.0,36310364.12,1.0014,2.0134,21.829705,3.063345,2.126841,26.234923
sh.603519,立霸股份,2026-04-02,13.68,13.73,13.45,13.58,2690880.0,36586985.4,1.0104,-0.731,21.670132,3.040952,2.111294,26.043148
sh.603520,司太立,2026-04-01,10.86,11.18,10.64,11.14,48970776.0,536498709.38,11.1701,3.4355,-166.970582,1.878093,2.042849,-18.168819
sh.603520,司太立,2026-04-02,11.01,11.23,10.8,10.91,33095756.0,361776538.84,7.549,-2.0646,-163.523254,1.839317,2.000671,-17.793699
sh.603527,众源新材,2026-04-01,11.31,11.48,11.03,11.15,10267415.0,114579791.45,3.2392,-0.0896,26.040478,1.712856,0.339695,17.623677
sh.603527,众源新材,2026-04-02,11.11,11.28,10.8,10.88,9203997.0,101330638.45,2.9037,-2.4215,25.409901,1.671378,0.331469,17.196915
sh.603528,多伦科技,2026-04-01,8.17,8.4,8.07,8.32,11867012.0,97850245.12,1.681,2.9703,-105.861775,3.090002,14.257367,-76.649078
sh.603528,多伦科技,2026-04-02,8.25,8.34,8.04,8.09,7278931.0,59466262.48,1.0311,-2.7644,-102.935308,3.004581,13.863233,-74.530173
sh.603529,爱玛科技,2026-04-01,32.25,32.56,31.38,31.68,21402418.0,680024264.04,2.5252,-2.0711,11.741002,2.888993,1.089547,-40.293963
sh.603529,爱玛科技,2026-04-02,31.44,31.96,30.81,31.51,17109131.0,536372921.91,2.0186,-0.5366,11.677998,2.873491,1.083701,-40.07774
sh.603530,神马电力,2026-04-01,57.12,57.55,56.21,56.51,3336491.0,189016026.76,0.7805,0.9107,65.549337,14.943231,15.126629,4941.148646
sh.603530,神马电力,2026-04-02,56.5,57.14,54.56,55.12,3112598.0,172783714.44,0.7282,-2.4597,63.936992,14.575667,14.754553,4819.609155
sh.603533,掌阅科技,2026-04-01,25.1,25.34,24.75,25.15,12763302.0,320017578.76,2.908,2.2358,-84.560336,4.774714,3.524409,-20.642481
sh.603533,掌阅科技,2026-04-02,25.05,25.76,24.75,24.81,18609907.0,467879989.35,4.2402,-1.3519,-83.417174,4.710166,3.476763,-20.363418
sh.603535,嘉诚国际,2026-04-01,8.48,8.53,8.38,8.5,2703612.0,22881905.0,0.5292,0.9501,23.177212,1.649358,3.308615,-47.681288
sh.603535,嘉诚国际,2026-04-02,8.44,8.53,8.32,8.36,2174044.0,18277147.84,0.4255,-1.6471,22.79547,1.622193,3.25412,-46.895949
sh.603536,惠发食品,2026-04-01,10.4,10.46,10.05,10.14,6209000.0,63399048.0,2.5814,-1.5534,-89.184967,5.948172,1.457249,-52.157757
sh.603536,惠发食品,2026-04-02,10.15,10.2,9.92,9.97,4280416.0,43000854.0,1.7796,-1.6765,-87.689756,5.848449,1.432817,-51.283317
sh.603538,美诺华,2026-04-01,40.9,41.72,36.81,39.79,87532541.0,3427266121.48,40.4806,-2.7139,88.189256,3.904071,5.694783,446.246004
sh.603538,美诺华,2026-04-02,38.51,43.77,37.72,42.32,94704866.0,3905407480.57,43.7975,6.3584,93.796665,4.152307,6.056879,474.620028
sh.603551,奥普科技,2026-04-01,12.8,13.05,12.62,12.74,4541140.0,58240807.0,1.1954,0.5525,16.600272,3.569453,2.685456,36.762275
sh.603551,奥普科技,2026-04-02,12.78,12.9,12.45,12.5,4693400.0,59344061.0,1.2355,-1.8838,16.287551,3.50221,2.634867,36.069737
sh.603556,海兴电力,2026-04-01,33.26,33.98,33.26,33.79,4052711.0,136134402.56,0.8334,3.0183,17.427268,2.22801,3.513586,-319.946508
sh.603556,海兴电力,2026-04-02,33.55,34.25,33.13,33.23,2620300.0,88060462.0,0.5389,-1.6573,17.138447,2.191085,3.455355,-314.64405
sh.603557,ST起步,2026-04-01,3.88,3.88,3.79,3.88,9539100.0,36681975.0,1.5301,2.1053,-16.992866,30.88763,9.84582,-213.698377
sh.603557,ST起步,2026-04-02,3.88,4.05,3.86,3.86,9449600.0,37146717.0,1.5157,-0.5155,-16.905274,30.728415,9.795068,-212.596839
sh.603558,健盛集团,2026-04-01,14.6,14.86,14.12,14.33,14683500.0,210701529.45,4.2854,-3.0447,12.125812,2.093305,1.896678,35.889748
sh.603558,健盛集团,2026-04-02,14.14,14.21,13.67,13.8,11143351.0,154719622.33,3.2522,-3.6985,11.677335,2.015883,1.826529,34.562353
sh.603559,ST通脉,2026-04-01,7.29,7.48,7.17,7.3,7577204.0,55512321.2,1.8883,1.9553,-10.40817,3.07814,6.995101,134.389479
sh.603559,ST通脉,2026-04-02,7.35,7.35,7.16,7.19,2580800.0,18685215.0,0.6431,-1.5068,-10.251334,3.031757,6.889696,132.364432
sh.603565,中谷物流,2026-04-01,11.47,11.65,11.41,11.45,15843687.0,182308385.55,0.7544,-0.1744,11.251608,2.433942,2.244645,13.120457
sh.603565,中谷物流,2026-04-02,11.45,11.68,11.44,11.6,15176282.0,175729780.93,0.7227,1.31,11.399009,2.465828,2.27405,13.292341
sh.603566,普莱柯,2026-04-01,12.62,12.62,12.39,12.6,3392195.0,42523216.0,0.9802,1.9417,30.350115,1.691333,3.950224,201.299518
sh.603566,普莱柯,2026-04-02,12.54,12.86,12.53,12.76,3937795.0,50128401.55,1.1379,1.2698,30.735513,1.71281,4.000385,203.855703
sh.603567,珍宝岛,2026-04-01,7.16,7.25,7.05,7.25,11008300.0,79136611.0,1.1717,2.4011,-20.510848,0.936054,4.274817,-9.213624
sh.603567,珍宝岛,2026-04-02,7.22,7.27,7.15,7.18,8256271.0,59464583.78,0.8788,-0.9655,-20.312812,0.927016,4.233543,-9.124665
sh.603568,伟明环保,2026-04-01,25.5,25.73,25.0,25.17,5461830.0,137908600.85,0.32,0.3189,15.778769,2.964018,6.144285,107.011617
sh.603568,伟明环保,2026-04-02,25.06,25.18,24.78,25.02,4331183.0,108075736.22,0.2537,-0.5959,15.684736,2.946354,6.107669,106.373884
sh.603569,长久物流,2026-04-01,6.97,7.0,6.9,6.99,4075080.0,28354048.2,0.6752,1.895,63.072446,1.406016,0.868847,11.272947
sh.603569,长久物流,2026-04-02,6.99,6.99,6.79,6.81,3751000.0,25762804.0,0.6215,-2.5751,61.448263,1.369809,0.846473,10.982657
sh.603577,汇金通,2026-04-01,10.86,11.07,10.65,10.82,6590617.0,71439101.63,1.9433,1.5009,35.611898,1.871398,0.87737,41.286242
sh.603577,汇金通,2026-04-02,10.84,11.0,10.33,10.45,7853310.0,83472505.2,2.3157,-3.4196,34.394116,1.807404,0.847367,39.87442
sh.603578,三星新材,2026-04-01,12.82,12.89,12.62,12.7,2547000.0,32539334.0,1.4122,0.316,-22.618887,3.031404,2.045087,17.449616
sh.603578,三星新材,2026-04-02,12.7,12.82,12.35,12.42,3079659.0,38640407.55,1.7075,-2.2047,-22.120203,2.96457,1.999998,17.0649
sh.603579,荣泰健康,2026-04-01,20.38,20.5,20.06,20.5,3805548.0,77253067.76,1.8928,3.2746,25.718757,1.499854,2.607431,-10.750872
sh.603579,荣泰健康,2026-04-02,20.37,20.45,19.96,20.07,2689920.0,54195225.2,1.3379,-2.0976,25.17929,1.468394,2.552739,-10.525366
sh.603580,*ST艾艾,2026-04-01,17.85,18.23,17.57,17.63,1587900.0,28442900.0,1.2152,0.6279,-1659.965252,5.472352,9.9996,132.240408
sh.603580,*ST艾艾,2026-04-02,17.85,17.85,16.78,16.8,1414700.0,24098432.0,1.0826,-4.7079,-1581.816009,5.21472,9.52883,126.014683
sh.603583,捷昌驱动,2026-04-01,32.15,33.6,32.15,33.41,6557023.0,215565324.2,1.7154,5.5608,34.941888,2.765428,3.128905,-30.88063
sh.603583,捷昌驱动,2026-04-02,33.4,34.06,33.01,33.06,5157109.0,172660988.66,1.3492,-1.0476,34.57584,2.736458,3.096127,-30.557127
sh.603585,苏利股份,2026-04-01,22.2,22.6,21.71,21.99,11963309.0,262671518.7,6.5467,-0.9459,34.310449,1.618395,1.507019,-43.53722
sh.603585,苏利股份,2026-04-02,21.9,22.55,21.89,22.28,9842600.0,218652680.8,5.3862,1.3188,34.763361,1.639759,1.526912,-44.111929
sh.603586,金麒麟,2026-04-01,18.44,18.61,18.25,18.38,2334400.0,42957886.0,1.1907,0.6021,22.898864,1.553264,1.906756,21.618758
sh.603586,金麒麟,2026-04-02,18.26,18.41,18.09,18.28,1720400.0,31384438.0,0.8775,-0.5441,22.774278,1.544813,1.896382,21.501137
sh.603587,地素时尚,2026-04-01,12.32,12.41,12.24,12.41,2242361.0,27712194.13,0.473,1.8048,22.582924,1.631888,2.735695,-14.80859
sh.603587,地素时尚,2026-04-02,12.46,12.46,12.24,12.31,1384801.0,17053568.74,0.2921,-0.8058,22.40095,1.618738,2.713651,-14.689262
sh.603588,高能环境,2026-04-01,15.4,15.8,14.9,15.09,104356098.0,1605214414.96,6.851,0.9365,27.426005,2.382668,1.560223,199.506766
sh.603588,高能环境,2026-04-02,15.06,15.85,15.0,15.47,81281806.0,1254805245.69,5.3361,2.5182,28.116653,2.442669,1.599513,204.530793
sh.603589,口子窖,2026-04-01,24.76,25.19,24.64,25.09,3606290.0,90035077.5,0.6029,1.5789,13.810113,1.432868,3.109045,-26.086641
sh.603589,口子窖,2026-04-02,25.0,25.38,24.94,25.19,4206412.0,105894134.55,0.7033,0.3986,13.865155,1.438578,3.121437,-26.190614
sh.603590,康辰药业,2026-04-01,37.34,39.58,36.94,39.36,4781720.0,184211948.0,3.0221,6.5512,109.568103,1.957694,7.183058,60612.62512
sh.603590,康辰药业,2026-04-02,39.03,39.71,38.68,38.98,3143700.0,122844582.0,1.9869,-0.9654,108.510281,1.938793,7.11371,60027.442256
sh.603595,ST东尼,2026-04-01,15.56,15.6,15.3,15.4,2408800.0,37176295.0,1.0363,0.2604,90.578361,2.315617,1.787752,-32.50493
sh.603595,ST东尼,2026-04-02,15.4,15.4,14.83,14.88,2976468.0,44802044.44,1.2805,-3.3766,87.519871,2.237427,1.727386,-31.407361
sh.603596,伯特利,2026-04-01,44.63,44.96,44.31,44.86,9838135.0,440062259.12,1.6221,2.0473,20.778491,3.486032,2.264688,-91.066561
sh.603596,伯特利,2026-04-02,44.88,45.18,43.65,43.9,10002102.0,443566910.3,1.6491,-2.14,20.333833,3.411431,2.216224,-89.117745
sh.603598,引力传媒,2026-04-01,20.1,20.21,19.63,20.06,12000400.0,239193536.0,4.4548,1.262,-313.591251,25.955532,0.650395,-61.975193
sh.603598,引力传媒,2026-04-02,19.76,20.0,19.2,19.32,10489200.0,204119326.0,3.8938,-3.6889,-302.023079,24.99805,0.626402,-59.688969
sh.603599,广信股份,2026-04-01,14.65,14.77,14.31,14.34,10724192.0,155015990.48,1.1781,-1.0352,18.004756,1.309359,3.420775,-2.285026
sh.603599,广信股份,2026-04-02,14.34,14.56,14.19,14.42,14133403.0,203191527.07,1.5527,0.5579,18.105201,1.316664,3.439858,-2.297773
sh.603600,永艺股份,2026-04-01,10.45,10.58,10.31,10.4,4983778.0,51903377.2,1.661,1.3645,13.073243,1.500936,0.709684,6.403693
sh.603600,永艺股份,2026-04-02,10.34,10.44,10.11,10.18,2774900.0,28395918.0,0.9248,-2.1154,12.796693,1.469185,0.694672,6.268231
sh.603601,再升科技,2026-04-01,15.49,15.93,14.51,14.87,316805985.0,4756400204.48,27.733,-4.0026,209.372257,7.731613,12.445598,163.82907
sh.603601,再升科技,2026-04-02,15.15,15.32,14.03,14.1,296964346.0,4314743355.53,25.9961,-5.1782,198.53052,7.331254,11.801139,155.345655
sh.603602,纵横通信,2026-04-01,13.2,13.3,12.91,13.08,3340100.0,43624119.0,1.4456,0.8481,106.929927,2.841896,1.843096,62.037018
sh.603602,纵横通信,2026-04-02,13.05,13.12,12.81,12.87,2873000.0,37162538.0,1.2434,-1.6055,105.213162,2.79627,1.813505,61.041011
sh.603605,珀莱雅,2026-04-01,61.2,61.88,60.87,61.6,2268046.0,139407896.16,0.5728,1.2825,15.452856,4.342045,2.235701,29.088301
sh.603605,珀莱雅,2026-04-02,61.61,61.65,60.6,61.05,2151908.0,131376046.04,0.5434,-0.8929,15.314884,4.303277,2.21574,28.828584
sh.603606,东方电缆,2026-04-01,62.42,62.45,60.55,61.26,9370271.0,573038919.78,1.3625,1.1893,33.13603,5.086388,3.885232,84.248177
sh.603606,东方电缆,2026-04-02,61.26,62.9,60.35,60.83,9763674.0,599040498.86,1.4197,-0.7019,32.90344,5.050685,3.85796,83.656817
sh.603607,京华激光,2026-04-01,21.9,22.02,21.66,21.99,2476300.0,54189250.0,1.3872,1.7584,36.353331,3.884529,4.229489,-125.578697
sh.603607,京华激光,2026-04-02,21.86,22.13,21.35,21.52,2450200.0,53157841.0,1.3725,-2.1373,35.576339,3.801503,4.139091,-122.894659
sh.603608,天创时尚,2026-04-01,9.67,10.04,9.65,9.87,12257480.0,120839745.6,2.9203,3.7855,-63.46477,3.917749,3.977212,-149.849339
sh.603608,天创时尚,2026-04-02,9.8,9.92,9.57,9.61,7856400.0,76176720.0,1.8717,-2.6342,-61.792952,3.814546,3.872442,-145.90194
sh.603609,禾丰股份,2026-04-01,6.85,6.89,6.79,6.87,2431259.0,16623811.38,0.2677,1.1782,34.200636,0.963444,0.170457,-63.263347
sh.603609,禾丰股份,2026-04-02,6.82,7.02,6.82,6.93,4116750.0,28603650.0,0.4532,0.8734,34.499332,0.971858,0.171946,-63.815866
sh.603610,麒盛科技,2026-04-01,15.78,15.97,15.61,15.76,5730800.0,90730493.0,1.6235,1.6119,36.623129,1.763185,1.879513,-25.574888
sh.603610,麒盛科技,2026-04-02,15.76,15.89,15.28,15.47,3997796.0,62053101.64,1.1325,-1.8401,35.949226,1.730741,1.844928,-25.104284
sh.603611,诺力股份,2026-04-01,20.56,20.68,20.4,20.5,3927240.0,80522635.6,1.5245,1.0848,12.303759,1.664095,0.789423,-153.34759
sh.603611,诺力股份,2026-04-02,20.49,20.5,19.96,20.1,3354955.0,67627684.95,1.3024,-1.9512,12.063686,1.631625,0.77402,-150.355442
sh.603612,索通发展,2026-04-01,26.39,26.6,26.01,26.35,10164883.0,267039763.49,2.0407,1.8554,18.497305,2.339213,0.79101,-10.622202
sh.603612,索通发展,2026-04-02,26.25,26.4,24.81,25.0,16211021.0,411829856.88,3.2545,-5.1233,17.549625,2.219367,0.750484,-10.077991
sh.603613,国联股份,2026-04-01,25.2,25.68,25.03,25.45,6937110.0,175572240.05,0.9628,2.5383,12.774988,2.065978,0.351817,25.70507
sh.603613,国联股份,2026-04-02,25.4,25.4,24.77,24.87,5414844.0,135392336.94,0.7515,-2.279,12.483849,2.018894,0.343799,25.119257
sh.603615,茶花股份,2026-04-01,19.39,19.5,18.54,18.8,5421900.0,101858285.0,2.2421,-1.6736,-269.910693,3.972868,4.399933,54.115995
sh.603615,茶花股份,2026-04-02,18.67,18.76,17.95,18.15,3289352.0,60061987.02,1.3602,-3.4574,-260.578674,3.835509,4.247808,52.244963
sh.603616,韩建河山,2026-04-01,6.47,6.62,6.38,6.41,16602294.0,106885046.24,4.3202,0.1563,-13.91593,9.992793,2.680536,375.928164
sh.603616,韩建河山,2026-04-02,6.36,6.4,6.15,6.2,15617100.0,97580049.0,4.0639,-3.2761,-13.460026,9.665416,2.592718,363.612265
sh.603617,君禾股份,2026-04-01,7.29,7.34,7.21,7.31,4285506.0,31188163.8,1.1171,1.2465,58.877911,1.895251,2.609343,-11.94376
sh.603617,君禾股份,2026-04-02,7.28,7.32,7.1,7.16,4035950.0,29062445.5,1.052,-2.052,57.669746,1.856361,2.5558,-11.698676
sh.603618,杭电股份,2026-04-01,28.99,29.35,25.99,28.38,96850310.0,2711514426.95,14.0083,-0.3861,-96.869861,7.234552,2.110866,234.919307
sh.603618,杭电股份,2026-04-02,28.72,29.0,27.6,27.88,75020739.0,2111477569.61,10.8509,-1.7618,-95.163204,7.107093,2.073677,230.780489
sh.603619,中曼石油,2026-04-01,33.41,34.56,33.1,33.16,28733402.0,969405630.78,6.2148,-3.5205,30.0193,3.525493,3.768436,77.955732
sh.603619,中曼石油,2026-04-02,34.12,35.44,33.96,35.06,38592918.0,1343069937.21,8.3473,5.7298,31.739344,3.727496,3.98436,82.422435
sh.603626,科森科技,2026-04-01,22.68,24.29,22.23,23.55,60298878.0,1417910698.04,10.867,6.6576,-36.538185,6.125986,4.066762,-568.727484
sh.603626,科森科技,2026-04-02,23.44,23.79,22.4,22.62,36755507.0,842508997.42,6.624,-3.949,-35.095276,5.884068,3.906163,-546.268182
sh.603628,清源股份,2026-04-01,15.35,15.59,14.75,14.84,24530044.0,368113737.52,9.0127,-2.0462,44.265395,3.020193,1.781261,23.82326
sh.603628,清源股份,2026-04-02,14.7,15.44,14.0,14.16,25267331.0,370777736.49,9.2836,-4.5822,42.237169,2.881809,1.699644,22.731686
sh.603629,利通电子,2026-04-01,65.32,70.0,63.0,65.87,43546524.0,2891711724.04,16.9539,2.5374,91.97644,9.249696,5.3673,157.464771
sh.603629,利通电子,2026-04-02,63.5,64.2,59.61,60.26,31362644.0,1920592045.6,12.2104,-8.5168,84.143013,8.46192,4.910179,144.05385
sh.603630,拉芳家化,2026-04-01,16.3,16.35,15.8,16.25,3578630.0,57740950.9,1.5891,2.5884,-5149.113254,1.915649,4.325253,-23.349973
sh.603630,拉芳家化,2026-04-02,16.21,16.39,16.01,16.09,2610330.0,42241044.1,1.1591,-0.9846,-5098.414293,1.896787,4.282666,-23.120065
sh.603633,徕木股份,2026-04-01,7.65,7.75,7.56,7.65,5990060.0,45765589.4,1.4034,1.5936,202.616319,1.68374,2.093306,-46.979002
sh.603633,徕木股份,2026-04-02,7.64,7.75,7.43,7.45,7364187.0,55709471.01,1.7254,-2.6144,197.31916,1.639721,2.038579,-45.750793
sh.603636,南威软件,2026-04-01,9.35,9.39,9.2,9.24,5118550.0,47414547.38,0.882,0.4348,-21.551578,2.385283,5.483468,-142.808248
sh.603636,南威软件,2026-04-02,9.21,9.23,8.98,9.01,6252111.0,56761460.9,1.0773,-2.4892,-21.015121,2.325909,5.346975,-139.253497
sh.603637,镇海股份,2026-04-01,12.11,12.14,11.82,12.06,6197900.0,74057272.66,2.5967,1.5152,31.038493,2.791197,5.936146,18.018801
sh.603637,镇海股份,2026-04-02,12.15,12.15,11.78,11.8,4656336.0,55461304.22,1.9508,-2.1559,30.369338,2.731022,5.808169,17.630335
sh.603638,艾迪精密,2026-04-01,19.93,20.1,19.69,19.96,5534424.0,110081070.6,0.6659,1.6811,43.703162,4.708288,5.419325,-70.126829
sh.603638,艾迪精密,2026-04-02,19.9,19.92,19.41,19.56,3588703.0,70476151.28,0.4318,-2.004,42.827348,4.613934,5.310721,-68.721481
sh.603639,海利尔,2026-04-01,13.88,14.32,13.78,13.94,8090485.0,113728472.4,2.3804,2.4247,25.199665,1.408266,1.193328,31.514982
sh.603639,海利尔,2026-04-02,13.97,13.98,13.25,13.38,4241660.0,57395976.0,1.248,-4.0172,24.18734,1.351693,1.14539,30.248957
sh.603648,畅联股份,2026-04-01,9.93,10.01,9.87,10.01,1994075.0,19862316.25,0.5502,1.4184,29.447309,1.982094,2.359938,78.936162
sh.603648,畅联股份,2026-04-02,10.05,10.07,9.94,9.98,2412000.0,24115866.0,0.6655,-0.2997,29.359055,1.976153,2.352865,78.69959
sh.603650,彤程新材,2026-04-01,50.36,50.55,49.71,50.25,5735133.0,287549640.99,0.9333,2.238,54.097259,9.019089,9.189816,165.018181
sh.603650,彤程新材,2026-04-02,50.0,50.11,48.36,48.82,5293046.0,259855341.18,0.8614,-2.8458,52.557775,8.762427,8.928294,160.322141
sh.603655,朗博科技,2026-04-01,37.66,37.99,37.1,37.51,1207400.0,45336434.0,1.1391,0.536,96.465708,7.165102,15.141947,-121.062907
sh.603655,朗博科技,2026-04-02,37.35,37.36,36.1,36.29,1165700.0,42587625.0,1.0997,-3.2525,93.328194,6.932059,14.64946,-117.125377
sh.603656,泰禾智能,2026-04-01,21.17,21.27,20.88,20.96,1515368.0,31874610.16,0.8283,0.1912,131.645158,2.903322,6.224298,70.386075
sh.603656,泰禾智能,2026-04-02,20.86,21.07,20.57,20.69,1724700.0,35807282.0,0.9427,-1.2882,129.949347,2.865922,6.144118,69.479384
sh.603657,春光科技,2026-04-01,27.86,30.0,27.55,28.93,7663413.0,222018122.14,5.6686,3.5433,271.017615,4.147967,1.561989,28.508805
sh.603657,春光科技,2026-04-02,29.36,29.47,28.34,28.59,3587600.0,103312386.0,2.6537,-1.1753,267.832479,4.099218,1.543632,28.173755
sh.603658,安图生物,2026-04-01,33.84,34.39,33.33,34.35,3449698.0,117086388.33,0.6037,2.6906,17.879919,2.244147,4.653138,72.154039
sh.603658,安图生物,2026-04-02,34.29,34.69,34.13,34.49,3123990.0,107603976.8,0.5467,0.4076,17.952792,2.253293,4.672102,72.448116
sh.603659,璞泰来,2026-04-01,32.61,32.68,31.35,31.52,66212671.0,2104966261.03,3.0993,-1.4384,28.545044,3.295518,4.286045,-71.121839
sh.603659,璞泰来,2026-04-02,31.2,32.1,30.9,31.2,55053824.0,1729159728.66,2.5769,-1.0152,28.255247,3.262061,4.242532,-70.39979
sh.603660,苏州科达,2026-04-01,9.88,9.89,9.44,9.44,27171204.0,260157662.16,4.7544,-3.0801,-27.376451,6.562295,4.079974,-35.767348
sh.603660,苏州科达,2026-04-02,9.43,9.54,9.13,9.24,15116224.0,140539912.16,2.645,-2.1186,-26.796442,6.423263,3.993534,-35.009565
sh.603661,恒林股份,2026-04-01,31.06,31.44,30.8,31.28,897729.0,27977288.1,0.6455,1.3938,15.769357,1.147433,0.371624,-1013.747871
sh.603661,恒林股份,2026-04-02,31.25,31.26,30.61,30.81,781249.0,24141813.36,0.5618,-1.5026,15.532414,1.130192,0.36604,-998.515726
sh.603662,柯力传感,2026-04-01,56.0,56.29,55.51,55.93,2219000.0,123954813.0,0.7902,1.1575,48.48257,5.703917,10.773143,130.314998
sh.603662,柯力传感,2026-04-02,55.75,55.75,54.1,54.24,2150897.0,117904654.51,0.7659,-3.0216,47.017604,5.531566,10.447618,126.377355
sh.603663,三祥新材,2026-04-01,41.7,43.0,41.06,42.59,7669137.0,322262292.4,1.8138,3.9287,234.747224,13.634975,16.97477,646.976331
sh.603663,三祥新材,2026-04-02,42.41,42.55,40.5,40.72,9080400.0,375169691.0,2.1476,-4.3907,224.440173,13.036304,16.229458,618.569528
sh.603665,康隆达,2026-04-01,30.39,31.59,30.39,31.27,3159100.0,98425048.0,1.9724,3.6117,-17.454903,7.076834,3.167973,288.517053
sh.603665,康隆达,2026-04-02,31.9,31.99,30.28,30.4,2771700.0,85480208.0,1.7305,-2.7822,-16.969269,6.879941,3.079833,280.489876
sh.603666,亿嘉和,2026-04-01,26.9,26.9,26.42,26.64,1966300.0,52336718.6,0.9567,0.7564,-30.382625,2.586293,10.137575,45.516926
sh.603666,亿嘉和,2026-04-02,26.63,26.89,25.85,25.97,2101100.0,55152770.0,1.0223,-2.515,-29.618497,2.521247,9.882614,44.372169
sh.603667,五洲新春,2026-04-01,67.52,69.0,67.03,68.42,21228024.0,1445885862.92,5.7968,3.1509,273.472693,8.400358,7.257175,-11692.660745
sh.603667,五洲新春,2026-04-02,67.39,68.98,66.5,66.57,14073769.0,948517547.08,3.8432,-2.7039,266.078299,8.173222,7.06095,-11376.504323
sh.603668,天马科技,2026-04-01,12.76,13.15,12.45,13.09,18367652.0,235316976.38,3.632,3.0709,241.640377,2.853505,1.129894,114.261106
sh.603668,天马科技,2026-04-02,13.04,13.67,13.04,13.56,16941907.0,227374006.11,3.3495,3.5905,250.352901,2.95639,1.170633,118.380875
sh.603669,灵康药业,2026-04-01,4.57,4.99,4.52,4.91,54273402.0,262475843.29,7.5249,6.7391,-29.91561,5.247764,8.223951,68.653042
sh.603669,灵康药业,2026-04-02,4.76,4.93,4.74,4.85,36128084.0,174718193.73,5.0091,-1.222,-29.550042,5.183636,8.123455,67.814104
sh.603676,卫信康,2026-04-01,10.7,10.96,10.61,10.95,2732100.0,29580276.0,0.6278,3.3019,21.456303,3.121608,4.078612,83.181623
sh.603676,卫信康,2026-04-02,10.96,11.06,10.9,10.94,2316300.0,25409337.0,0.5323,-0.0913,21.436708,3.118758,4.074887,83.105658
sh.603677,奇精机械,2026-04-01,15.58,15.7,15.37,15.56,1248400.0,19361051.0,0.6482,1.6993,62.134202,2.582724,1.449441,-210.380012
sh.603677,奇精机械,2026-04-02,15.52,15.61,15.15,15.33,1277700.0,19598681.0,0.6634,-1.4781,61.215766,2.544548,1.428017,-207.270282
sh.603678,火炬电子,2026-04-01,34.88,34.98,33.5,33.82,9307384.0,316974718.58,1.9571,-0.4709,50.298041,2.629078,3.903147,-45.265255
sh.603678,火炬电子,2026-04-02,33.68,33.68,31.45,31.66,14505302.0,468223977.88,3.0501,-6.3868,47.085629,2.461165,3.653863,-42.374275
sh.603679,华体科技,2026-04-01,14.07,14.59,13.92,14.53,7675708.0,109584649.77,4.3198,4.8341,-27.924636,3.435251,5.700868,37.777893
sh.603679,华体科技,2026-04-02,14.57,15.28,13.84,13.98,18223734.0,265333578.01,10.2561,-3.7853,-26.867613,3.305217,5.485074,36.347897
sh.603680,今创集团,2026-04-01,13.39,13.53,12.9,13.01,5814575.0,76175504.65,0.7419,-2.7653,20.206614,1.821158,2.049333,51.754649
sh.603680,今创集团,2026-04-02,12.95,13.19,12.77,12.87,3464356.0,44843209.48,0.442,-1.0761,19.989172,1.80156,2.02728,51.19772
sh.603681,永冠新材,2026-04-01,17.62,17.78,17.32,17.61,7343563.0,129090230.51,3.4593,0.8591,25.281324,1.4364,0.559398,137.037111
sh.603681,永冠新材,2026-04-02,17.46,17.62,16.94,16.97,5798719.0,99851810.43,2.7111,-3.6343,24.546422,1.394645,0.543136,133.053582
sh.603682,锦和商管,2026-04-01,6.65,6.71,6.48,6.53,10464200.0,68913105.0,2.2146,0.0,-25.958538,4.140875,3.259424,-39.148541
sh.603682,锦和商管,2026-04-02,6.56,6.56,6.31,6.35,7142700.0,45660054.0,1.5117,-2.7565,-25.242989,4.026731,3.169578,-38.069408
sh.603683,晶华新材,2026-04-01,26.65,27.2,26.31,26.75,7953100.0,212544616.0,2.7599,1.3642,121.479814,4.858872,3.828317,89.282417
sh.603683,晶华新材,2026-04-02,26.75,27.3,25.97,26.5,12324439.0,327166844.4,4.2768,-0.9346,120.344489,4.813462,3.792538,88.448002
sh.603685,晨丰科技,2026-04-01,30.5,32.78,30.36,32.13,7396781.0,236706668.69,3.6715,7.8188,341.084007,6.457978,6.657518,-6755.36201
sh.603685,晨丰科技,2026-04-02,32.77,32.78,31.1,32.24,4617312.0,147895312.86,2.2919,0.3424,342.251739,6.480088,6.680311,-6778.489611
sh.603686,福龙马,2026-04-01,18.7,18.75,18.24,18.42,9809023.0,180239572.67,2.3612,0.491,53.389866,2.255648,1.578523,-24.982694
sh.603686,福龙马,2026-04-02,18.34,18.43,18.23,18.3,8696077.0,159405829.93,2.0933,-0.6515,53.042049,2.240953,1.56824,-24.819941
sh.603687,大胜达,2026-04-01,15.28,16.39,15.28,16.39,78111796.0,1266264271.67,14.2013,10.0,78.759039,2.766081,4.080913,-36.132523
sh.603687,大胜达,2026-04-02,16.97,17.92,15.85,16.17,105405646.0,1763357154.04,19.1636,-1.3423,77.701871,2.728952,4.026136,-35.647523
sh.603688,石英股份,2026-04-01,42.0,42.99,41.96,42.32,13608933.0,576371692.71,2.5124,2.8183,149.504376,3.940389,22.740887,-52.20754
sh.603688,石英股份,2026-04-02,41.8,43.45,41.62,42.4,18477151.0,785436809.42,3.4111,0.189,149.786993,3.947838,22.783875,-52.306231
sh.603689,皖天然气,2026-04-01,8.32,8.38,8.28,8.3,4801820.0,39951062.8,0.9173,-0.2404,13.990268,1.312133,0.814112,-17.149031
sh.603689,皖天然气,2026-04-02,8.29,8.41,8.24,8.29,5577579.0,46457486.03,1.0655,-0.1205,13.973413,1.310552,0.813131,-17.128369
sh.603690,至纯科技,2026-04-01,24.56,24.73,24.3,24.56,6331515.0,155460540.65,1.6533,1.8242,-111.219728,1.870746,2.822822,291.158616
sh.603690,至纯科技,2026-04-02,24.42,24.53,23.45,23.62,8670620.0,207004717.74,2.2641,-3.8274,-106.962947,1.799146,2.714782,280.014923
sh.603693,江苏新能,2026-04-01,15.1,15.18,14.51,14.61,25521193.0,376652332.45,2.8628,-2.7297,33.984325,1.871274,6.301691,1605.721507
sh.603693,江苏新能,2026-04-02,14.61,14.75,14.06,14.15,19772978.0,282749220.63,2.218,-3.1485,32.914319,1.812357,6.10328,1555.164909
sh.603696,安记食品,2026-04-01,16.92,17.1,16.1,16.29,13521720.0,220774802.0,5.749,-4.3453,95.210984,6.602478,6.178502,157.303677
sh.603696,安记食品,2026-04-02,16.09,16.44,16.09,16.14,7635310.0,124083806.78,3.2463,-0.9208,94.334271,6.541682,6.12161,155.855208
sh.603697,有友食品,2026-04-01,9.99,10.12,9.85,10.12,6391481.0,63902738.86,1.4944,2.8455,23.325717,2.442977,2.723994,-163.884819
sh.603697,有友食品,2026-04-02,10.12,10.15,9.95,10.1,4517600.0,45360680.0,1.0563,-0.1976,23.279619,2.438149,2.71861,-163.560936
sh.603698,航天工程,2026-04-01,30.9,30.98,29.69,30.55,15077139.0,456122283.17,2.813,-0.2612,75.630882,4.715056,3.883002,-13.683725
sh.603698,航天工程,2026-04-02,30.5,30.88,29.69,29.92,7470999.0,225234453.79,1.3939,-2.0622,74.071228,4.617823,3.802927,-13.40154
sh.603699,纽威股份,2026-04-01,49.67,51.09,49.27,50.16,7969100.0,401197575.85,1.0511,3.8294,26.977237,9.311557,5.265433,25.041172
sh.603699,纽威股份,2026-04-02,50.43,52.8,49.8,52.25,9970395.0,518352049.55,1.3151,4.1667,28.101288,9.699539,5.484826,26.084554
sh.603700,宁水集团,2026-04-01,13.44,13.59,13.33,13.52,3443900.0,46354430.0,1.7223,2.1148,29.194436,1.659337,1.600488,119.342299
sh.603700,宁水集团,2026-04-02,13.46,13.65,13.23,13.38,2742700.0,36813760.0,1.3716,-1.0355,28.892127,1.642155,1.583915,118.106506
sh.603701,德宏股份,2026-04-01,23.05,23.24,22.61,22.74,3160400.0,72361115.0,1.2092,1.1116,139.90067,7.404029,6.799767,-180.438213
sh.603701,德宏股份,2026-04-02,22.74,23.49,22.4,23.3,5983385.0,137988159.25,2.2893,2.4626,143.345893,7.586362,6.96722,-184.881723
sh.603703,盛洋科技,2026-04-01,12.63,12.71,12.39,12.63,7867640.0,98687805.4,1.8959,2.1019,-143.235599,6.334911,5.817327,-61.320721
sh.603703,盛洋科技,2026-04-02,12.53,12.98,12.5,12.7,12503440.0,159867885.2,3.013,0.5542,-144.029462,6.370021,5.849568,-61.660583
sh.603706,东方环宇,2026-04-01,19.67,19.83,19.57,19.75,895100.0,17628067.0,0.4726,1.386,17.479065,2.253669,2.522302,-54.557656
sh.603706,东方环宇,2026-04-02,19.78,19.83,19.49,19.65,943700.0,18560111.0,0.4983,-0.5063,17.390563,2.242258,2.509531,-54.281415
sh.603707,健友股份,2026-04-01,9.86,9.96,9.75,9.96,15045719.0,148975367.94,0.9313,1.7365,24.763067,2.39981,4.278212,23.354173
sh.603707,健友股份,2026-04-02,9.95,10.03,9.86,9.95,11599329.0,115275314.64,0.7179,-0.1004,24.738336,2.397414,4.273939,23.330849
sh.603708,家家悦,2026-04-01,11.19,11.55,11.01,11.48,6946390.0,78783337.9,1.0882,3.5167,48.960091,3.108718,0.413631,39.913048
sh.603708,家家悦,2026-04-02,11.37,11.66,11.36,11.62,7111744.0,82169176.54,1.1141,1.2195,49.557165,3.146629,0.418675,40.399793
sh.603709,中源家居,2026-04-01,17.2,17.67,16.9,17.13,2022254.0,34644423.06,1.6164,1.6014,-35.022501,4.166022,1.348989,65.079244
sh.603709,中源家居,2026-04-02,17.12,17.13,16.48,16.62,2081700.0,34854968.0,1.6639,-2.9772,-33.9798,4.04199,1.308826,63.141684
sh.603711,香飘飘,2026-04-01,12.56,12.6,12.39,12.54,1107900.0,13838692.0,0.2683,0.6421,35.400855,1.567658,1.707022,-10.941698
sh.603711,香飘飘,2026-04-02,12.54,12.57,12.33,12.44,1351600.0,16840596.0,0.3274,-0.7974,35.118551,1.555157,1.693409,-10.854443
sh.603712,七一二,2026-04-01,16.45,16.45,16.06,16.26,6951700.0,112800754.0,0.9005,0.9311,-29.354715,3.007373,7.227839,42.360265
sh.603712,七一二,2026-04-02,16.2,16.34,15.76,15.84,9062069.0,144854888.13,1.1738,-2.583,-28.596475,2.929692,7.041142,41.266088
sh.603713,密尔克卫,2026-04-01,57.99,59.49,57.99,59.11,1298200.0,76444478.45,0.821,3.1948,15.585994,2.011049,0.706202,48.238471
sh.603713,密尔克卫,2026-04-02,58.52,59.45,58.2,58.96,952100.0,56089766.35,0.6021,-0.2538,15.546442,2.005946,0.70441,48.116059
sh.603716,塞力医疗,2026-04-01,23.65,24.84,23.03,24.66,44735441.0,1074975709.37,20.513,4.2706,-22.365288,5.080632,4.310013,-47.175884
sh.603716,塞力医疗,2026-04-02,24.31,25.87,23.38,24.68,43254169.0,1064924977.14,19.8338,0.0811,-22.383427,5.084752,4.313508,-47.214145
sh.603717,天域生物,2026-04-01,6.87,6.95,6.79,6.92,5692497.0,39094670.31,1.9619,2.6706,-17.405302,3.878213,2.817447,-55.040147
sh.603717,天域生物,2026-04-02,6.91,6.96,6.66,6.71,6657700.0,45077578.4,2.2946,-3.0347,-16.877106,3.760522,2.731946,-53.369854
sh.603718,海利生物,2026-04-01,4.63,4.7,4.58,4.7,12525500.0,58358379.0,1.93,1.5119,17.88265,1.997492,12.437201,13.180705
sh.603718,海利生物,2026-04-02,4.7,4.74,4.6,4.64,10498223.0,48830808.03,1.6177,-1.2766,17.654361,1.971992,12.278428,13.012441
sh.603719,良品铺子,2026-04-01,10.2,10.28,10.13,10.27,2774400.0,28340744.0,0.6919,1.4822,-21.927264,2.037815,0.707707,-21.750025
sh.603719,良品铺子,2026-04-02,10.26,10.28,10.11,10.15,2200600.0,22417184.0,0.5488,-1.1685,-21.671055,2.014004,0.699437,-21.495887
sh.603721,*ST天择,2026-04-01,19.49,19.66,19.47,19.63,758900.0,14824016.0,0.5838,0.7183,-151.102642,5.547942,10.380725,-47.049059
sh.603721,*ST天择,2026-04-02,19.53,19.55,19.09,19.35,937300.0,18061695.0,0.721,-1.4264,-148.947331,5.468807,10.232655,-46.377957
sh.603722,阿科力,2026-04-01,33.52,33.57,33.06,33.44,633400.0,21132232.0,0.6619,2.0446,-111.686773,3.421468,7.442776,-36.924751
sh.603722,阿科力,2026-04-02,33.5,33.58,32.78,32.88,570900.0,18882644.0,0.5966,-1.6746,-109.81642,3.364171,7.318136,-36.306394
sh.603725,天安新材,2026-04-01,8.9,9.05,8.85,8.98,3770140.0,33758887.6,1.3152,2.1615,23.151686,3.308797,0.861829,28.787434
sh.603725,天安新材,2026-04-02,8.9,8.99,8.68,8.77,3716872.0,32770256.12,1.2966,-2.3385,22.610277,3.23142,0.841675,28.114231
sh.603726,朗迪集团,2026-04-01,22.73,22.98,22.61,22.72,2315100.0,52700325.0,1.2534,1.2929,19.612625,3.001542,2.149624,42.74093
sh.603726,朗迪集团,2026-04-02,22.75,22.75,21.97,22.17,2126040.0,47495521.8,1.151,-2.4208,19.137847,2.928882,2.097586,41.706269
sh.603727,博迈科,2026-04-01,19.04,20.89,19.04,20.89,13183597.0,266365065.85,4.6797,10.0053,95.774155,1.830731,3.096821,-27.535148
sh.603727,博迈科,2026-04-02,20.84,21.5,20.52,21.01,25282304.0,533564416.66,8.9743,0.5744,96.324317,1.841247,3.11461,-27.69332
sh.603728,鸣志电器,2026-04-01,57.95,58.35,57.51,58.25,3839783.0,222683940.7,0.9167,2.2289,303.20232,8.23085,9.280222,-1178.172924
sh.603728,鸣志电器,2026-04-02,57.71,58.0,56.25,56.52,3258834.0,185699395.3,0.778,-2.97,294.197341,7.986397,9.004603,-1143.181693
sh.603729,龙韵股份,2026-04-01,17.5,17.67,17.06,17.25,2578540.0,44591337.6,2.7626,0.0,-27.125389,5.269607,3.869217,211.642054
sh.603729,龙韵股份,2026-04-02,17.25,17.3,16.52,16.8,2871800.0,48243720.0,3.0768,-2.6087,-26.41777,5.132139,3.768281,206.120957
sh.603730,岱美股份,2026-04-01,9.05,9.39,9.05,9.08,19354565.0,177889765.02,0.9008,2.0225,31.272012,4.274884,3.063673,114.329544
sh.603730,岱美股份,2026-04-02,9.08,9.29,8.97,9.16,12436133.0,113657116.6,0.5788,0.8811,31.547547,4.312549,3.090667,115.336889
sh.603733,仙鹤股份,2026-04-01,22.6,22.88,22.45,22.45,2371100.0,53726008.0,0.335,0.1785,16.467705,1.917689,1.315892,40.444642
sh.603733,仙鹤股份,2026-04-02,22.38,22.43,21.8,21.89,3719999.0,81756164.11,0.5256,-2.4944,16.056929,1.869854,1.283068,39.435777
sh.603737,三棵树,2026-04-01,51.0,51.79,50.51,51.61,3699372.0,189679570.64,0.5014,1.7949,57.243102,11.724016,3.083052,-92.409902
sh.603737,三棵树,2026-04-02,51.62,51.87,50.53,51.12,2540552.0,130035849.14,0.3443,-0.9494,56.699619,11.612705,3.053781,-91.532537
sh.603738,泰晶科技,2026-04-01,26.85,27.36,25.15,26.3,56476060.0,1484299907.64,14.6354,1.466,265.781597,5.759793,11.016856,933.038535
sh.603738,泰晶科技,2026-04-02,26.3,26.78,24.71,24.81,46047934.0,1175921420.96,11.933,-5.6654,250.724008,5.433478,10.392707,880.178177
sh.603739,蔚蓝生物,2026-04-01,14.8,15.15,14.72,15.1,4679640.0,70232587.6,1.8494,2.791,45.719305,2.153708,2.746882,-58.104352
sh.603739,蔚蓝生物,2026-04-02,15.08,15.29,14.94,15.05,4763800.0,72154340.0,1.8827,-0.3311,45.567917,2.146576,2.737786,-57.911953
sh.603755,日辰股份,2026-04-01,28.1,28.77,27.92,28.58,2699050.0,76752071.16,2.737,3.1769,33.468301,3.762029,6.018359,99.342727
sh.603755,日辰股份,2026-04-02,28.6,28.6,27.75,27.92,1427584.0,40307415.48,1.4477,-2.3093,32.695415,3.675152,5.879377,97.048598
sh.603757,大元泵业,2026-04-01,41.54,42.92,40.81,41.99,11023534.0,461209936.86,5.9092,4.1419,54.128838,3.719479,4.062972,38.034487
sh.603757,大元泵业,2026-04-02,41.66,42.47,40.27,41.25,9868600.0,408421307.0,5.2901,-1.7623,53.174912,3.65393,3.991369,37.364196
sh.603758,秦安股份,2026-04-01,12.6,12.65,12.4,12.54,3209100.0,40112137.0,0.7313,0.885,36.826697,2.140303,4.069156,-131.443915
sh.603758,秦安股份,2026-04-02,12.56,12.57,12.23,12.33,3196800.0,39399766.0,0.7285,-1.6746,36.209982,2.10446,4.001013,-129.242701
sh.603759,海天股份,2026-04-01,10.01,10.12,9.65,9.76,10859988.0,106159629.48,2.3519,-2.008,17.058975,1.582743,1.794911,7.050106
sh.603759,海天股份,2026-04-02,9.76,9.85,9.42,9.43,7992866.0,76539878.76,1.731,-3.3811,16.482186,1.529228,1.734222,6.811732
sh.603766,隆鑫通用,2026-04-01,13.5,13.94,12.9,13.79,60139050.0,807135904.36,2.9286,2.1481,15.7378,2.850501,1.477931,14.358196
sh.603766,隆鑫通用,2026-04-02,13.61,14.38,13.48,13.97,49250004.0,686587423.72,2.3983,1.3053,15.943225,2.887708,1.497222,14.545612
sh.603767,中马传动,2026-04-01,19.0,19.03,18.7,18.91,2906000.0,54803589.0,0.9416,0.4249,693.970168,4.197837,6.550805,298.128103
sh.603767,中马传动,2026-04-02,18.57,18.92,18.53,18.59,2592740.0,48475313.6,0.8401,-1.6922,-988.638102,4.216939,6.286303,77.897368
sh.603768,常青股份,2026-04-01,11.17,11.25,11.03,11.09,1843600.0,20466505.0,0.7748,0.8182,-37.437316,1.123013,0.751194,-25.09683
sh.603768,常青股份,2026-04-02,11.07,11.2,10.85,10.96,2469000.0,27206361.0,1.0376,-1.1722,-36.998466,1.109848,0.742388,-24.802638
sh.603773,沃格光电,2026-04-01,33.5,34.39,33.5,34.13,7109687.0,241372816.9,3.1647,4.1819,-54.814447,6.575856,3.094061,-83.266832
sh.603773,沃格光电,2026-04-02,34.02,34.02,32.62,32.89,5165726.0,171415048.17,2.2994,-3.6332,-52.841286,6.339144,2.982684,-80.269468
sh.603776,永安行,2026-04-01,17.87,18.73,17.85,18.67,3080788.0,56362441.84,1.0973,5.5995,-48.640406,1.470483,13.078546,17.577901
sh.603776,永安行,2026-04-02,18.8,18.96,18.3,18.37,1816700.0,33668992.64,0.6471,-1.6069,-47.858825,1.446854,12.868393,17.29545
sh.603777,来伊份,2026-04-01,13.29,13.43,13.13,13.26,8835920.0,117072706.0,2.6421,1.1442,-28.069091,2.797269,1.198015,-34.16884
sh.603777,来伊份,2026-04-02,13.21,13.31,12.93,13.03,7330200.0,95808233.65,2.1919,-1.7345,-27.582222,2.748749,1.177235,-33.576167
sh.603778,国晟科技,2026-04-01,25.48,27.5,24.77,27.5,112118969.0,2980853182.84,17.4407,10.0,-174.196313,24.950342,12.282103,287.385733
sh.603778,国晟科技,2026-04-02,27.99,30.0,27.3,29.16,154110078.0,4374626454.54,23.9727,6.0364,-184.711436,26.456435,13.023496,304.733381
sh.603779,威龙股份,2026-04-01,6.42,6.44,6.27,6.34,5557595.0,35262500.15,1.6736,0.4754,-375.632415,3.848815,5.368737,-93.450082
sh.603779,威龙股份,2026-04-02,6.34,6.36,6.1,6.15,7343650.0,45505938.0,2.2114,-2.9968,-364.375292,3.733472,5.207844,-90.649528
sh.603786,科博达,2026-04-01,55.81,55.94,54.84,55.24,2431014.0,134151860.16,0.6019,1.2835,26.163956,4.095746,3.342494,-370.430926
sh.603786,科博达,2026-04-02,55.24,55.25,53.8,54.21,2031033.0,110563870.93,0.5029,-1.8646,25.676106,4.019377,3.28017,-363.523904
sh.603787,新日股份,2026-04-01,16.1,16.3,15.38,15.83,26343800.0,415387711.92,11.4467,-4.4082,62.370261,2.291264,0.856338,-50.141547
sh.603787,新日股份,2026-04-02,15.43,16.11,15.23,16.11,20528267.0,323182334.8,8.9198,1.7688,63.473462,2.331791,0.871485,-51.028448
sh.603788,宁波高发,2026-04-01,15.15,15.3,15.03,15.1,1582500.0,23936753.0,0.7094,1.1386,17.372089,1.630162,2.203987,-23.314245
sh.603788,宁波高发,2026-04-02,15.17,15.2,14.89,15.0,879900.0,13237687.0,0.3945,-0.6623,17.257042,1.619366,2.189391,-23.159846
sh.603789,*ST星农,2026-04-01,5.66,5.72,5.63,5.68,3216700.0,18237661.5,1.2372,2.3423,-9.330847,8.716821,3.992581,-407.698289
sh.603789,*ST星农,2026-04-02,5.64,5.7,5.57,5.6,2582200.0,14528335.4,0.9932,-1.4085,-9.199427,8.594049,3.936347,-401.95606
sh.603790,雅运股份,2026-04-01,22.55,22.85,21.7,21.92,3914610.0,86712717.0,2.0457,-0.3636,73.200534,3.32817,5.02231,96.247858
sh.603790,雅运股份,2026-04-02,21.61,21.89,20.83,21.1,2740000.0,58329585.4,1.4319,-3.7409,70.462193,3.203668,4.834431,92.647345
sh.603797,联泰环保,2026-04-01,4.73,4.76,4.65,4.7,6100500.0,28610382.0,1.058,1.2931,21.393645,0.82434,2.743098,-10.949331
sh.603797,联泰环保,2026-04-02,4.7,4.72,4.62,4.66,6579522.0,30743449.86,1.1411,-0.8511,21.211571,0.817324,2.719753,-10.856145
sh.603798,康普顿,2026-04-01,14.08,14.44,13.91,14.2,3820600.0,54323357.1,1.4898,2.1583,70.185213,3.151347,3.734113,-99.251221
sh.603798,康普顿,2026-04-02,14.39,15.62,14.17,15.62,11688020.0,179519421.7,4.5576,10.0,77.203735,3.466482,4.107524,-109.176343
sh.603799,华友钴业,2026-04-01,59.9,60.79,58.76,60.3,59339264.0,3555470626.21,3.1495,2.6733,21.375409,2.397815,1.537306,135.514825
sh.603799,华友钴业,2026-04-02,59.8,60.6,58.5,58.98,45060394.0,2671263815.54,2.3916,-2.1891,20.90749,2.345326,1.503653,132.548332
sh.603800,洪田股份,2026-04-01,38.88,39.38,38.44,39.15,3575300.0,139552883.0,1.7189,2.702,86.36097,9.449937,6.823911,-94.424017
sh.603800,洪田股份,2026-04-02,38.81,39.54,38.7,39.05,2846400.0,111081649.0,1.3685,-0.2554,86.14038,9.425799,6.806481,-94.182832
sh.603801,志邦家居,2026-04-01,9.13,9.21,9.04,9.18,2614398.0,23910099.29,0.6019,1.5487,13.636472,1.201831,0.856303,-296.889196
sh.603801,志邦家居,2026-04-02,9.14,9.24,9.09,9.12,2523227.0,23128608.91,0.5809,-0.6536,13.547345,1.193976,0.850706,-294.948744
sh.603803,瑞斯康达,2026-04-01,13.06,13.68,13.06,13.68,85154365.0,1154856588.95,20.0418,9.9678,-55.603446,3.700897,4.851253,-33.503779
sh.603803,瑞斯康达,2026-04-02,13.78,14.55,13.24,13.26,91229141.0,1264655178.66,21.4716,-3.0702,-53.896323,3.587272,4.702311,-32.475154
sh.603806,福斯特,2026-04-01,17.95,18.31,17.18,17.89,49480391.0,880858068.64,1.8967,1.9373,63.313498,2.935876,2.961116,-20.685513
sh.603806,福斯特,2026-04-02,17.77,17.96,17.49,17.67,26708146.0,472880465.6,1.0238,-1.2297,62.534908,2.899772,2.924703,-20.431136
sh.603808,歌力思,2026-04-01,10.68,10.91,10.43,10.61,12786910.0,135810683.1,3.4644,0.2836,-18.001142,1.504076,1.349408,8.951779
sh.603808,歌力思,2026-04-02,10.6,10.68,10.35,10.38,9583642.0,100296645.7,2.5965,-2.1678,-17.610919,1.471471,1.320156,8.757725
sh.603809,豪能股份,2026-04-01,10.95,10.97,10.71,10.77,11448042.0,123572790.96,1.244,-0.37,35.084695,2.713657,3.685578,2558.819675
sh.603809,豪能股份,2026-04-02,10.72,10.74,10.47,10.52,10299104.0,109017809.13,1.1191,-2.3213,34.270287,2.650666,3.600026,2499.422746
sh.603810,丰山集团,2026-04-01,15.84,16.02,15.68,15.97,1749876.0,27809695.64,1.0583,2.11,92.660453,1.72082,2.280142,-14.954671
sh.603810,丰山集团,2026-04-02,16.0,16.05,15.43,15.54,2124035.0,33436181.25,1.2846,-2.6925,90.165525,1.674486,2.218748,-14.552009
sh.603811,诚意药业,2026-04-01,11.97,12.37,11.81,12.31,14199757.0,172905352.33,4.3384,3.7943,17.800324,3.047698,5.094615,-632.532092
sh.603811,诚意药业,2026-04-02,12.29,12.38,12.12,12.25,7894460.0,96367640.2,2.412,-0.4874,17.713563,3.032844,5.069784,-629.449076
sh.603813,*ST原尚,2026-04-01,25.2,25.44,24.06,24.06,1346000.0,32983985.0,1.2817,-5.0138,-38.815141,4.631981,6.456279,-45.062393
sh.603813,*ST原尚,2026-04-02,22.86,22.86,22.86,22.86,78200.0,1787652.0,0.0745,-4.9875,-36.879224,4.400959,6.13427,-42.814892
sh.603815,交建股份,2026-04-01,6.04,6.2,5.98,6.03,9607500.0,58083491.0,1.5523,0.8361,22.373261,1.543879,0.858796,-58.77233
sh.603815,交建股份,2026-04-02,6.04,6.04,5.86,5.89,8851300.0,52382246.0,1.4301,-2.3217,21.853816,1.508034,0.838858,-57.407798
sh.603816,顾家家居,2026-04-01,33.7,34.11,33.23,33.75,4408329.0,148688608.12,0.5428,1.0479,17.366238,2.684553,1.407998,57.902006
sh.603816,顾家家居,2026-04-02,33.92,34.07,32.94,34.0,4698240.0,157768022.9,0.5785,0.7407,17.494876,2.704439,1.418428,58.330909
sh.603817,海峡环保,2026-04-01,7.53,7.65,7.24,7.27,28157000.0,207495619.0,4.9391,-2.4161,19.42574,1.302287,3.084525,-1215138.977149
sh.603817,海峡环保,2026-04-02,7.32,7.32,7.07,7.11,19978800.0,143129164.0,3.5045,-2.2008,18.998213,1.273626,3.01664,-1188395.890994
sh.603818,曲美家居,2026-04-01,3.6,3.63,3.53,3.58,12281800.0,43900580.0,1.7889,0.8451,-29.129109,1.129383,0.708486,-12.571715
sh.603818,曲美家居,2026-04-02,3.59,3.59,3.46,3.49,10749253.0,37773058.71,1.5657,-2.514,-28.396813,1.100991,0.690675,-12.255666
sh.603819,神力股份,2026-04-01,13.1,14.33,13.0,13.98,32659632.0,456537164.3,15.0,7.2909,115.623194,3.792832,2.067283,-63.433616
sh.603819,神力股份,2026-04-02,13.85,14.07,13.31,13.61,20452896.0,277870318.84,9.3937,-2.6466,112.563067,3.69245,2.012569,-61.754757
sh.603822,ST嘉澳,2026-04-01,88.0,90.44,85.58,90.44,1367638.0,120661431.72,1.7802,5.0041,-27.524745,15.553786,2.144431,32.869147
sh.603822,ST嘉澳,2026-04-02,93.0,93.0,87.7,88.0,1192938.0,107693759.82,1.5528,-2.6979,-26.782149,15.134158,2.086576,31.982364
sh.603823,百合花,2026-04-01,15.9,15.9,15.44,15.48,2783600.0,43333724.3,0.6685,0.1294,38.443615,2.652515,2.865084,-123.531473
sh.603823,百合花,2026-04-02,15.46,15.48,15.0,15.19,3112751.0,47316368.12,0.7476,-1.8734,37.723418,2.602823,2.81141,-121.217253
sh.603825,ST华扬,2026-04-01,8.51,8.52,8.32,8.38,3262120.0,27426053.4,1.2877,-0.4751,-3.605053,12.912665,1.776103,26.1025
sh.603825,ST华扬,2026-04-02,8.35,8.4,8.21,8.22,2348100.0,19463205.0,0.9269,-1.9093,-3.536222,12.666123,1.742191,25.604123
sh.603826,坤彩科技,2026-04-01,27.63,29.2,27.57,28.64,26119180.0,744467348.76,3.9864,3.5056,-202.000398,9.619088,14.912093,5132.229003
sh.603826,坤彩科技,2026-04-02,28.5,28.85,26.71,27.1,17672854.0,485682867.36,2.6973,-5.3771,-191.138645,9.10186,14.110256,4856.264175
sh.603828,ST柯利达,2026-04-01,6.17,6.25,5.97,6.07,3675800.0,22300983.0,0.6168,-0.817,-33.744135,5.614407,1.866008,86.415834
sh.603828,ST柯利达,2026-04-02,6.07,6.15,6.0,6.04,1679524.0,10165198.68,0.2818,-0.4942,-33.57736,5.586659,1.856785,85.988738
sh.603829,洛凯股份,2026-04-01,29.6,29.69,28.3,28.96,7585922.0,219085913.46,4.0726,-1.8638,47.469008,4.914024,2.367856,22.726766
sh.603829,洛凯股份,2026-04-02,29.09,29.32,28.24,28.55,4868700.0,139398807.82,2.6138,-1.4157,46.796968,4.844454,2.334334,22.405013
sh.603833,欧派家居,2026-04-01,53.6,54.5,53.31,54.36,1185185.0,64268450.0,0.1946,1.9887,13.792891,1.747982,1.81346,-25.090029
sh.603833,欧派家居,2026-04-02,54.3,56.4,53.72,55.8,2636460.0,146418404.8,0.4328,2.649,14.158266,1.794286,1.861498,-25.754665
sh.603836,海程邦达,2026-04-01,13.09,13.16,12.95,13.11,2212300.0,28902976.0,1.0779,1.3138,79.294323,1.519387,0.29262,9.861439
sh.603836,海程邦达,2026-04-02,13.08,13.14,12.7,12.83,2318900.0,29871183.0,1.1299,-2.1358,77.600775,1.486937,0.286371,9.650821
sh.603838,*ST四通,2026-04-01,8.94,9.0,8.7,8.8,1320400.0,11656300.0,0.4126,-0.9009,-54.931946,3.009145,8.044527,-18.182458
sh.603838,*ST四通,2026-04-02,8.66,8.87,8.66,8.71,770000.0,6750416.0,0.2406,-1.0227,-54.370142,2.978369,7.962254,-17.996501
sh.603839,安正时尚,2026-04-01,7.63,7.69,7.49,7.56,3291540.0,24874490.8,0.8505,0.0,-28.223416,1.614801,1.325911,-75.45756
sh.603839,安正时尚,2026-04-02,7.59,7.59,7.35,7.46,2719830.0,20314620.0,0.7028,-1.3228,-27.850091,1.593441,1.308372,-74.459444
sh.603843,*ST正平,2026-04-01,9.28,9.28,9.28,9.28,,,,,-13.045332,23.205205,5.457823,-56.374425
sh.603843,*ST正平,2026-04-02,9.28,9.28,9.28,9.28,,,,,-13.045332,23.205205,5.457823,-56.374425
sh.603848,好太太,2026-04-01,15.41,15.5,15.22,15.47,1602200.0,24626070.0,0.3982,1.4426,30.929738,2.485801,4.023584,-602.329283
sh.603848,好太太,2026-04-02,15.49,15.52,15.14,15.25,1346700.0,20594368.0,0.3347,-1.4221,30.489884,2.450451,3.966364,-593.763515
sh.603855,华荣股份,2026-04-01,19.05,19.38,18.91,19.25,1535700.0,29438395.0,0.4577,2.122,14.751952,3.104907,1.696973,-32.60718
sh.603855,华荣股份,2026-04-02,19.16,19.5,19.16,19.23,1471300.0,28434762.0,0.4385,-0.1039,14.736626,3.101681,1.69521,-32.573303
sh.603856,东宏股份,2026-04-01,13.08,13.13,12.93,13.0,1971060.0,25676115.2,0.6988,0.3861,20.986165,1.356008,1.815028,-289.688921
sh.603856,东宏股份,2026-04-02,13.03,13.03,12.6,12.74,3365100.0,42960532.4,1.1931,-2.0,20.566442,1.328888,1.778728,-283.895143
sh.603858,步长制药,2026-04-01,16.58,16.78,16.43,16.78,5056532.0,84166675.35,0.4795,1.8204,10643.501113,1.673667,1.614571,-194.306991
sh.603858,步长制药,2026-04-02,16.78,16.96,16.71,16.82,5682575.0,95622101.05,0.5389,0.2384,10668.872987,1.677656,1.61842,-194.770178
sh.603859,能科科技,2026-04-01,36.95,37.36,36.72,37.29,3703730.0,137323731.2,1.5136,2.8974,38.149148,2.991254,5.841076,-94.327531
sh.603859,能科科技,2026-04-02,37.29,37.29,35.81,36.18,3736348.0,136123540.92,1.5269,-2.9767,37.013574,2.902214,5.667207,-91.519712
sh.603860,中公高科,2026-04-01,32.34,32.5,31.75,32.04,1897000.0,60957373.0,2.8449,1.3924,46.852742,2.543204,7.784987,33.398723
sh.603860,中公高科,2026-04-02,31.93,32.27,31.0,31.49,1632500.0,51634142.0,2.4483,-1.7166,46.048466,2.499547,7.65135,32.825399
sh.603861,白云电器,2026-04-01,16.25,16.55,16.17,16.31,11250816.0,184059051.48,2.1285,2.0651,39.964989,2.212886,1.797847,-35.469894
sh.603861,白云电器,2026-04-02,16.25,16.54,15.76,15.88,12521542.0,200866416.28,2.3689,-2.6364,38.911344,2.154545,1.750448,-34.534759
sh.603863,松炀资源,2026-04-01,16.5,16.5,15.38,15.68,14162100.0,221689890.0,6.9202,-4.7966,-14.739145,8.812698,6.222931,-131.543248
sh.603863,松炀资源,2026-04-02,15.64,17.25,15.6,17.25,14558220.0,245574060.0,7.1137,10.0128,-16.214939,9.695092,6.846018,-144.714351
sh.603866,桃李面包,2026-04-01,5.09,5.13,5.03,5.07,7173272.0,36344485.64,0.4484,0.396,21.060645,1.552977,1.477775,-351.654046
sh.603866,桃李面包,2026-04-02,5.06,5.07,5.0,5.02,8098606.0,40783319.0,0.5063,-0.9862,20.852946,1.537662,1.463202,-348.186057
sh.603867,新化股份,2026-04-01,30.67,31.36,30.08,30.29,4875537.0,149042160.68,2.2605,-0.1977,28.431354,2.696336,2.215387,173.863201
sh.603867,新化股份,2026-04-02,30.15,30.2,28.96,29.29,4830880.0,142353194.16,2.2398,-3.3014,27.492716,2.607319,2.142248,168.123247
sh.603868,飞科电器,2026-04-01,32.8,33.58,32.72,33.21,2033200.0,67363611.0,0.4668,2.279,32.120504,4.421659,3.741654,-247.722567
sh.603868,飞科电器,2026-04-02,33.21,33.38,32.35,32.68,1856082.0,60841949.98,0.4261,-1.5959,31.607891,4.351094,3.681941,-243.769151
sh.603869,ST智知,2026-04-01,9.5,9.7,9.47,9.65,917545.0,8822643.55,0.1857,2.4416,125.526415,1.273645,7.135803,-28.308927
sh.603869,ST智知,2026-04-02,9.62,9.68,9.41,9.5,1209100.0,11467439.7,0.2447,-1.5544,123.575227,1.253848,7.024884,-27.868892
sh.603871,嘉友国际,2026-04-01,13.65,13.99,13.53,13.79,12028721.0,165415239.99,0.8793,2.5279,17.767887,3.268566,2.148687,20.179109
sh.603871,嘉友国际,2026-04-02,13.79,13.79,13.2,13.37,14294291.0,191814117.18,1.0449,-3.0457,17.226733,3.169015,2.083244,19.564517
sh.603876,鼎胜新材,2026-04-01,22.58,22.66,21.36,21.92,35802278.0,780827359.6,3.8527,-1.083,53.144531,2.785815,0.783153,-55.078477
sh.603876,鼎胜新材,2026-04-02,21.78,22.94,21.7,22.48,34365001.0,768772513.53,3.6981,2.5547,54.502238,2.856986,0.803161,-56.485591
sh.603877,太平鸟,2026-04-01,13.97,14.18,13.87,14.15,1792846.0,25213641.44,0.382,2.3138,37.259416,1.557867,1.029011,-97.660485
sh.603877,太平鸟,2026-04-02,14.14,14.25,14.02,14.09,1402400.0,19809039.0,0.2988,-0.424,37.101425,1.551261,1.024648,-97.246377
sh.603878,武进不锈,2026-04-01,7.66,7.68,7.5,7.6,9688932.0,73468309.16,1.7267,2.1505,54.632152,1.63198,1.846869,240.300375
sh.603878,武进不锈,2026-04-02,7.5,7.64,7.36,7.38,11026234.0,82353242.26,1.965,-2.8947,53.050695,1.584739,1.793407,233.344312
sh.603879,永悦科技,2026-04-01,5.78,5.83,5.64,5.72,6832462.0,38893479.54,1.9014,1.0601,-14.58203,8.016151,6.073462,449.061323
sh.603879,永悦科技,2026-04-02,5.72,5.74,5.41,5.47,9626200.0,53236869.0,2.6788,-4.3706,-13.944703,7.665794,5.808013,429.434517
sh.603880,南卫股份,2026-04-01,7.18,7.18,6.91,7.02,6610915.0,46403100.3,2.2872,-0.4255,-10.03082,7.977223,3.411018,-40.832721
sh.603880,南卫股份,2026-04-02,7.05,7.06,6.71,6.8,6561812.0,45007876.64,2.2702,-3.1339,-9.716464,7.727225,3.30412,-39.553063
sh.603881,数据港,2026-04-01,39.16,39.57,38.29,38.77,66360858.0,2580406409.42,9.2376,1.1479,189.520827,8.436344,15.656924,31.2725
sh.603881,数据港,2026-04-02,38.05,38.1,36.31,36.46,52409109.0,1941647672.79,7.2955,-5.9582,178.228769,7.933688,14.72405,29.409218
sh.603882,金域医学,2026-04-01,26.79,26.89,26.14,26.84,5225794.0,139127417.62,1.1357,2.2087,-22.415871,1.820893,2.035386,25.048799
sh.603882,金域医学,2026-04-02,26.73,27.25,26.61,26.73,4764460.0,127802579.5,1.0354,-0.4098,-22.324003,1.81343,2.027044,24.94614
sh.603883,老百姓,2026-04-01,13.62,13.7,13.48,13.65,6745951.0,91879655.37,0.8889,0.8869,24.807888,1.522634,0.466701,62.750417
sh.603883,老百姓,2026-04-02,13.66,14.2,13.57,14.02,17811865.0,247503690.33,2.3471,2.7106,25.480336,1.563907,0.479351,64.451344
sh.603885,吉祥航空,2026-04-01,12.16,12.5,12.07,12.31,24362239.0,299198817.86,1.1155,2.6689,36.690122,2.735278,1.217416,20.917697
sh.603885,吉祥航空,2026-04-02,12.11,12.36,11.85,12.18,20762790.0,252139744.71,0.9507,-1.0561,36.302655,2.706392,1.20456,20.696795
sh.603886,元祖股份,2026-04-01,12.65,12.95,12.61,12.87,6823900.0,87506307.0,2.8433,3.2077,22.12699,1.985224,1.484611,-7.728305
sh.603886,元祖股份,2026-04-02,12.89,13.06,12.81,12.93,4966800.0,64267100.0,2.0695,0.4662,22.230147,1.994479,1.491532,-7.764334
sh.603887,城地香江,2026-04-01,16.3,16.62,16.05,16.27,20702224.0,337164608.14,3.4777,1.9424,-39.835124,2.743517,3.90703,36.145808
sh.603887,城地香江,2026-04-02,16.11,16.11,15.27,15.41,24201799.0,377270963.72,4.0656,-5.2858,-37.729518,2.5985,3.700512,34.235212
sh.603888,新华网,2026-04-01,20.2,20.25,19.93,20.09,7098245.0,142377108.45,1.052,1.0563,48.146526,3.684333,6.059168,-50.657643
sh.603888,新华网,2026-04-02,20.01,20.01,19.59,19.68,7003425.0,138289669.36,1.0379,-2.0408,47.163944,3.609143,5.935512,-49.623813
sh.603889,新澳股份,2026-04-01,7.73,7.99,7.72,7.8,10448020.0,81675515.0,1.4417,1.6949,13.073851,1.583453,1.170921,27.113507
sh.603889,新澳股份,2026-04-02,7.76,7.78,7.44,7.6,8183566.0,61762306.46,1.1292,-2.5641,12.738624,1.542852,1.140898,26.418289
sh.603890,春秋电子,2026-04-01,13.91,14.82,13.91,14.4,22433376.0,323414675.03,5.0208,5.4173,21.348529,2.127082,1.546684,-572.058775
sh.603890,春秋电子,2026-04-02,14.41,14.41,13.62,13.71,14888320.0,207435222.8,3.3321,-4.7917,20.325597,2.025162,1.472573,-544.648104
sh.603893,瑞芯微,2026-04-01,156.18,156.21,151.73,153.0,4751983.0,728969994.62,1.1291,0.5058,62.980619,15.19662,15.641063,106.667521
sh.603893,瑞芯微,2026-04-02,152.01,152.96,148.8,149.31,3316947.0,498963021.14,0.7881,-2.4118,61.461675,14.830113,15.263837,104.094951
sh.603895,天永智能,2026-04-01,26.38,26.65,26.15,26.4,1128100.0,29731903.0,1.0438,1.8126,-19.250102,14.72608,6.38673,-65.282006
sh.603895,天永智能,2026-04-02,26.36,26.36,25.2,25.65,1533100.0,39464408.0,1.4185,-2.8409,-18.703224,14.307726,6.205289,-63.427403
sh.603896,寿仙谷,2026-04-01,18.77,18.92,18.66,18.91,1328891.0,25012480.85,0.6703,1.7214,27.502035,1.672089,5.833226,-6.675324
sh.603896,寿仙谷,2026-04-02,18.95,19.23,18.82,19.09,1858430.0,35411731.1,0.9374,0.9519,27.76382,1.688005,5.888751,-6.738865
sh.603897,长城科技,2026-04-01,31.9,33.32,31.08,32.55,14781700.0,476753856.06,7.1604,3.9604,25.631871,2.794265,0.520058,-131.742508
sh.603897,长城科技,2026-04-02,32.23,32.35,31.36,31.81,8610280.0,273802441.51,4.1709,-2.2734,25.049149,2.73074,0.508235,-128.747441
sh.603898,好莱客,2026-04-01,14.05,14.54,13.77,14.16,4846018.0,68023189.11,1.5565,0.3544,210.831889,1.400674,2.547202,96.130189
sh.603898,好莱客,2026-04-02,13.96,14.04,13.36,13.56,4192712.0,57301952.32,1.3466,-4.2373,201.898335,1.341324,2.43927,92.056876
sh.603899,晨光股份,2026-04-01,25.45,25.65,25.02,25.54,3593716.0,91341079.26,0.3902,1.0685,17.949255,2.53256,0.938464,-29.999233
sh.603899,晨光股份,2026-04-02,25.54,26.07,25.35,26.0,5011700.0,129277071.0,0.5442,1.8011,18.272539,2.578174,0.955367,-30.539548
sh.603900,莱绅通灵,2026-04-01,7.65,7.74,7.54,7.66,5711360.0,43550120.6,1.6712,1.457,-38.149727,1.326562,1.706323,-61.517263
sh.603900,莱绅通灵,2026-04-02,7.66,7.68,7.44,7.52,4975600.0,37533271.0,1.4559,-1.8277,-37.452474,1.302317,1.675137,-60.392926
sh.603901,永创智能,2026-04-01,11.57,11.77,11.54,11.71,6017186.0,70276468.5,1.234,2.7193,96.362718,2.504662,1.519037,16.98743
sh.603901,永创智能,2026-04-02,11.71,11.8,11.52,11.6,5550586.0,64681982.49,1.1383,-0.9394,95.457517,2.481134,1.504767,16.827856
sh.603903,中持股份,2026-04-01,11.71,11.75,11.31,11.49,4226096.0,48381292.08,1.6552,0.7011,-43.776263,1.876433,2.736926,-14.3107
sh.603903,中持股份,2026-04-02,11.48,11.51,11.13,11.26,3550296.0,40049653.2,1.3905,-2.0017,-42.899976,1.838872,2.68214,-14.024237
sh.603906,龙蟠科技,2026-04-01,22.18,22.88,21.01,21.88,60152667.0,1326549567.79,10.645,-2.8419,-86.880645,5.010315,1.677098,9.859601
sh.603906,龙蟠科技,2026-04-02,21.94,23.49,21.61,22.15,54231807.0,1222445901.93,9.5972,1.234,-87.952755,5.072142,1.697793,9.981269
sh.603908,牧高笛,2026-04-01,23.46,23.6,23.08,23.34,1291720.0,30122718.0,1.3871,1.039,77.676222,4.047942,2.084699,17.704303
sh.603908,牧高笛,2026-04-02,23.24,23.44,22.32,22.6,1586946.0,36229041.9,1.7041,-3.1705,75.21348,3.919601,2.018603,17.142984
sh.603909,建发合诚,2026-04-01,11.63,11.7,11.12,11.22,4653740.0,52698632.6,1.7853,-1.8373,26.784894,2.527351,0.383051,7.730236
sh.603909,建发合诚,2026-04-02,11.19,11.28,10.87,11.09,4075400.0,45155142.0,1.5634,-1.1586,26.474552,2.498068,0.378613,7.64067
sh.603912,佳力图,2026-04-01,9.27,10.0,9.27,10.0,56283804.0,552659365.32,10.3874,10.011,-99.443109,3.112547,7.336415,89.198742
sh.603912,佳力图,2026-04-02,9.92,9.95,9.45,9.5,54679970.0,528292680.86,10.0914,-5.0,-94.471556,2.956939,6.969639,84.739345
sh.603915,国茂股份,2026-04-01,14.96,15.22,14.83,15.14,5674420.0,85323882.2,0.8642,2.8533,36.776924,2.695835,3.752573,-127.216922
sh.603915,国茂股份,2026-04-02,15.15,15.32,14.99,15.16,6194010.0,94002332.0,0.9433,0.1321,36.825506,2.699396,3.75753,-127.384976
sh.603916,苏博特,2026-04-01,10.71,10.79,10.58,10.76,5249900.0,56067929.0,1.249,1.9905,41.178138,1.088396,1.254341,21.138527
sh.603916,苏博特,2026-04-02,10.69,10.79,10.5,10.57,4617744.0,48901214.64,1.0986,-1.7658,40.451015,1.069177,1.232192,20.765263
sh.603917,合力科技,2026-04-01,13.22,13.29,12.95,13.08,3198900.0,41849279.0,1.5693,0.3067,263.35164,1.58756,4.027005,27.070209
sh.603917,合力科技,2026-04-02,13.11,13.13,12.82,12.91,2862800.0,37058697.0,1.4044,-1.2997,259.928874,1.566927,3.974667,26.718379
sh.603918,金桥信息,2026-04-01,13.9,13.9,13.61,13.69,4879080.0,66805429.8,1.3363,0.9587,-103.47389,4.987374,6.509333,-23.571672
sh.603918,金桥信息,2026-04-02,13.69,13.69,13.3,13.38,4914778.0,66151899.19,1.3461,-2.2644,-101.1308,4.874439,6.361934,-23.037909
sh.603919,金徽酒,2026-04-01,17.87,18.14,17.5,17.94,7193164.0,128464155.19,1.418,1.8161,25.678851,2.653091,3.118153,68.972681
sh.603919,金徽酒,2026-04-02,17.89,18.6,17.83,18.3,9537356.0,174441855.25,1.8802,2.0067,26.194146,2.706331,3.180725,70.356748
sh.603920,世运电路,2026-04-01,50.93,51.82,50.26,51.71,23312309.0,1192679488.44,3.2352,4.17,45.608454,5.581852,6.868885,-187.043066
sh.603920,世运电路,2026-04-02,51.3,51.3,48.8,49.3,19968031.0,994410487.37,2.7711,-4.6606,43.482823,5.321703,6.548753,-178.325723
sh.603922,金鸿顺,2026-04-01,21.3,21.51,20.85,20.97,4147600.0,87367585.0,2.3145,-0.1904,190.351101,3.615176,5.379532,-16.948027
sh.603922,金鸿顺,2026-04-02,21.0,21.06,20.46,20.6,3599600.0,74365002.0,2.0087,-1.7644,186.992498,3.551389,5.284614,-16.648991
sh.603926,铁流股份,2026-04-01,17.82,18.39,17.82,18.17,4333765.0,78590089.68,1.8774,2.5974,41.92333,2.469029,1.769398,23.119815
sh.603926,铁流股份,2026-04-02,17.99,18.22,17.75,18.05,3441600.0,61968749.0,1.4909,-0.6604,41.646456,2.452723,1.757713,22.967125
sh.603927,中科软,2026-04-01,16.75,16.8,16.63,16.74,4885892.0,81628032.14,0.5879,1.3317,58.28709,4.427499,1.998354,83.267726
sh.603927,中科软,2026-04-02,16.67,16.67,16.25,16.34,6401564.0,105163511.04,0.7703,-2.3895,56.894328,4.321705,1.950604,81.278056
sh.603928,兴业股份,2026-04-01,14.42,14.58,14.36,14.45,2103650.0,30427446.5,0.8027,1.049,48.556812,2.443293,2.408157,-435.637355
sh.603928,兴业股份,2026-04-02,14.45,14.53,14.1,14.22,2046490.0,29228973.1,0.7809,-1.5917,47.783935,2.404403,2.369826,-428.703335
sh.603929,亚翔集成,2026-04-01,187.0,188.78,180.33,184.7,4502300.0,828736222.0,2.1102,2.6681,44.17073,17.10405,8.031653,31.348429
sh.603929,亚翔集成,2026-04-02,184.7,188.98,176.2,178.62,4100648.0,739500339.08,1.9219,-3.2918,42.716707,16.541015,7.767265,30.316494
sh.603931,格林达,2026-04-01,27.28,27.28,26.84,27.19,1729936.0,46876092.04,0.8669,2.0646,42.52202,3.363119,8.670523,-65.875355
sh.603931,格林达,2026-04-02,27.19,27.19,26.4,26.51,1389900.0,37170537.0,0.6965,-2.5009,41.458579,3.27901,8.453681,-64.227865
sh.603933,睿能科技,2026-04-01,22.3,22.3,22.3,22.3,,,,,270.652707,3.506941,2.178292,79.491033
sh.603933,睿能科技,2026-04-02,22.3,22.3,22.3,22.3,,,,,270.652707,3.506941,2.178292,79.491033
sh.603936,博敏电子,2026-04-01,13.01,13.68,13.01,13.28,35079024.0,466860026.32,5.5646,4.8145,-33.920406,1.914109,2.378063,-1803.50172
sh.603936,博敏电子,2026-04-02,13.2,13.25,12.57,12.68,27290101.0,350823530.76,4.329,-4.5181,-32.387858,1.827628,2.270621,-1722.018209
sh.603937,丽岛新材,2026-04-01,13.9,15.27,13.9,15.27,16878675.0,247326770.0,8.0802,10.0144,-69.907793,2.067845,1.740339,133.885875
sh.603937,丽岛新材,2026-04-02,15.27,15.27,14.21,14.77,21649277.0,319993910.46,10.3639,-3.2744,-67.619237,2.000151,1.683365,129.502882
sh.603938,三孚股份,2026-04-01,24.75,24.81,23.85,24.06,8392826.0,202475801.82,2.1935,-0.166,118.966942,3.705373,4.663726,-65.824924
sh.603938,三孚股份,2026-04-02,24.04,25.6,23.88,25.15,25168809.0,627482600.14,6.5779,4.5303,124.35655,3.873239,4.875009,-68.807017
sh.603939,益丰药房,2026-04-01,24.45,24.59,23.7,24.46,8750344.0,211842899.5,0.7217,0.2459,18.053411,2.706729,1.229015,-492.316991
sh.603939,益丰药房,2026-04-02,24.3,24.39,23.71,24.03,7436275.0,178496343.97,0.6134,-1.758,17.736042,2.659146,1.20741,-483.662344
sh.603948,建业股份,2026-04-01,26.73,26.98,26.4,26.82,1368400.0,36608432.0,0.8421,2.1325,19.947722,2.076009,1.998842,-30.701858
sh.603948,建业股份,2026-04-02,26.81,26.81,26.18,26.39,942600.0,24951022.0,0.5801,-1.6033,19.627904,2.042725,1.966794,-30.209621
sh.603949,雪龙集团,2026-04-01,17.06,18.49,16.92,18.49,18631502.0,336645585.43,8.8635,9.9941,50.686534,3.68087,9.54991,169.839318
sh.603949,雪龙集团,2026-04-02,18.49,18.78,17.65,17.82,15352486.0,275534124.18,7.3036,-3.6236,48.849867,3.547491,9.203861,163.685054
sh.603950,长源东谷,2026-04-01,37.09,37.09,37.09,37.09,,,,,30.905928,3.991055,5.330192,60.084068
sh.603950,长源东谷,2026-04-02,37.09,37.09,37.09,37.09,,,,,30.905928,3.991055,5.330192,60.084068
sh.603955,大千生态,2026-04-01,25.0,25.0,24.48,24.76,836430.0,20634002.0,0.6163,0.7323,-145.566859,2.200272,17.265384,-31.87565
sh.603955,大千生态,2026-04-02,24.88,25.23,24.41,24.53,1335250.0,33124416.0,0.9838,-0.9289,-144.214663,2.179833,17.105003,-31.579551
sh.603956,威派格,2026-04-01,5.82,5.86,5.72,5.76,5237000.0,30213949.0,0.9189,-0.346,-25.350336,1.659948,3.043698,-56.830311
sh.603956,威派格,2026-04-02,5.76,5.76,5.62,5.66,5496155.0,31263746.85,0.9644,-1.7361,-24.910226,1.631129,2.990856,-55.843674
sh.603958,哈森股份,2026-04-01,20.01,20.99,19.72,20.6,11063600.0,224837580.0,5.0436,4.8346,-61.524728,6.563141,3.446335,54.244506
sh.603958,哈森股份,2026-04-02,20.41,20.6,19.96,20.05,6273300.0,126474654.0,2.8598,-2.6699,-59.882078,6.387911,3.354321,52.79623
sh.603959,百利科技,2026-04-01,6.24,6.35,6.14,6.28,14825560.0,92422083.2,3.0238,1.9481,-8.883314,129.623632,2.916021,107.0359
sh.603959,百利科技,2026-04-02,6.23,6.3,6.1,6.17,11035000.0,68145016.0,2.2507,-1.7516,-8.727714,127.353155,2.864945,105.161068
sh.603960,克来机电,2026-04-01,20.85,20.85,20.47,20.71,5878836.0,121323064.2,2.2421,1.5196,123.27147,4.855863,10.245655,140.468414
sh.603960,克来机电,2026-04-02,20.62,20.8,20.23,20.41,5070747.0,103809517.84,1.9339,-1.4486,121.485789,4.785523,10.097239,138.433623
sh.603966,法兰泰克,2026-04-01,12.43,12.88,12.2,12.67,11931305.0,149307402.74,2.9999,3.0919,22.027416,2.503269,2.088445,-113.616142
sh.603966,法兰泰克,2026-04-02,12.59,12.64,12.31,12.44,9847340.0,122740471.8,2.4759,-1.8153,21.62755,2.457827,2.050534,-111.553654
sh.603967,中创物流,2026-04-01,13.51,13.57,13.22,13.36,5629489.0,74998394.17,1.6239,-0.1495,17.756588,1.940629,0.523223,44.477287
sh.603967,中创物流,2026-04-02,13.26,13.55,13.26,13.33,4909300.0,65729426.0,1.4161,-0.2246,17.716715,1.936271,0.522048,44.377412
sh.603968,醋化股份,2026-04-01,12.84,13.0,12.75,12.98,3056000.0,39438349.0,1.4945,2.2047,-77.631473,1.469673,0.966638,-20.091086
sh.603968,醋化股份,2026-04-02,13.01,13.98,12.85,13.58,12159000.0,164031842.33,5.9463,4.6225,-81.219985,1.537609,1.011321,-21.019796
sh.603969,银龙股份,2026-04-01,9.42,9.6,9.07,9.11,17592987.0,162833430.93,2.085,-1.1931,21.703944,2.976398,2.477477,111.861704
sh.603969,银龙股份,2026-04-02,9.05,9.09,8.8,8.92,10637426.0,95062371.44,1.2606,-2.0856,21.251283,2.914322,2.425806,109.528693
sh.603970,中农立华,2026-04-01,12.8,12.84,12.65,12.81,2079300.0,26527119.0,0.7735,1.0252,19.182156,2.223598,0.312156,-38.251267
sh.603970,中农立华,2026-04-02,12.72,12.84,12.63,12.72,1378857.0,17558806.62,0.513,-0.7026,19.047387,2.207976,0.309963,-37.982522
sh.603976,正川股份,2026-04-01,20.4,20.47,19.81,20.43,1525240.0,30834965.6,1.0087,2.048,175.044773,2.621696,4.758233,-16.208468
sh.603976,正川股份,2026-04-02,20.43,20.96,20.27,20.49,2427700.0,49834882.0,1.6056,0.2937,175.558855,2.629396,4.772207,-16.25607
sh.603977,国泰集团,2026-04-01,16.91,17.12,16.3,16.44,22950148.0,380589478.12,3.6942,-1.5569,67.099125,3.051083,4.53503,-90.852549
sh.603977,国泰集团,2026-04-02,16.77,16.77,15.59,15.8,21685100.0,346375337.0,3.4906,-3.8929,64.486993,2.932306,4.358484,-87.31571
sh.603978,深圳新星,2026-04-01,25.03,25.88,24.6,24.97,9261834.0,232179620.36,4.3875,0.8481,-20.684248,3.484665,1.736078,69.928852
sh.603978,深圳新星,2026-04-02,24.86,25.38,24.36,24.59,7273391.0,180236812.32,3.4456,-1.5218,-20.36947,3.431635,1.709658,68.864657
sh.603979,金诚信,2026-04-01,58.68,61.43,58.67,60.29,13328778.0,803193168.17,2.1367,6.0883,16.761487,3.603117,2.914271,15.831579
sh.603979,金诚信,2026-04-02,60.0,60.0,57.56,58.22,10357920.0,605380233.14,1.6605,-3.4334,16.185997,3.479407,2.814212,15.288016
sh.603980,吉华集团,2026-04-01,6.53,6.6,6.47,6.58,13760900.0,90127747.0,2.0331,2.1739,78.741901,1.146901,2.900256,-28.908948
sh.603980,吉华集团,2026-04-02,6.54,6.6,6.35,6.44,14347400.0,92703734.0,2.1198,-2.1277,77.066541,1.122499,2.838548,-28.293864
sh.603982,泉峰汽车,2026-04-01,7.87,7.9,7.73,7.82,4841701.0,37765319.76,1.4259,1.0336,-7.788137,1.32678,1.071796,14.528165
sh.603982,泉峰汽车,2026-04-02,7.82,7.93,7.63,7.66,8095977.0,62779155.82,2.3843,-2.046,-7.628789,1.299633,1.049867,14.230913
sh.603983,丸美生物,2026-04-01,26.5,26.75,24.88,26.11,5250809.0,134299723.24,1.3094,-1.4717,42.348109,3.143084,3.02664,-16.415997
sh.603983,丸美生物,2026-04-02,26.01,26.01,25.13,25.38,3005330.0,76460590.67,0.7495,-2.7959,41.164113,3.055208,2.942019,-15.957028
sh.603985,恒润股份,2026-04-01,18.9,20.46,18.77,20.46,49946637.0,991399163.74,11.3294,10.0,108.046609,2.757567,2.277813,69.230957
sh.603985,恒润股份,2026-04-02,20.15,20.4,19.75,19.89,36998918.0,740213405.84,8.3925,-2.7859,105.036513,2.680744,2.214354,67.302236
sh.603986,兆易创新,2026-04-01,250.0,256.1,243.7,255.0,38795783.0,9693139251.05,5.8091,7.0979,108.482201,9.40568,19.425419,3094.45048
sh.603986,兆易创新,2026-04-02,257.86,259.8,245.6,246.99,25297431.0,6367107416.01,3.7879,-3.1412,105.074584,9.110231,18.815232,2997.24833
sh.603987,康德莱,2026-04-01,8.73,8.89,8.69,8.89,4881600.0,43105681.0,1.1176,2.4194,15.925554,1.455493,1.704925,42.064014
sh.603987,康德莱,2026-04-02,8.93,8.95,8.84,8.86,5588321.0,49731267.69,1.2794,-0.3375,15.871812,1.450581,1.699171,41.922065
sh.603988,中电电机,2026-04-01,25.03,25.08,24.5,24.83,3021900.0,74838885.0,1.2848,2.3495,137.386038,8.700834,8.166889,-252.041126
sh.603988,中电电机,2026-04-02,24.53,24.76,23.88,24.5,3633500.0,88329652.0,1.5449,-1.329,135.560126,8.585197,8.058348,-248.691405
sh.603989,艾华集团,2026-04-01,16.97,17.29,16.92,17.24,3948636.0,67715864.02,0.9902,3.4814,31.082107,1.788633,1.767338,-67.294044
sh.603989,艾华集团,2026-04-02,17.12,17.4,16.8,16.95,3429065.0,58655069.54,0.8599,-1.6821,30.559264,1.758545,1.737609,-66.162067
sh.603990,麦迪科技,2026-04-01,15.15,15.25,14.98,15.14,8443374.0,127555284.22,2.7567,1.1356,118.419762,5.553925,15.38123,26.042457
sh.603990,麦迪科技,2026-04-02,15.09,15.45,15.01,15.33,11719290.0,179246365.8,3.8263,1.255,119.905875,5.623624,15.574257,26.369278
sh.603991,至正股份,2026-04-01,101.0,104.66,100.35,102.38,1609300.0,165023679.0,2.1591,3.6235,-341.0669,78.889536,28.096693,-537.593328
sh.603991,至正股份,2026-04-02,102.38,103.69,101.0,101.3,938905.0,95777439.35,1.2597,-1.0549,-337.469008,78.057335,27.800303,-531.922291
sh.603992,松霖科技,2026-04-01,31.74,33.7,31.55,33.45,6371466.0,209045345.57,1.4381,6.0222,72.146409,4.463273,5.656272,123.063187
sh.603992,松霖科技,2026-04-02,33.44,35.3,32.84,35.07,7692011.0,265073667.23,1.7362,4.843,75.640495,4.679431,5.930208,129.023197
sh.603993,洛阳钼业,2026-04-01,17.9,18.37,17.83,18.24,385403523.0,6962712335.49,2.2072,6.3557,19.186636,4.733797,1.888065,114.730054
sh.603993,洛阳钼业,2026-04-02,18.12,18.2,17.51,17.71,259457255.0,4617017137.42,1.4859,-2.9057,18.62913,4.596247,1.833204,111.39634
sh.603995,甬金股份,2026-04-01,17.65,17.74,17.55,17.72,2708374.0,47824885.81,0.7408,1.315,9.652506,1.133253,0.152506,40.964666
sh.603995,甬金股份,2026-04-02,17.7,17.74,17.44,17.56,1936800.0,34066442.0,0.5297,-0.9029,9.56535,1.12302,0.151129,40.594782
sh.603997,继峰股份,2026-04-01,11.94,12.05,11.72,12.02,12252225.0,146045481.0,0.963,2.2109,33.714692,2.855294,0.67124,-47.420053
sh.603997,继峰股份,2026-04-02,12.03,12.34,11.92,12.28,12207050.0,148911022.5,0.9595,2.1631,34.443962,2.917056,0.685759,-48.445778
sh.603998,方盛制药,2026-04-01,10.86,11.24,10.86,11.21,10071000.0,111683668.0,2.2937,3.7003,16.664699,2.943811,2.924867,-520.935949
sh.603998,方盛制药,2026-04-02,11.18,11.33,11.13,11.3,9026200.0,101562069.0,2.0557,0.8029,16.798492,2.967446,2.948349,-525.118307
sh.603999,读者传媒,2026-04-01,6.9,7.03,6.84,6.91,6776000.0,46729120.0,1.1764,1.0234,46.554809,1.926429,4.404923,-17.750085
sh.603999,读者传媒,2026-04-02,6.87,6.93,6.77,6.82,6518640.0,44615569.4,1.1317,-1.3025,45.948452,1.901338,4.347551,-17.518898
sh.605001,威奥股份,2026-04-01,7.69,7.79,7.46,7.52,9225560.0,69874277.1,2.3482,-1.6993,27.690895,1.100288,1.487054,132.987086
sh.605001,威奥股份,2026-04-02,7.52,7.76,7.4,7.45,8290100.0,62307391.0,2.1101,-0.9309,27.433134,1.090046,1.473212,131.749174
sh.605003,众望布艺,2026-04-01,28.96,29.31,28.77,29.03,1251820.0,36392599.0,1.138,1.6457,48.989722,2.220491,5.926314,-95.019992
sh.605003,众望布艺,2026-04-02,28.58,29.27,28.37,28.46,630100.0,18088838.0,0.5728,-1.9635,48.027816,2.176892,5.809952,-93.154288
sh.605005,合兴股份,2026-04-01,20.55,20.8,20.38,20.53,3609334.0,74194164.7,0.9001,0.3912,37.097204,4.034807,4.45374,-123.121546
sh.605005,合兴股份,2026-04-02,20.55,20.65,20.3,20.44,2370960.0,48538675.4,0.5913,-0.4384,36.934576,4.017119,4.434216,-122.581802
sh.605006,山东玻纤,2026-04-01,9.1,9.67,9.1,9.67,16944541.0,162975657.47,2.824,10.0114,504.308751,2.312598,2.531191,-24.328949
sh.605006,山东玻纤,2026-04-02,9.47,9.53,9.2,9.48,54303300.0,506094535.0,9.0498,-1.9648,494.425019,2.267274,2.481583,-23.852137
sh.605007,五洲特纸,2026-04-01,13.49,13.83,13.49,13.75,5363000.0,73516787.0,1.3356,3.3058,30.310874,1.903542,0.756507,38.065109
sh.605007,五洲特纸,2026-04-02,13.7,13.88,13.5,13.55,3468500.0,47339100.0,0.8638,-1.4545,29.869989,1.875854,0.745503,37.511435
sh.605008,长鸿高科,2026-04-01,12.06,12.42,12.06,12.41,2619540.0,32116900.8,0.4055,3.5893,1040.742436,3.982027,1.97149,-45.994321
sh.605008,长鸿高科,2026-04-02,12.39,12.51,12.18,12.29,2415700.0,29728080.0,0.374,-0.967,1030.678851,3.943522,1.952426,-45.549573
sh.605009,豪悦护理,2026-04-01,28.68,28.74,28.38,28.64,1000660.0,28594511.4,0.4653,0.456,20.779454,1.819189,1.707841,-6.271697
sh.605009,豪悦护理,2026-04-02,28.7,28.7,28.11,28.31,727401.0,20623818.15,0.3383,-1.1522,20.540026,1.798228,1.688163,-6.199432
sh.605011,杭州热电,2026-04-01,21.25,21.29,20.21,20.33,8644711.0,176986594.03,2.1606,-2.5407,43.251733,3.371131,2.502207,34.36002
sh.605011,杭州热电,2026-04-02,20.21,20.9,20.11,20.45,7089684.0,144900766.35,1.772,0.5903,43.507031,3.39103,2.516977,34.562834
sh.605016,百龙创园,2026-04-01,25.03,25.24,24.77,25.02,3270026.0,81749178.6,0.7786,0.4819,28.729335,5.596793,7.620231,30.318775
sh.605016,百龙创园,2026-04-02,24.91,25.38,24.8,25.12,3296130.0,82801584.9,0.7848,0.3997,28.844161,5.619163,7.650688,30.439953
sh.605018,长华集团,2026-04-01,10.66,10.71,10.53,10.68,2725300.0,28981880.0,0.5798,2.0057,59.318618,1.845983,2.448953,25.066632
sh.605018,长华集团,2026-04-02,10.65,11.28,10.55,10.98,10250500.0,113146444.0,2.1807,2.809,60.984872,1.897837,2.517744,25.770751
sh.605020,永和股份,2026-04-01,24.96,25.24,24.78,25.15,7215960.0,180599911.1,1.4348,2.4023,22.377031,2.27414,2.563016,128.319243
sh.605020,永和股份,2026-04-02,25.02,25.14,24.44,24.7,7453503.0,184384354.92,1.482,-1.7893,21.976647,2.23345,2.517157,126.023272
sh.605028,世茂能源,2026-04-01,26.44,26.73,26.05,26.6,2508900.0,66146337.0,1.5681,2.1505,24.689328,3.102806,13.183678,-73.216444
sh.605028,世茂能源,2026-04-02,26.34,28.38,26.3,27.08,4035000.0,111154821.0,2.5219,1.8045,25.134849,3.158796,13.421579,-74.537643
sh.605033,美邦股份,2026-04-01,23.21,23.3,22.83,23.13,2170200.0,49974542.0,1.6052,1.3585,105.012281,2.725595,3.587718,-136.723784
sh.605033,美邦股份,2026-04-02,23.26,23.64,22.9,23.1,2792100.0,64822287.0,2.0652,-0.1297,104.876079,2.72206,3.583065,-136.546451
sh.605050,福然德,2026-04-01,14.39,14.6,13.81,14.12,18869600.0,266357137.0,3.8288,-1.0512,18.649921,1.597979,0.590416,-138.959482
sh.605050,福然德,2026-04-02,13.91,14.14,13.55,13.82,13780312.0,191087566.04,2.7962,-2.1246,18.253676,1.564028,0.577872,-136.007086
sh.605055,迎丰股份,2026-04-01,9.75,10.1,9.58,10.07,7574901.0,75056102.67,1.7216,5.3347,-163.399925,4.243158,2.88179,-247.986504
sh.605055,迎丰股份,2026-04-02,10.09,10.77,9.99,10.65,14954225.0,155855398.5,3.3987,5.7597,-172.811242,4.48755,3.047772,-262.269739
sh.605056,咸亨国际,2026-04-01,24.19,24.85,24.1,24.4,9376900.0,229642328.0,2.3245,1.8789,39.274941,5.950124,2.317066,-160.923145
sh.605056,咸亨国际,2026-04-02,24.55,25.79,24.2,25.07,11647500.0,292223427.02,2.8874,2.7459,40.353392,6.113509,2.38069,-165.341936
sh.605058,澳弘电子,2026-04-01,33.73,34.33,32.95,33.75,3685670.0,124002762.3,2.5788,3.3058,32.597873,2.766249,3.557171,19.919345
sh.605058,澳弘电子,2026-04-02,33.3,33.74,32.6,32.98,2469500.0,81901439.5,1.7278,-2.2815,31.854158,2.703137,3.476015,19.464888
sh.605060,联德股份,2026-04-01,51.1,53.27,50.02,52.2,8068800.0,420298389.0,3.3769,4.7141,55.156607,5.088677,10.012882,-126.394683
sh.605060,联德股份,2026-04-02,52.53,52.53,48.35,49.01,8364200.0,414383934.0,3.5005,-6.1111,51.785925,4.777702,9.400984,-118.670563
sh.605066,天正电气,2026-04-01,8.11,8.16,8.04,8.11,8041625.0,65115126.25,1.6005,1.2484,33.359699,2.292896,1.417631,28.883488
sh.605066,天正电气,2026-04-02,8.12,8.18,7.92,7.97,7899500.0,63476340.0,1.5722,-1.7263,32.783822,2.253315,1.393159,28.384883
sh.605068,明新旭腾,2026-04-01,26.06,26.56,26.06,26.48,1133300.0,29901592.0,0.6987,1.6507,-19.195799,2.855778,2.971261,-64.993482
sh.605068,明新旭腾,2026-04-02,26.79,26.79,26.1,26.36,1197900.0,31634783.0,0.7385,-0.4532,-19.108809,2.842837,2.957796,-64.69895
sh.605069,正和生态,2026-04-01,11.85,11.88,11.6,11.82,2695630.0,31670709.5,1.2733,1.8966,-12.957826,2.939151,7.71037,-90.111263
sh.605069,正和生态,2026-04-02,11.8,11.8,11.32,11.46,2325500.0,26811293.0,1.0985,-3.0457,-12.563171,2.849634,7.475536,-87.366757
sh.605077,华康股份,2026-04-01,15.05,15.29,14.87,15.25,2812868.0,42582016.62,0.9394,2.4177,18.489618,1.535295,1.262137,-52.135952
sh.605077,华康股份,2026-04-02,15.3,15.46,14.94,15.0,2246040.0,34097039.7,0.7501,-1.6393,18.18651,1.510126,1.241446,-51.281264
sh.605080,浙江自然,2026-04-01,23.08,23.15,22.88,23.06,950601.0,21859128.98,0.6773,0.7867,15.939821,1.483818,3.169354,20.485766
sh.605080,浙江自然,2026-04-02,23.07,23.28,22.71,22.81,650700.0,14934972.4,0.4636,-1.0841,15.767013,1.467731,3.134994,20.263674
sh.605081,*ST太和,2026-04-01,7.39,7.39,6.85,6.85,3398861.0,23675510.43,3.0013,-4.9931,-2.036233,0.869559,8.643846,-7.79299
sh.605081,*ST太和,2026-04-02,6.62,6.73,6.51,6.51,3578587.0,23472122.26,3.16,-4.9635,-1.935165,0.826398,8.214808,-7.406184
sh.605086,龙高股份,2026-04-01,35.59,35.9,34.85,35.61,1497800.0,53068840.0,0.8358,3.0084,57.154763,4.991882,21.60679,631.347021
sh.605086,龙高股份,2026-04-02,35.61,35.66,34.38,34.7,1107500.0,38666437.0,0.618,-2.5555,55.694195,4.864316,21.054637,615.213188
sh.605088,冠盛股份,2026-04-01,34.42,34.55,33.83,34.14,2156095.0,73728663.35,1.0796,0.4118,22.902204,2.409307,1.627292,-193.69133
sh.605088,冠盛股份,2026-04-02,34.1,34.17,33.16,33.4,1680661.0,56442010.61,0.8415,-2.1675,22.405788,2.357084,1.59202,-189.492982
sh.605089,味知香,2026-04-01,23.59,24.07,23.45,23.95,1495166.0,35483127.91,1.0835,3.0108,45.462221,2.694085,4.774812,-12.507626
sh.605089,味知香,2026-04-02,23.95,24.47,23.72,24.47,1577652.0,38243863.42,1.1432,2.1712,46.449292,2.752579,4.878482,-12.77919
sh.605090,九丰能源,2026-04-01,39.27,39.39,38.26,38.46,11566813.0,445508861.1,1.6428,-0.1039,19.518398,2.585768,1.316673,101.104183
sh.605090,九丰能源,2026-04-02,38.61,39.36,38.0,38.32,9829795.0,379051724.4,1.3961,-0.364,19.447348,2.576355,1.311881,100.736149
sh.605098,行动教育,2026-04-01,52.92,53.5,51.58,53.2,1384789.0,73129233.18,1.1612,0.6623,21.968184,6.574739,8.067549,74.109186
sh.605098,行动教育,2026-04-02,53.0,53.96,52.14,53.71,986100.0,52454225.94,0.8269,0.9586,22.178781,6.637768,8.144888,74.819631
sh.605099,共创草坪,2026-04-01,42.5,42.99,40.54,41.2,8550749.0,354430636.73,2.13,-5.9575,26.206358,5.519743,5.236845,290.723363
sh.605099,共创草坪,2026-04-02,40.46,42.0,39.7,39.94,5363518.0,217760746.2,1.336,-3.0583,25.404901,5.350936,5.076689,281.832309
sh.605100,华丰股份,2026-04-01,40.63,41.49,40.41,41.39,1562800.0,64025391.0,0.9197,2.3239,208.540595,3.956593,9.470735,-130.204252
sh.605100,华丰股份,2026-04-02,41.4,41.97,40.88,41.85,2026036.0,83912112.0,1.1923,1.1114,210.858273,4.000566,9.57599,-131.651315
sh.605108,同庆楼,2026-04-01,16.66,16.86,16.55,16.86,2257750.0,37812479.2,0.8684,1.8731,93.49544,1.962379,1.715099,31.68942
sh.605108,同庆楼,2026-04-02,16.82,16.86,16.42,16.56,1791800.0,29712687.0,0.6892,-1.7794,91.83182,1.927461,1.684581,31.125551
sh.605111,新洁能,2026-04-01,37.24,38.15,36.69,38.05,12161364.0,455071477.8,2.9281,4.2466,40.147673,3.653541,8.41919,-39.390878
sh.605111,新洁能,2026-04-02,37.98,38.65,37.0,37.23,7960040.0,299844162.61,1.9165,-2.1551,39.282467,3.574805,8.237751,-38.541981
sh.605116,奥锐特,2026-04-01,30.13,32.0,28.42,31.09,19663010.0,593109192.73,4.8409,5.7843,29.745856,5.006844,7.773752,-51.78674
sh.605116,奥锐特,2026-04-02,30.01,32.1,29.13,30.6,16674371.0,507299193.14,4.1051,-1.5761,29.27704,4.927932,7.651232,-50.970545
sh.605117,德业股份,2026-04-01,130.0,135.49,126.89,127.04,17522296.0,2269656922.71,1.9269,-3.3622,37.657659,12.377832,9.597359,67.85235
sh.605117,德业股份,2026-04-02,128.2,129.0,122.3,123.0,17316825.0,2155897951.97,1.9043,-3.1801,36.460108,11.984204,9.292153,65.694577
sh.605118,力鼎光电,2026-04-01,39.68,40.2,39.0,40.2,2215856.0,87997502.01,0.5443,3.3419,60.005075,11.139219,21.128251,-127.840243
sh.605118,力鼎光电,2026-04-02,40.5,41.88,40.01,41.0,3503400.0,143670018.0,0.8605,1.99,61.199206,11.360895,21.548714,-130.384327
sh.605122,四方新材,2026-04-01,13.68,13.68,13.19,13.3,1962900.0,26174526.0,1.1389,0.5291,-10.876535,1.142457,1.968901,-111.828267
sh.605122,四方新材,2026-04-02,13.33,13.42,12.87,12.97,1951850.0,25534864.0,1.1325,-2.4812,-10.606666,1.11411,1.920048,-109.05358
sh.605123,派克新材,2026-04-01,98.6,99.35,95.58,96.16,3168693.0,306848361.46,2.6151,-1.4956,46.168681,2.547381,3.28881,13.944532
sh.605123,派克新材,2026-04-02,95.8,97.18,93.52,94.18,2046628.0,194132502.08,1.689,-2.0591,45.218036,2.494929,3.221092,13.657404
sh.605128,上海沿浦,2026-04-01,32.27,32.66,32.05,32.52,1503365.0,48703878.57,0.712,2.1999,44.261368,3.298665,2.877761,23.548895
sh.605128,上海沿浦,2026-04-02,32.52,32.56,31.58,31.78,1739249.0,55648636.7,0.8237,-2.2755,43.25419,3.223603,2.812277,23.013035
sh.605133,嵘泰股份,2026-04-01,26.77,27.37,26.66,27.27,4708490.0,127655250.9,1.669,3.2955,41.630129,2.047112,2.863963,104.017207
sh.605133,嵘泰股份,2026-04-02,27.27,27.27,25.86,25.9,6578330.0,173887118.3,2.3318,-5.0238,39.5387,1.944269,2.720082,98.791554
sh.605136,丽人丽妆,2026-04-01,10.18,10.22,9.95,10.1,4947400.0,49800559.0,1.2354,0.6979,-50.563439,1.682619,2.390225,105.682113
sh.605136,丽人丽妆,2026-04-02,10.09,10.17,9.91,9.96,5007000.0,50138881.0,1.2503,-1.3861,-49.86256,1.659296,2.357093,104.217213
sh.605138,盛泰集团,2026-04-01,6.87,6.95,6.78,6.86,2110300.0,14458312.0,0.3798,0.4392,83.330249,1.581401,1.095823,18.580251
sh.605138,盛泰集团,2026-04-02,6.86,6.93,6.7,6.75,2131400.0,14479436.0,0.3836,-1.6035,81.994064,1.556043,1.078252,18.28232
sh.605151,西上海,2026-04-01,18.48,18.79,18.35,18.6,1547700.0,28678527.93,1.1502,1.862,-171.933613,1.836542,1.341532,148.541444
sh.605151,西上海,2026-04-02,18.6,18.68,18.05,18.25,1734300.0,31797758.0,1.2889,-1.8817,-168.698303,1.801983,1.316288,145.746309
sh.605155,西大门,2026-04-01,16.06,16.09,15.63,15.81,2773640.0,43955077.6,1.4846,-0.2524,27.082681,2.244921,3.427877,796.487904
sh.605155,西大门,2026-04-02,15.8,15.8,15.4,15.54,2211100.0,34423325.0,1.1835,-1.7078,26.620168,2.206583,3.369336,782.885644
sh.605158,华达新材,2026-04-01,7.64,7.69,7.48,7.57,2782440.0,21047176.4,0.5441,0.9333,23.650009,1.566574,0.574888,-2.716296
sh.605158,华达新材,2026-04-02,7.57,7.61,7.42,7.47,2060500.0,15474109.0,0.4029,-1.321,23.337591,1.54588,0.567294,-2.680414
sh.605162,新中港,2026-04-01,11.8,12.77,11.13,12.77,54830711.0,664231362.74,13.6877,9.9914,34.38046,4.021206,6.805203,-47.224966
sh.605162,新中港,2026-04-02,13.4,14.05,13.4,14.05,46318813.0,642723634.46,11.5626,10.0235,37.827432,4.424371,7.48749,-51.959724
sh.605166,聚合顺,2026-04-01,10.37,10.45,10.19,10.3,4545600.0,46818067.0,1.4443,0.3899,15.715504,1.663623,0.522706,-7.283617
sh.605166,聚合顺,2026-04-02,10.26,10.26,9.96,10.04,3008400.0,30333403.34,0.9559,-2.5243,15.318802,1.621628,0.509511,-7.099759
sh.605167,利柏特,2026-04-01,16.71,17.08,16.51,16.79,3242382.0,54420439.9,0.722,2.2533,34.559597,3.815778,2.61324,31.217224
sh.605167,利柏特,2026-04-02,16.79,17.3,16.73,17.04,4232268.0,72258369.4,0.9424,1.489,35.076472,3.872847,2.652324,31.68411
sh.605168,三人行,2026-04-01,36.51,36.75,36.11,36.47,4216763.0,153389765.31,2.0002,0.7459,89.296061,2.87081,2.082052,54.308686
sh.605168,三人行,2026-04-02,36.16,36.99,36.01,36.39,3799216.0,138505374.73,1.8021,-0.2194,89.100183,2.864513,2.077485,54.189556
sh.605169,洪通燃气,2026-04-01,12.2,12.27,11.97,12.27,4388344.0,53347678.48,1.5513,0.7389,34.495479,1.777204,1.126805,204.292082
sh.605169,洪通燃气,2026-04-02,12.27,12.35,12.03,12.17,4017209.0,49048042.58,1.4201,-0.815,34.214343,1.76272,1.117622,202.62711
sh.605177,东亚药业,2026-04-01,21.06,21.59,20.92,21.59,1554200.0,32924275.0,1.3805,3.5492,-11.349095,1.457035,2.97852,-42.719631
sh.605177,东亚药业,2026-04-02,21.2,21.56,20.83,21.09,1892131.0,40102923.58,1.6806,-2.3159,-11.086263,1.423292,2.909541,-41.730293
sh.605178,时空科技,2026-04-01,65.55,66.99,64.41,66.4,2870100.0,188951992.0,2.8968,3.6205,-27.175322,5.38262,18.711916,96.731318
sh.605178,时空科技,2026-04-02,66.42,68.85,65.99,66.82,3161300.0,212437502.0,3.1907,0.6325,-27.347215,5.416666,18.830275,97.343173
sh.605179,一鸣食品,2026-04-01,17.36,17.38,17.19,17.27,1190100.0,20556576.0,0.2968,0.4654,180.13331,6.147231,2.439503,41.004213
sh.605179,一鸣食品,2026-04-02,17.29,17.38,17.01,17.11,1468900.0,25199290.0,0.3663,-0.9265,178.464443,6.090279,2.416902,40.624325
sh.605180,华生科技,2026-04-01,14.82,15.02,14.67,14.82,1531609.0,22740283.54,0.9063,1.1604,93.732047,2.190963,7.1354,-8.991745
sh.605180,华生科技,2026-04-02,14.67,14.95,14.3,14.6,1652629.0,24147123.63,0.9779,-1.4845,92.340613,2.158439,7.029476,-8.858265
sh.605183,确成股份,2026-04-01,18.57,19.17,18.57,19.05,3636168.0,68984778.84,0.8816,3.7582,15.94106,2.123537,3.568131,-117.216353
sh.605183,确成股份,2026-04-02,19.0,19.04,18.46,18.69,2221600.0,41478185.0,0.5387,-1.8898,15.639812,2.083408,3.500701,-115.001241
sh.605186,健麾信息,2026-04-01,19.79,19.92,19.47,19.69,1542200.0,30283340.0,1.134,1.3903,300.163691,2.479254,6.803369,-116.95832
sh.605186,健麾信息,2026-04-02,19.59,19.8,19.33,19.43,1298000.0,25301970.0,0.9544,-1.3205,296.200128,2.446516,6.713532,-115.413923
sh.605188,国光连锁,2026-04-01,16.91,16.98,16.67,16.97,2671900.0,45027383.0,0.5319,1.3134,1427.244883,7.224685,3.073036,-1983.005148
sh.605188,国光连锁,2026-04-02,17.04,17.05,16.72,16.78,1955200.0,32888079.0,0.3892,-1.1196,1411.265123,7.143796,3.038629,-1960.802969
sh.605189,富春染织,2026-04-01,14.44,14.88,14.44,14.76,6095549.0,89799271.74,3.1408,3.7245,37.336302,1.544676,0.840267,122.521623
sh.605189,富春染织,2026-04-02,14.76,14.78,14.26,14.49,4469912.0,64793660.26,2.3032,-1.8293,36.653321,1.51642,0.824896,120.280374
sh.605196,华通线缆,2026-04-01,48.02,48.7,47.1,47.43,8333247.0,398913973.47,1.6503,0.7434,81.106746,7.34259,3.475234,-110.6735
sh.605196,华通线缆,2026-04-02,47.8,50.9,47.8,49.05,12261547.0,609754276.51,2.4282,3.4156,83.876996,7.593381,3.593932,-114.453619
sh.605198,安德利,2026-04-01,39.6,39.98,37.83,37.96,4058900.0,155689061.65,1.5003,-5.9232,38.401591,4.563684,7.563828,73.489699
sh.605198,安德利,2026-04-02,37.4,37.9,37.07,37.53,1866990.0,70026808.1,0.6901,-1.1328,37.966589,4.511988,7.478147,72.657229
sh.605199,ST葫芦娃,2026-04-01,7.03,7.17,6.88,7.17,11367300.0,80438071.0,2.8411,4.978,-17.063648,4.161901,2.697035,-68.236373
sh.605199,ST葫芦娃,2026-04-02,7.17,7.39,6.99,7.13,11016400.0,78671316.0,2.7534,-0.5579,-16.968453,4.138682,2.681989,-67.855696
sh.605208,永茂泰,2026-04-01,13.21,13.28,13.08,13.13,5489410.0,72296785.0,1.6638,0.613,83.731264,1.993538,0.772176,42.817342
sh.605208,永茂泰,2026-04-02,13.13,13.4,12.98,13.08,5060579.0,66815339.9,1.5338,-0.3808,83.41241,1.985946,0.769236,42.65429
sh.605218,伟时电子,2026-04-01,17.05,17.34,16.98,17.17,2127100.0,36401784.0,0.9994,2.63,85.263386,3.156836,1.897447,-59.434186
sh.605218,伟时电子,2026-04-02,17.17,17.38,16.71,16.79,2007592.0,34144570.0,0.9433,-2.2132,83.376369,3.08697,1.855454,-58.118811
sh.605222,起帆电缆,2026-04-01,22.99,23.69,22.63,23.48,15435900.0,356580277.0,3.7384,2.2648,65.181314,2.078667,0.429841,479.972277
sh.605222,起帆电缆,2026-04-02,23.3,23.8,22.86,22.93,11375749.0,264494986.23,2.7551,-2.3424,63.654494,2.029976,0.419773,468.729315
sh.605228,神通科技,2026-04-01,14.01,14.8,14.01,14.44,16093204.0,232161771.73,3.3729,4.4863,52.027708,4.190395,3.671705,47.338506
sh.605228,神通科技,2026-04-02,14.38,14.52,13.85,13.99,9956951.0,140630632.55,2.0868,-3.1163,50.406346,4.059807,3.557282,45.863275
sh.605255,天普股份,2026-04-01,100.98,101.0,98.0,99.74,1406514.0,140272375.12,1.049,0.7373,411.08506,16.572967,40.497782,174.091435
sh.605255,天普股份,2026-04-02,99.82,100.51,91.03,92.17,2561500.0,243022597.19,1.9104,-7.5897,379.8848,15.315123,37.424109,160.87836
sh.605258,协和电子,2026-04-01,33.8,36.27,33.65,34.95,6038101.0,212712854.27,6.8615,6.0055,44.321344,2.576232,3.190786,126.001245
sh.605258,协和电子,2026-04-02,35.2,35.8,33.88,34.3,4702800.0,163593469.0,5.3441,-1.8598,43.497056,2.528319,3.131443,123.657874
sh.605259,绿田机械,2026-04-01,21.4,21.74,21.32,21.61,2129080.0,45911845.4,1.2344,2.3201,15.051422,2.077217,1.458,-37.821838
sh.605259,绿田机械,2026-04-02,21.61,21.62,20.9,21.2,1659752.0,35115878.4,0.9623,-1.8973,14.765856,2.037806,1.430338,-37.104256
sh.605266,健之佳,2026-04-01,19.16,19.41,19.03,19.41,1184656.0,22822326.52,0.7666,1.9433,23.453019,1.142265,0.329761,75.869085
sh.605266,健之佳,2026-04-02,19.32,19.55,19.22,19.39,1229556.0,23848986.04,0.7956,-0.103,23.428853,1.141088,0.329421,75.79091
sh.605268,王力安防,2026-04-01,12.26,12.43,12.15,12.24,6416841.0,78489021.2,1.4567,0.0,30.825718,3.255787,1.625178,-70.839148
sh.605268,王力安防,2026-04-02,12.13,12.35,12.03,12.07,5376200.0,65301451.0,1.2205,-1.3889,30.397583,3.210568,1.602606,-69.855271
sh.605277,新亚电子,2026-04-01,22.75,23.0,22.56,22.78,5380440.0,122610321.88,1.6912,2.382,35.075724,4.564471,1.880407,2675.840007
sh.605277,新亚电子,2026-04-02,22.68,22.72,22.01,22.19,4770191.0,106556791.76,1.4994,-2.59,34.167265,4.446252,1.831704,2606.535986
sh.605286,同力天启,2026-04-01,44.5,45.0,43.18,43.7,3133700.0,138017272.0,1.8653,2.1505,33.483656,3.457707,3.32488,80.7432
sh.605286,同力天启,2026-04-02,43.71,43.71,42.1,43.1,3056100.0,130429562.0,1.8191,-1.373,33.023927,3.410233,3.27923,79.634598
sh.605287,德才股份,2026-04-01,42.62,45.08,41.52,45.08,7781140.0,341347928.8,5.558,10.0049,-19.961282,4.064136,2.019727,128.858295
sh.605287,德才股份,2026-04-02,45.94,46.48,40.6,41.39,12865709.0,538901871.03,9.1898,-8.1854,-18.327362,3.731468,1.854403,118.310666
sh.605288,凯迪股份,2026-04-01,91.0,91.88,89.41,90.35,649500.0,58800034.0,0.9252,2.4376,144.041038,2.876893,4.665834,181.723922
sh.605288,凯迪股份,2026-04-02,90.98,90.99,86.63,87.4,474000.0,41719719.0,0.6752,-3.2651,139.337983,2.782961,4.513491,175.79049
sh.605289,罗曼股份,2026-04-01,98.0,104.16,96.7,104.16,4475325.0,457101399.75,4.1309,10.0011,-384.338212,8.869227,11.694235,43.272445
sh.605289,罗曼股份,2026-04-02,105.9,110.38,104.4,106.92,10333475.0,1103575817.03,9.5382,2.6498,-394.522289,9.104241,12.004105,44.419065
sh.605296,神农集团,2026-04-01,27.53,27.54,26.95,27.25,1923796.0,52315709.6,0.3714,-0.2927,21.402591,2.738492,2.633527,-61.496004
sh.605296,神农集团,2026-04-02,27.25,29.32,27.21,28.58,6620630.0,188678493.4,1.2782,4.8807,22.447194,2.872151,2.762063,-64.49746
sh.605298,必得科技,2026-04-01,46.88,46.99,44.62,46.34,2130200.0,97082335.0,1.1437,-0.5152,113.068842,8.340733,15.37134,-198.692326
sh.605298,必得科技,2026-04-02,45.82,47.09,45.7,45.93,1386730.0,64204928.6,0.7445,-0.8848,112.068449,8.266937,15.23534,-196.934366
sh.605299,舒华体育,2026-04-01,21.88,23.36,20.03,21.6,67244892.0,1421609541.84,16.4322,1.2658,99.083897,6.93561,5.64357,-160.271408
sh.605299,舒华体育,2026-04-02,20.91,23.63,20.91,22.94,60869789.0,1364229330.87,14.8744,6.2037,105.230769,7.365875,5.99368,-170.214171
sh.605300,佳禾食品,2026-04-01,10.7,10.86,10.66,10.86,1931839.0,20822572.45,0.4251,2.1637,180.874875,1.723327,2.056945,178.241863
sh.605300,佳禾食品,2026-04-02,10.78,10.95,10.75,10.78,1535907.0,16616597.39,0.338,-0.7366,179.542464,1.710632,2.041793,176.928847
sh.605303,园林股份,2026-04-01,16.76,17.5,16.43,16.68,3680000.0,61703632.0,2.2823,1.8937,-11.52146,2.926567,4.812132,-71.897963
sh.605303,园林股份,2026-04-02,16.66,17.01,15.85,16.15,3478500.0,56647479.0,2.1574,-3.1775,-11.15537,2.833576,4.659228,-69.613435
sh.605305,中际联合,2026-04-01,41.8,41.83,40.0,40.15,7580538.0,307605670.05,3.567,-1.9057,16.569666,2.992242,4.970346,40.61344
sh.605305,中际联合,2026-04-02,40.05,41.28,39.5,40.26,5358421.0,215998502.8,2.5214,0.274,16.615062,3.00044,4.983963,40.72471
sh.605318,法狮龙,2026-04-01,74.8,75.81,73.57,75.8,1628900.0,121573012.0,1.2956,3.0451,-524.370507,14.745988,16.427777,908.014023
sh.605318,法狮龙,2026-04-02,75.0,76.7,73.5,74.5,2092256.0,156826790.12,1.6641,-1.715,-515.377345,14.493089,16.146034,892.441223
sh.605319,无锡振华,2026-04-01,24.81,25.63,24.81,25.25,5960721.0,150403713.95,1.7122,3.1876,19.823296,3.406469,3.160894,66.681789
sh.605319,无锡振华,2026-04-02,25.25,25.71,24.91,25.3,6425264.0,162866058.2,1.8455,0.198,19.863186,3.413324,3.167254,66.815973
sh.605333,沪光股份,2026-04-01,25.72,25.75,25.35,25.56,1508500.0,38550947.0,0.3454,0.7886,18.060368,3.472586,1.442947,13.565915
sh.605333,沪光股份,2026-04-02,25.55,25.69,25.36,25.47,1254300.0,31984808.0,0.2872,-0.3521,17.996775,3.460359,1.437866,13.518148
sh.605336,帅丰电器,2026-04-01,15.6,15.8,15.45,15.73,2325501.0,36245985.57,1.2679,1.4184,150.493826,1.543201,9.42633,31.559912
sh.605336,帅丰电器,2026-04-02,15.73,15.88,15.02,15.15,2306370.0,35530445.41,1.2575,-3.6872,144.944785,1.4863,9.078761,30.396228
sh.605337,李子园,2026-04-01,10.95,10.99,10.84,10.92,2278090.0,24849321.3,0.584,0.738,19.861566,2.715256,3.216084,-34.238035
sh.605337,李子园,2026-04-02,10.92,10.98,10.77,10.83,1752442.0,19013292.0,0.4492,-0.8242,19.697874,2.692878,3.189578,-33.955858
sh.605338,巴比食品,2026-04-01,25.65,26.12,25.28,26.07,2453800.0,63392957.0,1.0243,3.6581,22.877392,2.756607,3.359513,-7.617683
sh.605338,巴比食品,2026-04-02,25.93,26.3,25.67,26.29,2200700.0,57126939.0,0.9186,0.8439,23.07045,2.779869,3.387863,-7.681968
sh.605339,南侨食品,2026-04-01,16.35,16.5,16.29,16.41,826400.0,13546748.0,0.1948,0.9846,171.204862,2.036158,2.271832,-18.168975
sh.605339,南侨食品,2026-04-02,16.41,16.54,16.2,16.28,865350.0,14169754.5,0.204,-0.7922,169.848577,2.020028,2.253835,-18.02504
sh.605358,立昂微,2026-04-01,33.51,33.52,32.92,33.37,9702105.0,322086446.89,1.4451,2.4562,-70.148999,3.19727,6.483925,111.597225
sh.605358,立昂微,2026-04-02,33.08,33.29,32.0,32.2,9689730.0,315747673.69,1.4433,-3.5061,-67.689474,3.085169,6.256589,107.684467
sh.605365,立达信,2026-04-01,18.71,19.22,18.49,18.91,5344100.0,101018933.0,1.0645,1.0689,35.648202,2.546262,1.39338,67.63082
sh.605365,立达信,2026-04-02,18.6,20.5,18.6,20.16,12010800.0,237697141.0,2.3925,6.6103,38.00464,2.714577,1.485486,72.101393
sh.605366,宏柏新材,2026-04-01,11.18,11.84,11.0,11.53,43516016.0,500393340.63,5.6072,6.3653,-100.224819,4.425825,6.125092,42.721807
sh.605366,宏柏新材,2026-04-02,11.31,11.68,10.86,11.0,25593825.0,285128392.21,3.2978,-4.5967,-95.61778,4.222383,5.843539,40.758012
sh.605368,蓝天燃气,2026-04-01,8.24,8.39,8.16,8.3,7849122.0,64975184.78,1.0983,1.0962,18.893025,1.84385,1.405602,-15.974207
sh.605368,蓝天燃气,2026-04-02,8.3,8.37,8.22,8.27,7757843.0,64380118.92,1.0856,-0.3614,18.824737,1.837185,1.400522,-15.916468
sh.605369,拱东医疗,2026-04-01,17.6,17.88,17.37,17.86,941681.0,16656112.65,0.4271,2.821,38.532079,2.294722,3.502749,781.470214
sh.605369,拱东医疗,2026-04-02,17.76,18.09,17.74,17.88,1308163.0,23446292.94,0.5933,0.112,38.575228,2.297292,3.506671,782.345321
sh.605376,博迁新材,2026-04-01,95.81,96.7,93.42,95.3,6341333.0,603926063.12,2.4241,3.3398,161.906152,15.134857,24.352706,1408.604723
sh.605376,博迁新材,2026-04-02,96.63,98.59,93.2,94.58,5823401.0,557962722.79,2.2261,-0.7555,160.682936,15.020511,24.168719,1397.962588
sh.605377,华旺科技,2026-04-01,9.3,9.48,9.23,9.37,13383643.0,125391569.0,2.4042,1.8478,19.55073,1.358271,1.560391,-4.150909
sh.605377,华旺科技,2026-04-02,9.42,9.7,9.32,9.54,9003789.0,85993688.51,1.6174,1.8143,19.905439,1.382915,1.588701,-4.226219
sh.605378,野马电池,2026-04-01,19.73,20.14,19.73,19.95,1562072.0,31222397.44,0.5977,0.9105,57.576361,4.17214,3.788771,-287.422653
sh.605378,野马电池,2026-04-02,19.82,20.06,19.45,19.56,1412300.0,27866014.0,0.5404,-1.9549,56.450808,4.090579,3.714705,-281.803864
sh.605388,均瑶健康,2026-04-01,6.88,6.88,6.7,6.82,11634640.0,79045738.6,1.9375,0.8876,-50.617879,2.387027,2.975329,-76.343276
sh.605388,均瑶健康,2026-04-02,6.78,6.94,6.73,6.77,10837300.0,73793157.0,1.8048,-0.7331,-50.24678,2.369526,2.953516,-75.783575
sh.605389,长龄液压,2026-04-01,72.22,72.75,70.68,71.38,748700.0,53553416.0,0.5494,-0.4602,90.588101,4.885646,10.772075,-74.917596
sh.605389,长龄液压,2026-04-02,71.0,72.0,70.08,71.46,687960.0,49020741.2,0.5049,0.1121,90.689628,4.891121,10.784148,-75.001561
sh.605398,新炬网络,2026-04-01,26.84,28.93,26.57,27.9,6470784.0,182068662.62,3.9767,6.0837,678.330401,4.407965,8.676435,-270.755131
sh.605398,新炬网络,2026-04-02,26.67,27.5,26.67,27.19,5003154.0,134727634.08,3.0748,-2.5448,661.06823,4.295791,8.455637,-263.864947
sh.605399,晨光新材,2026-04-01,14.2,14.47,14.14,14.25,3145710.0,44916160.24,1.0098,1.9313,-116.171342,2.073701,4.117177,-33.659897
sh.605399,晨光新材,2026-04-02,14.33,14.4,13.85,14.02,2800600.0,39434312.38,0.899,-1.614,-114.296296,2.040231,4.050724,-33.116615
sh.605488,福莱新材,2026-04-01,32.66,33.46,32.66,33.28,5022600.0,166206588.84,1.8185,3.4504,75.141811,6.545533,3.510484,439.790537
sh.605488,福莱新材,2026-04-02,33.38,33.38,32.06,32.17,3700680.0,120350548.2,1.3398,-3.3353,72.638687,6.327488,3.393543,425.140237
sh.605499,东鹏饮料,2026-04-01,207.91,213.37,203.68,210.4,4801541.0,999993865.21,0.9234,2.4991,26.912854,12.613083,5.692253,-202.283736
sh.605499,东鹏饮料,2026-04-02,212.11,217.27,206.38,206.88,4840332.0,1021492157.74,0.9308,-1.673,26.462601,12.402066,5.597021,-198.899521
sh.605500,森林包装,2026-04-01,9.12,9.22,8.82,9.08,6205137.0,55956446.42,1.4974,0.0,42.660026,1.473168,1.41942,-74.591181
sh.605500,森林包装,2026-04-02,9.09,9.2,8.9,9.0,3626779.0,32740231.79,0.8752,-0.8811,42.284166,1.460189,1.406914,-73.93399
sh.605507,国邦医药,2026-04-01,26.29,26.33,25.71,25.87,4180800.0,108514127.0,0.7481,-0.4617,17.612578,1.690232,2.404892,-34.711176
sh.605507,国邦医药,2026-04-02,25.8,25.87,25.33,25.52,3841279.0,98117861.65,0.6874,-1.3529,17.374294,1.667365,2.372356,-34.241562
sh.605555,德昌股份,2026-04-01,16.81,16.81,16.81,16.81,,,,,30.002639,2.695917,1.850972,-16.016562
sh.605555,德昌股份,2026-04-02,16.09,16.29,15.13,15.19,23234447.0,358841657.23,4.7998,-9.6371,27.111248,2.436108,1.672592,-14.473026
sh.605566,福莱蒽特,2026-04-01,28.87,28.89,27.81,28.63,2075236.0,58796758.63,1.5563,0.952,124.700608,1.910652,4.75976,45.619192
sh.605566,福莱蒽特,2026-04-02,28.55,28.98,28.35,28.82,1503400.0,43093093.0,1.1275,0.6636,125.528171,1.923331,4.791347,45.921939
sh.605567,春雪食品,2026-04-01,11.23,11.24,10.97,11.04,3057600.0,33873264.0,1.5288,-0.0905,55.685428,2.022461,0.842218,281.587998
sh.605567,春雪食品,2026-04-02,11.04,11.14,10.7,10.84,4078612.0,44434864.52,2.0393,-1.8116,54.676634,1.985822,0.82696,276.486766
sh.605577,龙版传媒,2026-04-01,12.95,13.44,12.78,13.39,5074000.0,66502405.0,1.1416,5.4331,22.892055,1.497165,3.977149,-3.36198
sh.605577,龙版传媒,2026-04-02,13.2,13.6,13.16,13.34,4592000.0,61267319.0,1.0332,-0.3734,22.806573,1.491575,3.962298,-3.349426
sh.605580,恒盛能源,2026-04-01,21.27,21.33,21.04,21.31,3307400.0,70100272.0,1.1812,1.4762,49.052804,6.184178,6.551881,-1731.913245
sh.605580,恒盛能源,2026-04-02,21.15,21.5,21.1,21.3,2515900.0,53564595.0,0.8985,-0.0469,49.029785,6.181276,6.548806,-1731.100522
sh.605588,冠石科技,2026-04-01,52.39,52.74,51.53,52.38,992900.0,51770241.0,1.3583,2.1053,-54.605464,3.965882,2.811673,-11.508091
sh.605588,冠石科技,2026-04-02,51.99,52.38,50.28,50.79,1111500.0,56782439.0,1.5205,-3.0355,-52.94791,3.845497,2.726325,-11.158762
sh.605589,圣泉集团,2026-04-01,29.4,30.85,29.2,30.28,18109432.0,545546511.03,2.1467,5.0295,24.483599,2.495404,2.342596,151.859333
sh.605589,圣泉集团,2026-04-02,30.03,30.46,29.31,29.48,12548874.0,375021947.29,1.4875,-2.642,23.83674,2.429475,2.280705,147.847198
sh.605598,上海港湾,2026-04-01,48.2,48.39,46.03,46.47,3877602.0,180768513.52,1.5956,-2.5582,179.685466,6.214106,7.619447,-178.378573
sh.605598,上海港湾,2026-04-02,46.44,46.85,45.7,45.94,2210920.0,102094671.6,0.9098,-1.1405,177.636116,6.143233,7.532545,-176.344128
sh.605599,菜百股份,2026-04-01,22.78,22.97,22.45,22.63,6010529.0,136798175.3,0.7728,0.3548,21.68331,4.227026,0.694074,88.005501
sh.605599,菜百股份,2026-04-02,22.68,22.94,22.07,22.23,5421691.0,121217413.19,0.6971,-1.7676,21.300044,4.15231,0.681805,86.449946
sz.000001,平安银行,2026-04-01,11.09,11.23,11.08,11.15,91892539.0,1025538832.67,0.4735,0.6318,5.075317,0.479524,1.646171,2.525131
sz.000001,平安银行,2026-04-02,11.15,11.32,11.13,11.27,114889522.0,1292756711.67,0.592,1.0762,5.129939,0.484685,1.663887,2.552308
sz.000002,万科A,2026-04-01,4.04,4.07,3.99,4.04,106846990.0,431001884.37,1.0996,1.2531,-0.544286,0.4123,0.206484,-2.143308
sz.000002,万科A,2026-04-02,4.01,4.02,3.91,3.92,123161080.0,487209190.95,1.2675,-2.9703,-0.528119,0.400054,0.200351,-2.079645
sz.000004,*ST国华,2026-04-01,4.34,4.45,4.34,4.34,4577900.0,19871602.0,3.625,-5.0328,-4.678604,15.54981,7.78619,-79.67665
sz.000004,*ST国华,2026-04-02,4.12,4.12,4.12,4.12,677300.0,2790476.0,0.5363,-5.0691,-4.44144,14.761571,7.391498,-75.637742
sz.000006,深振业A,2026-04-01,8.72,8.93,8.71,8.87,19580902.0,172909462.62,1.4505,3.1395,-11.384458,2.218815,3.479135,40.589373
sz.000006,深振业A,2026-04-02,8.91,9.17,8.8,8.92,33070056.0,296689891.12,2.4497,0.5637,-11.448632,2.231323,3.498747,40.818174
sz.000007,全新好,2026-04-01,13.15,13.45,13.01,13.11,5621600.0,74140466.5,1.6226,1.2355,80.156221,24.863792,10.028623,-125.735803
sz.000007,全新好,2026-04-02,13.04,13.05,12.71,12.87,5300300.0,68059173.0,1.5299,-1.8307,78.688831,24.40862,9.845033,-123.434003
sz.000008,神州高铁,2026-04-01,3.6,3.6,3.24,3.27,660634632.0,2286368400.95,24.3211,0.0,-19.622228,3.030361,4.172481,-107.688875
sz.000008,神州高铁,2026-04-02,3.24,3.28,3.01,3.12,451534482.0,1405354984.29,16.6232,-4.5872,-18.722125,2.891354,3.981083,-102.749018
sz.000009,中国宝安,2026-04-01,8.93,8.96,8.76,8.82,19988945.0,176429263.77,0.776,0.1135,322.775617,2.257222,1.015284,-17.174718
sz.000009,中国宝安,2026-04-02,8.77,8.84,8.6,8.66,18128181.0,157823302.67,0.7037,-1.8141,316.920277,2.216274,0.996867,-16.863158
sz.000010,美丽生态,2026-04-01,3.99,4.0,3.74,3.8,45369748.0,172639245.6,5.35,-2.0619,96.763115,13.381206,4.784678,154.402775
sz.000010,美丽生态,2026-04-02,3.78,3.97,3.73,3.87,37825300.0,147146338.0,4.4604,1.8421,98.545594,13.627701,4.872817,157.247037
sz.000011,深物业A,2026-04-01,8.66,8.75,8.51,8.58,4913792.0,42368425.81,0.9333,-0.1164,150.907007,1.506215,2.145565,11.857516
sz.000011,深物业A,2026-04-02,8.54,8.57,8.22,8.4,7854765.0,65549151.44,1.492,-2.0979,147.741125,1.474616,2.100553,11.608757
sz.000012,南玻A,2026-04-01,4.53,4.54,4.47,4.5,17116073.0,77137864.52,0.8736,1.1236,-37.074975,1.033321,0.974975,-69.737253
sz.000012,南玻A,2026-04-02,4.49,4.52,4.42,4.45,19411654.0,86583994.18,0.9907,-1.1111,-36.663031,1.021839,0.964142,-68.962395
sz.000014,沙河股份,2026-04-01,14.5,14.62,13.83,13.99,15909381.0,225406950.48,6.5729,-1.6174,-22.521141,2.298568,10.918337,47.506436
sz.000014,沙河股份,2026-04-02,13.82,14.05,13.2,13.27,12954620.0,174452555.0,5.3521,-5.1465,-21.362083,2.180272,10.356421,45.061502
sz.000016,深康佳A,2026-04-01,3.33,3.6,3.31,3.47,104687346.0,364802042.7,6.5569,5.7927,-3.128221,6.601853,0.782815,-13.210891
sz.000016,深康佳A,2026-04-02,3.47,3.49,3.23,3.26,83794180.0,279376395.48,5.2483,-6.0519,-2.938905,6.202317,0.73544,-12.411384
sz.000017,深中华A,2026-04-01,7.0,7.06,6.83,6.9,6049516.0,41803865.24,1.3723,0.0,117.822879,12.705173,5.415642,181.722753
sz.000017,深中华A,2026-04-02,6.88,6.92,6.74,6.82,5853927.0,39831499.06,1.328,-1.1594,116.456817,12.557867,5.352852,179.615823
sz.000019,深粮控股,2026-04-01,7.76,7.87,7.63,7.68,19081550.0,146924495.0,4.5845,-1.4121,27.270391,1.774159,1.611796,243.096871
sz.000019,深粮控股,2026-04-02,7.65,7.75,7.58,7.63,12958230.0,99011619.1,3.1133,-0.651,27.092849,1.762609,1.601303,241.514209
sz.000020,深华发A,2026-04-01,16.1,16.2,15.86,16.18,11211031.0,179802590.97,6.1883,1.5694,104.691987,10.781993,5.128418,556.912072
sz.000020,深华发A,2026-04-02,15.94,15.99,15.4,15.47,11758721.0,184180138.2,6.4906,-4.3881,100.097962,10.308865,4.903376,532.474027
sz.000021,深科技,2026-04-01,26.86,27.21,26.4,26.67,73413696.0,1962714615.0,4.6718,3.4122,40.906459,3.291512,2.748038,20.021119
sz.000021,深科技,2026-04-02,27.01,27.09,25.5,25.65,63096389.0,1647996537.95,4.0152,-3.8245,39.341982,3.165627,2.642939,19.255407
sz.000025,特力A,2026-04-01,16.24,16.29,16.0,16.12,3538065.0,56945180.35,0.9008,0.5614,45.671143,3.844607,4.056024,-246.070277
sz.000025,特力A,2026-04-02,16.1,16.1,15.84,15.93,3242645.0,51806014.0,0.8256,-1.1787,45.132835,3.799292,4.008217,-243.169945
sz.000026,飞亚达,2026-04-01,14.1,14.15,13.9,14.07,2417700.0,33858373.0,0.6632,1.0776,65.382976,1.711084,1.627225,50.844784
sz.000026,飞亚达,2026-04-02,14.08,14.6,14.01,14.41,6764144.0,96712655.45,1.8554,2.4165,66.962949,1.752432,1.666547,52.073443
sz.000027,深圳能源,2026-04-01,7.02,7.05,6.86,6.9,65277860.0,452357153.37,1.3721,-0.7194,17.800208,1.002653,0.759178,-313.949352
sz.000027,深圳能源,2026-04-02,6.9,7.04,6.77,6.78,59336712.0,407505619.53,1.2473,-1.7391,17.49064,0.985216,0.745975,-308.489363
sz.000028,国药一致,2026-04-01,26.41,26.43,25.94,26.42,5359322.0,140504633.22,1.1211,1.0712,12.944892,0.797856,0.20029,69.415325
sz.000028,国药一致,2026-04-02,26.6,27.19,26.26,27.0,16625361.0,447389059.6,3.4777,2.1953,13.229071,0.807485,0.204687,86.680435
sz.000029,深深房A,2026-04-01,19.35,19.5,19.2,19.42,2590309.0,50138428.15,0.2905,1.569,196.550847,5.438726,13.248907,-81.177475
sz.000029,深深房A,2026-04-02,19.38,19.66,18.97,19.52,4788563.0,92605745.23,0.537,0.5149,197.562952,5.466732,13.31713,-81.595485
sz.000030,富奥股份,2026-04-01,5.44,5.46,5.17,5.2,85746826.0,448820907.65,5.1318,-6.4748,13.30622,1.097447,0.522931,11.523265
sz.000030,富奥股份,2026-04-02,5.25,5.33,5.09,5.12,48618911.0,251149985.85,2.9097,-1.5385,13.101509,1.080563,0.514886,11.345984
sz.000031,大悦城,2026-04-01,2.96,2.96,2.9,2.95,12214600.0,35879728.47,0.285,1.3746,-4.325915,1.247808,0.351617,-3.10797
sz.000031,大悦城,2026-04-02,2.92,2.93,2.84,2.86,19620200.0,56433145.0,0.4577,-3.0508,-4.193938,1.20974,0.34089,-3.013151
sz.000032,深桑达A,2026-04-01,18.43,18.56,18.0,18.3,23894287.0,437022143.67,2.0997,1.3289,141.17601,3.633141,0.427762,-19.291301
sz.000032,深桑达A,2026-04-02,18.11,18.18,17.4,17.5,24452671.0,431333307.95,2.1488,-4.3716,135.004382,3.474315,0.409062,-18.447965
sz.000034,神州数码,2026-04-01,34.0,34.37,33.79,34.11,14893696.0,507242843.93,2.4564,2.2176,47.288922,2.246816,0.17203,15.312093
sz.000034,神州数码,2026-04-02,33.8,33.87,31.98,32.26,22862009.0,748567240.74,3.7706,-5.4236,44.724146,2.124957,0.162699,14.481622
sz.000035,中国天楹,2026-04-01,6.9,6.99,6.83,6.94,54724386.0,379186827.96,2.3659,2.5111,72.097244,1.515729,3.103498,20.942082
sz.000035,中国天楹,2026-04-02,6.94,7.03,6.66,6.69,55794200.0,378411161.1,2.4122,-3.6023,69.500081,1.461128,2.9917,20.187684
sz.000036,华联控股,2026-04-01,4.93,4.94,4.8,4.84,33520080.0,162716984.0,2.3923,0.0,175.388813,1.336831,16.287604,-9.484144
sz.000036,华联控股,2026-04-02,4.81,4.9,4.77,4.79,29443900.0,142125746.3,2.1014,-1.0331,173.576945,1.323021,16.119344,-9.386168
sz.000037,深南电A,2026-04-01,12.6,12.8,11.72,11.85,79299812.0,955408272.14,23.3986,-8.9862,150.077105,4.858624,20.355738,-19.796466
sz.000037,深南电A,2026-04-02,11.46,11.94,10.81,10.83,61030448.0,683312653.41,18.008,-8.6076,137.159075,4.440413,18.603599,-18.092467
sz.000039,中集集团,2026-04-01,11.08,11.18,10.75,10.9,79939134.0,870893575.12,3.4735,0.6464,266.182738,1.268763,0.375314,15.442198
sz.000039,中集集团,2026-04-02,10.84,11.24,10.5,10.6,49177533.0,531734430.94,2.1368,-2.7523,258.856608,1.233843,0.364984,15.017183
sz.000042,中洲控股,2026-04-01,8.95,9.01,8.83,8.86,4089500.0,36293747.0,0.6158,0.0,-4.077678,1.786872,2.348361,1.564879
sz.000042,中洲控股,2026-04-02,8.83,8.87,8.62,8.67,4290792.0,37408881.4,0.6461,-2.1445,-3.990233,1.748553,2.298001,1.531321
sz.000045,深纺织A,2026-04-01,14.1,14.13,13.41,13.69,21498648.0,294875170.9,4.7041,-2.0043,101.350769,2.32716,2.1393,47.116642
sz.000045,深纺织A,2026-04-02,13.55,13.6,12.75,12.77,21261750.0,278184259.52,4.6522,-6.7202,94.53976,2.170769,1.995534,43.950293
sz.000048,京基智农,2026-04-01,23.32,23.37,21.29,21.29,15401800.0,333310284.72,2.9261,-10.0169,27.545397,2.672406,2.241915,-39.253178
sz.000048,京基智农,2026-04-02,20.0,20.6,19.16,19.16,13626200.0,263968465.0,2.5888,-10.0047,24.789563,2.40504,2.017618,-35.326017
sz.000049,德赛电池,2026-04-01,26.48,26.74,25.98,26.25,10621720.0,279179369.94,2.7622,0.8065,24.185556,1.515507,0.458823,73.409908
sz.000049,德赛电池,2026-04-02,26.0,26.39,25.32,25.67,9653786.0,249104442.95,2.5105,-2.2095,23.65117,1.482021,0.448685,71.787899
sz.000050,深天马A,2026-04-01,8.05,8.08,7.95,8.04,21026900.0,168585336.0,0.8555,1.6435,118.059338,0.725218,0.545464,-13.915213
sz.000050,深天马A,2026-04-02,8.01,8.08,7.82,7.89,19429379.0,154149620.89,0.7905,-1.8657,115.856739,0.711688,0.535288,-13.655601
sz.000055,方大集团,2026-04-01,3.7,3.73,3.62,3.66,8301359.0,30378629.71,1.2283,0.8264,357.539774,0.64544,1.040617,-28.429345
sz.000055,方大集团,2026-04-02,3.63,3.66,3.55,3.59,6693000.0,24066322.0,0.9903,-1.9126,350.701581,0.633096,1.020715,-27.885615
sz.000056,皇庭国际,2026-04-01,2.03,2.08,1.97,2.03,58491600.0,118292961.0,6.4723,0.995,-0.850278,-1.150383,0.69651,-1542.108059
sz.000056,皇庭国际,2026-04-02,2.02,2.03,1.9,1.92,62104536.0,121287736.12,6.872,-5.4187,-0.804204,-1.088047,0.658768,-1458.545553
sz.000058,深赛格,2026-04-01,8.1,8.17,8.04,8.1,6606583.0,53526315.07,0.6709,1.6311,143.710107,4.953096,5.909223,-28.67158
sz.000058,深赛格,2026-04-02,8.08,8.12,7.88,7.95,5219300.0,41636061.0,0.53,-1.8519,141.048808,4.861372,5.799793,-28.140624
sz.000059,华锦股份,2026-04-01,5.39,5.5,5.36,5.41,28770124.0,156249808.04,1.7988,1.1215,-3.763636,0.858436,0.214254,-5.52595
sz.000059,华锦股份,2026-04-02,5.43,5.5,5.3,5.33,25677900.0,138477981.0,1.6054,-1.4787,-3.707982,0.845742,0.211086,-5.444235
sz.000060,中金岭南,2026-04-01,6.28,6.31,6.16,6.23,76746619.0,477172863.29,1.7281,1.7974,24.632588,1.734454,0.425775,24.581839
sz.000060,中金岭南,2026-04-02,6.21,6.22,6.03,6.09,67693878.0,414701313.67,1.5243,-2.2472,24.079046,1.695477,0.416207,24.029438
sz.000061,农产品,2026-04-01,7.48,7.52,7.38,7.43,15240350.0,113316634.48,0.8494,0.6775,44.320892,1.75552,2.104785,9.438615
sz.000061,农产品,2026-04-02,7.4,7.47,7.35,7.41,11426279.0,84632414.94,0.6368,-0.2692,44.20159,1.750794,2.09912,9.413209
sz.000062,深圳华强,2026-04-01,25.18,27.18,25.18,26.08,50316075.0,1336260909.37,4.8154,5.5443,58.922064,4.051677,1.095083,-78.872442
sz.000062,深圳华强,2026-04-02,25.06,25.3,24.28,24.33,40183931.0,988526336.93,3.8457,-6.7101,54.968321,3.779804,1.021602,-73.580004
sz.000063,中兴通讯,2026-04-01,33.06,33.16,32.71,32.99,48471315.0,1596884809.26,1.2035,1.6954,28.091132,2.095772,1.178597,-62.031353
sz.000063,中兴通讯,2026-04-02,32.79,32.91,31.92,32.05,53087898.0,1715197281.17,1.3181,-2.8493,27.290718,2.036056,1.145015,-60.263863
sz.000065,北方国际,2026-04-01,16.01,16.01,14.55,14.57,111904612.0,1689214918.57,11.4778,0.1375,23.395488,1.524362,1.24851,25.235841
sz.000065,北方国际,2026-04-02,14.68,15.64,14.64,15.17,104120578.0,1563798175.47,10.6794,4.1181,24.358927,1.587136,1.299924,26.275066
sz.000066,中国长城,2026-04-01,15.0,15.07,14.79,14.85,40914740.0,609704301.21,1.2684,0.9517,-61.826532,4.318372,3.216641,-43.373538
sz.000066,中国长城,2026-04-02,14.8,14.8,14.31,14.43,51073178.0,741907212.97,1.5834,-2.8283,-60.077903,4.196236,3.125666,-42.146811
sz.000068,华控赛格,2026-04-01,3.43,3.47,3.33,3.35,16644500.0,56085228.0,1.6534,-1.1799,-32.267956,5.587711,4.051136,-51.10003
sz.000068,华控赛格,2026-04-02,3.35,3.38,3.26,3.3,13368200.0,44155775.0,1.328,-1.4925,-31.786345,5.504312,3.990672,-50.337343
sz.000069,华侨城A,2026-04-01,2.2,2.22,2.16,2.21,41135334.0,90476907.2,0.5963,1.8433,-1.225394,0.498647,0.566054,-2.25975
sz.000069,华侨城A,2026-04-02,2.21,2.22,2.17,2.18,34763100.0,76183525.0,0.5039,-1.3575,-1.20876,0.491878,0.55837,-2.229075
sz.000070,特发信息,2026-04-01,18.0,19.05,17.83,18.45,197739809.0,3631926874.75,22.251,3.6517,-41.633118,11.017247,4.097535,-65.064982
sz.000070,特发信息,2026-04-02,17.82,20.3,17.77,19.37,202174319.0,3875170052.76,22.75,4.9864,-43.709132,11.566617,4.301857,-68.309415
sz.000078,海王生物,2026-04-01,3.17,3.45,3.08,3.45,123533905.0,410250832.35,4.7035,9.8726,-7.47768,4.981247,0.332779,-44.390203
sz.000078,海王生物,2026-04-02,3.79,3.79,3.46,3.61,434673311.0,1578204674.97,16.5499,4.6377,-7.824471,5.212261,0.348212,-46.448879
sz.000088,盐田港,2026-04-01,4.63,4.65,4.57,4.59,22185460.0,102127157.7,0.7014,0.0,16.542753,1.315853,27.804614,-10.595214
sz.000088,盐田港,2026-04-02,4.58,4.63,4.56,4.59,22420770.0,102962739.24,0.7089,0.0,16.542753,1.315853,27.804614,-10.595214
sz.000089,深圳机场,2026-04-01,6.8,7.01,6.74,7.0,25036917.0,172567334.13,1.2209,4.3219,24.569695,1.240482,2.80735,10.40313
sz.000089,深圳机场,2026-04-02,7.01,7.01,6.92,6.97,8418460.0,58593320.44,0.4105,-0.4286,24.464397,1.235166,2.795319,10.358545
sz.000090,天健集团,2026-04-01,3.65,3.67,3.6,3.62,17928985.0,64915660.53,0.9596,0.5556,21.665296,0.599127,0.306385,-26.660454
sz.000090,天健集团,2026-04-02,3.63,3.63,3.56,3.58,14872894.0,53450302.52,0.796,-1.105,21.425901,0.592507,0.302999,-26.365863
sz.000096,广聚能源,2026-04-01,10.13,10.18,10.07,10.12,6680800.0,67685082.0,1.3078,0.7968,46.722518,1.912186,3.910849,-28.046843
sz.000096,广聚能源,2026-04-02,10.14,10.25,10.1,10.21,9928900.0,101185440.0,1.9436,0.8893,47.138034,1.929191,3.945629,-28.296271
sz.000099,中信海直,2026-04-01,17.43,17.47,17.21,17.3,6030662.0,104294087.06,0.7774,0.8746,43.479637,2.443073,6.003827,46.589259
sz.000099,中信海直,2026-04-02,17.26,17.26,16.83,16.85,7889772.0,134103351.94,1.017,-2.6012,42.348664,2.379525,5.847658,45.3774
sz.000100,TCL科技,2026-04-01,4.33,4.34,4.27,4.32,301631195.0,1298582680.64,1.5766,1.171,19.894634,1.462733,0.487809,15.752296
sz.000100,TCL科技,2026-04-02,4.29,4.3,4.18,4.2,360442554.0,1521952172.13,1.884,-2.7778,19.342005,1.422102,0.474259,15.314732
sz.000151,中成股份,2026-04-01,12.05,12.39,11.72,11.8,6489700.0,77488397.05,2.1075,0.8547,-21.670745,12.439726,3.639699,-42.403598
sz.000151,中成股份,2026-04-02,11.83,12.04,11.61,11.67,8265500.0,98181814.0,2.6842,-1.1017,-21.431999,12.302678,3.5996,-41.936439
sz.000153,丰原药业,2026-04-01,6.61,6.73,6.56,6.71,11404000.0,76124170.6,2.4852,2.2866,27.395375,1.483689,0.751635,121.997352
sz.000153,丰原药业,2026-04-02,6.73,6.81,6.69,6.76,15896727.0,107363727.97,3.4643,0.7452,27.599514,1.494745,0.757236,122.906424
sz.000155,川能动力,2026-04-01,15.91,16.08,15.24,15.43,94235658.0,1460419839.75,5.1044,-2.7725,64.076144,2.761051,9.914963,25.62114
sz.000155,川能动力,2026-04-02,15.67,16.97,15.28,16.97,89722529.0,1464253494.7,4.8599,9.9806,70.4713,3.036619,10.904532,28.178273
sz.000156,华数传媒,2026-04-01,7.51,7.56,7.45,7.53,11631900.0,87287579.88,0.6843,1.8945,29.912599,0.926031,1.520198,-35.579698
sz.000156,华数传媒,2026-04-02,7.5,7.52,7.32,7.36,9202600.0,68111129.0,0.5414,-2.2576,29.237281,0.905124,1.485878,-34.776438
sz.000157,中联重科,2026-04-01,8.83,8.94,8.74,8.89,95806253.0,849638548.24,1.3552,3.3721,15.824984,1.335551,1.475527,-271.283005
sz.000157,中联重科,2026-04-02,8.81,8.86,8.45,8.53,100516358.0,862722810.25,1.4218,-4.0495,15.184152,1.281468,1.415776,-260.297416
sz.000158,常山北明,2026-04-01,17.65,17.74,17.46,17.55,20075922.0,352897342.96,1.2643,0.8621,-62.377456,5.377514,3.11846,-82.964104
sz.000158,常山北明,2026-04-02,17.45,17.54,17.1,17.17,16599473.0,286863761.19,1.0454,-2.1652,-61.026833,5.261078,3.050937,-81.16773
sz.000159,国际实业,2026-04-01,6.64,6.64,6.48,6.53,11053500.0,72272166.0,2.2996,0.4615,93.972375,1.540008,2.170615,14.468127
sz.000159,国际实业,2026-04-02,6.52,6.6,6.46,6.52,11861300.0,77387546.5,2.4676,-0.1531,93.828467,1.537649,2.167291,14.445971
sz.000166,申万宏源,2026-04-01,4.74,4.77,4.71,4.74,66167667.0,313457827.25,0.2936,1.2821,12.484118,1.06355,4.89318,4.686675
sz.000166,申万宏源,2026-04-02,4.73,4.73,4.66,4.67,71664371.0,335722639.64,0.318,-1.4768,12.299754,1.047843,4.820918,4.617463
sz.000301,东方盛虹,2026-04-01,10.8,10.95,10.66,10.89,22516266.0,243800727.42,0.3407,2.2535,-95.820456,2.154026,0.592393,16.803599
sz.000301,东方盛虹,2026-04-02,10.88,11.11,10.81,11.04,23659921.0,259293582.56,0.358,1.3774,-97.140297,2.183696,0.600552,17.035054
sz.000333,美的集团,2026-04-01,76.5,77.4,76.34,76.84,27361577.0,2100652577.87,0.3993,0.6418,13.294579,2.617294,1.274226,43.632433
sz.000333,美的集团,2026-04-02,76.85,77.84,76.58,77.37,32631797.0,2523387317.67,0.4762,0.6897,13.38678,2.635445,1.283063,43.935034
sz.000338,潍柴动力,2026-04-01,25.0,25.49,24.8,25.3,120356003.0,3035964526.44,2.4054,4.3729,20.165917,2.365309,0.950884,-37.759571
sz.000338,潍柴动力,2026-04-02,25.4,25.8,25.13,25.35,82976910.0,2104701953.42,1.6584,0.1976,20.205771,2.369984,0.952763,-37.834195
sz.000400,许继电气,2026-04-01,27.65,27.75,27.44,27.72,16018136.0,442646077.58,1.5833,2.0243,25.128645,2.383986,1.665205,17.374256
sz.000400,许继电气,2026-04-02,27.74,28.17,27.25,27.4,19494390.0,539987762.58,1.9269,-1.1544,24.83856,2.356465,1.645982,17.173687
sz.000401,金隅冀东,2026-04-01,4.9,4.95,4.83,4.86,19026965.0,92529600.01,0.7231,0.4132,59.070378,0.473731,0.527284,-14.199237
sz.000401,金隅冀东,2026-04-02,4.84,4.91,4.8,4.82,18682240.0,90573821.2,0.71,-0.823,58.584202,0.469832,0.522944,-14.082371
sz.000402,金融街,2026-04-01,2.58,2.59,2.54,2.57,13061617.0,33556645.87,0.437,0.3906,-0.782367,0.326267,0.561723,-33.782614
sz.000402,金融街,2026-04-02,2.56,2.57,2.49,2.51,13816401.0,34870879.5,0.4623,-2.3346,-0.764101,0.31865,0.548609,-32.993914
sz.000403,派林生物,2026-04-01,13.1,13.24,12.96,13.23,8434900.0,110857359.54,0.8967,2.2411,22.462406,1.566638,5.277402,-69.555569
sz.000403,派林生物,2026-04-02,13.23,13.26,13.0,13.05,7081471.0,92925044.88,0.7528,-1.3605,22.156795,1.545323,5.205601,-68.609235
sz.000404,长虹华意,2026-04-01,7.12,7.17,7.09,7.14,8104647.0,57745329.64,1.17,1.2766,10.942448,1.168663,0.427345,5.572987
sz.000404,长虹华意,2026-04-02,7.18,7.23,7.1,7.13,7976797.0,57060884.47,1.1515,-0.1401,10.927123,1.167027,0.426746,5.565181
sz.000407,胜利股份,2026-04-01,4.76,4.78,4.7,4.71,16765800.0,79169784.0,1.9144,-0.2119,26.610188,1.357286,0.99522,-45.827736
sz.000407,胜利股份,2026-04-02,4.71,4.75,4.67,4.7,19486100.0,91772068.0,2.225,-0.2123,26.553691,1.354404,0.993107,-45.730438
sz.000408,藏格矿业,2026-04-01,81.8,82.85,81.0,82.18,17922927.0,1469689493.38,1.1414,3.671,33.496708,7.944146,36.07774,115.773577
sz.000408,藏格矿业,2026-04-02,82.1,83.21,80.88,82.25,12409747.0,1019192014.01,0.7903,0.0852,33.52524,7.950913,36.108471,115.872192
sz.000409,云鼎科技,2026-04-01,10.4,10.44,10.27,10.4,5026753.0,52041781.72,0.8513,1.5625,112.571179,4.479744,5.09102,-144.140149
sz.000409,云鼎科技,2026-04-02,10.41,10.41,10.19,10.23,4145209.0,42589157.92,0.702,-1.6346,110.731074,4.406517,5.007801,-141.784012
sz.000410,沈阳机床,2026-04-01,6.65,6.8,6.58,6.74,22274462.0,149122823.96,1.3251,2.7439,232.388538,4.231711,11.785711,10.120537
sz.000410,沈阳机床,2026-04-02,6.7,6.71,6.48,6.54,15997939.0,105296975.23,0.9517,-2.9674,225.492736,4.106141,11.435986,9.820224
sz.000411,英特集团,2026-04-01,10.95,11.16,10.84,11.14,4592741.0,50796400.47,1.2487,2.6728,12.762803,1.342033,0.187626,126.607621
sz.000411,英特集团,2026-04-02,11.19,11.39,11.13,11.25,4558059.0,51178809.82,1.2393,0.9874,12.888827,1.355285,0.189478,127.857786
sz.000415,渤海租赁,2026-04-01,4.42,4.47,4.37,4.45,69944668.0,310018919.6,1.297,3.2483,-13.368521,0.953658,0.513182,-63.434204
sz.000415,渤海租赁,2026-04-02,4.44,4.47,4.33,4.36,51178811.0,224949878.01,0.949,-2.0225,-13.098147,0.934371,0.502803,-62.151265
sz.000417,合百集团,2026-04-01,6.79,6.83,6.62,6.66,17790345.0,118848224.53,2.2837,-0.597,33.709871,1.103891,0.763241,138.452696
sz.000417,合百集团,2026-04-02,6.66,6.66,6.5,6.54,8535983.0,56047318.2,1.0957,-1.8018,33.102486,1.084001,0.749489,135.958053
sz.000419,通程控股,2026-04-01,5.98,6.1,5.9,5.93,8859273.0,52942002.75,1.6298,0.1689,25.087147,0.921669,1.486553,44.132548
sz.000419,通程控股,2026-04-02,5.91,5.98,5.81,5.87,5925800.0,34896141.0,1.0901,-1.0118,24.833314,0.912344,1.471512,43.686013
sz.000420,吉林化纤,2026-04-01,4.85,4.89,4.75,4.8,109085774.0,525351428.95,4.4379,1.4799,-6851.937805,2.668392,2.312267,-326.071931
sz.000420,吉林化纤,2026-04-02,4.82,4.84,4.64,4.68,97146661.0,457456371.56,3.9522,-2.5,-6680.63936,2.601682,2.254461,-317.920133
sz.000421,南京公用,2026-04-01,6.76,6.79,6.66,6.69,7932550.0,53157672.0,1.3813,0.0,21.804648,1.367663,0.43179,41.88975
sz.000421,南京公用,2026-04-02,6.68,6.72,6.56,6.62,9178101.0,60865771.64,1.5981,-1.0463,21.576498,1.353352,0.427272,41.451442
sz.000422,湖北宜化,2026-04-01,16.62,16.73,16.26,16.3,41025213.0,674953048.24,3.8783,-0.8516,19.957506,3.007286,0.691312,225.455607
sz.000422,湖北宜化,2026-04-02,16.3,16.3,15.65,15.79,46696162.0,744406184.69,4.4144,-3.1288,19.333069,2.913193,0.669682,218.401475
sz.000423,东阿阿胶,2026-04-01,57.19,57.39,56.22,56.34,7314322.0,414247808.93,1.1378,-1.4518,20.866623,3.510119,5.414789,53.53004
sz.000423,东阿阿胶,2026-04-02,56.58,57.39,56.18,57.08,6736163.0,383711456.8,1.0479,1.3135,21.140696,3.556223,5.48591,54.233132
sz.000425,徐工机械,2026-04-01,10.31,10.55,10.25,10.52,104415663.0,1089181979.38,1.159,4.3651,18.723925,2.064454,1.238583,91.946347
sz.000425,徐工机械,2026-04-02,10.48,10.48,10.15,10.3,82734518.0,848521371.65,0.9183,-2.0913,18.33236,2.021281,1.212681,90.023515
sz.000426,兴业银锡,2026-04-01,41.9,41.9,40.57,41.55,66822194.0,2754815160.86,3.7642,3.3068,46.281945,8.055766,14.542138,53.165264
sz.000426,兴业银锡,2026-04-02,40.81,40.97,39.5,39.96,53436547.0,2143708805.0,3.0102,-3.8267,44.510867,7.747494,13.985652,51.130781
sz.000428,华天酒店,2026-04-01,4.07,4.1,3.95,4.04,21529401.0,86683812.05,2.113,0.4975,-18.223688,2.953432,7.526498,227.459084
sz.000428,华天酒店,2026-04-02,4.02,4.1,4.0,4.02,22171285.0,89936499.01,2.1759,-0.495,-18.133471,2.938811,7.489238,226.333049
sz.000429,粤高速A,2026-04-01,13.08,13.1,12.95,13.0,6131099.0,79747640.05,0.4704,-0.3831,15.089054,2.445145,6.081,12.175333
sz.000429,粤高速A,2026-04-02,13.0,13.13,12.9,13.13,6133071.0,79945026.43,0.4706,1.0,15.239944,2.469597,6.14181,12.297086
sz.000430,ST张家界,2026-04-01,7.45,7.48,7.38,7.44,2395400.0,17777758.0,0.6464,0.9498,-11.15987,22.496468,13.15221,555.116274
sz.000430,ST张家界,2026-04-02,7.45,7.48,7.33,7.35,2476400.0,18305951.0,0.6683,-1.2097,-11.024871,22.224333,12.993111,548.401158
sz.000488,ST晨鸣,2026-04-01,2.79,2.83,2.76,2.79,24808200.0,69168080.0,1.4643,0.3597,-0.989239,9.079818,1.326533,-560.320829
sz.000488,ST晨鸣,2026-04-02,2.79,2.8,2.68,2.7,25921500.0,70630161.0,1.53,-3.2258,-0.957328,8.786921,1.283742,-542.245963
sz.000498,山东路桥,2026-04-01,5.94,5.98,5.82,5.86,19417702.0,114350412.68,1.3398,0.3425,3.999358,0.573395,0.129926,2.64842
sz.000498,山东路桥,2026-04-02,5.85,5.86,5.75,5.78,14398102.0,83485092.56,0.9934,-1.3652,3.944759,0.565567,0.128152,2.612264
sz.000501,武商集团,2026-04-01,8.67,8.68,8.5,8.6,4891400.0,41894729.0,0.6367,0.3501,36.652709,0.606421,1.087782,116.706935
sz.000501,武商集团,2026-04-02,8.6,8.6,8.4,8.45,5522401.0,46809347.41,0.7189,-1.7442,36.013417,0.595844,1.068809,114.671349
sz.000503,国新健康,2026-04-01,7.98,8.09,7.91,8.07,9839737.0,78965384.01,1.0049,2.6718,-67.051561,6.237109,24.157834,-15.37209
sz.000503,国新健康,2026-04-02,8.05,8.07,7.93,7.98,8790750.0,70218438.78,0.8978,-1.1152,-66.303774,6.167551,23.888415,-15.200654
sz.000504,*ST生物,2026-04-01,10.26,10.26,10.04,10.08,2282260.0,23105925.4,0.6934,0.1988,-536.30052,13.727838,26.513544,-63.866333
sz.000504,*ST生物,2026-04-02,10.04,10.14,9.99,10.13,2354800.0,23731114.0,0.7155,0.496,-538.96074,13.795932,26.645059,-64.18313
sz.000505,京粮控股,2026-04-01,7.0,7.05,6.8,6.85,12733800.0,87512060.0,2.0136,-1.1544,-18.714147,1.739047,0.633656,12.677489
sz.000505,京粮控股,2026-04-02,6.84,6.98,6.81,6.89,11107444.0,76709401.15,1.7564,0.5839,-18.823427,1.749202,0.637356,12.751518
sz.000506,招金黄金,2026-04-01,17.47,17.8,17.06,17.64,41086033.0,719240818.31,4.424,4.0094,365.663408,25.592874,31.618103,70.439591
sz.000506,招金黄金,2026-04-02,17.49,17.49,16.57,16.79,33279695.0,562379568.26,3.5834,-4.8186,348.043572,24.359658,30.094555,67.045393
sz.000507,珠海港,2026-04-01,5.6,5.76,5.55,5.6,25998460.0,146452625.8,2.8812,1.2658,17.071773,0.94096,1.188042,-19.587523
sz.000507,珠海港,2026-04-02,5.59,5.67,5.47,5.52,24244251.0,134636461.09,2.6868,-1.4286,16.82789,0.927518,1.17107,-19.307702
sz.000509,华塑控股,2026-04-01,4.17,4.22,3.82,3.84,84686069.0,331307323.77,7.8915,-6.1125,-384.855959,33.388739,5.455238,198.485343
sz.000509,华塑控股,2026-04-02,3.83,3.9,3.63,3.69,57239600.0,214498092.0,5.3339,-3.9063,-369.822523,32.084491,5.242142,190.73201
sz.000510,新金路,2026-04-01,15.25,15.68,14.88,15.02,42439950.0,644740413.67,6.9956,1.8305,-91.194783,7.891804,5.465608,-103.276364
sz.000510,新金路,2026-04-02,14.71,14.87,13.9,14.12,42868501.0,610172854.01,7.0663,-5.992,-85.730382,7.418926,5.138108,-97.088033
sz.000513,丽珠集团,2026-04-01,34.19,34.99,33.92,34.9,8375798.0,290116462.97,1.4742,2.6169,15.315938,2.23122,2.577958,-9.174945
sz.000513,丽珠集团,2026-04-02,34.9,35.35,34.7,35.07,7139862.0,250004970.2,1.2567,0.4871,15.390542,2.242088,2.590516,-9.219637
sz.000514,渝开发,2026-04-01,4.83,4.85,4.73,4.77,8131566.0,38849895.48,0.9637,0.0,43.273362,1.061296,13.801997,-35.294269
sz.000514,渝开发,2026-04-02,4.77,4.77,4.62,4.66,8056566.0,37709264.9,0.9548,-2.3061,42.275444,1.036821,13.483712,-34.480355
sz.000516,国际医学,2026-04-01,5.12,5.22,5.07,5.18,74737072.0,385529071.16,3.3897,1.9685,-34.549634,3.474818,2.758254,-62.889616
sz.000516,国际医学,2026-04-02,5.15,5.25,5.04,5.08,60710303.0,309521214.94,2.7535,-1.9305,-33.882652,3.407737,2.705006,-61.675531
sz.000517,荣安地产,2026-04-01,1.98,1.99,1.9,1.93,32118674.0,62094186.13,1.2889,-1.0256,-2.907857,1.067959,0.54121,-7.793912
sz.000517,荣安地产,2026-04-02,1.93,1.94,1.9,1.93,20436262.0,39333260.66,0.8201,0.0,-2.907857,1.067959,0.54121,-7.793912
sz.000518,*ST四环,2026-04-01,2.97,2.98,2.92,2.95,8360801.0,24566178.83,0.8121,0.0,-28.102916,8.459766,8.883349,44.103714
sz.000518,*ST四环,2026-04-02,2.95,2.95,2.89,2.9,7835704.0,22844586.56,0.7611,-1.6949,-27.626595,8.31638,8.732784,43.356193
sz.000519,中兵红箭,2026-04-01,17.27,17.33,16.86,16.96,21169424.0,360271791.63,1.5202,0.6528,-72.459934,2.312051,4.477606,-72.25866
sz.000519,中兵红箭,2026-04-02,16.8,17.02,16.7,16.87,19945318.0,335830769.45,1.4323,-0.5307,-72.075417,2.299782,4.453845,-71.875212
sz.000520,凤凰航运,2026-04-01,4.16,4.23,4.15,4.19,12069611.0,50475193.44,1.1926,1.9465,-36.482892,10.529025,6.229542,43.006387
sz.000520,凤凰航运,2026-04-02,4.18,4.25,4.15,4.18,16482300.0,69328714.0,1.6286,-0.2387,-36.395821,10.503896,6.214674,42.903746
sz.000521,长虹美菱,2026-04-01,6.23,6.34,6.19,6.3,12327775.0,77515703.28,1.408,2.107,9.896561,1.044562,0.20784,12.619464
sz.000521,长虹美菱,2026-04-02,6.28,6.35,6.25,6.29,9691839.0,61014440.84,1.1069,-0.1587,9.880853,1.042904,0.20751,12.599433
sz.000523,红棉股份,2026-04-01,3.46,3.48,3.34,3.37,27574900.0,93196351.0,2.0809,-1.462,77.941088,3.223506,2.918978,-43.464947
sz.000523,红棉股份,2026-04-02,3.36,3.38,3.29,3.32,21426492.0,71211009.16,1.6169,-1.4837,76.784692,3.175679,2.87567,-42.820067
sz.000524,岭南控股,2026-04-01,10.91,11.53,10.86,11.4,23489150.0,263450509.78,3.506,6.0465,109.05318,3.340638,1.696374,69.04494
sz.000524,岭南控股,2026-04-02,11.38,11.38,10.78,10.89,17003259.0,186585692.69,2.5379,-4.4737,104.174486,3.191188,1.620483,65.956087
sz.000525,红太阳,2026-04-01,5.91,5.98,5.87,5.95,17390234.0,103089416.75,1.5642,2.0583,86.335989,2.96881,2.945766,-173.877685
sz.000525,红太阳,2026-04-02,5.91,5.94,5.77,5.83,18524180.0,108212734.71,1.6662,-2.0168,84.594759,2.908934,2.886356,-170.370908
sz.000526,学大教育,2026-04-01,31.08,31.74,30.82,31.7,3115900.0,97422923.0,2.6083,3.291,16.43332,3.873669,1.225597,73.709298
sz.000526,学大教育,2026-04-02,31.7,31.7,30.63,30.9,1865900.0,57722163.0,1.562,-2.5237,16.018599,3.775911,1.194667,71.849127
sz.000528,柳工,2026-04-01,9.56,9.64,9.45,9.57,34433693.0,328532825.84,1.6929,2.6824,13.313135,1.068963,0.591221,29.097214
sz.000528,柳工,2026-04-02,9.51,9.51,9.27,9.39,35775837.0,335548215.02,1.7589,-1.8809,13.062731,1.048857,0.580101,28.549931
sz.000529,广弘控股,2026-04-01,5.81,5.84,5.71,5.79,6024000.0,34723796.0,1.0571,0.6957,32.554133,1.066478,1.577809,-13.352319
sz.000529,广弘控股,2026-04-02,5.8,5.86,5.75,5.79,5022200.0,29214294.0,0.8813,0.0,32.554133,1.066478,1.577809,-13.352319
sz.000530,冰山冷热,2026-04-01,6.09,6.12,5.98,6.06,10146195.0,61231441.57,1.6909,1.1686,48.181941,1.605725,1.153565,225.268123
sz.000530,冰山冷热,2026-04-02,6.05,6.07,5.86,5.9,10487756.0,62365011.93,1.7478,-2.6403,46.90981,1.56333,1.123108,219.320449
sz.000531,穗恒运A,2026-04-01,7.0,7.05,6.78,6.86,35559124.0,245034734.47,3.9087,-1.4368,16.925034,1.025564,1.72617,-21.530888
sz.000531,穗恒运A,2026-04-02,6.85,6.93,6.71,6.75,24252382.0,164874225.46,2.6658,-1.6035,16.653642,1.009119,1.698491,-21.18564
sz.000532,华金资本,2026-04-01,13.5,13.57,13.3,13.41,3905200.0,52398314.0,1.1367,1.055,28.282338,2.947604,9.343927,20.498352
sz.000532,华金资本,2026-04-02,13.39,13.43,13.04,13.14,4342639.0,57333727.97,1.264,-2.0134,27.712895,2.888256,9.155794,20.085633
sz.000533,顺钠股份,2026-04-01,14.55,14.99,14.36,14.7,76062513.0,1115162727.05,11.1056,3.3029,98.327518,10.712674,4.356938,781.088484
sz.000533,顺钠股份,2026-04-02,14.66,14.94,14.01,14.12,64746507.0,930118172.61,9.4534,-3.9456,94.447929,10.289997,4.185031,750.270027
sz.000534,万泽股份,2026-04-01,36.42,38.98,36.25,38.98,11836886.0,450668834.11,2.3675,9.9887,88.712053,12.670795,15.990307,881.949769
sz.000534,万泽股份,2026-04-02,39.68,40.0,37.4,38.37,23472433.0,899096712.08,4.6948,-1.5649,87.323794,12.472509,15.740074,868.148092
sz.000536,华映科技,2026-04-01,4.31,4.33,4.22,4.26,29220815.0,124281213.1,1.0575,1.4286,-11.748561,20.603116,8.0589,346.280326
sz.000536,华映科技,2026-04-02,4.29,4.35,4.23,4.25,40919968.0,175344568.33,1.481,-0.2347,-11.720982,20.554752,8.039982,345.467461
sz.000537,绿发电力,2026-04-01,10.25,10.3,10.0,10.16,48854254.0,496838607.71,2.3765,0.4946,23.244276,1.043794,4.51761,17.424969
sz.000537,绿发电力,2026-04-02,10.15,10.37,9.86,9.96,51902406.0,522956453.66,2.5248,-1.9685,22.786712,1.023247,4.428681,17.081957
sz.000538,云南白药,2026-04-01,55.73,56.08,55.31,55.57,9303790.0,517764122.85,0.5248,1.2942,19.239687,2.47606,2.407349,-56.875839
sz.000538,云南白药,2026-04-02,55.61,56.96,55.5,56.78,13615389.0,769457671.97,0.768,2.1774,19.658618,2.529974,2.459767,-58.114273
sz.000539,粤电力A,2026-04-01,5.98,6.06,5.77,5.85,133439061.0,784084229.19,5.2219,-0.6791,51.195189,1.310088,0.595915,60.116576
sz.000539,粤电力A,2026-04-02,5.77,5.9,5.58,5.61,121800437.0,692559975.86,4.7664,-4.1026,49.094873,1.25634,0.571467,57.650255
sz.000541,佛山照明,2026-04-01,5.68,5.71,5.62,5.66,5913694.0,33429956.31,0.4806,0.7117,25.849886,1.295485,0.999924,-23.635686
sz.000541,佛山照明,2026-04-02,5.64,5.67,5.54,5.57,6091309.0,34083340.18,0.495,-1.5901,25.438845,1.274886,0.984024,-23.259853
sz.000543,皖能电力,2026-04-01,8.47,8.47,8.3,8.39,49306195.0,412786949.71,2.1751,-0.3563,7.96808,1.107092,0.648536,-50.855406
sz.000543,皖能电力,2026-04-02,8.33,8.39,8.14,8.22,45841243.0,377314989.34,2.0222,-2.0262,7.806629,1.08466,0.635396,-49.824963
sz.000544,中原环保,2026-04-01,8.56,8.6,8.49,8.54,4784200.0,40805498.0,0.4908,1.1848,7.847337,0.917449,1.583885,14.237943
sz.000544,中原环保,2026-04-02,8.55,8.59,8.35,8.44,6289100.0,53218739.0,0.6452,-1.171,7.755448,0.906706,1.565338,14.071222
sz.000545,金浦钛业,2026-04-01,3.25,3.3,3.17,3.2,54178056.0,174208002.02,5.4981,1.2658,-7.477512,3.462114,1.806347,-36.160645
sz.000545,金浦钛业,2026-04-02,3.2,3.2,3.01,3.04,61002020.0,188247149.2,6.1906,-5.0,-7.103636,3.289009,1.716029,-34.352613
sz.000546,金圆股份,2026-04-01,6.65,6.71,6.32,6.37,54844700.0,351594601.98,7.872,-3.4848,-27.748267,1.220565,0.551203,1183.667364
sz.000546,金圆股份,2026-04-02,6.31,6.77,6.3,6.42,75762000.0,493255451.0,10.8743,0.7849,-27.966071,1.230145,0.55553,1192.958317
sz.000547,航天发展,2026-04-01,28.46,28.8,27.16,27.84,200341160.0,5586852869.94,12.607,-2.1785,-27.749797,9.466357,18.730955,-295.12489
sz.000547,航天发展,2026-04-02,27.79,28.21,26.91,27.03,123738467.0,3399678470.99,7.7866,-2.9095,-26.942421,9.190935,18.185981,-286.538282
sz.000548,湖南投资,2026-04-01,5.56,5.58,5.44,5.51,6833017.0,37569658.78,1.3689,0.0,59.801617,1.330134,5.551806,-20.664486
sz.000548,湖南投资,2026-04-02,5.52,5.55,5.43,5.48,9340600.0,51265748.0,1.8712,-0.5445,59.476019,1.322892,5.521578,-20.551976
sz.000550,江铃汽车,2026-04-01,18.4,18.67,18.4,18.65,8377595.0,155685633.22,1.6159,2.3039,13.557394,1.37595,0.411003,15.845755
sz.000550,江铃汽车,2026-04-02,18.64,19.08,18.56,18.95,9771700.0,184780657.0,1.8847,1.6086,13.775476,1.398083,0.417614,16.100646
sz.000551,创元科技,2026-04-01,13.55,13.64,13.33,13.45,8110908.0,109196358.2,1.6739,1.5861,25.319029,2.317043,1.646976,45.794213
sz.000551,创元科技,2026-04-02,13.3,13.48,13.0,13.07,6443900.0,85015017.5,1.3299,-2.8253,24.603696,2.25158,1.600445,44.500398
sz.000552,甘肃能化,2026-04-01,2.66,2.85,2.63,2.75,139636001.0,381485069.97,3.7478,4.1667,-158.709465,0.900396,1.857785,-24.049527
sz.000552,甘肃能化,2026-04-02,2.75,2.75,2.75,2.75,,,,,-158.709587,0.900396,1.857787,-24.049545
sz.000553,安道麦A,2026-04-01,6.44,6.48,6.29,6.41,15305893.0,97910693.38,0.703,1.4241,-14.281172,0.849714,0.515955,-64.751507
sz.000553,安道麦A,2026-04-02,6.45,6.51,6.26,6.31,13113800.0,83498036.0,0.6024,-1.5601,-14.058377,0.836458,0.507905,-63.741344
sz.000554,泰山石油,2026-04-01,8.24,8.34,8.13,8.16,27946496.0,229924851.69,7.7061,-0.9709,24.642323,3.386877,1.240109,-334.901386
sz.000554,泰山石油,2026-04-02,8.28,8.62,8.23,8.55,60746983.0,514376978.83,16.7507,4.7794,25.820081,3.548749,1.299378,-350.907703
sz.000555,神州信息,2026-04-01,15.72,15.8,14.79,14.89,40603012.0,616013932.06,4.166,-2.9967,257.482017,2.554316,1.103813,38.493482
sz.000555,神州信息,2026-04-02,14.69,14.76,14.0,14.13,40192099.0,574854032.16,4.1238,-5.1041,244.339886,2.423941,1.047473,36.528737
sz.000557,西部创业,2026-04-01,4.77,4.79,4.67,4.7,9304352.0,43772044.56,0.6382,-0.4237,20.550936,1.076616,5.133616,-18.30703
sz.000557,西部创业,2026-04-02,4.68,4.71,4.64,4.66,6832747.0,31937788.62,0.4687,-0.8511,20.376035,1.067453,5.089926,-18.151226
sz.000558,天府文旅,2026-04-01,4.65,4.67,4.51,4.63,29313147.0,134505702.9,2.2747,0.2165,-174.887539,5.691679,11.806789,79.261894
sz.000558,天府文旅,2026-04-02,4.59,4.6,4.49,4.52,19282896.0,87606054.0,1.4963,-2.3758,-170.732543,5.556456,11.526282,77.378782
sz.000559,万向钱潮,2026-04-01,15.79,15.95,15.43,15.69,70350525.0,1102853693.51,2.1225,1.685,51.618185,5.533972,3.745224,26.040044
sz.000559,万向钱潮,2026-04-02,15.55,15.68,15.16,15.24,49700991.0,764332855.7,1.4995,-2.8681,50.13774,5.375254,3.637809,25.293198
sz.000560,我爱我家,2026-04-01,2.95,2.97,2.9,2.94,81641353.0,238690157.84,3.619,1.0309,64.568788,0.735488,0.58004,-30.945578
sz.000560,我爱我家,2026-04-02,2.95,2.95,2.86,2.87,84035955.0,242870157.04,3.7251,-2.381,63.031436,0.717976,0.56623,-30.208779
sz.000561,烽火电子,2026-04-01,9.84,9.86,9.57,9.67,8283000.0,79962032.65,1.1562,-0.2064,-38.824823,2.648837,8.59709,30.047522
sz.000561,烽火电子,2026-04-02,9.61,9.74,9.44,9.52,6860756.0,65563642.39,0.9577,-1.5512,-38.222577,2.607748,8.463733,29.581428
sz.000563,陕国投A,2026-04-01,3.43,3.46,3.42,3.43,48370270.0,166168760.8,0.9458,1.1799,12.244387,0.925959,5.94111,-37.424861
sz.000563,陕国投A,2026-04-02,3.43,3.43,3.35,3.37,38554090.0,130555594.3,0.7539,-1.7493,12.0302,0.909761,5.837184,-36.770199
sz.000564,供销大集,2026-04-01,1.89,1.89,1.85,1.88,264018152.0,495526578.04,1.7491,1.6216,-24.825105,2.157045,28.199561,-22.757973
sz.000564,供销大集,2026-04-02,1.88,1.89,1.85,1.86,170867101.0,318910686.05,1.132,-1.0638,-24.561008,2.134097,27.899566,-22.515867
sz.000565,渝三峡A,2026-04-01,7.51,7.52,7.32,7.4,6486650.0,47860765.0,1.496,0.4071,550.915228,2.573539,8.685902,92.281837
sz.000565,渝三峡A,2026-04-02,7.38,7.45,7.21,7.34,8260526.0,60448533.27,1.9051,-0.8108,546.448348,2.552673,8.615476,91.533606
sz.000566,海南海药,2026-04-01,5.49,5.63,5.38,5.61,50174191.0,278199126.4,3.8693,3.125,-4.94337,26.145719,8.815052,-2559.531601
sz.000566,海南海药,2026-04-02,5.58,5.71,5.54,5.69,80151787.0,452835395.07,6.181,1.426,-5.013863,26.518564,8.940756,-2596.03116
sz.000567,海德股份,2026-04-01,5.26,5.28,5.18,5.23,6452628.0,33701417.7,0.3309,1.1605,-629.749486,1.89572,22.072679,38.563963
sz.000567,海德股份,2026-04-02,5.23,5.24,5.14,5.16,7893527.0,40928178.31,0.4048,-1.3384,-621.320717,1.870347,21.777251,38.04781
sz.000568,泸州老窖,2026-04-01,105.81,107.3,104.0,106.26,6659368.0,706393522.24,0.4526,1.5094,12.371804,3.148335,5.210118,124.614879
sz.000568,泸州老窖,2026-04-02,105.49,106.89,105.22,105.96,4483582.0,474937781.83,0.3047,-0.2823,12.336875,3.139446,5.195409,124.263058
sz.000570,苏常柴A,2026-04-01,5.77,5.83,5.66,5.7,11271077.0,64440111.75,2.0283,-0.1751,242.00574,1.170388,1.59603,15.082214
sz.000570,苏常柴A,2026-04-02,5.68,5.73,5.51,5.57,10927600.0,61247015.0,1.9665,-2.2807,236.486311,1.143695,1.55963,14.738234
sz.000571,新大洲A,2026-04-01,5.85,5.89,5.66,5.75,15038222.0,86254230.5,1.8475,-0.1736,-35.676682,34.004612,7.497697,-21.6769
sz.000571,新大洲A,2026-04-02,5.77,5.77,5.55,5.59,12455630.0,70037064.5,1.5302,-2.7826,-34.68394,33.058397,7.289065,-21.073717
sz.000572,海马汽车,2026-04-01,6.2,6.22,5.92,6.01,96768670.0,581304598.78,5.8924,-2.1173,-36.56468,5.878587,4.909563,-8.646064
sz.000572,海马汽车,2026-04-02,5.92,5.95,5.66,5.69,97782117.0,565182212.54,5.9541,-5.3245,-34.617808,5.565584,4.648155,-8.185708
sz.000573,粤宏远A,2026-04-01,4.3,4.31,4.15,4.19,12936887.0,54370598.05,2.0439,-0.9456,40.985136,1.625663,6.152046,78.680729
sz.000573,粤宏远A,2026-04-02,4.21,4.22,4.07,4.12,11761600.0,48571186.32,1.8582,-1.6706,40.30042,1.598504,6.049267,77.366254
sz.000576,甘化科工,2026-04-01,9.27,9.3,9.14,9.23,6027500.0,55538886.0,1.3894,0.7642,51.631199,2.439271,8.408568,-34.62721
sz.000576,甘化科工,2026-04-02,9.24,9.3,9.05,9.12,6338500.0,58171323.0,1.4611,-1.1918,51.015876,2.410201,8.308358,-34.214534
sz.000581,威孚高科,2026-04-01,20.65,20.9,20.61,20.73,11036876.0,228544176.16,1.3903,1.8673,13.062733,0.998916,1.75051,65.955721
sz.000581,威孚高科,2026-04-02,20.74,20.74,20.22,20.44,8600900.0,175980755.05,1.0834,-1.3989,12.879994,0.984942,1.726021,65.033041
sz.000582,北部湾港,2026-04-01,10.96,11.18,10.56,10.65,43155418.0,466179084.06,2.0009,-1.2975,25.824969,1.411564,3.520764,179.186557
sz.000582,北部湾港,2026-04-02,10.61,10.71,10.46,10.53,23644463.0,249536525.49,1.0963,-1.1268,25.533983,1.395659,3.481093,177.167553
sz.000586,汇源通信,2026-04-01,15.85,15.93,15.37,15.59,7291389.0,113690253.38,3.7693,0.7757,375.447278,8.905446,5.956515,123.484244
sz.000586,汇源通信,2026-04-02,15.59,17.15,15.59,17.15,13493425.0,228227691.15,6.9755,10.0064,413.016089,9.796562,6.552549,135.840589
sz.000589,贵州轮胎,2026-04-01,4.73,4.77,4.68,4.71,23598560.0,111176140.6,1.5276,0.641,14.500535,0.82189,0.677753,-5.749783
sz.000589,贵州轮胎,2026-04-02,4.7,4.74,4.64,4.68,20493490.0,96051964.6,1.3266,-0.6369,14.408175,0.816655,0.673436,-5.71316
sz.000590,古汉医药,2026-04-01,11.88,12.0,11.77,11.96,4489010.0,53504667.2,1.8754,2.3973,-56.695568,5.230112,8.481799,304.309054
sz.000590,古汉医药,2026-04-02,11.96,12.21,11.88,11.97,4080301.0,49072222.96,1.7047,0.0836,-56.742973,5.234485,8.488891,304.563493
sz.000591,太阳能,2026-04-01,5.6,5.63,5.5,5.56,84445044.0,469351119.1,2.1523,1.4599,20.587288,0.896159,4.065469,-643.27853
sz.000591,太阳能,2026-04-02,5.56,5.61,5.32,5.38,121559225.0,658709427.94,3.0974,-3.2374,19.927687,0.867447,3.935214,-622.668361
sz.000592,平潭发展,2026-04-01,12.72,12.72,11.9,12.02,492211336.0,6008586028.57,25.7017,-5.9468,-214.694621,12.106223,16.480798,338.574197
sz.000592,平潭发展,2026-04-02,12.38,12.85,12.1,12.57,498165573.0,6231981756.07,26.0126,4.5757,-224.518419,12.660169,17.234911,354.066361
sz.000593,德龙汇能,2026-04-01,15.88,16.26,15.49,15.7,20932412.0,332137916.37,5.8392,-0.3175,3781.573974,6.439412,3.205436,-258.07404
sz.000593,德龙汇能,2026-04-02,15.7,17.27,15.5,16.98,37218501.0,612274673.84,10.3822,8.1529,4089.880642,6.964408,3.466771,-279.114472
sz.000595,*ST宝实,2026-04-01,6.5,6.54,6.42,6.49,10974700.0,70950350.0,0.9638,1.248,-372.381835,14.522302,27.052399,-288.120233
sz.000595,*ST宝实,2026-04-02,6.46,6.54,6.27,6.31,13155300.0,84008668.0,1.1553,-2.7735,-362.053834,14.119527,26.302101,-280.129225
sz.000596,古井贡酒,2026-04-01,104.1,108.8,103.18,107.08,4710123.0,500557242.28,1.1527,4.1128,11.96427,2.223058,2.70386,-15.816883
sz.000596,古井贡酒,2026-04-02,106.23,111.09,105.8,110.19,5316716.0,580892442.31,1.3012,2.9044,12.311756,2.287624,2.78239,-16.276264
sz.000597,东北制药,2026-04-01,5.37,5.52,5.3,5.51,38024872.0,206856075.04,2.6981,3.3771,20.992026,1.466011,1.148402,-38.567111
sz.000597,东北制药,2026-04-02,5.49,5.57,5.46,5.49,37073588.0,204315452.68,2.6306,-0.363,20.915829,1.460689,1.144234,-38.427121
sz.000598,兴蓉环境,2026-04-01,6.87,6.88,6.79,6.84,17141365.0,117108857.95,0.5754,0.2933,10.183859,1.047672,2.250931,-48.932123
sz.000598,兴蓉环境,2026-04-02,6.82,6.84,6.69,6.73,19896836.0,134212514.64,0.6679,-1.6082,10.020083,1.030824,2.214732,-48.145203
sz.000599,青岛双星,2026-04-01,5.9,5.91,5.77,5.8,15188334.0,88310113.2,1.8596,0.0,-10.877635,3.600932,1.051647,321.92092
sz.000599,青岛双星,2026-04-02,5.8,5.8,5.36,5.41,28894252.0,159894047.88,3.5377,-6.7241,-10.146208,3.3588,0.980933,300.274513
sz.000600,建投能源,2026-04-01,9.39,9.48,9.1,9.22,35320389.0,326044314.27,3.2403,0.2174,10.154958,1.406354,0.726674,22.885903
sz.000600,建投能源,2026-04-02,9.2,9.27,8.84,8.94,39747554.0,358279938.13,3.6464,-3.0369,9.846564,1.363645,0.704606,22.190887
sz.000601,韶能股份,2026-04-01,6.93,7.05,6.73,6.86,137695686.0,951197861.18,13.1198,0.146,139.298205,1.743496,1.546259,32.039568
sz.000601,韶能股份,2026-04-02,6.85,6.96,6.49,6.6,131713216.0,878560524.54,12.5498,-3.7901,134.018681,1.677416,1.487655,30.82524
sz.000603,盛达资源,2026-04-01,40.2,40.75,39.35,39.95,21486741.0,856933563.19,3.2228,2.9639,53.682092,8.377472,12.149856,240.994098
sz.000603,盛达资源,2026-04-02,39.5,39.53,38.12,38.65,22177919.0,859222477.28,3.3264,-3.2541,51.93524,8.104863,11.754492,233.151987
sz.000605,渤海股份,2026-04-01,7.0,7.09,6.82,6.89,5831700.0,40406949.0,1.6536,-0.5772,141.264622,1.140499,1.434493,-32.75518
sz.000605,渤海股份,2026-04-02,6.92,6.97,6.67,6.77,6482573.0,44036766.83,1.8382,-1.7417,138.804281,1.120635,1.409509,-32.184698
sz.000607,华媒控股,2026-04-01,4.28,4.29,4.18,4.22,10765900.0,45361152.0,1.2164,0.2375,-55.372174,2.770503,3.640915,39.027362
sz.000607,华媒控股,2026-04-02,4.2,4.23,4.12,4.15,13408700.0,55765482.0,1.5151,-1.6588,-54.453679,2.724547,3.580521,38.379989
sz.000608,*ST阳光,2026-04-01,4.1,4.19,3.94,4.12,23365197.0,94611114.57,3.1345,-0.4831,-14.15904,1.487297,9.046267,-464.092549
sz.000608,*ST阳光,2026-04-02,4.12,4.15,3.91,3.96,20294377.0,80820000.24,2.7225,-3.8835,-13.609174,1.429538,8.694956,-446.069537
sz.000609,ST中迪,2026-04-01,8.79,8.82,8.55,8.65,7678110.0,66572909.3,2.638,-0.8028,-8.788298,-303.945591,16.630723,-658.961975
sz.000609,ST中迪,2026-04-02,8.57,8.64,8.29,8.46,9162000.0,77476197.0,3.1478,-2.1965,-8.59526,-297.26933,16.265424,-644.487666
sz.000610,西安旅游,2026-04-01,9.23,9.25,8.56,8.93,17011510.0,150143752.7,7.2234,-2.0833,-8.328787,13.522679,4.01405,-345.385858
sz.000610,西安旅游,2026-04-02,8.93,8.93,8.48,8.55,11778900.0,101760049.0,5.0016,-4.2553,-7.97437,12.947246,3.84324,-330.688587
sz.000612,焦作万方,2026-04-01,12.05,12.12,11.83,11.96,31636308.0,378140060.2,2.6536,0.5887,13.311918,1.98294,2.195346,38.658024
sz.000612,焦作万方,2026-04-02,12.13,12.19,11.68,11.82,32637081.0,390397941.53,2.7376,-1.1706,13.156093,1.959728,2.169648,38.205506
sz.000615,*ST美谷,2026-04-01,3.49,3.52,3.39,3.43,17383100.0,59676919.1,1.8786,-2.0,-15.685742,-24.211326,5.99868,-445.455273
sz.000615,*ST美谷,2026-04-02,3.43,3.45,3.36,3.39,11310701.0,38457371.66,1.2224,-1.1662,-15.502818,-23.928978,5.928724,-440.260459
sz.000617,中油资本,2026-04-01,10.1,10.26,9.86,9.89,244438187.0,2443433479.67,1.9335,-3.0392,29.029916,1.192264,3.526535,-1.250075
sz.000617,中油资本,2026-04-02,9.82,10.21,9.81,9.92,252512093.0,2537199848.55,1.9974,0.3033,29.117975,1.19588,3.537232,-1.253867
sz.000619,海螺新材,2026-04-01,6.1,6.15,5.9,5.95,8383701.0,50229795.06,2.3288,-0.1678,-30.677271,1.046299,0.578147,-91.687966
sz.000619,海螺新材,2026-04-02,6.0,6.02,5.79,5.89,7936324.0,46724048.36,2.2045,-1.0084,-30.36792,1.035748,0.572317,-90.763381
sz.000620,盈新发展,2026-04-01,2.91,2.92,2.83,2.84,104141000.0,297073565.01,2.2292,0.3534,-15.12363,3.728791,8.561529,75.66197
sz.000620,盈新发展,2026-04-02,2.83,2.84,2.7,2.71,156996235.0,430499435.86,3.3605,-4.5775,-14.431351,3.558107,8.169628,72.19857
sz.000623,吉林敖东,2026-04-01,17.84,18.01,17.73,17.95,9582566.0,171441674.16,0.8046,1.9886,8.359896,0.702243,9.168235,-399.005794
sz.000623,吉林敖东,2026-04-02,17.94,17.94,17.62,17.71,7510272.0,133560817.06,0.6306,-1.337,8.24812,0.692853,9.045652,-393.670898
sz.000625,长安汽车,2026-04-01,10.1,10.11,9.99,10.03,43206620.0,432834031.56,0.5226,0.3,14.628591,1.288974,0.607368,-6.793235
sz.000625,长安汽车,2026-04-02,10.03,10.09,9.96,9.98,43593890.0,436390444.95,0.5273,-0.4985,14.555667,1.282548,0.60434,-6.759371
sz.000626,远大控股,2026-04-01,8.18,8.34,8.07,8.26,10461900.0,85795101.0,2.0769,2.3544,-21.626101,1.761287,0.049259,-20.385475
sz.000626,远大控股,2026-04-02,8.23,8.35,8.01,8.09,9831300.0,80167107.0,1.9518,-2.0581,-21.181012,1.725038,0.048245,-19.965919
sz.000628,高新发展,2026-04-01,51.67,51.93,51.23,51.5,5192276.0,267942582.26,2.701,1.4578,158.088035,8.275857,3.627158,350.707287
sz.000628,高新发展,2026-04-02,51.51,51.75,49.66,50.04,4919948.0,248302384.84,2.5593,-2.835,153.606316,8.04124,3.524329,340.764905
sz.000629,钒钛股份,2026-04-01,3.4,3.42,3.36,3.39,91833692.0,310937886.6,0.9885,1.8018,-337.525639,2.564353,3.542808,-289.242132
sz.000629,钒钛股份,2026-04-02,3.37,3.38,3.27,3.29,94258348.0,313035659.15,1.0146,-2.9499,-327.569131,2.488709,3.4383,-280.709916
sz.000630,铜陵有色,2026-04-01,6.01,6.07,5.89,5.98,257598373.0,1538160651.39,2.3117,2.926,43.364089,2.219955,0.497706,-35.88942
sz.000630,铜陵有色,2026-04-02,5.97,5.97,5.78,5.83,192307289.0,1128622422.21,1.7258,-2.5084,42.276361,2.16427,0.485222,-34.989184
sz.000631,顺发恒能,2026-04-01,4.54,4.54,3.84,3.95,212648329.0,872022177.36,9.2456,-7.4941,154.042753,1.54951,18.430154,21.310877
sz.000631,顺发恒能,2026-04-02,3.67,3.81,3.56,3.56,120922210.0,441542218.92,5.2575,-9.8734,138.833469,1.39652,16.610467,19.206765
sz.000632,三木集团,2026-04-01,5.06,5.08,4.71,4.74,38570701.0,185563728.72,8.2862,-5.2,-3.824637,2.506079,0.390048,-27.397058
sz.000632,三木集团,2026-04-02,4.8,5.21,4.79,4.89,83481669.0,413121381.73,17.9345,3.1646,-3.945669,2.585386,0.402391,-28.264054
sz.000633,合金投资,2026-04-01,6.85,6.88,6.67,6.74,7897300.0,53126139.0,2.0507,0.7474,165.238731,13.210151,7.24319,-615.208041
sz.000633,合金投资,2026-04-02,6.74,6.77,6.52,6.61,9363676.0,61999515.84,2.4315,-1.9288,162.051634,12.955355,7.103484,-603.34201
sz.000635,英力特,2026-04-01,8.73,8.75,8.47,8.57,5036101.0,43224256.51,1.3729,0.2339,-6.864321,2.188611,1.92995,8.052419
sz.000635,英力特,2026-04-02,8.55,8.59,8.35,8.45,4348300.0,36819914.0,1.1854,-1.4002,-6.768204,2.157965,1.902927,7.939667
sz.000636,风华高科,2026-04-01,19.39,19.61,19.23,19.52,36039393.0,700466076.86,3.1149,3.1167,75.196491,1.807372,4.124916,-106.714976
sz.000636,风华高科,2026-04-02,19.39,19.4,18.41,18.62,38507910.0,725162636.54,3.3282,-4.6107,71.72944,1.724041,3.93473,-101.794715
sz.000637,茂化实华,2026-04-01,4.66,4.67,4.56,4.6,12304153.0,56678980.27,3.3748,0.2179,-38.198541,4.310181,0.745908,38.920445
sz.000637,茂化实华,2026-04-02,4.59,4.67,4.52,4.6,14783853.0,68081294.86,4.055,0.0,-38.198541,4.310181,0.745908,38.920445
sz.000638,*ST万方,2026-04-01,1.27,1.34,1.27,1.27,20033300.0,25548246.0,6.4593,-5.2239,-35.194272,2.834993,0.864224,-11.183002
sz.000638,*ST万方,2026-04-02,1.21,1.23,1.21,1.21,5091028.0,6162607.88,1.6415,-4.7244,-33.531551,2.701056,0.823395,-10.654672
sz.000639,西王食品,2026-04-01,2.75,2.79,2.47,2.5,160929839.0,409681008.84,14.9088,-7.0632,-5.354973,0.929225,0.578387,-22.919802
sz.000639,西王食品,2026-04-02,2.5,2.54,2.38,2.4,99386299.0,241580845.57,9.2073,-4.0,-5.140774,0.892056,0.555252,-22.00301
sz.000650,仁和药业,2026-04-01,5.79,5.87,5.74,5.86,20276200.0,117874768.62,1.5229,2.0906,18.419859,1.291543,2.18315,13.465916
sz.000650,仁和药业,2026-04-02,5.87,5.93,5.85,5.89,23662225.0,139466437.75,1.7773,0.5119,18.514158,1.298155,2.194327,13.534855
sz.000651,格力电器,2026-04-01,38.07,38.13,37.83,38.02,19276933.0,732243270.05,0.3495,0.5288,6.721331,1.474582,1.181333,-54.914475
sz.000651,格力电器,2026-04-02,38.0,38.01,37.7,37.85,19646235.0,743233958.11,0.3562,-0.4471,6.691278,1.467989,1.176051,-54.668934
sz.000652,泰达股份,2026-04-01,4.02,4.06,3.96,3.99,10147080.0,40496990.4,0.6882,0.0,126.06742,1.028333,0.314173,14.534352
sz.000652,泰达股份,2026-04-02,4.0,4.04,3.92,3.94,9998800.0,39660716.0,0.6781,-1.2531,124.487628,1.015447,0.310236,14.352217
sz.000655,金岭矿业,2026-04-01,8.92,9.01,8.83,8.9,8766201.0,78014521.85,1.4725,1.4823,19.764283,1.515521,3.18503,-2.819841
sz.000655,金岭矿业,2026-04-02,8.9,8.9,8.65,8.74,6057300.0,53017615.0,1.0175,-1.7978,19.40897,1.488276,3.127771,-2.769148
sz.000656,*ST金科,2026-04-01,1.38,1.39,1.36,1.37,63509100.0,87285292.0,0.8345,0.7353,-0.38938,-0.394979,1.246586,11.552516
sz.000656,*ST金科,2026-04-02,1.37,1.38,1.35,1.36,52913293.0,72188850.01,0.6953,-0.7299,-0.386538,-0.392096,1.237487,11.468191
sz.000657,中钨高新,2026-04-01,48.73,49.33,48.03,48.87,47849472.0,2331829789.39,3.2933,2.4314,104.063906,11.278307,6.852919,94.309327
sz.000657,中钨高新,2026-04-02,48.0,48.16,45.55,46.17,54132034.0,2524955532.3,3.7257,-5.5249,98.314519,10.655196,6.474305,89.098867
sz.000659,珠海中富,2026-04-01,4.58,4.59,4.46,4.57,31904810.0,144560149.0,2.4815,0.883,-39.838869,34.562222,5.899226,152.125061
sz.000659,珠海中富,2026-04-02,4.57,4.57,4.57,4.57,,,,,-39.838869,34.562222,5.899226,152.125061
sz.000661,长春高新,2026-04-01,87.1,88.25,86.03,88.18,5940040.0,519682659.38,1.4864,2.6901,37.507769,1.563506,2.791919,-11.068001
sz.000661,长春高新,2026-04-02,88.05,88.18,86.73,86.85,4759127.0,415213951.71,1.1909,-1.5083,36.942047,1.539924,2.74981,-10.901064
sz.000663,永安林业,2026-04-01,7.07,7.12,6.72,6.79,9393400.0,64165888.0,3.0667,-2.8612,-34.798416,2.282394,7.189727,38.263807
sz.000663,永安林业,2026-04-02,6.8,6.87,6.67,6.71,6861902.0,46362865.39,2.2402,-1.1782,-34.38842,2.255502,7.105017,37.812982
sz.000665,湖北广电,2026-04-01,5.01,5.04,4.94,4.96,10723539.0,53379628.83,0.943,0.813,-6.773471,1.405139,3.980609,38.596622
sz.000665,湖北广电,2026-04-02,4.95,4.96,4.8,4.82,13731400.0,66652416.0,1.2076,-2.8226,-6.582285,1.365478,3.868253,37.507201
sz.000668,*ST荣控,2026-04-01,14.7,15.06,14.49,14.82,1659600.0,24565106.0,1.1302,0.8163,-6.030766,3.080822,7.78006,-15611.223927
sz.000668,*ST荣控,2026-04-02,14.65,14.89,14.2,14.4,1638900.0,23738859.0,1.1161,-2.834,-5.859854,2.993512,7.559573,-15168.800577
sz.000669,ST金鸿,2026-04-01,5.11,5.22,5.01,5.03,24031800.0,122236697.0,3.532,-1.9493,-20.977288,-308.301993,2.70448,83.428001
sz.000669,ST金鸿,2026-04-02,5.01,5.06,4.82,4.83,25851746.0,127455165.34,3.7994,-3.9761,-20.143201,-296.043465,2.596946,80.110784
sz.000670,盈方微,2026-04-01,8.98,9.03,8.57,8.64,79658900.0,697239835.9,9.6925,-1.3699,-88.625864,161.440116,1.537151,72.371167
sz.000670,盈方微,2026-04-02,8.52,8.55,7.78,7.8,102821660.0,831793144.55,12.5108,-9.7222,-80.009461,145.744549,1.387706,65.335081
sz.000672,上峰水泥,2026-04-01,13.14,13.23,12.94,13.1,11722618.0,153138732.94,1.2093,1.6292,16.908897,1.431379,2.427533,-12.415062
sz.000672,上峰水泥,2026-04-02,13.0,13.09,12.88,12.95,7632300.0,98850296.76,0.7873,-1.145,16.715284,1.414989,2.399736,-12.272905
sz.000676,智度股份,2026-04-01,7.72,7.75,7.62,7.67,11048086.0,84660284.3,0.8775,0.9211,54.678794,2.262233,2.342179,-77.26719
sz.000676,智度股份,2026-04-02,7.65,7.65,7.48,7.57,13065691.0,98776069.38,1.0378,-1.3038,53.965903,2.232739,2.311642,-76.259795
sz.000677,恒天海龙,2026-04-01,5.08,5.17,4.98,5.08,85898901.0,434150124.02,9.9423,-1.7408,595.210626,8.642873,4.131504,-455.844178
sz.000677,恒天海龙,2026-04-02,5.02,5.25,4.89,4.91,82543927.0,415541398.33,9.5539,-3.3465,575.29216,8.353643,3.993245,-440.58955
sz.000678,襄阳轴承,2026-04-01,12.8,13.4,12.55,12.97,48348148.0,622457462.23,10.5193,2.6108,-139.368702,7.476083,3.873294,-413.444649
sz.000678,襄阳轴承,2026-04-02,12.69,13.12,12.58,13.06,28968754.0,373364380.45,6.3029,0.6939,-140.335794,7.527961,3.900171,-416.313578
sz.000679,大连友谊,2026-04-01,6.8,6.87,6.58,6.66,4874600.0,32452867.0,1.3677,-0.8929,-25.414193,12.024409,4.689028,-79.718176
sz.000679,大连友谊,2026-04-02,6.66,6.66,6.43,6.48,4402000.0,28730453.0,1.2351,-2.7027,-24.727323,11.699425,4.562297,-77.56363
sz.000680,山推股份,2026-04-01,11.99,12.16,11.58,11.68,25570725.0,299626943.25,1.945,0.5164,14.469054,2.83845,1.198458,-103.100792
sz.000680,山推股份,2026-04-02,11.65,11.66,11.13,11.23,27812870.0,313484290.1,2.1156,-3.8527,13.911599,2.729092,1.152285,-99.128587
sz.000681,视觉中国,2026-04-01,20.5,20.56,20.16,20.53,22388485.0,456355460.21,3.3112,2.292,173.230037,3.980374,18.475795,-218.659328
sz.000681,视觉中国,2026-04-02,20.41,20.41,19.78,19.87,20374595.0,407806700.65,3.0134,-3.2148,167.661025,3.852413,17.881834,-211.629851
sz.000682,东方电子,2026-04-01,12.34,12.38,12.23,12.33,11051774.0,135971777.64,0.8244,1.9851,21.816509,3.004951,2.046278,71.585714
sz.000682,东方电子,2026-04-02,12.34,12.45,11.97,12.04,14394181.0,174917858.98,1.0737,-2.352,21.303388,2.934274,1.998149,69.902027
sz.000683,博源化工,2026-04-01,8.51,8.64,8.42,8.5,21789180.0,185836000.0,0.6506,1.0702,29.564515,2.173403,2.735832,37.06644
sz.000683,博源化工,2026-04-02,8.5,8.51,8.24,8.28,32644340.0,272484625.8,0.9747,-2.5882,28.799316,2.117151,2.665022,36.107073
sz.000685,中山公用,2026-04-01,11.27,11.36,11.02,11.12,16865620.0,187914802.4,1.345,0.09,11.847125,0.912476,3.015288,184.250754
sz.000685,中山公用,2026-04-02,11.11,11.12,10.77,10.87,13345229.0,145521082.13,1.0642,-2.2482,11.580778,0.891962,2.947499,180.108426
sz.000686,东北证券,2026-04-01,8.15,8.17,8.1,8.14,11007053.0,89561710.6,0.4703,0.9926,12.98969,0.955639,2.511721,2.712324
sz.000686,东北证券,2026-04-02,8.13,8.13,8.01,8.05,10488256.0,84652052.04,0.4481,-1.1057,12.846069,0.945073,2.48395,2.682335
sz.000688,国城矿业,2026-04-01,38.85,40.25,36.8,39.05,30284383.0,1182716367.92,2.5555,0.4631,42.989007,17.787044,9.629047,74.879043
sz.000688,国城矿业,2026-04-02,39.24,40.93,38.04,39.69,30280243.0,1201964951.54,2.5552,1.6389,43.693565,18.07856,9.78686,76.106254
sz.000690,宝新能源,2026-04-01,5.02,5.05,4.86,4.9,121188036.0,597213829.23,5.5732,-0.6085,11.411739,0.849348,1.246753,32.003101
sz.000690,宝新能源,2026-04-02,4.88,4.93,4.73,4.76,123732267.0,595281853.18,5.6902,-2.8571,11.085689,0.825081,1.211131,31.088727
sz.000691,*ST亚太,2026-04-01,8.07,8.1,7.84,7.93,6129020.0,48701768.2,1.8959,-0.3769,-107.401089,8.523185,7.380615,50.06903
sz.000691,*ST亚太,2026-04-02,7.93,8.06,7.75,7.82,5163900.0,40782351.0,1.5974,-1.3871,-105.911289,8.404957,7.278235,49.374504
sz.000692,惠天热电,2026-04-01,4.75,4.85,4.47,4.47,64404100.0,293522996.6,12.0871,-10.0604,-12.39168,-18.445963,1.137537,48.601161
sz.000692,惠天热电,2026-04-02,4.38,4.8,4.15,4.26,59536076.0,256756731.4,11.1735,-4.698,-11.809521,-17.579375,1.084096,46.317885
sz.000695,滨海能源,2026-04-01,13.71,13.76,12.74,13.01,27734700.0,361939342.0,12.5037,-1.9593,-37.98433,27.850407,6.02042,-373.832337
sz.000695,滨海能源,2026-04-02,13.0,13.87,12.76,12.87,29401605.0,388293839.2,13.2552,-1.0761,-37.575583,27.55071,5.955634,-369.809545
sz.000697,ST炼石,2026-04-01,9.39,9.49,9.28,9.38,4828301.0,45234302.29,0.7393,0.3209,-25.27968,3.91631,6.988294,10.482808
sz.000697,ST炼石,2026-04-02,9.38,9.46,9.24,9.35,4181700.0,38981532.0,0.6403,-0.3198,-25.198828,3.903784,6.965944,10.449281
sz.000698,ST沈化,2026-04-01,3.87,3.88,3.83,3.85,5083210.0,19585960.3,0.647,0.5222,-289.135813,2.288009,0.562338,10.743325
sz.000698,ST沈化,2026-04-02,3.86,3.86,3.79,3.81,4727658.0,18068044.82,0.6017,-1.039,-286.131804,2.264237,0.556496,10.631706
sz.000700,模塑科技,2026-04-01,11.99,12.32,11.88,12.13,34203326.0,412667283.64,3.7258,3.8527,24.087057,2.771971,1.59206,-73.71363
sz.000700,模塑科技,2026-04-02,12.06,12.29,11.85,11.98,23048872.0,277015090.15,2.5107,-1.2366,23.789195,2.737692,1.572372,-72.802084
sz.000701,厦门信达,2026-04-01,6.04,6.09,5.92,5.98,16562314.0,99130751.31,2.4803,0.6734,-6.035341,-7.896105,0.109732,-6.368487
sz.000701,厦门信达,2026-04-02,5.96,6.04,5.84,5.88,10091000.0,59752354.0,1.5112,-1.6722,-5.934416,-7.764063,0.107897,-6.26199
sz.000702,正虹科技,2026-04-01,6.85,6.9,6.63,6.69,6794800.0,45580523.0,2.5484,-0.1493,-43.35328,6.58719,2.046556,-14.91505
sz.000702,正虹科技,2026-04-02,6.75,6.8,6.49,6.58,7697500.0,51050933.0,2.8869,-1.6442,-42.640445,6.47888,2.012906,-14.66981
sz.000703,恒逸石化,2026-04-01,12.3,12.87,12.25,12.68,29818666.0,374905155.53,0.8321,4.0197,195.120135,1.96065,0.398845,-24.648185
sz.000703,恒逸石化,2026-04-02,12.62,13.2,12.54,12.73,32157667.0,410966223.23,0.8458,0.3943,207.768192,2.087743,0.424699,-26.245927
sz.000705,浙江震元,2026-04-01,8.93,9.13,8.78,9.07,10697900.0,96221998.56,3.7941,3.0682,64.177918,1.502129,1.135573,-123.696162
sz.000705,浙江震元,2026-04-02,9.1,9.17,9.03,9.07,12583789.0,114438670.58,4.463,0.0,64.177918,1.502129,1.135573,-123.696162
sz.000707,双环科技,2026-04-01,6.11,6.14,6.01,6.1,10885701.0,66236615.08,1.9767,1.4975,-41.966379,1.252631,1.485602,-12.495046
sz.000707,双环科技,2026-04-02,6.09,6.12,5.97,6.01,9164700.0,55336987.0,1.6642,-1.4754,-41.347203,1.23415,1.463683,-12.310693
sz.000708,中信特钢,2026-04-01,16.44,16.82,16.38,16.55,14416610.0,239491428.41,0.2856,1.2852,14.089247,1.938161,0.777943,30.494894
sz.000708,中信特钢,2026-04-02,16.47,16.66,16.3,16.36,9682040.0,159152344.58,0.1918,-1.148,13.927497,1.91591,0.769012,30.144801
sz.000709,河钢股份,2026-04-01,2.37,2.39,2.34,2.35,104319169.0,245985033.99,1.0093,0.8584,25.259455,0.470371,0.188586,-8.434286
sz.000709,河钢股份,2026-04-02,2.35,2.36,2.3,2.31,81250039.0,189016272.72,0.7861,-1.7021,24.829507,0.462364,0.185376,-8.290724
sz.000710,贝瑞基因,2026-04-01,10.55,10.73,10.31,10.72,8683200.0,92031591.0,2.635,3.876,-14.839783,2.339897,4.02669,38.277429
sz.000710,贝瑞基因,2026-04-02,10.71,11.41,10.5,10.81,22337464.0,243013443.96,6.7786,0.8396,-14.964371,2.359542,4.060497,38.598788
sz.000711,ST京蓝,2026-04-01,3.62,3.88,3.52,3.74,218735580.0,799457943.57,9.3243,0.8086,-73.054422,18.827542,17.353223,-865.184568
sz.000711,ST京蓝,2026-04-02,3.61,3.93,3.59,3.93,155087739.0,589600452.27,6.6111,5.0802,-76.765743,19.784021,18.234804,-909.137795
sz.000712,锦龙股份,2026-04-01,10.35,10.36,10.22,10.33,7608112.0,78409780.1,0.8494,1.3739,58.247211,3.649123,11.355589,5.649741
sz.000712,锦龙股份,2026-04-02,10.28,10.28,10.08,10.12,8797500.0,89490169.0,0.9822,-2.0329,57.063095,3.57494,11.124739,5.534887
sz.000713,国投丰乐,2026-04-01,6.57,6.62,6.47,6.51,7893177.0,51445427.69,1.2855,-0.1534,103.557005,2.726588,1.902642,18.390131
sz.000713,国投丰乐,2026-04-02,6.54,6.6,6.46,6.49,7770105.0,50701480.24,1.2655,-0.3072,103.238858,2.718211,1.896796,18.333632
sz.000715,中兴商业,2026-04-01,5.91,5.95,5.78,5.86,8183139.0,47832156.52,1.6826,0.3425,27.726283,1.572337,4.244715,8.640444
sz.000715,中兴商业,2026-04-02,5.85,5.9,5.78,5.85,7448820.0,43516792.92,1.5316,-0.1706,27.678969,1.569654,4.237472,8.625699
sz.000716,黑芝麻,2026-04-01,5.32,5.33,5.24,5.29,6690178.0,35292128.0,0.9056,0.5703,93.04527,1.562486,1.698369,54.026403
sz.000716,黑芝麻,2026-04-02,5.29,5.3,5.18,5.23,6787688.0,35513994.51,0.9188,-1.1342,91.989936,1.544764,1.679106,53.413627
sz.000717,中南股份,2026-04-01,2.52,2.54,2.48,2.49,26206200.0,65472870.0,1.0813,0.0,-14.360127,0.769611,0.214666,15.165326
sz.000717,中南股份,2026-04-02,2.49,2.49,2.42,2.43,26360748.0,64557871.12,1.0877,-2.4096,-14.0141,0.751067,0.209493,14.799896
sz.000718,苏宁环球,2026-04-01,2.14,2.16,2.09,2.11,35379000.0,74831206.0,1.5503,0.0,-72.240782,0.685176,4.14463,82.694128
sz.000718,苏宁环球,2026-04-02,2.1,2.11,2.04,2.06,32977213.0,68283615.52,1.445,-2.3697,-70.528915,0.668939,4.046416,80.734552
sz.000719,中原传媒,2026-04-01,13.4,13.53,12.98,13.19,11038677.0,145451486.74,1.6546,-0.9016,10.003575,1.160058,1.44322,-70.219248
sz.000719,中原传媒,2026-04-02,13.13,13.28,13.07,13.14,5486348.0,72220995.76,0.8224,-0.3791,9.965654,1.15566,1.437749,-69.953065
sz.000720,新能泰山,2026-04-01,5.3,5.39,4.91,4.91,218104415.0,1094368949.3,17.3577,-10.0733,-66.193217,2.616717,4.409287,148.512401
sz.000720,新能泰山,2026-04-02,4.87,5.4,4.66,5.4,257824889.0,1370324228.84,20.5188,9.9796,-72.799058,2.877856,4.849318,163.333394
sz.000721,西安饮食,2026-04-01,7.95,7.97,7.75,7.91,8558600.0,67191260.0,1.6704,0.8929,-36.581022,20.854979,7.754759,-173.159885
sz.000721,西安饮食,2026-04-02,7.88,7.91,7.67,7.71,8052803.0,62562927.4,1.5717,-2.5284,-35.656091,20.327673,7.558684,-168.781633
sz.000722,湖南发展,2026-04-01,14.38,14.55,13.91,14.03,52646363.0,743047535.56,11.3423,-3.9699,92.477935,2.06925,17.485953,437.03567
sz.000722,湖南发展,2026-04-02,13.9,14.25,13.47,13.67,43888564.0,606739281.04,9.4555,-2.5659,90.105016,2.016155,17.037276,425.82164
sz.000723,美锦能源,2026-04-01,4.75,4.82,4.68,4.76,82672868.0,391795743.81,1.8809,1.0616,-17.113194,1.580335,1.18855,-29.891194
sz.000723,美锦能源,2026-04-02,4.72,4.77,4.62,4.63,77461853.0,362770983.73,1.7625,-2.7311,-16.645834,1.537176,1.156091,-29.074867
sz.000725,京东方A,2026-04-01,4.01,4.06,3.97,4.01,583140390.0,2340737070.46,1.6046,2.5575,25.362574,1.10462,0.726075,-39.153782
sz.000725,京东方A,2026-04-02,4.01,4.01,3.93,3.95,390394485.0,1548237927.62,1.0742,-1.4963,24.983085,1.088092,0.715211,-38.56794
sz.000726,鲁泰A,2026-04-01,7.08,7.12,7.05,7.1,6785800.0,48092307.0,1.1519,1.1396,9.282531,0.599357,0.968864,-24.086508
sz.000726,鲁泰A,2026-04-02,7.08,7.1,6.93,6.98,5725850.0,40178143.5,0.9716,-1.6901,9.127831,0.589368,0.952717,-23.685089
sz.000727,冠捷科技,2026-04-01,2.67,2.77,2.62,2.65,113790702.0,305351663.36,2.5122,1.9231,-20.411076,5.1878,0.226226,-19.325595
sz.000727,冠捷科技,2026-04-02,2.64,2.68,2.55,2.56,113670200.0,294347751.0,2.5095,-3.3962,-19.717869,5.01161,0.218543,-18.669254
sz.000728,国元证券,2026-04-01,7.75,7.8,7.69,7.73,19498101.0,150847691.18,0.4468,0.7823,12.54329,0.898341,3.798775,3.221821
sz.000728,国元证券,2026-04-02,7.73,7.73,7.6,7.64,19674995.0,150568479.9,0.4509,-1.1643,12.397249,0.887882,3.754546,3.18431
sz.000729,燕京啤酒,2026-04-01,13.26,13.28,12.86,12.92,22412967.0,290912288.97,0.8931,-1.374,23.676489,2.296937,2.387323,42.851252
sz.000729,燕京啤酒,2026-04-02,12.89,13.0,12.74,12.93,23048934.0,296458081.98,0.9184,0.0774,23.694815,2.298714,2.389171,42.884419
sz.000731,四川美丰,2026-04-01,7.38,7.45,7.22,7.28,18838432.0,137510333.92,3.4325,0.6916,53.225292,0.990713,0.907471,979.191456
sz.000731,四川美丰,2026-04-02,7.32,7.4,7.19,7.27,17296408.0,126072154.68,3.1515,-0.1374,53.152181,0.989352,0.906224,977.846413
sz.000733,振华科技,2026-04-01,46.11,46.28,45.65,45.99,8117589.0,373550317.79,1.465,1.3219,26.860864,1.666622,4.714717,33.969511
sz.000733,振华科技,2026-04-02,45.86,45.89,44.62,44.88,8377891.0,378315346.81,1.512,-2.4136,26.212559,1.626397,4.600924,33.149634
sz.000735,罗牛山,2026-04-01,6.75,6.78,6.68,6.72,11212138.0,75325307.74,0.9742,0.5988,-94.270398,1.833314,3.247044,-21.252696
sz.000735,罗牛山,2026-04-02,6.71,6.83,6.69,6.74,23345173.0,157829025.3,2.0284,0.2976,-94.550964,1.83877,3.256708,-21.315948
sz.000736,*ST中地,2026-04-01,5.16,5.17,5.02,5.06,4592687.0,23257997.79,0.6147,0.5964,-0.706555,3.030064,0.186003,-0.653381
sz.000736,*ST中地,2026-04-02,5.04,5.06,4.85,4.95,5679010.0,28095873.1,0.7601,-2.1739,-0.691195,2.964193,0.181959,-0.639177
sz.000737,北方铜业,2026-04-01,13.69,13.78,13.43,13.58,36096030.0,489928721.74,1.8953,2.1821,34.245208,3.885095,1.000613,-183.578579
sz.000737,北方铜业,2026-04-02,13.46,13.5,13.06,13.16,27722910.0,367971048.54,1.4556,-3.0928,33.186078,3.764937,0.969666,-177.900891
sz.000738,航发控制,2026-04-01,22.1,22.16,21.4,21.59,17997200.0,389569929.03,1.3684,-0.5527,84.906618,2.27824,5.490493,64.400167
sz.000738,航发控制,2026-04-02,21.5,22.03,21.2,21.39,19509299.0,421306401.28,1.4834,-0.9264,84.120082,2.257136,5.439631,63.803593
sz.000739,普洛药业,2026-04-01,18.05,18.54,17.88,18.41,9879482.0,180808319.36,0.8531,3.2529,23.94462,3.364706,2.179867,109.455675
sz.000739,普洛药业,2026-04-02,18.61,18.7,18.19,18.43,12338926.0,227566640.47,1.0655,0.1086,23.970633,3.368362,2.182235,109.574584
sz.000750,国海证券,2026-04-01,3.88,3.89,3.83,3.84,42520075.0,163855072.0,0.7336,0.2611,31.880066,1.087154,7.098354,5.325979
sz.000750,国海证券,2026-04-02,3.84,3.85,3.76,3.78,41492944.0,157624673.05,0.7159,-1.5625,31.38194,1.070167,6.987442,5.24276
sz.000751,锌业股份,2026-04-01,5.4,5.44,5.29,5.34,32766710.0,175080309.8,2.3241,1.3283,126.029205,2.39345,0.484463,23.85263
sz.000751,锌业股份,2026-04-02,5.35,5.36,5.15,5.2,35031300.0,183413854.57,2.4847,-2.6217,122.725069,2.330701,0.471762,23.22728
sz.000752,ST西发,2026-04-01,10.66,10.79,10.18,10.18,12938210.0,133885401.34,4.9053,-5.0373,18.251888,4.367967,6.005065,6.426301
sz.000752,ST西发,2026-04-02,9.67,9.67,9.67,9.67,1700200.0,16440934.0,0.6446,-5.0098,17.337501,4.14914,5.704222,6.104354
sz.000753,漳州发展,2026-04-01,7.36,7.41,7.01,7.07,72488246.0,515429977.26,7.3111,-3.9402,124.725088,2.557788,2.274003,58.876809
sz.000753,漳州发展,2026-04-02,7.03,7.36,7.01,7.32,76618219.0,555196246.92,7.7277,3.5361,129.135452,2.648234,2.354413,60.958733
sz.000755,山西高速,2026-04-01,5.25,5.3,5.19,5.21,4816952.0,25199723.04,0.3283,-0.1916,16.118472,1.404181,4.81144,131.294065
sz.000755,山西高速,2026-04-02,5.2,5.24,5.16,5.17,4969600.0,25805502.0,0.3387,-0.7678,15.994722,1.3934,4.7745,130.286049
sz.000756,新华制药,2026-04-01,15.0,15.14,14.75,15.14,7662295.0,115030851.73,1.5358,1.7473,36.385625,2.025012,1.204811,72.080269
sz.000756,新华制药,2026-04-02,15.1,15.3,15.03,15.13,7849261.0,118979520.37,1.5733,-0.0661,36.361592,2.023674,1.204015,72.03266
sz.000757,浩物股份,2026-04-01,4.88,4.9,4.73,4.78,9000100.0,43265649.0,1.6895,-0.2088,54.571376,1.599343,0.808827,-49.150097
sz.000757,浩物股份,2026-04-02,4.81,4.81,4.65,4.7,11082750.0,52291012.5,2.0805,-1.6736,53.658048,1.572576,0.79529,-48.327501
sz.000758,中色股份,2026-04-01,6.75,6.8,6.58,6.65,33689809.0,224132448.55,1.7048,1.5267,24.219057,2.220856,1.486686,30.325775
sz.000758,中色股份,2026-04-02,6.63,6.63,6.44,6.5,31796343.0,207497150.1,1.609,-2.2556,23.672762,2.170762,1.453152,29.641735
sz.000759,中百集团,2026-04-01,5.71,5.73,5.56,5.63,13350002.0,74972284.45,2.036,-0.1773,-4.80401,3.076927,0.423706,-6.878373
sz.000759,中百集团,2026-04-02,5.61,5.63,5.52,5.55,10716301.0,59688304.52,1.6343,-1.421,-4.735747,3.033205,0.417686,-6.780634
sz.000761,本钢板材,2026-04-01,3.28,3.32,3.26,3.27,10550900.0,34709164.0,0.2845,0.6154,-3.308485,1.544353,0.290447,-14.886368
sz.000761,本钢板材,2026-04-02,3.26,3.26,3.08,3.1,22413500.0,70536934.0,0.6044,-5.1988,-3.136484,1.464066,0.275348,-14.112459
sz.000762,西藏矿业,2026-04-01,29.44,29.5,28.3,28.42,25724031.0,737707795.34,4.9393,-2.135,-310.361556,5.026879,62.227401,-58.350832
sz.000762,西藏矿业,2026-04-02,28.31,31.26,27.88,31.26,64691224.0,1982438829.52,12.4215,9.993,-341.37587,5.529213,68.445762,-64.181808
sz.000766,通化金马,2026-04-01,19.62,20.01,19.31,19.83,19739028.0,389663173.24,2.0434,2.4277,333.447735,8.328493,15.378982,379.32873
sz.000766,通化金马,2026-04-02,19.87,20.16,19.63,19.77,19121603.0,379427768.01,1.9794,-0.3026,332.438816,8.303293,15.33245,378.180988
sz.000767,晋控电力,2026-04-01,4.19,4.25,3.86,3.9,410957745.0,1632568455.91,14.1114,-7.8014,18.360632,1.913118,0.75104,1041.03825
sz.000767,晋控电力,2026-04-02,3.88,3.98,3.71,3.74,286479709.0,1092163439.82,9.8371,-4.1026,17.607375,1.834631,0.720228,998.328989
sz.000768,中航西飞,2026-04-01,24.98,25.06,24.58,24.71,19712148.0,487425787.52,0.7099,0.2028,59.694042,3.094433,1.67559,-9.470168
sz.000768,中航西飞,2026-04-02,24.69,24.88,24.28,24.37,17401665.0,426332736.64,0.6267,-1.376,58.872675,3.051855,1.652535,-9.339862
sz.000776,广发证券,2026-04-01,18.31,18.58,18.17,18.43,41220758.0,758698271.12,0.6982,2.6169,10.525227,1.113507,4.063133,6.343498
sz.000776,广发证券,2026-04-02,18.34,18.34,17.82,17.99,45484400.0,820965572.43,0.7704,-2.3874,10.273946,1.086923,3.966129,6.192052
sz.000777,中核科技,2026-04-01,22.6,22.72,22.4,22.65,6914169.0,156053961.52,1.8033,1.7063,38.564783,3.796048,4.568646,-1112.89697
sz.000777,中核科技,2026-04-02,22.5,22.73,21.71,21.81,8802743.0,194535568.41,2.2959,-3.7086,37.134566,3.655267,4.399212,-1071.62397
sz.000778,新兴铸管,2026-04-01,4.68,4.75,4.62,4.66,52689697.0,246282095.24,1.3532,0.8658,48.169123,0.705315,0.508816,18.317656
sz.000778,新兴铸管,2026-04-02,4.65,4.7,4.6,4.62,44668500.0,207339188.0,1.1472,-0.8584,47.755654,0.699261,0.504449,18.160423
sz.000779,甘咨询,2026-04-01,8.95,9.1,8.88,8.93,6323300.0,56775727.01,1.3605,1.4773,21.362763,1.053742,2.05338,20.606999
sz.000779,甘咨询,2026-04-02,8.93,8.96,8.7,8.78,5887502.0,51935625.58,1.2667,-1.6797,21.003926,1.036042,2.018888,20.260857
sz.000782,恒申新材,2026-04-01,5.56,5.6,5.4,5.46,12683000.0,69549532.0,2.4014,-0.1828,-32.918314,2.180439,1.4155,120.089357
sz.000782,恒申新材,2026-04-02,5.48,5.48,5.36,5.39,8893900.0,48106914.0,1.684,-1.2821,-32.496284,2.152484,1.397353,118.54975
sz.000783,长江证券,2026-04-01,6.97,7.0,6.93,6.99,38557070.0,268965093.54,0.6972,1.895,10.243428,1.08613,3.689253,2.794429
sz.000783,长江证券,2026-04-02,6.97,6.97,6.86,6.91,35466300.0,245113326.0,0.6413,-1.1445,10.126192,1.073699,3.64703,2.762447
sz.000785,居然智家,2026-04-01,2.49,2.51,2.44,2.46,43703709.0,107988580.05,0.741,0.4082,-15.337854,0.743019,1.349913,-12.841157
sz.000785,居然智家,2026-04-02,2.46,2.46,2.4,2.41,49419202.0,119698287.81,0.838,-2.0325,-15.026109,0.727917,1.322476,-12.580158
sz.000786,北新建材,2026-04-01,26.46,26.64,25.94,26.04,10451550.0,273689661.78,0.6186,-0.1534,15.251351,1.631732,1.753393,58.175529
sz.000786,北新建材,2026-04-02,25.95,26.36,25.74,26.17,9335256.0,243740298.59,0.5525,0.4992,15.327491,1.639878,1.762146,58.46596
sz.000788,北大医药,2026-04-01,6.0,6.56,6.0,6.56,66242269.0,422455424.26,11.1147,10.0671,27.224599,2.420888,2.225356,13.393871
sz.000788,北大医药,2026-04-02,7.15,7.22,6.92,7.22,137907307.0,989816773.82,23.1393,10.061,29.963659,2.664453,2.449248,14.741425
sz.000789,万年青,2026-04-01,5.37,5.4,5.28,5.31,9924746.0,52872046.4,1.2446,0.1887,145.92326,0.653854,0.92946,-24.248098
sz.000789,万年青,2026-04-02,5.31,5.37,5.26,5.29,8047746.0,42715354.63,1.0092,-0.3766,145.373814,0.651392,0.92596,-24.156797
sz.000790,华神科技,2026-04-01,4.18,4.23,4.1,4.21,20652852.0,86330279.43,3.3171,1.937,-8.195134,3.668782,4.813701,-121.783054
sz.000790,华神科技,2026-04-02,4.19,4.3,4.18,4.24,22914822.0,97082930.98,3.6804,0.7126,-8.253532,3.694926,4.848003,-122.650867
sz.000791,甘肃能源,2026-04-01,7.78,7.84,7.4,7.47,75074308.0,564542395.1,3.8785,-2.4804,11.811851,1.610062,2.672965,26.70352
sz.000791,甘肃能源,2026-04-02,7.47,7.54,7.2,7.27,56396157.0,413891148.7,2.9136,-2.6774,11.495604,1.566955,2.601399,25.988566
sz.000792,盐湖股份,2026-04-01,37.15,37.45,36.17,36.23,92038631.0,3360230556.1,1.7394,-2.0811,22.619654,4.264174,12.367632,31.896998
sz.000792,盐湖股份,2026-04-02,36.1,37.38,35.61,36.68,86665267.0,3176135775.14,1.6378,1.2421,22.900604,4.317138,12.521246,32.29318
sz.000793,*ST华闻,2026-04-01,2.63,2.66,2.61,2.63,11507602.0,30240677.24,0.5868,0.3817,-7.453474,45.859864,15.490116,110.25157
sz.000793,*ST华闻,2026-04-02,2.63,2.64,2.59,2.61,9010503.0,23476760.8,0.4595,-0.7605,-7.396794,45.51112,15.372321,109.413155
sz.000795,英洛华,2026-04-01,8.85,8.88,8.76,8.86,9179600.0,81044687.0,0.8097,1.2571,40.183907,3.790645,2.585904,-99.00235
sz.000795,英洛华,2026-04-02,8.81,8.86,8.66,8.73,8589000.0,75109859.0,0.7576,-1.4673,39.594301,3.735026,2.547962,-97.54972
sz.000796,凯撒旅业,2026-04-01,5.38,5.4,5.24,5.37,37888283.0,201944388.04,2.8471,1.1299,-77.131372,10.385787,12.546033,-105.808055
sz.000796,凯撒旅业,2026-04-02,5.34,5.34,5.17,5.2,35983900.0,188446559.0,2.704,-3.1657,-74.689597,10.057001,12.148859,-102.458452
sz.000797,中国武夷,2026-04-01,3.04,3.09,2.88,2.9,72361953.0,212444401.62,4.6074,-4.2904,-26.910159,0.901873,1.03564,8.922838
sz.000797,中国武夷,2026-04-02,2.89,2.95,2.84,2.85,37658522.0,108513288.22,2.3978,-1.7241,-26.446191,0.886323,1.017784,8.768996
sz.000798,中水渔业,2026-04-01,10.24,10.27,10.1,10.24,8986600.0,91556556.0,2.4565,1.2859,44.730836,8.650309,0.862816,-46.674905
sz.000798,中水渔业,2026-04-02,10.2,10.3,10.12,10.28,9229400.0,94475855.0,2.5228,0.3906,44.905566,8.6841,0.866186,-46.857228
sz.000799,酒鬼酒,2026-04-01,43.63,44.17,42.48,43.46,7208777.0,311404755.0,2.2188,1.5895,-262.480376,3.75346,14.234832,-17.631691
sz.000799,酒鬼酒,2026-04-02,43.1,43.86,42.95,43.12,5452732.0,236244483.53,1.6783,-0.7823,-260.426917,3.724095,14.123468,-17.493753
sz.000800,一汽解放,2026-04-01,6.67,6.71,6.6,6.7,17592331.0,117129700.08,0.3575,0.9036,45.507974,1.245584,0.526063,121.206705
sz.000800,一汽解放,2026-04-02,6.67,6.76,6.65,6.7,15505201.0,104308443.74,0.3151,0.0,45.507974,1.245584,0.526063,121.206705
sz.000801,四川九洲,2026-04-01,13.94,14.1,13.88,14.04,18761675.0,262360265.87,1.8467,3.2353,79.649059,4.591942,3.470435,27.096343
sz.000801,四川九洲,2026-04-02,13.98,13.98,13.53,13.59,15002916.0,205887183.92,1.4767,-3.2051,77.096205,4.444764,3.359203,26.22787
sz.000802,北京文化,2026-04-01,4.02,4.03,3.94,3.98,10050401.0,39916814.95,1.4047,1.0152,-6.766965,3.655658,6.095827,27.530706
sz.000802,北京文化,2026-04-02,3.96,3.97,3.86,3.88,8768903.0,34226264.64,1.2256,-2.5126,-6.596941,3.563808,5.942665,26.83898
sz.000803,山高环能,2026-04-01,8.48,8.7,8.4,8.51,12015260.0,102579418.2,2.6132,1.0689,51.255186,2.702894,2.748285,88.093391
sz.000803,山高环能,2026-04-02,8.55,8.69,8.43,8.51,9397612.0,80235331.4,2.0439,0.0,51.255186,2.702894,2.748285,88.093391
sz.000807,云铝股份,2026-04-01,31.46,32.1,31.15,31.82,63872185.0,2025204986.66,1.8418,2.6452,18.225618,3.444975,1.837858,225.572456
sz.000807,云铝股份,2026-04-02,32.25,33.6,32.0,32.67,70010215.0,2302921628.31,2.0188,2.6713,18.712475,3.537,1.886953,231.598119
sz.000809,和展能源,2026-04-01,3.89,3.92,3.56,3.63,66533798.0,243391141.24,8.0667,-5.9585,-40.234771,1.121096,7.476027,-17.171937
sz.000809,和展能源,2026-04-02,3.71,3.73,3.52,3.54,34535303.0,124483438.23,4.1872,-2.4793,-39.237215,1.0933,7.290671,-16.746187
sz.000810,创维数字,2026-04-01,11.11,11.12,10.84,10.91,9795900.0,107234247.0,0.882,-0.183,69.767637,1.928997,1.424545,-32.310176
sz.000810,创维数字,2026-04-02,10.86,10.9,10.51,10.59,10171200.0,108506388.0,0.9158,-2.9331,67.72129,1.872418,1.382762,-31.36249
sz.000811,冰轮环境,2026-04-01,17.7,17.98,17.5,17.74,16221054.0,287529937.88,1.6579,3.0197,30.240833,2.86458,2.703012,35.844787
sz.000811,冰轮环境,2026-04-02,17.57,17.74,16.7,16.84,23551825.0,401847860.58,2.4072,-5.0733,28.706631,2.719252,2.56588,34.02628
sz.000812,陕西金叶,2026-04-01,4.28,4.32,4.18,4.23,13793626.0,58296700.58,1.7959,0.0,-639.246142,1.808618,2.283248,37.212705
sz.000812,陕西金叶,2026-04-02,4.23,4.26,4.14,4.18,9803388.0,41141427.94,1.2764,-1.182,-631.690041,1.787239,2.256259,36.772838
sz.000813,德展健康,2026-04-01,3.55,3.6,3.46,3.6,34984269.0,124497657.69,1.6685,2.2727,-84.326489,1.517088,19.382119,-29.498872
sz.000813,德展健康,2026-04-02,3.58,3.68,3.57,3.63,38679476.0,140106510.84,1.8447,0.8333,-85.02921,1.52973,19.543637,-29.744696
sz.000815,美利云,2026-04-01,19.33,20.7,19.18,20.7,70060144.0,1411694289.79,10.0768,9.9894,-28.431469,10.657302,31.961106,159.193311
sz.000815,美利云,2026-04-02,20.44,20.5,19.36,19.66,109532232.0,2166872057.95,15.7541,-5.0242,-27.003028,10.121863,30.355331,151.195193
sz.000816,智慧农业,2026-04-01,3.34,3.36,3.28,3.3,21602650.0,71397533.5,1.5039,0.304,-69.567414,2.331485,3.850048,-34.693518
sz.000816,智慧农业,2026-04-02,3.28,3.3,3.2,3.23,26729632.0,86749431.04,1.8608,-2.1212,-68.091742,2.282029,3.768381,-33.957595
sz.000818,航锦科技,2026-04-01,21.43,21.68,21.01,21.23,23324326.0,497919767.81,3.5436,0.903,-13.946291,6.06647,3.323041,-61.171278
sz.000818,航锦科技,2026-04-02,21.06,21.15,19.82,19.88,33868092.0,686819392.23,5.1455,-6.3589,-13.059456,5.680708,3.111731,-57.281441
sz.000819,岳阳兴长,2026-04-01,14.45,14.69,14.38,14.55,3114149.0,45322439.59,0.8519,1.2526,-130.670062,2.534297,1.518888,-63.705461
sz.000819,岳阳兴长,2026-04-02,14.53,14.74,14.45,14.57,2781553.0,40619886.21,0.761,0.1375,-130.849677,2.53778,1.520976,-63.793028
sz.000820,*ST节能,2026-04-01,3.36,3.4,3.34,3.4,4588397.0,15474213.89,1.5451,2.4096,-142.459179,14.764749,22.785792,146.10867
sz.000820,*ST节能,2026-04-02,3.4,3.57,3.38,3.41,9158934.0,31651823.32,3.0842,0.2941,-142.878176,14.808175,22.852809,146.538401
sz.000821,ST京机,2026-04-01,11.88,12.25,11.74,12.12,24424925.0,293679166.0,4.0395,3.856,26.905035,1.7614,1.005873,20.968982
sz.000821,ST京机,2026-04-02,12.0,12.0,11.59,11.61,20459197.0,241007283.61,3.3836,-4.2079,25.772892,1.687281,0.963547,20.086624
sz.000822,山东海化,2026-04-01,6.23,6.25,6.0,6.07,37418753.0,228267993.59,4.1804,-1.6207,-3.915755,1.418993,1.144919,-5.946336
sz.000822,山东海化,2026-04-02,6.1,6.55,6.04,6.37,71390584.0,448068910.76,7.9758,4.9423,-4.109285,1.489125,1.201505,-6.240224
sz.000823,超声电子,2026-04-01,13.15,13.65,13.07,13.24,27085000.0,360181697.95,5.044,4.664,31.961943,1.493213,1.123026,-171.845519
sz.000823,超声电子,2026-04-02,13.2,13.23,12.63,12.73,18858727.0,242795918.2,3.512,-3.852,30.73078,1.435695,1.079768,-165.226092
sz.000825,太钢不锈,2026-04-01,4.41,4.46,4.37,4.44,34512521.0,152345331.69,0.6059,2.3041,178.966887,0.762912,0.271664,-20.949998
sz.000825,太钢不锈,2026-04-02,4.42,4.43,4.34,4.36,24338050.0,106530208.6,0.4273,-1.8018,175.742259,0.749166,0.266769,-20.572521
sz.000826,启迪环境,2026-04-01,2.05,2.1,2.04,2.08,40464280.0,83885306.2,2.8393,2.4631,-1.128086,70.740241,0.610758,23.969124
sz.000826,启迪环境,2026-04-02,2.08,2.09,2.02,2.03,27594800.0,56472713.0,1.9362,-2.4038,-1.100969,69.039755,0.596077,23.392943
sz.000828,东莞控股,2026-04-01,10.08,10.1,9.99,10.0,6450833.0,64638677.64,0.6206,0.1001,12.623066,1.020564,6.698205,-7.104746
sz.000828,东莞控股,2026-04-02,9.97,10.03,9.86,9.91,5953958.0,59076413.99,0.5728,-0.9,12.509458,1.011379,6.637921,-7.040803
sz.000829,天音控股,2026-04-01,10.55,10.58,10.26,10.35,18100537.0,187657162.14,1.7674,-0.289,-227.135484,3.638068,0.132252,45.673968
sz.000829,天音控股,2026-04-02,10.28,10.39,10.04,10.12,14552921.0,147983606.63,1.421,-2.2222,-222.088029,3.557222,0.129313,44.658991
sz.000830,鲁西化工,2026-04-01,16.31,16.31,15.67,15.76,34120965.0,543202625.78,1.7919,-1.8069,20.317657,1.575113,0.997014,163.452777
sz.000830,鲁西化工,2026-04-02,15.68,15.94,15.48,15.85,29501912.0,464185199.0,1.5493,0.5711,20.433684,1.584108,1.002707,164.3862
sz.000831,中国稀土,2026-04-01,48.84,48.86,47.71,48.28,23931094.0,1154591964.34,2.2551,0.6043,473.202297,10.599624,14.355913,-224.293756
sz.000831,中国稀土,2026-04-02,48.18,48.18,46.85,47.25,20117687.0,954884878.72,1.8957,-2.1334,463.107053,10.373493,14.049646,-219.508699
sz.000833,粤桂股份,2026-04-01,25.3,25.88,24.5,25.05,38910181.0,976498278.39,8.5762,-2.907,41.862546,5.101678,6.569277,-41.111312
sz.000833,粤桂股份,2026-04-02,25.56,26.46,24.82,25.17,42834900.0,1091935285.82,9.4412,0.479,42.063085,5.126118,6.600747,-41.308252
sz.000837,秦川机床,2026-04-01,10.7,10.74,10.56,10.67,11682200.0,124403000.0,1.1596,1.3295,206.394026,2.236754,2.669268,-29.553675
sz.000837,秦川机床,2026-04-02,10.61,10.64,10.36,10.41,10952032.0,114865106.68,1.0872,-2.4367,201.364744,2.18225,2.604225,-28.833529
sz.000838,财信发展,2026-04-01,2.2,2.2,2.15,2.19,20608100.0,44752858.0,1.9557,2.3364,-8.835031,5.874574,8.199744,-338.953959
sz.000838,财信发展,2026-04-02,2.19,2.19,2.08,2.09,23007600.0,48662515.0,2.1834,-4.5662,-8.431605,5.606328,7.825326,-323.476609
sz.000839,国安股份,2026-04-01,3.41,3.48,3.36,3.4,97280260.0,331571242.0,2.4817,2.1021,-60.80168,8.689749,4.102305,-937.375512
sz.000839,国安股份,2026-04-02,3.37,3.38,3.2,3.24,117250950.0,382484421.0,2.9912,-4.7059,-57.940424,8.280819,3.909255,-893.263723
sz.000848,承德露露,2026-04-01,8.05,8.06,7.89,7.95,9592891.0,76144758.47,0.9487,-0.3759,12.855945,2.305328,2.629393,11.203583
sz.000848,承德露露,2026-04-02,7.94,8.01,7.91,7.99,6180290.0,49226380.64,0.6112,0.5031,12.920629,2.316927,2.642623,11.259953
sz.000850,华茂股份,2026-04-01,5.06,5.1,4.94,4.97,7729000.0,38665418.0,0.8193,0.6073,15.297441,1.029874,1.392184,279.533103
sz.000850,华茂股份,2026-04-02,4.96,4.98,4.86,4.88,6516599.0,31991567.03,0.6908,-1.8109,15.020425,1.011224,1.366973,274.471135
sz.000852,石化机械,2026-04-01,6.99,7.03,6.92,6.98,12708078.0,88627730.78,1.3435,1.1594,346.52168,2.127359,0.925229,-206.018669
sz.000852,石化机械,2026-04-02,6.94,7.38,6.93,7.14,43623778.0,311843896.06,4.612,2.2923,354.46487,2.176124,0.946437,-210.74116
sz.000856,冀东装备,2026-04-01,11.61,11.8,11.39,11.47,19107047.0,221763565.28,8.4172,1.0573,99.700805,6.021787,0.936955,-93.157561
sz.000856,冀东装备,2026-04-02,11.38,11.46,10.72,10.84,18009701.0,197265565.82,7.9338,-5.4926,94.224649,5.691035,0.885492,-88.040798
sz.000858,五粮液,2026-04-01,103.97,105.18,103.39,104.39,12266665.0,1279526789.08,0.316,1.0845,14.25075,2.843601,4.929158,37.644836
sz.000858,五粮液,2026-04-02,104.0,105.26,103.88,105.0,15178337.0,1589237202.13,0.391,0.5843,14.334023,2.860218,4.957962,37.864812
sz.000859,国风新材,2026-04-01,10.01,10.15,9.73,9.84,45702579.0,450427815.77,5.1012,-2.381,-149.851352,3.234441,3.908049,-133.899724
sz.000859,国风新材,2026-04-02,9.78,9.95,9.67,9.7,31133072.0,304463692.25,3.475,-1.4228,-147.71932,3.188422,3.852447,-131.994646
sz.000860,顺鑫农业,2026-04-01,12.96,13.01,12.86,12.93,4762393.0,61652970.97,0.642,0.3882,-129.764135,1.374151,1.249175,-25.680483
sz.000860,顺鑫农业,2026-04-02,12.93,13.03,12.87,12.9,5014600.0,64890609.0,0.676,-0.232,-129.463059,1.370963,1.246277,-25.6209
sz.000862,银星能源,2026-04-01,6.87,6.92,6.65,6.71,52092741.0,351419674.99,8.2955,-1.3235,138.524598,1.436824,4.703638,-164.301716
sz.000862,银星能源,2026-04-02,6.69,6.77,6.43,6.49,52225906.0,342427841.8,8.3167,-3.2787,133.982808,1.389715,4.549421,-158.914775
sz.000863,三湘印象,2026-04-01,5.97,5.97,5.3,5.43,71963149.0,391855996.94,6.1844,-4.9037,-166.000611,1.425637,7.773815,67.338492
sz.000863,三湘印象,2026-04-02,5.4,5.45,5.2,5.34,35334147.0,187952518.68,3.0366,-1.6575,-163.24922,1.402008,7.644967,66.222385
sz.000868,安凯客车,2026-04-01,4.63,4.68,4.56,4.61,11501902.0,52912163.24,1.5685,0.0,-78.403943,5.387281,1.263305,9.639175
sz.000868,安凯客车,2026-04-02,4.6,4.63,4.5,4.52,8149900.0,37130097.0,1.1114,-1.9523,-76.87328,5.282106,1.238641,9.450991
sz.000869,张裕A,2026-04-01,19.4,19.53,19.23,19.49,772723.0,15003487.67,0.1698,1.1942,47.659912,1.225457,4.008078,48.889971
sz.000869,张裕A,2026-04-02,19.62,19.64,19.36,19.38,899498.0,17525902.94,0.1976,-0.5644,47.390924,1.21854,3.985457,48.61404
sz.000875,电投绿能,2026-04-01,6.64,6.64,6.43,6.48,73856205.0,481015658.06,2.2097,-0.4608,50.186042,1.346012,1.768579,18.511002
sz.000875,电投绿能,2026-04-02,6.47,6.5,6.19,6.24,73260259.0,462207318.18,2.1918,-3.7037,48.3273,1.29616,1.703076,17.82541
sz.000876,新希望,2026-04-01,8.26,8.29,8.18,8.23,15914000.0,130777408.76,0.3536,0.3659,34.302313,1.6639,0.348427,-15.533621
sz.000876,新希望,2026-04-02,8.26,8.43,8.24,8.34,35031731.0,292249251.79,0.7785,1.3366,34.760789,1.68614,0.353084,-15.741239
sz.000877,天山股份,2026-04-01,5.06,5.12,4.99,5.04,9615931.0,48537469.23,0.1352,0.3984,-4.915314,0.476003,0.481059,-11.925518
sz.000877,天山股份,2026-04-02,5.03,5.06,4.97,4.98,8948700.0,44858233.0,0.1259,-1.1905,-4.856799,0.470336,0.475332,-11.783547
sz.000878,云南铜业,2026-04-01,18.66,18.8,18.31,18.52,43806952.0,811229808.7,2.1864,2.7177,34.510845,2.92519,0.250161,18.420749
sz.000878,云南铜业,2026-04-02,18.42,18.47,17.7,17.85,41388509.0,746604339.36,2.0657,-3.6177,33.262342,2.819365,0.241111,17.754339
sz.000880,潍柴重机,2026-04-01,26.99,27.27,26.86,27.19,14129657.0,382782210.66,6.2238,2.7589,52.539144,5.999222,2.061393,-36.734813
sz.000880,潍柴重机,2026-04-02,27.0,27.03,26.34,26.57,10198859.0,271697779.31,4.4924,-2.2803,51.34112,5.862425,2.014388,-35.897168
sz.000881,中广核技,2026-04-01,7.81,7.84,7.62,7.78,16833449.0,130064705.26,1.8627,1.4342,-22.313421,1.407819,1.273528,-12.537319
sz.000881,中广核技,2026-04-02,7.73,7.81,7.53,7.56,11222900.0,85929385.0,1.2418,-2.8278,-21.682451,1.368009,1.237516,-12.182793
sz.000882,华联股份,2026-04-01,1.67,1.69,1.64,1.65,44091800.0,72985814.0,1.6118,0.6098,-30.844202,0.668589,3.663679,-14.639482
sz.000882,华联股份,2026-04-02,1.65,1.66,1.6,1.61,53019700.0,85930618.0,1.9382,-2.4242,-30.096464,0.652381,3.574863,-14.284586
sz.000883,湖北能源,2026-04-01,4.85,4.85,4.73,4.76,47112195.0,224691837.17,0.7271,-0.4184,17.773309,0.968304,1.932222,-68.06313
sz.000883,湖北能源,2026-04-02,4.76,4.79,4.69,4.73,39086702.0,184851213.38,0.6032,-0.6303,17.661292,0.962201,1.920044,-67.63416
sz.000885,城发环境,2026-04-01,13.75,13.83,13.7,13.77,4880390.0,67097097.8,0.7601,1.1013,7.427632,0.965133,1.304023,14.657019
sz.000885,城发环境,2026-04-02,13.75,13.8,13.6,13.68,3084040.0,42266011.4,0.4803,-0.6536,7.379086,0.958825,1.2955,14.561222
sz.000886,海南高速,2026-04-01,5.73,5.75,5.66,5.72,11450801.0,65323952.68,1.171,1.5986,519.549474,1.868065,13.729114,-99.132867
sz.000886,海南高速,2026-04-02,5.69,5.72,5.58,5.6,10706000.0,60310721.0,1.0949,-2.0979,508.649835,1.828874,13.44109,-97.053157
sz.000887,中鼎股份,2026-04-01,18.3,18.44,18.2,18.39,15180424.0,278143395.9,1.155,2.3942,16.065798,1.715541,1.28004,74.291135
sz.000887,中鼎股份,2026-04-02,18.28,18.29,17.78,17.85,15340300.0,275748455.0,1.1671,-2.9364,15.594045,1.665167,1.242453,72.109666
sz.000888,峨眉山A,2026-04-01,12.9,13.15,12.73,13.09,12282514.0,159270730.58,2.331,3.1521,30.664045,2.533935,7.335408,45.105825
sz.000888,峨眉山A,2026-04-02,13.06,13.09,12.64,12.72,11443900.0,146516451.0,2.1719,-2.8266,29.797299,2.462311,7.128066,43.83087
sz.000889,中嘉博创,2026-04-01,3.49,3.5,3.37,3.4,26562673.0,90823975.15,3.0537,1.1905,-76.390492,44.850972,2.026223,-96.731225
sz.000889,中嘉博创,2026-04-02,3.39,3.42,3.28,3.3,21369940.0,71305974.6,2.4567,-2.9412,-74.143713,43.531826,1.966629,-93.886189
sz.000890,法尔胜,2026-04-01,15.08,15.56,14.5,15.3,89026044.0,1342952999.54,21.2224,-0.8425,-73.484205,-1157.91232,25.936136,-381.328012
sz.000890,法尔胜,2026-04-02,15.5,15.99,15.13,15.9,97876059.0,1533473474.79,23.3321,3.9216,-76.365938,-1203.320647,26.95324,-396.282052
sz.000892,欢瑞世纪,2026-04-01,6.15,6.19,6.01,6.11,17679619.0,107324968.71,2.4872,0.659,-26.975094,7.096246,10.442299,-31.179199
sz.000892,欢瑞世纪,2026-04-02,6.06,6.12,5.94,6.09,27132900.0,163844383.0,3.817,-0.3273,-26.886796,7.073018,10.408118,-31.077139
sz.000893,亚钾国际,2026-04-01,62.0,62.7,60.67,61.64,11450502.0,706633120.23,1.4105,0.8838,31.728278,4.362514,11.548263,185.517808
sz.000893,亚钾国际,2026-04-02,61.52,62.5,60.04,61.62,8036866.0,491824072.12,0.99,-0.0324,31.717983,4.361099,11.544517,185.457614
sz.000895,双汇发展,2026-04-01,28.4,28.63,28.0,28.1,11327912.0,320364671.16,0.327,-1.0563,19.072364,4.557371,1.63736,-92.515423
sz.000895,双汇发展,2026-04-02,28.06,28.85,28.05,28.65,10672313.0,304614071.7,0.3081,1.9573,19.445667,4.646572,1.669408,-94.326223
sz.000897,津滨发展,2026-04-01,2.14,2.15,2.08,2.1,30657243.0,64611767.7,1.8957,-0.4739,21.868292,1.105378,2.289136,-4.046219
sz.000897,津滨发展,2026-04-02,2.1,2.11,2.05,2.06,24631506.0,50985870.4,1.5231,-1.9048,21.451753,1.084323,2.245533,-3.969148
sz.000898,鞍钢股份,2026-04-01,2.4,2.42,2.37,2.38,39821479.0,95383460.54,0.5004,0.4219,-5.481501,0.508176,0.232153,-34.841792
sz.000898,鞍钢股份,2026-04-02,2.37,2.38,2.32,2.33,32427160.0,76107532.5,0.4075,-2.1008,-5.366344,0.4975,0.227276,-34.109821
sz.000899,赣能股份,2026-04-01,13.14,13.3,12.74,12.84,33393430.0,433797199.24,3.4226,-0.6961,13.246235,1.985821,1.79372,-114.180305
sz.000899,赣能股份,2026-04-02,12.85,13.28,12.75,12.92,35421801.0,460309795.5,3.6305,0.6231,13.328766,1.998194,1.804896,-114.891709
sz.000900,现代投资,2026-04-01,4.16,4.21,4.13,4.15,10297153.0,42797879.8,0.6784,0.4843,17.114477,0.56563,0.826232,-13.758642
sz.000900,现代投资,2026-04-02,4.15,4.21,4.14,4.18,17353259.0,72474124.77,1.1433,0.7229,17.238196,0.569719,0.832205,-13.858102
sz.000901,航天科技,2026-04-01,22.87,22.92,22.1,22.3,23213345.0,519442958.64,2.9082,-0.9769,150.85683,4.119224,2.966312,43.056007
sz.000901,航天科技,2026-04-02,22.4,22.67,21.66,21.86,17070420.0,375794793.37,2.1386,-1.9731,147.880283,4.037948,2.907784,42.206472
sz.000902,新洋丰,2026-04-01,15.89,15.94,15.75,15.85,7682581.0,121712355.61,0.6723,1.0842,12.621082,1.726999,1.192941,51.352863
sz.000902,新洋丰,2026-04-02,15.8,15.88,15.53,15.65,8732117.0,137084404.8,0.7641,-1.2618,12.461829,1.705208,1.177889,50.704891
sz.000903,ST云动,2026-04-01,2.62,2.66,2.59,2.63,22902326.0,60004411.72,1.1927,0.7663,-4.225232,3.827112,1.144779,-241.042736
sz.000903,ST云动,2026-04-02,2.64,2.65,2.57,2.59,19294900.0,50259002.0,1.0048,-1.5209,-4.16097,3.768905,1.127368,-237.376687
sz.000905,厦门港务,2026-04-01,11.94,11.96,11.4,11.44,25916089.0,300000231.23,3.4936,-3.1329,85.761742,3.47401,0.797346,21.041824
sz.000905,厦门港务,2026-04-02,11.5,11.85,11.46,11.7,24430166.0,286103821.48,3.2933,2.2727,87.710872,3.552965,0.815468,21.520047
sz.000906,浙商中拓,2026-04-01,5.84,5.85,5.76,5.82,4823797.0,28005993.31,0.6879,0.692,20.978685,0.868441,0.018331,8.240159
sz.000906,浙商中拓,2026-04-02,5.81,5.85,5.74,5.79,4711107.0,27293079.6,0.6718,-0.5155,20.870547,0.863965,0.018237,8.197684
sz.000908,ST景峰,2026-04-01,7.62,8.13,7.37,7.9,51419158.0,400128105.74,5.8446,1.9355,88.787686,372.685645,35.353362,21393.070973
sz.000908,ST景峰,2026-04-02,7.8,7.9,7.51,7.52,41823657.0,318583348.44,4.7539,-4.8101,84.516885,354.758993,33.652821,20364.037179
sz.000909,*ST数源,2026-04-01,6.18,6.25,5.89,5.98,9742743.0,59001548.02,2.2258,-1.6447,-5.988913,4.225889,9.706409,-43.278082
sz.000909,*ST数源,2026-04-02,6.05,6.05,5.78,5.85,4601693.0,27241790.0,1.0513,-2.1739,-5.858719,4.134022,9.4954,-42.337255
sz.000910,大亚圣象,2026-04-01,7.11,7.19,7.05,7.13,4905600.0,34873446.0,0.8965,1.4225,292.639509,0.586442,0.853169,-33.372297
sz.000910,大亚圣象,2026-04-02,7.14,7.15,6.93,6.96,3502163.0,24577569.85,0.64,-2.3843,285.662129,0.57246,0.832827,-32.576604
sz.000911,广农糖业,2026-04-01,6.69,6.69,6.47,6.54,8667200.0,56706482.0,2.1651,-1.2085,52.094034,21.810051,0.919419,-8.613853
sz.000911,广农糖业,2026-04-02,6.54,6.65,6.39,6.48,5940302.0,38762805.97,1.4839,-0.9174,51.616107,21.609959,0.910984,-8.534827
sz.000912,泸天化,2026-04-01,5.29,5.34,5.13,5.16,55984048.0,291357054.82,3.5704,-1.3384,254.532685,1.274943,1.799967,62.552333
sz.000912,泸天化,2026-04-02,5.17,5.33,5.11,5.2,61879917.0,322074410.39,3.9464,0.7752,256.505807,1.284826,1.813921,63.037235
sz.000913,钱江摩托,2026-04-01,16.51,16.51,15.61,15.85,35433545.0,562539284.15,6.8128,-4.919,15.741281,1.772412,1.508472,-7.271751
sz.000913,钱江摩托,2026-04-02,15.64,15.69,15.18,15.31,16683585.0,256728147.7,3.2077,-3.4069,15.204985,1.712027,1.457079,-7.024007
sz.000915,华特达因,2026-04-01,31.5,32.11,31.21,32.11,3684795.0,117191616.9,1.5735,2.9497,13.478811,2.639159,3.189517,35.813765
sz.000915,华特达因,2026-04-02,32.0,32.35,31.9,32.03,2606054.0,83680954.54,1.1128,-0.2491,13.445229,2.632583,3.18157,35.724537
sz.000917,电广传媒,2026-04-01,9.6,10.07,9.51,9.8,77703813.0,757382901.95,5.4819,4.8128,83.157542,1.332304,3.194146,-56.187036
sz.000917,电广传媒,2026-04-02,9.67,9.69,9.19,9.29,55733118.0,523140605.52,3.9319,-5.2041,78.829956,1.26297,3.02792,-53.263017
sz.000919,金陵药业,2026-04-01,7.23,7.34,7.12,7.33,11116501.0,80777575.3,1.7879,2.0891,84.554193,1.206734,1.425788,-20.696526
sz.000919,金陵药业,2026-04-02,7.34,7.47,7.29,7.42,12529300.0,92831255.0,2.0151,1.2278,85.592376,1.221551,1.443294,-20.950644
sz.000920,沃顿科技,2026-04-01,11.61,11.69,11.38,11.51,7795361.0,89666725.5,1.6495,0.524,24.665301,2.729285,2.691976,32.700851
sz.000920,沃顿科技,2026-04-02,11.42,11.58,11.11,11.2,7328300.0,82718027.0,1.5506,-2.6933,24.000988,2.655777,2.619473,31.820116
sz.000921,海信家电,2026-04-01,21.69,22.75,21.68,22.35,19911556.0,445755011.13,2.1687,3.7604,9.713143,1.771804,0.352009,139.234954
sz.000921,海信家电,2026-04-02,22.31,22.35,21.73,21.82,11715187.0,256859984.6,1.276,-2.3714,9.482809,1.729788,0.343662,135.933185
sz.000922,佳电股份,2026-04-01,13.76,14.07,13.67,13.78,9696159.0,134143751.0,1.6507,2.3774,37.693476,2.077835,1.946476,61.738293
sz.000922,佳电股份,2026-04-02,13.73,13.87,13.34,13.46,6458194.0,87529053.16,1.0994,-2.3222,36.818156,2.029583,1.901275,60.304602
sz.000923,河钢资源,2026-04-01,18.21,18.57,18.21,18.42,13469820.0,247515373.2,2.1452,3.0201,22.84746,1.170929,2.297005,-68.163024
sz.000923,河钢资源,2026-04-02,18.49,18.5,17.87,18.01,9943108.0,180420830.56,1.5835,-2.2258,22.338911,1.144866,2.245878,-66.645823
sz.000925,众合科技,2026-04-01,7.38,7.43,7.11,7.19,24802261.0,178171068.05,3.684,-1.5068,74.406942,1.472248,2.052006,58.013039
sz.000925,众合科技,2026-04-02,7.13,7.19,6.99,7.05,15058843.0,106586712.29,2.2368,-1.9471,72.958129,1.443581,2.012051,56.883438
sz.000926,福星股份,2026-04-01,2.14,2.15,2.06,2.1,22793557.0,47826150.99,1.4489,0.0,-0.960068,0.387784,0.446468,-21.262532
sz.000926,福星股份,2026-04-02,2.09,2.11,2.02,2.04,19958020.0,41027442.2,1.2686,-2.8571,-0.932637,0.376705,0.433712,-20.655031
sz.000927,中国铁物,2026-04-01,3.32,3.32,3.15,3.17,396199737.0,1266344261.63,6.5484,-5.0898,33.302367,1.967851,0.558877,-55.440156
sz.000927,中国铁物,2026-04-02,3.15,3.27,3.08,3.17,312069509.0,984967603.8,5.1579,0.0,33.302367,1.967851,0.558877,-55.440156
sz.000928,中钢国际,2026-04-01,7.3,7.48,6.75,6.77,67335059.0,475454412.75,4.6936,-1.0234,12.93863,1.14962,0.683063,2.718516
sz.000928,中钢国际,2026-04-02,6.76,7.08,6.73,6.94,65847783.0,455139808.39,4.5899,2.5111,13.263529,1.178488,0.700215,2.78678
sz.000929,*ST兰黄,2026-04-01,9.6,9.6,9.39,9.49,1823300.0,17256519.0,0.9816,0.5297,-35.077532,3.772361,6.993894,-1496.269078
sz.000929,*ST兰黄,2026-04-02,9.5,9.5,9.14,9.23,2345800.0,21736067.0,1.2629,-2.7397,-34.116504,3.669009,6.80228,-1455.275405
sz.000930,中粮科技,2026-04-01,6.76,6.81,6.66,6.78,27508642.0,185297002.75,1.4819,0.4444,132.896367,1.180404,0.691916,14.209996
sz.000930,中粮科技,2026-04-02,6.77,6.98,6.74,6.88,37103826.0,255969201.68,1.9988,1.4749,134.856491,1.197814,0.702122,14.419583
sz.000931,中关村,2026-04-01,5.2,5.29,5.15,5.29,17905976.0,94011464.76,2.3842,2.5194,77.428433,2.432464,1.60339,1561.536678
sz.000931,中关村,2026-04-02,5.28,5.41,5.25,5.33,23738606.0,126985187.44,3.1608,0.7561,78.013903,2.450857,1.615514,1573.344139
sz.000932,华菱钢铁,2026-04-01,5.14,5.18,5.08,5.11,60688238.0,310897037.9,0.8856,0.789,13.41325,0.628681,0.287635,-18.999303
sz.000932,华菱钢铁,2026-04-02,5.1,5.11,4.98,5.04,56013822.0,282099706.04,0.8174,-1.3699,13.229507,0.620069,0.283694,-18.739039
sz.000933,神火股份,2026-04-01,31.35,31.63,30.76,31.07,53811721.0,1675842995.78,2.3944,0.8766,17.445768,2.844315,1.694357,6427.605521
sz.000933,神火股份,2026-04-02,31.54,32.35,31.24,31.56,49034140.0,1557122115.71,2.1818,1.5771,17.720902,2.889172,1.721078,6528.97426
sz.000935,四川双马,2026-04-01,25.52,26.15,25.32,25.38,4699734.0,120719697.18,0.6156,1.642,54.068186,2.494072,15.534803,-25.660556
sz.000935,四川双马,2026-04-02,25.44,25.99,25.1,25.8,4403200.0,113420658.0,0.5768,1.6548,54.962931,2.535346,15.79188,-26.085198
sz.000936,华西股份,2026-04-01,7.28,7.54,7.27,7.46,24998692.0,185465719.34,2.8219,4.1899,21.644805,1.234583,2.013001,44.095638
sz.000936,华西股份,2026-04-02,7.43,7.43,7.16,7.21,19209700.0,139771720.0,2.1684,-3.3512,20.919443,1.193209,1.945542,42.617902
sz.000937,冀中能源,2026-04-01,5.75,5.78,5.68,5.71,22541950.0,129245959.5,0.6565,-0.5226,50.27574,1.0586,1.376015,-8.688244
sz.000937,冀中能源,2026-04-02,5.71,5.76,5.62,5.65,26957254.0,153319660.1,0.7851,-1.0508,49.747449,1.047477,1.361556,-8.596949
sz.000938,紫光股份,2026-04-01,25.5,25.96,25.13,25.29,79711938.0,2030277565.03,2.7871,1.5663,51.862854,4.999043,0.741814,52.79978
sz.000938,紫光股份,2026-04-02,25.05,25.15,24.02,24.2,85165957.0,2087194722.75,2.9777,-4.31,49.627563,4.783584,0.709842,50.524107
sz.000948,南天信息,2026-04-01,15.25,15.29,15.11,15.21,2272745.0,34537228.08,0.5841,1.1303,121.521256,2.208233,0.552945,-28.817436
sz.000948,南天信息,2026-04-02,15.2,15.2,14.86,14.92,2960218.0,44381420.98,0.7607,-1.9066,119.204283,2.16613,0.542402,-28.267991
sz.000949,新乡化纤,2026-04-01,6.66,6.83,6.63,6.69,55988828.0,376724414.88,3.3801,2.1374,61.757787,1.672718,1.468521,-33.024728
sz.000949,新乡化纤,2026-04-02,6.7,6.7,6.31,6.38,55637431.0,357219862.3,3.3588,-4.6338,58.896066,1.595208,1.400473,-31.494435
sz.000950,重药控股,2026-04-01,5.79,6.09,5.66,5.9,63340749.0,373810448.34,3.6652,3.5088,27.206187,0.88232,0.122728,-9.21345
sz.000950,重药控股,2026-04-02,6.49,6.49,6.49,6.49,74905393.0,486136000.57,4.3343,10.0,29.926806,0.970552,0.135001,-10.134795
sz.000951,中国重汽,2026-04-01,22.65,23.99,22.46,23.89,32511127.0,758859385.99,2.7672,7.3708,16.849337,1.736551,0.486127,-3.096947
sz.000951,中国重汽,2026-04-02,23.78,23.81,23.03,23.5,18409365.0,432454878.38,1.5669,-1.6325,16.574274,1.708202,0.478191,-3.04639
sz.000952,广济药业,2026-04-01,7.3,7.46,7.23,7.44,7873052.0,58055228.6,2.2887,2.6207,-11.024215,2.672198,4.258035,-16.003667
sz.000952,广济药业,2026-04-02,7.43,7.52,7.28,7.32,8181400.0,60378955.0,2.3784,-1.6129,-10.846405,2.629098,4.189357,-15.745544
sz.000953,河化股份,2026-04-01,7.11,7.15,6.94,7.1,7552060.0,53151620.4,2.0627,1.4286,329.163466,16.864717,14.915898,-37.214892
sz.000953,河化股份,2026-04-02,7.12,7.22,7.03,7.06,8524800.0,60574726.0,2.3284,-0.5634,327.309024,16.769704,14.831865,-37.005231
sz.000955,欣龙控股,2026-04-01,4.99,5.04,4.92,4.99,11169600.0,55511664.0,2.0749,1.4228,-1067.834723,4.143916,5.80387,131.316582
sz.000955,欣龙控股,2026-04-02,4.96,4.98,4.87,4.89,10147800.0,49848099.0,1.8851,-2.004,-1046.435229,4.060871,5.68756,128.684987
sz.000957,中通客车,2026-04-01,11.56,11.65,11.21,11.28,32048836.0,363353978.72,5.4054,-2.0833,20.206488,2.144311,0.934637,29.683583
sz.000957,中通客车,2026-04-02,11.29,11.32,11.14,11.26,15448592.0,173738378.68,2.6056,-0.1773,20.170661,2.140509,0.93298,29.630952
sz.000958,电投产融,2026-04-01,6.33,6.34,6.24,6.27,25394100.0,159323272.0,0.4717,0.1597,121.378191,5.370468,20.018019,51.703459
sz.000958,电投产融,2026-04-02,6.27,6.3,6.19,6.21,28263273.0,176219335.76,0.525,-0.9569,120.216678,5.319076,19.826459,51.208689
sz.000959,首钢股份,2026-04-01,4.67,4.67,4.67,4.67,,,,,29.664237,0.718249,0.349657,9.051266
sz.000959,首钢股份,2026-04-02,4.67,4.67,4.67,4.67,,,,,29.664237,0.718249,0.349657,9.051266
sz.000960,锡业股份,2026-04-01,32.51,32.7,31.98,32.53,46543263.0,1503370964.74,2.8286,3.0735,27.223303,2.708184,1.229503,3114.341623
sz.000960,锡业股份,2026-04-02,32.0,32.14,30.5,30.84,45788982.0,1427342594.3,2.7828,-5.1952,25.808997,2.567489,1.165628,2952.545209
sz.000962,东方钽业,2026-04-01,45.63,45.65,43.6,44.36,14397881.0,637932390.61,2.8701,-0.1126,90.600503,8.449163,15.163824,-91.533876
sz.000962,东方钽业,2026-04-02,44.2,44.36,41.58,42.07,21968296.0,932116315.42,4.3791,-5.1623,85.923426,8.012991,14.38102,-86.808615
sz.000963,华东医药,2026-04-01,35.8,36.5,35.36,36.34,18591862.0,672234030.87,1.0606,2.8879,17.235281,2.640828,1.478941,348.261063
sz.000963,华东医药,2026-04-02,36.34,37.16,36.25,36.88,19381277.0,713359895.43,1.1056,1.486,17.491392,2.68007,1.500917,353.436104
sz.000965,天保基建,2026-04-01,3.81,3.84,3.68,3.72,45442748.0,169542658.53,4.0946,-1.847,214.924557,0.75813,1.47236,-9.057186
sz.000965,天保基建,2026-04-02,3.71,3.71,3.62,3.65,30179010.0,110333382.4,2.7192,-1.8817,210.880277,0.743865,1.444655,-8.886755
sz.000966,长源电力,2026-04-01,4.77,4.79,4.62,4.65,111760346.0,522372523.73,3.4266,-1.4831,109.183575,1.17298,1.080554,-123.561514
sz.000966,长源电力,2026-04-02,4.63,4.71,4.48,4.52,102023754.0,466129460.29,3.1281,-2.7957,106.131131,1.140187,1.050345,-120.107106
sz.000967,盈峰环境,2026-04-01,8.98,9.36,8.76,9.12,200497371.0,1839102515.23,6.334,7.168,75.766506,1.691198,2.157898,241.535463
sz.000967,盈峰环境,2026-04-02,9.03,9.7,9.01,9.31,140515732.0,1321713154.53,4.4391,2.0833,77.344989,1.726432,2.202855,246.567496
sz.000968,蓝焰控股,2026-04-01,10.15,10.31,9.92,9.92,68240130.0,688404792.17,7.0532,-3.5019,23.948557,1.553161,4.615309,25.203615
sz.000968,蓝焰控股,2026-04-02,10.05,10.91,10.05,10.91,37908912.0,403212169.67,3.9182,9.9798,26.338584,1.708164,5.07591,27.718895
sz.000969,安泰科技,2026-04-01,21.08,21.16,20.64,20.93,18805175.0,391834234.41,1.8191,1.5034,60.259883,3.804412,2.772147,-83.688077
sz.000969,安泰科技,2026-04-02,20.83,20.98,20.27,20.45,16994372.0,349908615.9,1.644,-2.2934,58.877908,3.717163,2.708572,-81.768809
sz.000970,中科三环,2026-04-01,11.72,11.84,11.62,11.74,16327339.0,191040401.97,1.343,1.7331,156.294769,2.189971,2.149278,-14.680947
sz.000970,中科三环,2026-04-02,11.66,11.69,11.41,11.5,13997580.0,161583767.4,1.1514,-2.0443,153.099646,2.145201,2.105341,-14.380826
sz.000972,*ST中基,2026-04-01,3.94,3.95,3.86,3.89,12583500.0,48952912.0,1.6315,-0.7653,-9.055589,-17.498958,8.23111,62.46362
sz.000972,*ST中基,2026-04-02,3.88,3.94,3.8,3.85,9844800.0,37946642.0,1.2764,-1.0283,-8.962472,-17.31902,8.146472,61.82132
sz.000973,佛塑科技,2026-04-01,18.61,18.67,17.88,17.96,59537465.0,1080462122.97,6.1542,-1.8579,408.702319,15.136597,19.789874,-161.602401
sz.000973,佛塑科技,2026-04-02,17.9,18.19,17.28,17.59,51063056.0,902669364.32,5.2783,-2.0601,400.282505,14.824763,19.382177,-158.273175
sz.000975,山金国际,2026-04-01,30.27,31.18,30.2,30.62,37407753.0,1146068493.62,1.4801,3.1671,28.611373,5.699386,4.972525,37.115868
sz.000975,山金国际,2026-04-02,30.48,30.48,29.48,29.78,30687056.0,917789260.71,1.2142,-2.7433,27.826476,5.543035,4.836113,36.097667
sz.000977,浪潮信息,2026-04-01,57.43,58.86,57.12,58.48,46409594.0,2695862175.1,3.1639,4.2796,34.503153,4.076424,0.564501,-119.571948
sz.000977,浪潮信息,2026-04-02,58.01,58.37,56.26,56.65,30100497.0,1721460183.45,2.0521,-3.1293,33.423454,3.948861,0.546836,-115.830213
sz.000978,桂林旅游,2026-04-01,7.76,7.82,7.46,7.67,34029105.0,259450780.6,7.2693,-0.3896,-20.459205,3.241269,8.382647,32.619475
sz.000978,桂林旅游,2026-04-02,7.66,7.79,7.43,7.49,24955762.0,188330925.52,5.3311,-2.3468,-19.979067,3.165203,8.185923,31.853959
sz.000980,众泰汽车,2026-04-01,2.42,2.43,2.32,2.35,103330149.0,242990974.37,2.0537,-1.2605,-13.312057,941.761005,19.994254,-257.971916
sz.000980,众泰汽车,2026-04-02,2.36,2.36,2.15,2.18,219462623.0,484450514.73,4.3619,-7.234,-12.349057,873.633613,18.547861,-239.310118
sz.000981,山子高科,2026-04-01,4.36,4.38,4.26,4.28,240191116.0,1029210684.65,2.5248,-0.2331,631.800009,25.418858,10.470269,-138.802797
sz.000981,山子高科,2026-04-02,4.25,4.26,4.12,4.13,275731965.0,1150179490.29,2.8984,-3.5047,609.657485,24.52801,10.10332,-133.938213
sz.000983,山西焦煤,2026-04-01,6.61,6.69,6.57,6.63,81742843.0,542376909.7,1.4399,-0.7485,22.192869,1.025527,0.95597,-14.690635
sz.000983,山西焦煤,2026-04-02,6.64,6.74,6.61,6.67,73454689.0,490036256.01,1.2939,0.6033,22.326762,1.031715,0.961738,-14.779267
sz.000985,大庆华科,2026-04-01,19.71,19.79,19.25,19.53,2018147.0,39309060.62,1.5567,0.6182,-814.364327,4.116882,1.335377,-117.939083
sz.000985,大庆华科,2026-04-02,19.53,19.75,19.15,19.36,1812088.0,35189156.9,1.3978,-0.8705,-807.275647,4.081047,1.323753,-116.912476
sz.000987,越秀资本,2026-04-01,8.8,9.0,8.57,8.63,108621494.0,953698853.12,2.1662,2.2512,12.076181,1.367984,2.999506,-197.486972
sz.000987,越秀资本,2026-04-02,8.53,8.55,8.13,8.17,81321712.0,673081332.74,1.6218,-5.3302,11.432491,1.295067,2.839625,-186.960436
sz.000988,华工科技,2026-04-01,106.61,106.8,103.19,104.74,51706384.0,5419923282.7,5.145,1.1981,71.605067,9.524702,7.336685,-2264.074336
sz.000988,华工科技,2026-04-02,104.05,105.4,99.87,100.34,59441756.0,6052846908.06,5.9147,-4.2009,68.597025,9.124581,7.02848,-2168.963327
sz.000989,九芝堂,2026-04-01,9.4,9.63,9.37,9.62,31668852.0,302615696.2,4.5622,2.8877,36.990436,2.212431,3.693683,-33.03911
sz.000989,九芝堂,2026-04-02,9.57,9.79,9.51,9.71,33262854.0,322100853.16,4.7919,0.9356,37.336501,2.23313,3.72824,-33.348208
sz.000990,诚志股份,2026-04-01,9.84,10.13,9.7,9.83,51845000.0,515081433.0,4.2662,0.3061,103.232104,0.668423,1.035832,211.082694
sz.000990,诚志股份,2026-04-02,9.67,9.89,9.48,9.63,49420653.0,477754211.88,4.0668,-2.0346,101.131756,0.654823,1.014757,206.788031
sz.000993,闽东电力,2026-04-01,16.0,16.0,15.0,15.15,69993032.0,1071263500.15,15.9166,-7.1122,117.838807,2.697802,11.599017,67.086871
sz.000993,闽东电力,2026-04-02,14.87,15.89,14.4,14.55,48975845.0,729896970.93,11.1373,-3.9604,113.171923,2.590959,11.13965,64.429965
sz.000995,皇台酒业,2026-04-01,15.0,15.02,13.75,13.99,41479289.0,587376795.16,23.3807,-6.7333,-1204.093775,16.831037,16.998676,518.00166
sz.000995,皇台酒业,2026-04-02,13.9,14.05,13.5,13.53,24973527.0,342741460.76,14.0769,-3.2881,-1164.502414,16.277622,16.439749,500.96944
sz.000997,新大陆,2026-04-01,20.4,20.49,20.22,20.3,11550699.0,235076276.3,1.1465,0.995,18.544627,2.862114,2.443577,-56.680541
sz.000997,新大陆,2026-04-02,20.3,20.32,19.66,19.79,12476721.0,248175267.58,1.2385,-2.5123,18.078728,2.790209,2.382186,-55.256547
sz.000998,隆平高科,2026-04-01,10.03,10.05,9.84,9.92,21504292.0,213251859.33,1.6352,0.202,-195.731336,2.542954,1.709799,-43.597585
sz.000998,隆平高科,2026-04-02,9.91,10.0,9.78,9.86,18898913.0,186785474.87,1.4371,-0.6048,-194.547478,2.527573,1.699458,-43.33389
sz.000999,华润三九,2026-04-01,28.12,28.43,27.96,28.41,15228823.0,429704914.7,0.9159,1.6822,13.820641,2.132464,1.496094,-137.048932
sz.000999,华润三九,2026-04-02,28.41,28.89,28.36,28.82,18887334.0,541634874.44,1.1359,1.4432,14.020094,2.163238,1.517685,-139.026759
sz.001201,东瑞股份,2026-04-01,13.31,13.34,13.15,13.23,3464352.0,45833240.12,1.7054,0.5319,149.619478,1.003952,1.660311,-17.718424
sz.001201,东瑞股份,2026-04-02,13.23,13.52,13.13,13.17,7061551.0,93887890.66,3.4763,-0.4535,148.940931,0.999398,1.652781,-17.638068
sz.001202,炬申股份,2026-04-01,17.12,17.12,16.76,16.99,1497420.0,25294984.1,1.2818,1.3119,38.705839,3.386219,1.738545,77.419179
sz.001202,炬申股份,2026-04-02,17.46,17.46,16.7,16.8,1456530.0,24616363.3,1.2468,-1.1183,38.27299,3.348351,1.719103,76.553397
sz.001203,大中矿业,2026-04-01,40.73,40.88,39.17,39.58,20292270.0,807290375.3,1.5538,-0.8765,88.810246,9.470461,15.59657,133.370973
sz.001203,大中矿业,2026-04-02,39.57,41.38,38.86,40.71,29437184.0,1188605012.72,2.254,2.855,91.345758,9.740841,16.041848,137.178684
sz.001205,盛航股份,2026-04-01,14.47,14.63,14.38,14.61,3308720.0,48007875.4,2.0744,2.7426,36.296001,1.319434,1.89647,-15.270953
sz.001205,盛航股份,2026-04-02,14.61,14.97,14.47,14.61,3642000.0,53434630.0,2.1876,0.0,36.296001,1.319434,1.89647,-15.270953
sz.001206,依依股份,2026-04-01,21.15,21.49,21.0,21.34,3213588.0,68353947.4,3.0227,2.3992,17.862596,2.109084,2.20665,35.278619
sz.001206,依依股份,2026-04-02,21.34,21.38,20.87,21.07,2161280.0,45539451.78,2.0329,-1.2652,17.636593,2.082399,2.178731,34.832264
sz.001207,联科科技,2026-04-01,30.5,30.69,29.88,30.51,5092300.0,154493799.71,2.4363,2.9005,22.570827,2.806777,2.802658,-11.777811
sz.001207,联科科技,2026-04-02,30.3,30.83,29.92,30.1,4230204.0,128350843.16,2.0239,-1.3438,22.267515,2.769059,2.764995,-11.619539
sz.001208,华菱线缆,2026-04-01,19.76,19.9,18.61,18.88,20365749.0,384999423.72,7.7374,-2.9306,109.37025,4.129732,2.674094,22.088669
sz.001208,华菱线缆,2026-04-02,18.85,20.77,18.78,19.88,49075694.0,987101338.74,18.6451,5.2966,115.163166,4.348468,2.81573,23.25862
sz.001209,洪兴股份,2026-04-01,20.84,20.96,20.44,20.63,2546200.0,52614419.0,2.6497,0.243,105.999761,2.111796,1.469817,60.932189
sz.001209,洪兴股份,2026-04-02,20.61,20.65,20.15,20.31,2283700.0,46433034.0,2.3765,-1.5511,104.355557,2.07904,1.447018,59.987046
sz.001210,金房能源,2026-04-01,21.1,21.48,21.02,21.34,3050803.0,64817345.73,3.2013,2.4976,24.89623,2.494289,2.790573,32.956719
sz.001210,金房能源,2026-04-02,21.36,21.47,20.95,21.1,1692262.0,35790362.58,1.7757,-1.1246,24.616235,2.466237,2.759188,32.586072
sz.001211,双枪科技,2026-04-01,28.15,28.7,27.4,27.7,1400900.0,39025439.0,2.091,-0.4313,87.826837,2.307534,1.309147,-38.846054
sz.001211,双枪科技,2026-04-02,27.7,27.94,26.71,27.2,1665800.0,45472095.0,2.4864,-1.8051,86.241515,2.265882,1.285517,-38.144862
sz.001212,中旗新材,2026-04-01,50.19,50.68,49.5,50.09,3853272.0,192855545.24,2.2165,2.3917,-2942.941664,5.85307,22.2284,-27.100997
sz.001212,中旗新材,2026-04-02,49.98,50.7,49.1,50.17,4160896.0,207792349.99,2.3934,0.1597,-2947.64191,5.862418,22.263902,-27.144281
sz.001213,中铁特货,2026-04-01,4.24,4.26,4.12,4.13,40888755.0,170405756.1,0.92,-2.5943,32.386972,0.957242,1.548561,-10.183006
sz.001213,中铁特货,2026-04-02,4.12,4.16,4.08,4.12,18062553.0,74315882.13,0.4064,-0.2421,32.308553,0.954924,1.544812,-10.15835
sz.001215,千味央厨,2026-04-01,38.4,40.31,38.2,39.77,5308966.0,209240751.82,5.4854,5.0172,69.107705,2.069195,2.053151,-34.783711
sz.001215,千味央厨,2026-04-02,39.51,39.96,39.01,39.88,2771137.0,109736222.95,2.8633,0.2766,69.29885,2.074918,2.05883,-34.879919
sz.001216,华瓷股份,2026-04-01,17.8,18.75,17.6,18.28,8189400.0,149464857.0,3.3351,4.8165,20.414199,2.546009,3.089377,15.607911
sz.001216,华瓷股份,2026-04-02,18.24,19.98,18.22,19.44,13619300.0,262780554.96,5.5464,6.3457,21.70963,2.707572,3.28542,16.598347
sz.001217,华尔泰,2026-04-01,12.11,12.2,11.96,12.03,3967200.0,47871370.0,1.2074,0.4174,135.547467,1.775525,2.041288,-248.92887
sz.001217,华尔泰,2026-04-02,12.1,12.1,11.76,11.84,3296738.0,39230745.24,1.0033,-1.5794,133.406651,1.747482,2.009048,-244.997325
sz.001218,丽臣实业,2026-04-01,24.69,24.87,24.31,24.7,1576200.0,38785267.4,1.6965,1.6043,24.04643,1.413522,0.706222,43.905252
sz.001218,丽臣实业,2026-04-02,24.72,24.82,24.12,24.24,1356400.0,33146961.0,1.46,-1.8623,23.598602,1.387198,0.693069,43.087583
sz.001219,青岛食品,2026-04-01,14.86,14.98,14.66,14.86,5764554.0,85560955.64,3.032,0.8141,27.955409,2.728712,5.229924,82.223701
sz.001219,青岛食品,2026-04-02,14.86,14.99,14.69,14.75,3966567.0,58824592.93,2.0863,-0.7402,27.748471,2.708513,5.19121,81.615046
sz.001220,世盟股份,2026-04-01,39.3,39.68,39.24,39.52,1147191.0,45229945.08,5.0741,1.9082,22.93117,3.887969,3.864135,161.848422
sz.001220,世盟股份,2026-04-02,39.53,40.12,39.22,39.96,1837350.0,73037872.2,8.1268,1.1134,23.186476,3.931256,3.907157,163.650378
sz.001221,悍高集团,2026-04-01,69.51,69.93,68.0,69.0,1367074.0,94648053.53,3.7965,0.7299,41.52523,10.072275,8.253007,31.608696
sz.001221,悍高集团,2026-04-02,68.62,68.97,63.22,63.75,2772817.0,180045939.01,7.7003,-7.6087,38.365702,9.305906,7.625061,29.203686
sz.001222,源飞宠物,2026-04-01,19.51,19.63,19.18,19.62,1825192.0,35571367.36,1.6993,2.3474,21.431333,2.629049,2.255487,-31.1987
sz.001222,源飞宠物,2026-04-02,19.62,19.64,18.93,19.08,1521900.0,29222567.0,1.4169,-2.7523,20.84148,2.55669,2.193409,-30.34002
sz.001223,欧克科技,2026-04-01,46.41,48.73,46.01,48.29,1305440.0,62266326.0,1.3984,6.1319,66.343911,2.313598,5.310309,-55.29327
sz.001223,欧克科技,2026-04-02,48.98,51.3,47.88,51.0,2133718.0,106267008.72,2.2857,5.6119,70.067083,2.443436,5.60832,-58.396288
sz.001225,和泰机电,2026-04-01,49.8,50.86,48.0,49.1,2475300.0,120550999.0,11.7654,0.2041,94.835351,2.333778,13.540582,-14.856866
sz.001225,和泰机电,2026-04-02,48.7,48.98,47.05,47.69,1455230.0,69647040.7,6.9169,-2.8717,92.111973,2.266759,13.151738,-14.430222
sz.001226,拓山重工,2026-04-01,41.87,42.96,41.21,41.67,597200.0,24882246.0,1.7603,1.4115,145.07951,4.269503,4.758723,732.817077
sz.001226,拓山重工,2026-04-02,41.92,43.77,40.5,43.74,2159659.0,91604061.94,6.3657,4.9676,152.286484,4.481595,4.995118,769.220517
sz.001227,兰州银行,2026-04-01,2.29,2.29,2.26,2.26,69798367.0,158426144.44,1.655,-0.4405,6.783796,0.423004,1.66644,-6.831487
sz.001227,兰州银行,2026-04-02,2.26,2.27,2.24,2.25,54256365.0,122385863.9,1.2865,-0.4425,6.753779,0.421132,1.659067,-6.801259
sz.001228,永泰运,2026-04-01,30.91,31.5,30.6,31.1,1747966.0,54287700.92,2.1887,1.6008,34.807229,1.88897,0.658359,5.371964
sz.001228,永泰运,2026-04-02,31.25,31.25,30.29,30.74,938900.0,28856119.0,1.1756,-1.1576,34.404316,1.867104,0.650738,5.309781
sz.001229,魅视科技,2026-04-01,36.6,37.01,35.57,35.65,1978629.0,71684817.55,3.756,-1.137,53.654538,3.753923,17.261121,-58.292709
sz.001229,魅视科技,2026-04-02,35.65,35.97,34.83,35.21,1636248.0,57765314.6,3.106,-1.2342,52.992322,3.707591,17.04808,-57.573248
sz.001230,劲旅环境,2026-04-01,25.43,25.67,25.18,25.62,2938381.0,74696187.4,3.7404,1.7878,22.719797,1.780501,2.193233,13.984607
sz.001230,劲旅环境,2026-04-02,25.6,26.15,25.18,25.38,3244250.0,83403956.84,4.1298,-0.9368,22.506965,1.763822,2.172688,13.853604
sz.001231,农心科技,2026-04-01,23.88,24.08,23.55,23.99,1558508.0,37113128.68,3.0654,1.955,37.115425,2.424039,3.31843,-21.24609
sz.001231,农心科技,2026-04-02,23.92,24.15,23.15,23.31,1495645.0,35211926.58,2.9418,-2.8345,36.063383,2.35533,3.224369,-20.643866
sz.001233,海安集团,2026-04-01,63.1,64.87,62.72,64.56,1544451.0,98755668.34,4.3646,4.0787,18.774078,4.234239,5.411336,101.031754
sz.001233,海安集团,2026-04-02,64.16,64.54,62.95,63.28,881200.0,55913729.0,2.4903,-1.9827,18.401853,4.150289,5.304048,99.028646
sz.001234,泰慕士,2026-04-01,25.73,25.74,25.15,25.54,1419030.0,36026670.8,1.5511,1.0685,59.322722,3.005174,3.327511,-73.922108
sz.001234,泰慕士,2026-04-02,25.48,25.57,24.57,24.89,1350541.0,33690779.62,1.4762,-2.545,57.812942,2.928692,3.242825,-72.04077
sz.001236,弘业期货,2026-04-01,9.8,9.83,9.38,9.52,19057625.0,181291243.1,2.5139,-1.6529,2402.899834,5.144575,33.364607,-2.647377
sz.001236,弘业期货,2026-04-02,9.54,9.55,9.06,9.11,17226664.0,158449257.4,2.2724,-4.3067,2299.413602,4.923012,31.927686,-2.533362
sz.001238,浙江正特,2026-04-01,48.74,49.28,48.19,48.93,415800.0,20256714.84,0.4011,1.8102,-57890.0559,4.812858,3.48981,86.595649
sz.001238,浙江正特,2026-04-02,48.94,49.9,47.96,47.96,306800.0,14886224.0,0.2959,-1.9824,-56742.429613,4.717447,3.420627,84.878957
sz.001239,永达股份,2026-04-01,15.86,15.86,15.22,15.29,8954800.0,137840559.78,7.8551,-3.5939,77.199919,2.709487,1.799189,-109.928267
sz.001239,永达股份,2026-04-02,15.3,15.39,14.97,15.13,4779439.0,72356497.21,4.1925,-1.0464,76.392072,2.681134,1.780362,-108.777938
sz.001255,博菲电气,2026-04-01,37.29,37.58,36.6,36.88,1307173.0,48263598.08,1.8396,0.7926,399.688141,4.350119,7.618775,-1018.110926
sz.001255,博菲电气,2026-04-02,36.92,37.38,35.68,35.99,1569800.0,57104903.62,2.2092,-2.4132,390.042738,4.245141,7.434917,-993.541546
sz.001256,炜冈科技,2026-04-01,23.58,23.76,22.8,23.0,4048407.0,93512684.56,3.7867,-0.605,35.983528,2.713799,6.348448,-15.569782
sz.001256,炜冈科技,2026-04-02,23.04,23.7,22.31,22.4,4255002.0,97527936.76,3.9799,-2.6087,35.044827,2.643004,6.182837,-15.163613
sz.001258,立新能源,2026-04-01,9.3,9.36,9.03,9.1,38618288.0,353142926.48,4.1377,-0.3286,159.213007,2.798236,8.517247,18.217437
sz.001258,立新能源,2026-04-02,9.1,9.29,8.72,8.76,46819814.0,417916385.3,5.0165,-3.7363,153.264389,2.693687,8.19902,17.536785
sz.001259,利仁科技,2026-04-01,31.98,32.21,31.4,31.94,1189500.0,37970759.0,2.5019,2.5032,479.896794,3.290798,5.790095,-10.678354
sz.001259,利仁科技,2026-04-02,31.94,32.24,30.8,31.13,936100.0,29467484.0,1.9689,-2.536,467.726587,3.207343,5.643258,-10.40755
sz.001260,坤泰股份,2026-04-01,21.25,21.25,20.75,20.98,1355200.0,28396991.0,1.1784,1.2548,54.122374,2.915557,4.230281,-4069.418851
sz.001260,坤泰股份,2026-04-02,20.86,21.3,20.4,20.54,1964767.0,40879030.53,1.7085,-2.0972,52.9873,2.854411,4.141562,-3984.073556
sz.001266,宏英智能,2026-04-01,31.38,31.54,30.85,31.38,1353100.0,42179878.0,2.3297,2.0488,81.114102,3.465629,4.204287,-49.114981
sz.001266,宏英智能,2026-04-02,31.3,31.48,30.24,30.54,1489540.0,45791809.2,2.5646,-2.6769,78.942788,3.372859,4.091744,-47.80024
sz.001267,汇绿生态,2026-04-01,39.1,40.3,37.84,39.75,46505937.0,1818858941.5,7.6722,5.2701,343.870629,19.726991,23.731966,1585.683093
sz.001267,汇绿生态,2026-04-02,39.13,41.98,39.13,39.74,51140145.0,2071609062.13,8.4368,-0.0252,343.784121,19.722028,23.725995,1585.284179
sz.001268,联合精密,2026-04-01,29.0,29.8,29.0,29.65,1042200.0,30762117.0,1.656,2.9514,39.613874,3.117024,3.962725,37.131491
sz.001268,联合精密,2026-04-02,29.65,30.58,29.4,30.06,1425300.0,42858300.0,2.2648,1.3828,40.161654,3.160126,4.017522,37.644945
sz.001269,欧晶科技,2026-04-01,22.17,22.28,21.76,21.92,2672300.0,58620040.0,1.3888,0.7353,-10.552597,4.828083,8.585972,-23.146406
sz.001269,欧晶科技,2026-04-02,21.88,21.96,21.0,21.09,3229720.0,69119345.8,1.6785,-3.7865,-10.153045,4.645278,8.260881,-22.270015
sz.001270,*ST铖昌,2026-04-01,114.2,116.83,112.99,116.24,7618196.0,876650405.3,3.7436,3.3244,263.941846,16.269686,57.427264,-475.954548
sz.001270,*ST铖昌,2026-04-02,114.1,120.5,112.43,113.51,7697970.0,896964838.12,3.7828,-2.3486,257.742936,15.887578,56.078533,-464.776331
sz.001277,速达股份,2026-04-01,35.3,35.59,34.88,35.27,885600.0,31140527.0,1.9443,1.0312,30.963106,1.721969,2.52438,20.25329
sz.001277,速达股份,2026-04-02,35.27,35.42,34.7,34.82,660731.0,23120468.45,1.4506,-1.2759,30.568057,1.699999,2.492173,19.994884
sz.001278,一彬科技,2026-04-01,21.52,21.8,21.12,21.29,2475510.0,52825874.0,2.9018,0.2354,-51.782699,2.090492,1.216988,120.439297
sz.001278,一彬科技,2026-04-02,21.21,21.65,20.33,20.7,1986900.0,41261298.0,2.329,-2.7713,-50.347669,2.03256,1.183262,117.101618
sz.001279,强邦新材,2026-04-01,31.72,31.81,31.38,31.72,503352.0,15915070.84,1.2584,1.4066,86.965186,5.035358,3.541231,14.872059
sz.001279,强邦新材,2026-04-02,31.69,31.79,30.98,31.12,625719.0,19554818.9,1.5643,-1.8916,85.320195,4.940111,3.474247,14.590746
sz.001280,中国铀业,2026-04-01,82.0,82.69,81.2,81.54,7451874.0,609464022.71,4.7138,1.0284,98.837954,14.001301,8.48785,380.315002
sz.001280,中国铀业,2026-04-02,81.41,82.27,80.2,81.15,6166930.0,500882147.55,3.901,-0.4783,98.365219,13.934334,8.447254,378.495982
sz.001282,三联锻造,2026-04-01,19.88,20.06,19.77,19.98,2305000.0,45891733.72,2.9489,1.7312,32.944785,2.74094,2.698164,-534.891587
sz.001282,三联锻造,2026-04-02,19.99,20.14,19.44,19.65,2706603.0,53386011.18,3.4627,-1.6517,32.400652,2.695669,2.6536,-526.057041
sz.001283,豪鹏科技,2026-04-01,69.94,70.86,68.4,68.62,5288761.0,366320435.06,6.6323,-0.5651,36.310479,1.986059,1.199802,-37.790305
sz.001283,豪鹏科技,2026-04-02,68.5,69.49,67.11,67.43,3961182.0,270052279.66,4.9675,-1.7342,35.680787,1.951617,1.178995,-37.13495
sz.001285,瑞立科密,2026-04-01,51.06,51.26,50.47,50.92,1232656.0,62691669.86,2.9705,1.0317,27.680326,2.484416,4.018108,5.673084
sz.001285,瑞立科密,2026-04-02,51.18,51.88,50.45,50.71,1512557.0,77278276.44,3.645,-0.4124,27.566169,2.47417,4.001537,5.649688
sz.001286,陕西能源,2026-04-01,10.9,10.92,10.75,10.88,18843958.0,204741869.64,1.7947,0.9276,13.933887,1.558247,1.798905,-93.419522
sz.001286,陕西能源,2026-04-02,10.91,11.12,10.85,11.0,18270053.0,200621537.62,1.74,1.1029,14.08757,1.575433,1.818746,-94.449885
sz.001287,中电港,2026-04-01,24.73,24.95,23.64,23.95,26789841.0,646730350.54,6.1249,-1.1556,52.632998,3.383837,0.297006,17.212195
sz.001287,中电港,2026-04-02,24.02,24.19,22.85,23.03,24589252.0,574852822.51,5.6218,-3.8413,50.611188,3.253852,0.285597,16.551016
sz.001288,运机集团,2026-04-01,29.49,29.56,28.72,29.51,3710532.0,108353840.2,2.4425,1.5835,38.430554,3.160249,3.647339,-12.999116
sz.001288,运机集团,2026-04-02,29.5,29.5,28.38,28.84,1902740.0,54799686.2,1.2525,-2.2704,37.558021,3.088498,3.56453,-12.703982
sz.001289,龙源电力,2026-04-01,16.81,16.99,16.1,16.19,16495655.0,269955803.35,0.3272,-2.9376,29.90255,1.804526,4.473828,-118.781292
sz.001289,龙源电力,2026-04-02,16.16,16.41,15.63,16.25,19240516.0,309178506.95,0.3816,0.3706,30.013368,1.811213,4.490408,-119.221494
sz.001296,长江材料,2026-04-01,24.43,24.53,24.2,24.38,1178193.0,28718220.32,1.5331,1.33,25.635426,2.048854,3.124414,76.614446
sz.001296,长江材料,2026-04-02,24.35,24.67,23.92,24.2,1091450.0,26432536.36,1.4202,-0.7383,25.446157,2.033727,3.101346,76.048793
sz.001298,好上好,2026-04-01,28.72,29.04,28.32,28.56,4481051.0,128292945.22,2.7223,1.2766,111.798797,5.201656,1.017767,35.115013
sz.001298,好上好,2026-04-02,28.5,28.69,27.28,27.41,5177714.0,144175687.74,3.1456,-4.0266,107.297095,4.992206,0.976786,33.701068
sz.001299,美能能源,2026-04-01,13.8,13.94,13.67,13.7,4484370.0,61863819.0,2.0533,0.5136,32.434705,2.73953,4.581615,-18.769371
sz.001299,美能能源,2026-04-02,13.66,14.02,13.65,13.92,5885920.0,81767616.5,2.695,1.6058,32.955554,2.783522,4.655188,-19.070777
sz.001300,三柏硕,2026-04-01,16.81,16.95,16.25,16.4,2857500.0,47004576.0,1.1722,-1.2048,-1327.514149,3.858684,7.94917,76.211923
sz.001300,三柏硕,2026-04-02,16.36,16.44,15.95,16.05,2113300.0,34109599.0,0.8669,-2.1341,-1299.183054,3.776334,7.779523,74.585449
sz.001301,尚太科技,2026-04-01,75.23,76.58,74.01,74.6,4252939.0,319503737.32,2.2859,0.4308,20.022726,2.877143,2.734526,37.343029
sz.001301,尚太科技,2026-04-02,74.33,74.48,71.18,73.36,6222151.0,452453541.57,3.3443,-1.6622,19.689908,2.829319,2.689072,36.722314
sz.001306,夏厦精密,2026-04-01,68.72,68.99,68.0,68.39,384700.0,26287372.0,2.4819,1.0043,108.457162,3.207904,5.516539,-174.23075
sz.001306,夏厦精密,2026-04-02,68.39,68.62,66.63,67.06,443399.0,30071467.8,2.8606,-1.9447,106.347964,3.145519,5.409257,-170.842435
sz.001308,康冠科技,2026-04-01,20.18,20.55,20.04,20.43,2513405.0,51144331.2,0.5061,2.9738,18.47669,1.756668,0.959974,269.184019
sz.001308,康冠科技,2026-04-02,20.38,20.42,20.0,20.14,1509741.0,30513261.78,0.304,-1.4195,18.214417,1.731732,0.946348,265.363003
sz.001309,德明利,2026-04-01,417.67,417.67,364.46,371.98,30374015.0,11826932921.92,18.8804,-2.0332,122.589698,25.809542,7.821046,-406.167088
sz.001309,德明利,2026-04-02,378.88,379.6,358.2,360.15,18972555.0,6941387994.2,11.7933,-3.1803,118.691004,24.988727,7.572315,-393.249844
sz.001311,多利科技,2026-04-01,32.17,32.6,31.52,31.72,2801964.0,89224958.48,2.0564,0.6984,35.845227,2.146214,2.582434,-27.8852
sz.001311,多利科技,2026-04-02,31.5,31.72,30.71,31.0,2053115.0,63961790.12,1.5068,-2.2699,35.03159,2.097498,2.523817,-27.252245
sz.001313,粤海饲料,2026-04-01,7.83,7.86,7.68,7.86,16589300.0,129139996.0,2.3729,1.1583,669.775442,2.157847,0.852435,23.474254
sz.001313,粤海饲料,2026-04-02,7.86,8.31,7.83,7.94,18864722.0,151140927.46,2.6983,1.0178,676.592494,2.17981,0.861112,23.713177
sz.001314,亿道信息,2026-04-01,40.0,40.4,39.57,40.1,1900199.0,75815441.27,1.5277,1.8025,285.118266,2.768097,1.531143,155.581412
sz.001314,亿道信息,2026-04-02,39.99,40.25,38.91,39.21,1413201.0,55773341.12,1.1361,-2.2195,278.790205,2.70666,1.49716,152.128358
sz.001316,润贝航科,2026-04-01,48.07,48.9,47.12,47.39,3002135.0,143442577.15,2.6975,0.0845,40.557806,4.364085,5.48883,-85.347907
sz.001316,润贝航科,2026-04-02,47.16,48.12,46.67,47.59,2464280.0,117088373.96,2.2143,0.422,40.728972,4.382502,5.511995,-85.7081
sz.001317,三羊马,2026-04-01,47.98,48.48,47.23,48.02,1998408.0,95694444.08,2.3378,1.6942,-277.394282,4.782556,2.661053,270.422065
sz.001317,三羊马,2026-04-02,47.91,48.53,46.9,47.16,1726300.0,82013778.0,2.0195,-1.7909,-272.426371,4.696904,2.613396,265.579021
sz.001318,阳光乳业,2026-04-01,13.75,13.84,13.57,13.71,1676800.0,22914749.0,0.5932,0.7348,33.269759,2.687533,7.908213,30.48263
sz.001318,阳光乳业,2026-04-02,13.72,13.78,13.47,13.55,1704700.0,23200838.0,0.6031,-1.167,32.881491,2.656169,7.815921,30.126888
sz.001319,铭科精技,2026-04-01,24.85,25.18,24.71,24.95,1957700.0,48680046.0,2.3874,1.9616,26.165085,2.630923,3.065801,354.172312
sz.001319,铭科精技,2026-04-02,24.95,25.0,24.17,24.37,1606100.0,39403198.0,1.9587,-2.3246,25.556838,2.569763,2.994532,345.939048
sz.001322,箭牌家居,2026-04-01,7.45,7.5,7.41,7.5,3563400.0,26584302.0,0.4536,1.9022,107.746607,1.535379,1.071226,-138.446056
sz.001322,箭牌家居,2026-04-02,7.5,7.51,7.29,7.34,3039800.0,22438717.0,0.3869,-2.1333,105.448013,1.502625,1.048373,-135.49254
sz.001323,慕思股份,2026-04-01,24.34,24.6,24.24,24.55,645090.0,15775904.5,0.2073,1.3625,15.003327,2.4188,1.946993,-22.577223
sz.001323,慕思股份,2026-04-02,24.54,24.54,24.23,24.4,386269.0,9402414.73,0.1241,-0.611,14.911657,2.404021,1.935097,-22.439277
sz.001324,长青科技,2026-04-01,20.31,20.36,19.33,19.52,3536130.0,69430616.08,4.3306,-2.4488,55.955453,2.376039,5.774904,-135.257701
sz.001324,长青科技,2026-04-02,19.53,20.42,19.37,19.76,3784661.0,75419283.08,4.635,1.2295,56.64343,2.405253,5.845907,-136.920705
sz.001325,元创股份,2026-04-01,56.51,57.29,55.7,56.88,4169171.0,236456103.23,21.2713,1.7895,27.549046,3.28666,3.123928,-302.432653
sz.001325,元创股份,2026-04-02,57.0,58.0,56.6,57.88,3823212.0,220512020.86,19.5062,1.7581,28.033382,3.344442,3.178849,-307.749682
sz.001326,联域股份,2026-04-01,52.0,53.2,51.91,52.8,1291100.0,68154207.0,5.3565,4.0599,144.170813,3.185826,2.606999,-12.428997
sz.001326,联域股份,2026-04-02,52.45,53.2,51.54,51.69,880100.0,45912329.0,3.6514,-2.1023,141.139949,3.118851,2.552193,-12.167705
sz.001328,登康口腔,2026-04-01,32.33,32.99,32.07,32.91,1762276.0,57251760.68,3.8284,3.817,31.633378,3.877737,3.265018,-93.089719
sz.001328,登康口腔,2026-04-02,32.95,33.04,31.9,32.12,984211.0,31676191.88,2.1381,-2.4005,30.874024,3.784652,3.186642,-90.855113
sz.001330,博纳影业,2026-04-01,7.1,7.13,6.92,7.04,40312188.0,282149925.88,2.9328,0.8596,-5.965504,2.310037,6.565336,-64.935922
sz.001330,博纳影业,2026-04-02,7.0,7.0,6.82,6.87,34928400.0,240324425.0,2.5411,-2.4148,-5.82145,2.254255,6.406798,-63.367867
sz.001331,胜通能源,2026-04-01,55.0,56.77,54.21,55.7,6164659.0,344406388.99,3.6722,2.8244,4734.069558,10.380755,3.043005,55.001205
sz.001331,胜通能源,2026-04-02,55.4,56.98,55.0,55.42,5721782.0,321093425.4,3.4083,-0.5027,4710.271721,10.328572,3.027708,54.724718
sz.001332,锡装股份,2026-04-01,53.27,57.49,52.76,55.26,2921984.0,160762840.41,6.087,5.5789,24.719552,2.388949,4.606829,47.503792
sz.001332,锡装股份,2026-04-02,54.97,54.98,52.02,52.55,2039900.0,108822075.0,4.2495,-4.9041,23.507283,2.271793,4.380906,45.174164
sz.001333,光华股份,2026-04-01,24.6,25.55,24.53,25.47,4528540.0,113891615.8,10.2921,4.7286,25.179147,1.902477,1.96039,33.661539
sz.001333,光华股份,2026-04-02,25.3,25.48,24.4,24.9,4091300.0,101835516.0,9.2984,-2.2379,24.615656,1.859901,1.916518,32.908219
sz.001335,信凯科技,2026-04-01,41.92,42.48,41.5,41.87,592518.0,24810217.84,2.5284,1.9231,38.152064,4.084554,2.830749,43.677478
sz.001335,信凯科技,2026-04-02,41.86,42.0,39.74,40.42,750356.0,30552958.44,3.2019,-3.4631,36.83082,3.943102,2.732718,42.164883
sz.001336,楚环科技,2026-04-01,27.33,27.62,26.46,26.78,1807700.0,48532548.0,3.8806,0.6011,81.474746,2.717221,5.988161,-19.553501
sz.001336,楚环科技,2026-04-02,26.82,26.89,25.14,25.57,1714500.0,44557623.0,3.6805,-4.5183,77.793475,2.594449,5.717598,-18.670016
sz.001337,四川黄金,2026-04-01,51.47,51.98,49.19,49.93,22354693.0,1123460336.53,5.3225,-0.4585,49.895622,12.109942,23.284061,172.565539
sz.001337,四川黄金,2026-04-02,49.89,49.89,47.28,47.82,14851373.0,717132524.76,3.536,-4.2259,47.787075,11.598186,22.300096,165.273064
sz.001338,永顺泰,2026-04-01,13.28,13.45,13.2,13.39,7732700.0,103284136.0,1.5412,1.3626,20.197359,1.804681,1.603084,12.545477
sz.001338,永顺泰,2026-04-02,13.35,13.47,13.29,13.41,8472700.0,113464802.0,1.6887,0.1494,20.227527,1.807376,1.605478,12.564216
sz.001339,智微智能,2026-04-01,61.61,62.87,60.3,61.86,6884800.0,425294102.0,5.7655,3.6181,89.857293,6.929666,3.692866,-155.932305
sz.001339,智微智能,2026-04-02,61.77,61.77,58.47,58.98,5318700.0,317256500.0,4.454,-4.6557,85.67383,6.607043,3.520938,-148.672605
sz.001356,富岭股份,2026-04-01,11.22,11.27,11.11,11.21,1661800.0,18591651.0,0.8282,1.2647,49.394168,3.236397,3.188762,72.35892
sz.001356,富岭股份,2026-04-02,11.21,11.22,11.03,11.09,2055742.0,22829076.11,1.0246,-1.0705,48.865417,3.201753,3.154628,71.584337
sz.001358,兴欣新材,2026-04-01,25.73,26.16,25.6,25.97,1653220.0,42898435.0,3.3266,2.7701,66.221819,2.232346,6.742053,-4.986337
sz.001358,兴欣新材,2026-04-02,25.91,26.24,25.51,26.1,1116520.0,28891083.4,2.2467,0.5006,66.55331,2.243521,6.775802,-5.011297
sz.001359,平安电工,2026-04-01,72.27,75.8,71.07,74.77,2058937.0,152888161.61,4.4393,6.4796,54.462039,7.021368,11.877408,63.221409
sz.001359,平安电工,2026-04-02,74.83,74.94,70.75,71.79,1614800.0,116377616.0,3.4817,-3.9856,52.291424,6.741528,11.404027,60.701684
sz.001360,南矿集团,2026-04-01,21.47,21.68,21.11,21.28,1855100.0,39559379.0,2.2684,0.9967,84.708985,3.062174,5.487087,954.272122
sz.001360,南矿集团,2026-04-02,21.28,21.28,20.53,20.65,1648170.0,34290947.8,2.0153,-2.9605,82.201153,2.971517,5.32464,926.020645
sz.001366,播恩集团,2026-04-01,14.04,14.18,13.79,14.08,3079226.0,42787746.78,1.9164,1.4409,-93.758425,2.818618,1.786007,-174.819453
sz.001366,播恩集团,2026-04-02,14.08,14.19,13.49,13.66,3815850.0,52671588.5,2.3748,-2.983,-90.961654,2.73454,1.732731,-169.604668
sz.001367,海森药业,2026-04-01,25.64,26.16,25.43,25.93,9552687.0,247465005.93,24.0022,1.8861,29.073273,2.644643,7.42207,-29.377436
sz.001367,海森药业,2026-04-02,26.08,26.35,25.6,25.75,6177376.0,159625709.31,15.5214,-0.6942,28.871453,2.626284,7.370548,-29.173505
sz.001368,通达创智,2026-04-01,24.97,25.14,24.46,24.96,2279100.0,56582552.0,6.9887,2.2113,28.921451,2.052564,2.690687,-25.686162
sz.001368,通达创智,2026-04-02,24.96,25.14,24.16,24.65,1760600.0,43146709.0,5.3988,-1.242,28.562251,2.027071,2.657269,-25.367143
sz.001369,双欣材料,2026-04-01,15.69,16.19,15.64,15.79,22879537.0,363776808.93,11.3812,2.0685,34.215147,3.621923,5.093277,-74.58743
sz.001369,双欣材料,2026-04-02,15.69,15.71,15.0,15.09,24271099.0,369309426.88,12.0734,-4.4332,32.698326,3.461357,4.867483,-71.280831
sz.001373,翔腾新材,2026-04-01,35.54,35.54,34.55,34.92,1535600.0,53778346.0,4.6348,1.2174,-139.862664,2.758195,4.288115,31.478924
sz.001373,翔腾新材,2026-04-02,34.96,35.27,33.33,33.81,1184463.0,40577116.51,3.575,-3.1787,-135.416857,2.670521,4.151809,30.478305
sz.001376,百通能源,2026-04-01,16.04,16.35,15.5,15.79,19739000.0,313459848.0,9.2345,0.1904,41.710381,6.221375,6.792319,-391.952234
sz.001376,百通能源,2026-04-02,15.79,15.92,15.18,15.23,15096800.0,233285694.0,7.0627,-3.5465,40.231102,6.000731,6.551426,-378.051458
sz.001378,德冠新材,2026-04-01,23.53,23.68,23.31,23.52,1399500.0,32835656.0,2.1696,1.0309,39.108113,1.665003,2.100007,-10.788104
sz.001378,德冠新材,2026-04-02,23.55,23.66,22.91,23.19,1380600.0,32168314.0,2.1403,-1.4031,38.559402,1.641642,2.070543,-10.63674
sz.001379,腾达科技,2026-04-01,21.65,21.79,21.24,21.37,1798100.0,38535582.0,2.6718,0.8971,51.947679,2.838636,2.128712,-11.420851
sz.001379,腾达科技,2026-04-02,21.3,21.55,20.82,20.95,1919283.0,40527982.9,2.8519,-1.9654,50.926714,2.782846,2.086875,-11.196389
sz.001380,华纬科技,2026-04-01,21.02,21.11,20.8,21.08,1276632.0,26780627.15,1.4507,1.8357,20.5765,3.078873,2.801447,33.30345
sz.001380,华纬科技,2026-04-02,21.0,21.41,20.81,21.09,2411055.0,50750779.32,2.7397,0.0474,20.586262,3.080333,2.802776,33.319248
sz.001382,新亚电缆,2026-04-01,22.28,22.57,22.02,22.18,7253152.0,161478531.56,11.5129,1.5568,75.073794,5.743338,3.006171,-601.174977
sz.001382,新亚电缆,2026-04-02,22.13,22.8,21.65,21.75,7600300.0,168651559.0,12.064,-1.9387,73.618351,5.631992,2.947891,-589.520097
sz.001386,马可波罗,2026-04-01,20.1,20.21,20.03,20.15,2817997.0,56685088.41,2.8796,1.4092,19.229143,2.245772,3.559844,-22.495631
sz.001386,马可波罗,2026-04-02,20.18,20.18,19.63,19.69,2713486.0,53921988.87,2.7728,-2.2829,18.790165,2.194504,3.478577,-21.982083
sz.001387,雪祺电气,2026-04-01,13.38,13.51,13.16,13.35,3285250.0,43708233.4,2.8841,0.5271,26.020383,1.953654,1.251077,20.393089
sz.001387,雪祺电气,2026-04-02,13.35,13.39,12.93,13.1,2629500.0,34597212.51,2.3084,-1.8727,25.53311,1.917069,1.227648,20.011196
sz.001388,信通电子,2026-04-01,40.52,40.52,39.9,40.15,768137.0,30823566.55,2.462,0.7275,45.50208,4.493382,6.074584,34.355404
sz.001388,信通电子,2026-04-02,40.01,40.1,38.66,38.69,1508230.0,59142514.55,4.8341,-3.6364,43.847459,4.329986,5.85369,33.106116
sz.001389,广合科技,2026-04-01,119.5,124.0,118.0,120.35,9870418.0,1193640279.47,6.4972,3.4557,55.97514,14.293042,10.365558,-253.040219
sz.001389,广合科技,2026-04-02,120.88,121.0,115.0,115.79,6589103.0,770464604.61,4.3373,-3.7889,53.854271,13.751485,9.972812,-243.452655
sz.001390,古麒绒材,2026-04-01,20.99,21.27,20.81,21.24,1550826.0,32628196.44,3.1017,2.7576,25.053683,2.676179,4.383866,31.786594
sz.001390,古麒绒材,2026-04-02,21.19,21.72,21.16,21.46,2080986.0,44545559.54,4.162,1.0358,25.313185,2.703898,4.429274,32.115834
sz.001391,国货航,2026-04-01,5.3,5.35,5.26,5.32,19150600.0,101594245.0,1.2604,1.5267,24.193673,2.489064,2.825034,-40.659086
sz.001391,国货航,2026-04-02,5.29,5.41,5.26,5.28,22095400.0,117270991.0,1.4543,-0.7519,24.011766,2.470349,2.803793,-40.353379
sz.001395,亚联机械,2026-04-01,39.39,39.75,39.03,39.39,429528.0,16874424.72,0.916,1.5468,18.49048,2.988234,4.291684,-49.604866
sz.001395,亚联机械,2026-04-02,39.33,39.47,38.3,38.59,357912.0,13902089.12,0.7633,-2.031,18.114943,2.927544,4.204521,-48.597405
sz.001396,誉帆科技,2026-04-01,45.0,45.83,44.71,44.98,895714.0,40436096.84,4.0334,1.1014,36.246975,5.557291,6.387128,304.287786
sz.001396,誉帆科技,2026-04-02,44.9,44.99,44.18,44.65,1115138.0,49770249.71,5.0215,-0.7337,35.981046,5.51652,6.340269,302.05535
sz.001400,江顺科技,2026-04-01,171.0,183.0,168.01,179.97,3503847.0,613113610.9,23.359,7.9928,97.309029,8.779005,10.550747,53.552219
sz.001400,江顺科技,2026-04-02,178.0,178.0,168.0,168.6,2911250.0,501613666.14,19.4083,-6.3177,91.161318,8.224372,9.884181,50.16894
sz.001696,宗申动力,2026-04-01,19.84,19.84,19.4,19.55,36857413.0,721117227.87,4.1348,-1.7588,27.039577,4.082672,1.756991,-85.833035
sz.001696,宗申动力,2026-04-02,19.35,19.63,18.93,19.13,30125214.0,578269432.39,3.3795,-2.1483,26.458675,3.994963,1.719245,-83.989052
sz.001872,招商港口,2026-04-01,22.0,22.21,21.83,22.05,3033855.0,66769568.3,0.1318,1.1468,11.93062,0.859919,3.271734,-108.416813
sz.001872,招商港口,2026-04-02,22.06,22.28,21.91,22.02,2324500.0,51243211.0,0.101,-0.1361,11.914387,0.858749,3.267283,-108.269307
sz.001896,豫能控股,2026-04-01,13.36,14.25,13.0,13.85,158951396.0,2168582579.65,10.4177,0.9475,54.134985,6.022353,1.881774,62.096368
sz.001896,豫能控股,2026-04-02,13.86,14.12,12.6,12.66,144014116.0,1922054510.01,9.4387,-8.5921,49.483676,5.504909,1.720091,56.761012
sz.001914,招商积余,2026-04-01,9.9,9.96,9.75,9.93,7066200.0,69731912.0,0.6706,1.8462,15.984985,0.975674,0.542901,10.966074
sz.001914,招商积余,2026-04-02,9.9,9.92,9.74,9.78,5884205.0,57678612.85,0.5584,-1.5106,15.74352,0.960935,0.5347,10.800423
sz.001965,招商公路,2026-04-01,9.9,9.93,9.77,9.82,10985985.0,108088847.47,0.1617,-0.4057,12.896449,0.998351,5.408584,18.336027
sz.001965,招商公路,2026-04-02,9.82,9.98,9.78,9.96,12285000.0,121617118.67,0.1808,1.4257,13.080308,1.012584,5.485692,18.597436
sz.001979,招商蛇口,2026-04-01,8.5,8.53,8.34,8.41,73937494.0,622931662.28,0.8788,0.0,74.063286,0.776477,0.490052,-5.265002
sz.001979,招商蛇口,2026-04-02,8.36,8.37,8.11,8.14,62203504.0,510513905.87,0.7393,-3.2105,71.685511,0.751549,0.47432,-5.095971
sz.002001,新和成,2026-04-01,34.65,35.0,34.2,34.34,38168547.0,1314984851.33,1.2568,-0.6078,14.659025,3.277377,4.696997,181.409473
sz.002001,新和成,2026-04-02,34.34,34.98,33.94,34.59,39495121.0,1357305385.04,1.3005,0.728,14.765745,3.301236,4.731191,182.730159
sz.002003,伟星股份,2026-04-01,9.92,9.93,9.75,9.86,4462995.0,44034753.63,0.4366,0.1015,18.269567,2.543811,2.448794,-76.340959
sz.002003,伟星股份,2026-04-02,9.84,9.94,9.79,9.89,4617636.0,45650505.34,0.4518,0.3043,18.325154,2.551551,2.456245,-76.573234
sz.002004,华邦健康,2026-04-01,5.28,5.4,5.25,5.38,30614345.0,163760841.8,1.627,2.8681,-76.551888,1.098263,0.899597,-18.038523
sz.002004,华邦健康,2026-04-02,5.35,5.39,5.29,5.32,25443465.0,135935570.87,1.3522,-1.1152,-75.698149,1.086014,0.889564,-17.83735
sz.002005,ST德豪,2026-04-01,2.78,2.8,2.68,2.75,9451100.0,25729331.0,0.5394,0.7326,-82.527845,13.053922,7.110629,203.877588
sz.002005,ST德豪,2026-04-02,2.75,2.76,2.7,2.72,5064600.0,13802881.0,0.2891,-1.0909,-81.627542,12.911516,7.033059,201.653469
sz.002006,精工科技,2026-04-01,17.61,17.7,17.36,17.57,7017500.0,122868061.0,1.3501,1.7961,41.768321,3.799784,4.830877,16.327471
sz.002006,精工科技,2026-04-02,17.49,17.52,16.91,17.07,8066000.0,138487568.0,1.5518,-2.8458,40.579694,3.691651,4.693402,15.86283
sz.002007,华兰生物,2026-04-01,14.74,14.97,14.65,14.97,13191984.0,195791524.34,0.8385,2.1843,29.09082,2.378747,5.953628,-46.78944
sz.002007,华兰生物,2026-04-02,14.9,14.99,14.8,14.86,10843699.0,161355559.75,0.6893,-0.7348,28.87706,2.361267,5.909881,-46.44563
sz.002008,大族激光,2026-04-01,63.36,64.5,62.07,64.1,31152949.0,1973309214.78,3.2562,4.6018,58.34364,3.889088,3.802781,39.535367
sz.002008,大族激光,2026-04-02,63.9,64.23,60.89,61.71,23145627.0,1438698071.8,2.4193,-3.7285,56.168268,3.744081,3.660992,38.061271
sz.002009,天奇股份,2026-04-01,24.35,24.5,24.14,24.46,19227821.0,467828781.08,5.4297,2.5577,-75.760536,4.913221,3.466615,-33.662782
sz.002009,天奇股份,2026-04-02,24.3,24.74,24.2,24.58,25406627.0,622849792.67,7.1745,0.4906,-76.132215,4.937325,3.483622,-33.82793
sz.002010,传化智联,2026-04-01,5.82,6.03,5.78,5.92,35216335.0,207696375.5,1.2773,3.1359,29.681836,0.904712,0.62498,-14.908295
sz.002010,传化智联,2026-04-02,5.9,5.91,5.72,5.75,23032939.0,133507867.47,0.8354,-2.8716,28.829486,0.878732,0.607033,-14.480185
sz.002011,盾安环境,2026-04-01,11.9,11.96,11.85,11.91,8209545.0,97744459.27,0.7748,1.3617,10.989895,2.016175,0.979642,61.782533
sz.002011,盾安环境,2026-04-02,11.88,11.92,11.69,11.75,7049901.0,83148579.58,0.6654,-1.3434,10.842255,1.989089,0.966481,60.952541
sz.002012,凯恩股份,2026-04-01,6.52,6.69,6.44,6.53,10722900.0,69916379.0,2.2931,1.7134,96.333203,1.961511,4.870754,-283.668409
sz.002012,凯恩股份,2026-04-02,6.57,6.57,6.34,6.42,10400000.0,66860588.0,2.224,-1.6845,94.710438,1.928468,4.788704,-278.889922
sz.002014,永新股份,2026-04-01,12.02,12.12,11.86,12.03,3218336.0,38652097.4,0.5324,1.4334,15.607281,3.139144,1.99569,-26.069001
sz.002014,永新股份,2026-04-02,12.1,12.14,11.86,11.9,2318680.0,27712858.89,0.3836,-1.0806,15.438623,3.105222,1.974124,-25.787291
sz.002015,协鑫能科,2026-04-01,16.31,17.53,16.04,17.25,263899282.0,4525285325.67,16.2567,8.2183,43.398553,2.269584,2.750967,-141.191055
sz.002015,协鑫能科,2026-04-02,17.08,17.12,16.26,16.39,170600368.0,2833391970.67,10.5093,-4.9855,41.234915,2.156434,2.613817,-134.151965
sz.002016,世荣兆业,2026-04-01,6.22,6.25,5.84,5.86,30448301.0,180788357.34,3.7633,-3.4596,34.468089,0.967644,3.267621,7.09338
sz.002016,世荣兆业,2026-04-02,5.84,5.87,5.68,5.78,16646900.0,95994063.0,2.0575,-1.3652,33.997535,0.954434,3.223012,6.996542
sz.002017,东信和平,2026-04-01,19.33,19.44,19.05,19.29,7629690.0,146510153.1,1.3153,1.5798,61.075355,6.329247,8.742897,183.021644
sz.002017,东信和平,2026-04-02,19.26,19.3,18.75,18.89,6592560.0,125200265.4,1.1365,-2.0736,59.808888,6.198003,8.561604,179.226483
sz.002019,亿帆医药,2026-04-01,13.02,13.41,12.81,13.39,28912651.0,380750638.81,3.436,5.5994,39.981583,1.844335,3.117623,-183.71216
sz.002019,亿帆医药,2026-04-02,13.35,13.57,13.25,13.32,23081662.0,308976929.93,2.743,-0.5228,39.772568,1.834694,3.101325,-182.751753
sz.002020,京新药业,2026-04-01,15.87,17.05,15.82,16.92,30700504.0,510223049.86,4.2406,7.6336,20.44544,2.577889,3.643976,63.495657
sz.002020,京新药业,2026-04-02,16.9,17.18,16.65,16.95,20707050.0,350553004.0,2.8602,0.1773,20.48169,2.58246,3.650437,63.608238
sz.002021,中捷资源,2026-04-01,3.2,3.22,3.03,3.05,52527761.0,162181489.23,4.394,-3.1746,-35394.348884,5.860935,4.382478,-205.093459
sz.002021,中捷资源,2026-04-02,3.06,3.13,3.03,3.08,36822379.0,113237000.63,3.0802,0.9836,-35742.49002,5.918583,4.425584,-207.110772
sz.002022,科华生物,2026-04-01,5.93,6.03,5.84,5.99,8193249.0,48840679.57,1.5932,1.8707,-4.10251,0.993747,1.925318,531.293857
sz.002022,科华生物,2026-04-02,6.01,6.05,5.93,5.97,7114200.0,42599219.0,1.3833,-0.3339,-4.088812,0.990429,1.91889,529.519921
sz.002023,海特高新,2026-04-01,10.36,10.44,10.21,10.35,7484875.0,77072291.75,1.0103,1.5702,59.911613,1.754706,5.102006,28.936888
sz.002023,海特高新,2026-04-02,10.3,10.31,10.04,10.1,8800754.0,89393140.55,1.1879,-2.4155,58.464473,1.712322,4.978769,28.237929
sz.002024,ST易购,2026-04-01,1.43,1.45,1.38,1.39,48531450.0,68397680.2,0.5245,-2.7972,221.500292,1.01948,0.263043,-14.188459
sz.002024,ST易购,2026-04-02,1.39,1.4,1.35,1.36,37421204.0,51480812.44,0.4044,-2.1583,216.71971,0.997476,0.257366,-13.882233
sz.002025,航天电器,2026-04-01,64.88,66.15,63.28,65.37,24266266.0,1575828241.73,5.3464,3.9765,162.820447,4.508212,5.115471,-22.534829
sz.002025,航天电器,2026-04-02,64.5,65.04,60.33,60.62,26095072.0,1614032637.62,5.7494,-7.2663,150.989375,4.180631,4.743764,-20.897374
sz.002026,山东威达,2026-04-01,12.95,13.05,12.87,12.99,5457800.0,70711519.0,1.239,2.0424,17.321214,1.514615,2.798129,-17.900517
sz.002026,山东威达,2026-04-02,13.0,13.06,12.72,12.79,4504900.0,57961482.0,1.0227,-1.5396,17.054529,1.491295,2.755048,-17.624912
sz.002027,分众传媒,2026-04-01,6.64,6.65,6.53,6.6,84800997.0,559465477.94,0.5872,0.7634,17.56115,5.788326,7.560525,45.040868
sz.002027,分众传媒,2026-04-02,6.6,6.6,6.48,6.5,67677159.0,442265552.28,0.4686,-1.5152,17.295072,5.700624,7.445971,44.35843
sz.002028,思源电气,2026-04-01,207.0,209.93,205.44,209.0,8407336.0,1748854645.65,1.3795,3.4653,51.615544,11.293393,7.698385,186.623251
sz.002028,思源电气,2026-04-02,208.0,213.03,207.01,209.6,8335221.0,1750918720.66,1.3676,0.2871,51.763723,11.325815,7.720485,187.159012
sz.002029,七匹狼,2026-04-01,10.59,10.79,10.48,10.65,20589824.0,219322978.89,3.0943,2.7001,16.619869,1.100597,2.526908,130.166575
sz.002029,七匹狼,2026-04-02,10.77,10.77,10.36,10.41,15259915.0,159772480.31,2.2933,-2.2535,16.245336,1.075795,2.469963,127.233244
sz.002030,达安基因,2026-04-01,5.98,6.11,5.93,6.11,18547629.0,112052665.95,1.3216,3.3841,-15.20522,1.107787,11.202176,-31.116041
sz.002030,达安基因,2026-04-02,6.09,6.14,6.05,6.07,16798286.0,102457620.78,1.1969,-0.6547,-15.105677,1.100535,11.128839,-30.912335
sz.002031,巨轮智能,2026-04-01,6.4,6.43,6.3,6.34,29860066.0,189355305.12,1.5402,0.0,-45.886167,6.561683,20.190616,-103.135428
sz.002031,巨轮智能,2026-04-02,6.31,6.31,6.15,6.16,32574776.0,202392002.16,1.6802,-2.8391,-44.583405,6.375389,19.617381,-100.207293
sz.002032,苏泊尔,2026-04-01,44.27,44.59,44.07,44.56,1352749.0,60060459.79,0.1688,1.6192,17.037696,6.448517,1.568754,-38.220828
sz.002032,苏泊尔,2026-04-02,44.4,45.18,44.35,45.01,1934127.0,86834561.16,0.2414,1.0099,17.209755,6.513639,1.584597,-38.60681
sz.002033,丽江股份,2026-04-01,9.15,9.33,9.07,9.29,15661254.0,144234382.05,2.8502,2.2002,23.912532,1.994806,5.933253,-14.772637
sz.002033,丽江股份,2026-04-02,9.25,9.28,9.1,9.17,10152200.0,93178367.32,1.8476,-1.2917,23.603651,1.969039,5.856612,-14.581817
sz.002034,旺能环境,2026-04-01,17.3,17.44,17.1,17.32,4843702.0,83572146.6,1.1217,1.8824,12.530542,1.082626,2.278512,188.756563
sz.002034,旺能环境,2026-04-02,17.25,17.57,16.85,17.0,3459722.0,59315522.17,0.8012,-1.8476,12.299031,1.062623,2.236415,185.269144
sz.002035,华帝股份,2026-04-01,6.78,6.82,6.37,6.65,73572225.0,489509073.75,9.4078,-0.7463,12.909121,1.4506,0.946766,-24.861183
sz.002035,华帝股份,2026-04-02,6.65,6.94,6.65,6.82,73675080.0,499701180.4,9.4209,2.5564,13.239129,1.487683,0.970969,-25.496732
sz.002036,联创电子,2026-04-01,8.85,8.89,8.75,8.86,16311323.0,144009280.89,1.5454,1.9563,-20.561537,4.370495,1.046163,-88.367959
sz.002036,联创电子,2026-04-02,8.89,9.04,8.65,8.68,21826769.0,192608712.47,2.068,-2.0316,-20.143809,4.281704,1.024909,-86.572673
sz.002037,保利联合,2026-04-01,8.12,8.19,8.0,8.13,4611900.0,37377414.0,0.9531,1.2453,-2046.381648,2.09555,0.573843,29.95188
sz.002037,保利联合,2026-04-02,8.12,8.16,7.91,7.99,4510480.0,36114377.6,0.9321,-1.722,-2011.142604,2.059464,0.563961,29.436104
sz.002038,双鹭药业,2026-04-01,7.36,8.0,7.05,7.77,170029170.0,1287700574.23,19.9585,2.3715,95.293102,1.402162,13.796016,-131.891304
sz.002038,双鹭药业,2026-04-02,7.76,8.55,7.55,8.55,186869933.0,1509525171.34,21.9353,10.0386,104.859204,1.54292,15.180945,-145.131358
sz.002039,黔源电力,2026-04-01,18.77,18.9,18.32,18.46,16385265.0,303159408.92,3.8323,-0.6993,17.708264,1.816894,2.993931,246.383924
sz.002039,黔源电力,2026-04-02,18.44,18.97,18.37,18.76,16393365.0,307365752.48,3.8342,1.6251,17.996047,1.846421,3.042587,250.387996
sz.002040,南京港,2026-04-01,10.26,10.42,10.09,10.26,9062840.0,93144438.8,1.8645,1.8868,27.576236,1.481967,4.754162,20.3232
sz.002040,南京港,2026-04-02,10.22,10.52,10.21,10.39,13801700.0,143348845.0,2.8394,1.2671,27.925643,1.500745,4.8144,20.580707
sz.002041,登海种业,2026-04-01,10.62,10.64,10.38,10.41,13950801.0,145900882.63,1.5853,-0.2874,176.049419,2.528415,7.756149,43.075568
sz.002041,登海种业,2026-04-02,10.38,10.53,10.32,10.37,13366667.0,139128062.79,1.5189,-0.3842,175.372957,2.5187,7.726346,42.910052
sz.002042,华孚时尚,2026-04-01,4.42,4.49,4.38,4.43,42978714.0,190291301.6,2.5271,2.7842,-37.072711,1.307943,0.730869,-14.621582
sz.002042,华孚时尚,2026-04-02,4.43,4.43,4.23,4.27,36826100.0,158665580.5,2.1654,-3.6117,-35.733741,1.260704,0.704472,-14.093489
sz.002043,兔宝宝,2026-04-01,15.43,15.6,15.22,15.43,11007158.0,169882600.78,1.4953,0.4557,17.743866,3.983911,1.440707,-25.978131
sz.002043,兔宝宝,2026-04-02,15.44,15.44,14.88,15.1,7011510.0,105739885.2,0.9525,-2.1387,17.36438,3.898707,1.409895,-25.422539
sz.002044,美年健康,2026-04-01,5.74,5.8,5.67,5.74,77901223.0,445832807.25,2.0108,1.9538,72.602116,2.841173,2.142477,54.174156
sz.002044,美年健康,2026-04-02,5.7,5.73,5.58,5.63,74400546.0,419109445.93,1.9204,-1.9164,71.210787,2.786725,2.101419,53.135975
sz.002045,国光电器,2026-04-01,11.74,11.77,11.62,11.73,5724178.0,66916544.6,1.0188,1.4706,235.905556,1.490741,0.777704,-34.212495
sz.002045,国光电器,2026-04-02,11.71,11.77,11.5,11.56,5907400.0,68613715.0,1.0515,-1.4493,232.486635,1.469137,0.766433,-33.716662
sz.002046,国机精工,2026-04-01,44.95,45.16,43.7,44.16,7193699.0,318703686.46,1.3604,0.9141,84.140408,5.47055,7.521472,40.622245
sz.002046,国机精工,2026-04-02,43.84,44.15,42.56,42.8,7472704.0,323097023.37,1.4131,-3.0797,81.549128,5.302073,7.289833,39.371198
sz.002047,*ST宝鹰,2026-04-01,5.0,5.02,4.8,4.96,24015200.0,118088644.0,1.584,1.0183,127.019636,148.058953,11.418543,-27.286257
sz.002047,*ST宝鹰,2026-04-02,4.95,5.04,4.9,4.97,16536700.0,82092670.0,1.0907,0.2016,127.275724,148.357459,11.441565,-27.34127
sz.002048,宁波华翔,2026-04-01,25.94,26.39,25.71,26.15,12842120.0,334669608.3,1.8093,1.7906,66.242134,1.892518,0.776926,-95.686861
sz.002048,宁波华翔,2026-04-02,26.15,26.22,25.12,25.42,10411763.0,266241954.56,1.4669,-2.7916,64.392927,1.839686,0.755237,-93.015679
sz.002049,紫光国微,2026-04-01,67.3,67.67,66.93,67.4,10350853.0,696413059.16,1.2185,2.0594,39.984637,4.363334,9.307488,-53.954853
sz.002049,紫光国微,2026-04-02,67.4,67.4,65.42,65.9,11357588.0,753353060.88,1.337,-2.2255,39.094939,4.266245,9.100387,-52.754303
sz.002050,三花智控,2026-04-01,43.34,44.0,43.05,43.59,77985760.0,3393458357.7,2.1168,2.4924,45.146992,5.777434,5.91477,20.282362
sz.002050,三花智控,2026-04-02,43.3,43.83,42.69,42.81,57938641.0,2505347307.19,1.5726,-1.7894,44.339131,5.674053,5.808931,19.919429
sz.002051,中工国际,2026-04-01,9.86,9.86,8.97,9.01,95411415.0,902589653.05,7.711,0.558,36.272286,0.963335,0.97725,10.645241
sz.002051,中工国际,2026-04-02,9.0,9.91,8.97,9.91,90458192.0,864614895.42,7.3107,9.9889,39.895489,1.059561,1.074867,11.708583
sz.002052,同洲电子,2026-04-01,10.55,10.62,10.39,10.53,10845305.0,113678412.4,1.5732,1.3474,43.96393,28.664233,11.466123,-892.438196
sz.002052,同洲电子,2026-04-02,10.52,10.52,9.99,10.09,16100100.0,163196775.0,2.3354,-4.1785,42.126881,27.466487,10.987006,-855.147331
sz.002053,云南能投,2026-04-01,12.55,13.11,11.94,12.01,31695362.0,395900718.44,3.4424,-2.6742,46.796754,1.491324,4.432352,-12.028866
sz.002053,云南能投,2026-04-02,12.0,12.28,11.58,11.76,19162712.0,226845097.51,2.0813,-2.0816,45.822633,1.46028,4.340088,-11.778473
sz.002054,德美化工,2026-04-01,8.69,8.72,8.57,8.63,10773300.0,92892457.0,2.8055,0.7001,35.205042,1.625046,1.387834,144.394273
sz.002054,德美化工,2026-04-02,8.65,8.65,8.37,8.42,10693500.0,90591510.0,2.7847,-2.4334,34.348373,1.585502,1.354063,140.880623
sz.002055,ST得润,2026-04-01,5.79,5.8,5.69,5.77,16499501.0,94932175.75,2.7777,1.7637,-3.397968,2.44156,0.763329,46.839697
sz.002055,ST得润,2026-04-02,5.77,5.85,5.58,5.64,20351101.0,116465090.82,3.4262,-2.253,-3.32141,2.386551,0.746131,45.784383
sz.002056,横店东磁,2026-04-01,18.94,19.28,18.7,19.16,42421859.0,805706009.02,2.6105,3.0108,16.836727,2.932635,1.379939,-33.60363
sz.002056,横店东磁,2026-04-02,19.17,19.17,18.28,18.37,32204381.0,599435059.44,1.9818,-4.1232,16.14252,2.811718,1.323041,-32.218094
sz.002057,中钢天源,2026-04-01,9.36,9.4,9.26,9.33,9367943.0,87327479.47,1.2434,1.413,29.70723,2.172228,2.290006,-14.3859
sz.002057,中钢天源,2026-04-02,9.29,9.31,9.11,9.2,7882626.0,72558344.79,1.0462,-1.3934,29.293303,2.141961,2.258098,-14.185454
sz.002058,*ST威尔,2026-04-01,21.57,21.85,21.3,21.35,1337500.0,28752994.0,0.9345,-1.2031,17.072564,76.543714,15.459376,56.540799
sz.002058,*ST威尔,2026-04-02,21.26,21.56,21.0,21.08,870400.0,18530192.0,0.6082,-1.2646,16.856658,75.575714,15.263871,55.825763
sz.002059,云南旅游,2026-04-01,5.14,5.15,4.97,5.1,20435202.0,103165180.89,2.0788,-0.3906,-15.663615,4.731376,14.705288,-88.773218
sz.002059,云南旅游,2026-04-02,5.08,5.1,4.98,5.03,11299520.0,56825823.4,1.1494,-1.3725,-15.448624,4.666435,14.503451,-87.554762
sz.002060,广东建工,2026-04-01,3.97,4.01,3.87,3.9,48908900.0,191893637.0,3.1295,-0.5102,13.53083,1.062205,0.20771,-4.953403
sz.002060,广东建工,2026-04-02,3.93,3.97,3.86,3.9,40528277.0,158398435.1,2.5933,0.0,13.53083,1.062205,0.20771,-4.953403
sz.002061,浙江交科,2026-04-01,3.98,4.0,3.92,3.94,20771746.0,82118313.2,0.7992,0.2545,8.887211,0.668429,0.217086,4.388678
sz.002061,浙江交科,2026-04-02,3.93,3.95,3.88,3.92,17309634.0,67814176.12,0.666,-0.5076,8.842098,0.665036,0.215984,4.3664
sz.002062,宏润建设,2026-04-01,7.58,7.6,7.4,7.53,13763725.0,103035941.25,1.2238,1.3459,33.644765,1.836691,1.578294,23.770976
sz.002062,宏润建设,2026-04-02,7.53,7.53,7.29,7.32,9530200.0,70475603.2,0.8474,-2.7888,32.706465,1.785469,1.534278,23.108041
sz.002063,远光软件,2026-04-01,6.62,6.74,6.55,6.71,76921987.0,510753672.22,4.3613,3.87,42.565259,3.401864,4.942323,113.030726
sz.002063,远光软件,2026-04-02,6.69,6.7,6.35,6.39,68665663.0,445358063.49,3.8932,-4.769,40.535321,3.239629,4.706623,107.640289
sz.002064,华峰化学,2026-04-01,10.49,10.73,10.4,10.56,45178111.0,478762351.78,0.9123,2.924,28.211559,1.916867,2.165633,-121.375483
sz.002064,华峰化学,2026-04-02,10.57,10.6,10.34,10.42,23570900.0,246014942.6,0.476,-1.3258,27.837542,1.891454,2.136922,-119.766338
sz.002065,东华软件,2026-04-01,8.09,8.12,8.05,8.1,26019279.0,210273041.06,0.8948,1.7588,72.061814,2.128317,1.905715,82.941628
sz.002065,东华软件,2026-04-02,8.06,8.08,7.9,7.94,24134199.0,192367914.8,0.8299,-1.9753,70.638371,2.086276,1.868072,81.303275
sz.002066,瑞泰科技,2026-04-01,20.25,20.5,19.86,20.09,2679113.0,53835526.26,1.1598,0.9548,260.368011,6.679275,1.226503,243.811076
sz.002066,瑞泰科技,2026-04-02,20.1,20.3,19.95,20.07,2746800.0,55349787.0,1.1891,-0.0996,260.108809,6.672625,1.225282,243.568357
sz.002067,景兴纸业,2026-04-01,5.02,5.05,4.96,4.98,20689515.0,102991984.4,1.5468,0.8097,118.28493,1.141047,1.305334,-210.417448
sz.002067,景兴纸业,2026-04-02,4.95,4.97,4.8,4.81,30991679.0,151011280.78,2.317,-3.4137,114.247091,1.102096,1.260774,-203.234523
sz.002068,黑猫股份,2026-04-01,8.95,8.98,8.61,8.62,19645742.0,171904225.86,2.673,-1.8223,-13.680343,2.612214,0.729836,-33.219609
sz.002068,黑猫股份,2026-04-02,8.64,8.78,8.46,8.61,17319100.0,149090327.96,2.3564,-0.116,-13.664473,2.609184,0.72899,-33.181071
sz.002069,獐子岛,2026-04-01,3.82,3.87,3.7,3.73,11959801.0,44798731.71,1.684,-0.5333,-89.810118,146.369952,1.76918,41.799938
sz.002069,獐子岛,2026-04-02,3.72,3.78,3.68,3.71,10424350.0,38883002.5,1.4678,-0.5362,-89.328563,145.585126,1.759694,41.57581
sz.002072,凯瑞德,2026-04-01,7.32,7.8,7.3,7.52,13918535.0,105261520.8,3.787,4.4444,-124.645159,11.736765,5.94969,13.550075
sz.002072,凯瑞德,2026-04-02,7.55,8.03,7.46,7.68,17113638.0,133100376.86,4.6564,2.1277,-127.297184,11.986483,6.076279,13.838375
sz.002073,软控股份,2026-04-01,7.15,7.55,7.12,7.38,37106094.0,271695029.99,3.6589,4.6809,16.154785,1.228153,0.946621,13.419226
sz.002073,软控股份,2026-04-02,7.43,7.95,7.42,7.58,67720369.0,520125914.2,6.6777,2.71,16.592584,1.261436,0.972275,13.782891
sz.002074,国轩高科,2026-04-01,36.32,36.44,35.45,35.92,28354671.0,1017160039.24,1.6332,0.6162,19.582125,2.290641,1.640354,-81.197258
sz.002074,国轩高科,2026-04-02,35.72,36.23,34.68,34.8,32920687.0,1162526330.71,1.8961,-3.118,18.971546,2.219218,1.589207,-78.665495
sz.002075,沙钢股份,2026-04-01,4.81,4.85,4.74,4.79,28727799.0,137551887.8,1.3095,0.8421,36.449531,1.596912,0.756636,-32.450344
sz.002075,沙钢股份,2026-04-02,4.75,4.78,4.65,4.67,26320200.0,123805819.0,1.1997,-2.5052,35.53639,1.556906,0.737681,-31.637392
sz.002076,*ST星光,2026-04-01,2.08,2.14,2.07,2.11,29124405.0,61375607.45,2.7943,2.4272,-90.975289,7.426249,9.892335,-75.020887
sz.002076,*ST星光,2026-04-02,2.1,2.15,2.05,2.06,25366600.0,52877069.0,2.4338,-2.3697,-88.819477,7.250271,9.657919,-73.243141
sz.002077,大港股份,2026-04-01,16.93,17.15,16.52,16.65,27080996.0,452986219.19,4.6663,0.726,217.527159,2.881647,26.370574,277.596926
sz.002077,大港股份,2026-04-02,16.49,16.77,15.6,15.62,33173296.0,531999129.69,5.7161,-6.1862,204.070524,2.703383,24.739241,260.424263
sz.002078,太阳纸业,2026-04-01,15.02,15.2,14.91,15.12,13317238.0,200461549.76,0.4795,1.9555,12.969679,1.401238,1.078326,-93.051314
sz.002078,太阳纸业,2026-04-02,15.07,15.24,14.98,15.14,12152994.0,183754784.13,0.4376,0.1323,12.986834,1.403091,1.079753,-93.174397
sz.002079,苏州固锝,2026-04-01,9.47,9.49,9.35,9.49,13835793.0,130558082.59,1.7065,1.9334,79.55014,2.49829,1.805008,-25.572772
sz.002079,苏州固锝,2026-04-02,9.57,9.65,9.45,9.49,23289500.0,222276635.09,2.8725,0.0,79.55014,2.49829,1.805008,-25.572772
sz.002080,中材科技,2026-04-01,41.58,42.8,40.91,41.17,45033672.0,1876295758.18,2.6836,4.8383,38.007058,3.469814,2.288036,184.989317
sz.002080,中材科技,2026-04-02,41.17,41.29,39.13,39.52,26660383.0,1064259159.07,1.5887,-4.0078,36.483822,3.330751,2.196336,177.575366
sz.002081,金螳螂,2026-04-01,3.4,3.42,3.36,3.4,18470211.0,62661651.51,0.6984,1.1905,19.739142,0.657576,0.531574,66.854011
sz.002081,金螳螂,2026-04-02,3.4,3.41,3.34,3.37,15960400.0,53878144.0,0.6035,-0.8824,19.564973,0.651774,0.526884,66.264123
sz.002082,万邦德,2026-04-01,29.4,33.22,29.29,33.2,81969726.0,2614206402.68,14.816,9.9338,-102.16502,7.592104,17.740675,-8476.656644
sz.002082,万邦德,2026-04-02,32.2,34.73,31.02,34.54,79235916.0,2601988648.28,14.3218,4.0361,-106.288548,7.898532,18.456714,-8818.786761
sz.002083,孚日股份,2026-04-01,11.95,12.95,11.55,12.95,74453233.0,927873545.63,7.865,10.0255,39.891939,2.682572,2.372318,496.958534
sz.002083,孚日股份,2026-04-02,12.66,12.81,12.25,12.44,83295515.0,1035240904.73,8.7991,-3.9382,38.320905,2.576926,2.278891,477.387194
sz.002084,海鸥住工,2026-04-01,3.99,3.99,3.83,3.89,18737310.0,72647016.75,2.9067,-0.2564,-13.842962,1.804782,0.917744,-20.006264
sz.002084,海鸥住工,2026-04-02,3.88,3.9,3.78,3.82,14307084.0,54817869.66,2.2194,-1.7995,-13.59386,1.772305,0.901229,-19.646254
sz.002085,万丰奥威,2026-04-01,14.3,14.35,14.05,14.11,21767602.0,307834250.1,1.0252,0.2843,36.587019,3.943456,1.836944,-382.85918
sz.002085,万丰奥威,2026-04-02,14.06,14.08,13.77,13.79,21988886.0,305247213.24,1.0356,-2.2679,35.757264,3.854023,1.795284,-374.176336
sz.002086,东方海洋,2026-04-01,2.15,2.16,2.1,2.14,43103769.0,91829173.33,2.7259,0.9434,-18.534985,3.161442,12.394861,-43.248063
sz.002086,东方海洋,2026-04-02,2.13,2.15,2.09,2.1,39267971.0,83153690.52,2.4833,-1.8692,-18.188537,3.102349,12.163182,-42.439688
sz.002088,鲁阳节能,2026-04-01,10.16,10.19,10.04,10.14,2467952.0,24958320.24,0.4879,1.5015,21.515984,2.002573,1.881781,-26.247366
sz.002088,鲁阳节能,2026-04-02,10.1,10.12,9.92,9.99,2001140.0,20024979.8,0.3956,-1.4793,21.197701,1.972949,1.853944,-25.859091
sz.002090,金智科技,2026-04-01,10.77,10.91,10.72,10.88,8100392.0,87606512.24,2.0455,2.6415,53.039929,2.857395,2.539678,500.704132
sz.002090,金智科技,2026-04-02,10.95,10.98,10.56,10.71,7827570.0,84180352.08,1.9766,-1.5625,52.21118,2.812748,2.499995,492.88063
sz.002091,江苏国泰,2026-04-01,9.16,9.23,9.03,9.13,21830315.0,198684644.75,1.3659,0.6615,11.482817,0.945211,0.372519,-8.837197
sz.002091,江苏国泰,2026-04-02,9.08,9.19,8.95,9.02,16818115.0,152238560.1,1.0523,-1.2048,11.34447,0.933823,0.368031,-8.730725
sz.002092,中泰化学,2026-04-01,7.04,7.05,6.77,6.78,64124200.0,442835589.0,2.4897,-2.0231,-60.814913,0.815909,0.611946,25.244065
sz.002092,中泰化学,2026-04-02,6.76,6.91,6.61,6.65,68288705.0,460312011.1,2.6514,-1.9174,-59.648845,0.800265,0.600213,24.760034
sz.002093,国脉科技,2026-04-01,9.65,9.68,9.54,9.6,7570200.0,72611435.0,0.7514,1.0526,44.682992,2.520173,17.0883,188.677151
sz.002093,国脉科技,2026-04-02,9.59,9.61,9.33,9.36,8405000.0,79364002.0,0.8342,-2.5,43.565918,2.457169,16.661093,183.960222
sz.002094,青岛金王,2026-04-01,6.58,6.61,6.5,6.58,10196551.0,66887059.37,1.4768,1.2308,119.859681,2.940538,2.710882,-58.004423
sz.002094,青岛金王,2026-04-02,6.56,6.6,6.48,6.55,12367600.0,80785561.0,1.7912,-0.4559,119.313209,2.927131,2.698522,-57.739965
sz.002095,生意宝,2026-04-01,16.88,16.99,16.56,16.71,2010629.0,33585611.62,0.7988,1.0278,-393.304774,4.768145,7.054171,26.473755
sz.002095,生意宝,2026-04-02,16.63,16.69,16.26,16.39,2102140.0,34572469.8,0.8351,-1.915,-385.772905,4.676834,6.919082,25.966777
sz.002096,易普力,2026-04-01,11.7,11.79,11.57,11.75,11893821.0,138964957.63,0.9588,1.9081,18.388503,1.825433,1.48248,44.173638
sz.002096,易普力,2026-04-02,11.68,11.73,11.41,11.52,7783100.0,89984816.0,0.6274,-1.9574,18.028558,1.789701,1.453461,43.308963
sz.002097,山河智能,2026-04-01,10.27,10.44,9.96,10.12,42304061.0,428531424.62,3.9437,-1.3645,80.661576,2.316878,1.551029,27.558175
sz.002097,山河智能,2026-04-02,10.03,10.11,9.83,9.87,20571149.0,204544289.0,1.9177,-2.4704,78.668949,2.259642,1.512713,26.87739
sz.002098,浔兴股份,2026-04-01,9.19,9.25,9.05,9.13,2680300.0,24498985.0,0.7487,0.6615,16.586266,2.24688,1.167234,113.185664
sz.002098,浔兴股份,2026-04-02,9.13,9.17,8.9,8.94,2184600.0,19646893.0,0.6102,-2.0811,16.241097,2.200121,1.142943,110.830212
sz.002099,海翔药业,2026-04-01,7.17,7.35,7.15,7.27,35175462.0,254916635.7,2.1771,2.2504,-35.13308,2.298329,6.324963,-72.613394
sz.002099,海翔药业,2026-04-02,7.25,7.36,7.2,7.29,29824963.0,216845455.86,1.8459,0.2751,-35.229732,2.304651,6.342364,-72.813156
sz.002100,天康生物,2026-04-01,7.35,7.43,7.27,7.33,16150500.0,118611013.0,1.183,0.6868,22.180368,1.395634,0.565415,27.88825
sz.002100,天康生物,2026-04-02,7.3,7.79,7.29,7.63,45602401.0,347693865.48,3.3402,4.0928,23.088159,1.452754,0.588556,29.029652
sz.002101,广东鸿图,2026-04-01,11.16,11.22,10.99,11.21,6219626.0,69090402.95,0.9392,2.468,20.797397,0.95275,0.818278,-5.069179
sz.002101,广东鸿图,2026-04-02,11.2,11.22,11.0,11.04,4597485.0,51029613.1,0.6943,-1.5165,20.482003,0.938301,0.805869,-4.992305
sz.002102,能特科技,2026-04-01,3.29,3.33,3.23,3.33,52845803.0,173881381.9,2.4321,2.7778,-32.270507,2.48755,0.81446,-661.146455
sz.002102,能特科技,2026-04-02,3.1,3.19,3.0,3.0,166298206.0,507080261.42,7.6533,-9.9099,-29.072529,2.241036,0.733748,-595.627437
sz.002103,广博股份,2026-04-01,8.46,8.5,8.36,8.49,5178460.0,43805847.6,1.3735,1.555,26.359909,3.778488,1.586704,176.214598
sz.002103,广博股份,2026-04-02,8.49,8.5,8.29,8.33,4003300.0,33510499.0,1.0618,-1.8846,25.863138,3.707279,1.556801,172.893711
sz.002104,恒宝股份,2026-04-01,15.71,15.77,15.47,15.57,12023007.0,187169453.11,2.0048,1.0383,269.556974,5.149351,13.21354,-2218.103099
sz.002104,恒宝股份,2026-04-02,15.49,15.56,15.19,15.28,12678262.0,194630532.15,2.1141,-1.8626,264.536324,5.053441,12.96743,-2176.789682
sz.002105,信隆健康,2026-04-01,6.62,6.62,6.4,6.5,8511628.0,55076872.96,2.3353,-0.4594,-47.696987,2.827247,1.9245,-38.556228
sz.002105,信隆健康,2026-04-02,6.5,6.54,6.26,6.34,7422900.0,47294870.0,2.0366,-2.4615,-46.522908,2.757653,1.877127,-37.607152
sz.002106,莱宝高科,2026-04-01,10.6,10.67,10.48,10.59,9189712.0,97166886.93,1.3037,2.2201,30.495523,1.338419,1.248419,-3.91063
sz.002106,莱宝高科,2026-04-02,10.56,10.62,10.13,10.21,12456821.0,128600151.3,1.7672,-3.5883,29.401255,1.290392,1.203622,-3.770305
sz.002107,沃华医药,2026-04-01,6.56,6.79,6.52,6.75,15231662.0,101662319.64,2.6657,4.4892,40.705771,5.382793,4.769145,76.154084
sz.002107,沃华医药,2026-04-02,6.83,6.88,6.75,6.81,15245280.0,103825331.0,2.6681,0.8889,41.0676,5.43064,4.811538,76.831009
sz.002108,沧州明珠,2026-04-01,5.0,5.02,4.86,4.9,68304500.0,335790124.76,4.146,-1.2097,51.74606,1.609163,2.820751,-67.833383
sz.002108,沧州明珠,2026-04-02,4.94,4.99,4.78,4.85,79034075.0,386389262.7,4.7972,-1.0204,51.218039,1.592742,2.791968,-67.141205
sz.002109,兴化股份,2026-04-01,4.49,4.55,4.35,4.4,62706426.0,278039888.45,4.9133,-2.439,-11.368852,1.377719,1.546908,-22.247077
sz.002109,兴化股份,2026-04-02,4.44,4.7,4.41,4.5,76185230.0,343201640.74,5.9694,2.2727,-11.627235,1.409031,1.582065,-22.752693
sz.002110,三钢闽光,2026-04-01,3.93,3.96,3.87,3.89,18141442.0,70897719.96,0.7468,0.5168,39.987048,0.480535,0.204756,53.371131
sz.002110,三钢闽光,2026-04-02,3.88,3.9,3.81,3.83,15758300.0,60678815.0,0.6487,-1.5424,39.370281,0.473123,0.201598,52.547926
sz.002111,威海广泰,2026-04-01,9.89,10.1,9.82,10.04,9847340.0,98485477.0,2.0148,2.7636,73.705184,1.783396,1.717228,34.246445
sz.002111,威海广泰,2026-04-02,10.01,10.04,9.64,9.7,8119040.0,79647637.8,1.6612,-3.3865,71.209192,1.723002,1.659075,33.086705
sz.002112,三变科技,2026-04-01,21.48,21.49,20.93,21.12,21615034.0,457969495.93,8.2475,1.4897,75.354973,7.133461,3.226658,251.36172
sz.002112,三变科技,2026-04-02,21.21,21.66,20.29,20.5,26173996.0,546188806.02,9.987,-2.9356,73.142848,6.924051,3.131936,243.98273
sz.002114,罗平锌电,2026-04-01,8.75,8.81,8.52,8.6,7211400.0,62115683.0,2.2299,0.4673,-26.555341,3.290266,2.236263,-108.232303
sz.002114,罗平锌电,2026-04-02,8.63,8.64,8.33,8.42,8121301.0,68624658.39,2.5113,-2.093,-25.999531,3.2214,2.189458,-105.966976
sz.002115,三维通信,2026-04-01,12.42,12.45,12.04,12.2,38605973.0,469981647.96,5.1324,0.1642,-40.562209,4.769753,1.022145,-41.910729
sz.002115,三维通信,2026-04-02,12.1,12.2,11.81,11.89,24587142.0,294121995.47,3.2687,-2.541,-39.53153,4.648554,0.996172,-40.845785
sz.002116,中国海诚,2026-04-01,10.46,10.67,10.27,10.37,6125900.0,63849414.0,1.3297,0.8755,14.092452,1.826638,0.69314,-595.611195
sz.002116,中国海诚,2026-04-02,10.31,10.41,10.24,10.28,4552049.0,46992991.68,0.9881,-0.8679,13.970146,1.810785,0.687124,-590.441956
sz.002117,东港股份,2026-04-01,10.08,10.1,9.93,10.1,9637696.0,96631200.9,1.8409,1.4056,36.691221,3.694013,4.461302,188.782106
sz.002117,东港股份,2026-04-02,10.02,10.08,9.75,9.8,7437440.0,73510507.8,1.4206,-2.9703,35.601383,3.58429,4.328788,183.174716
sz.002119,康强电子,2026-04-01,20.63,20.72,20.22,20.38,11719019.0,239155940.99,3.1227,1.6966,65.667133,5.572807,3.4774,-226.197925
sz.002119,康强电子,2026-04-02,20.33,20.43,19.5,19.68,13048874.0,259451883.8,3.4771,-3.4347,63.411638,5.381396,3.357961,-218.428615
sz.002120,韵达股份,2026-04-01,6.83,6.85,6.75,6.79,13849055.0,94111223.65,0.492,0.4438,15.926584,0.967145,0.389607,-19.678315
sz.002120,韵达股份,2026-04-02,6.77,6.78,6.71,6.75,15908696.0,107235970.67,0.5651,-0.5891,15.832762,0.961447,0.387312,-19.562392
sz.002121,科陆电子,2026-04-01,7.94,7.97,7.78,7.85,24642100.0,193291046.0,1.7602,0.7702,-83.459166,36.57479,2.066022,29.923806
sz.002121,科陆电子,2026-04-02,7.85,7.95,7.57,7.63,28249349.0,217851663.76,2.0179,-2.8025,-81.120183,35.549764,2.008121,29.085177
sz.002122,ST汇洲,2026-04-01,2.96,3.01,2.93,2.97,25908288.0,76981530.7,1.3031,1.7123,-15.490153,2.723327,5.652141,167.704822
sz.002122,ST汇洲,2026-04-02,2.96,2.98,2.88,2.9,21629888.0,63229256.2,1.0879,-2.3569,-15.125065,2.659141,5.518926,163.752183
sz.002123,梦网科技,2026-04-01,10.08,10.11,9.97,10.03,9129611.0,91589963.33,1.2679,1.1089,-159.865387,4.679903,2.552172,-334.562516
sz.002123,梦网科技,2026-04-02,9.97,9.97,9.68,9.71,12641666.0,123926043.4,1.7556,-3.1904,-154.764996,4.530594,2.470746,-323.888538
sz.002124,天邦食品,2026-04-01,2.39,2.4,2.33,2.36,32951477.0,77582138.94,1.6707,0.0,13.921278,1.33255,0.568981,82.949874
sz.002124,天邦食品,2026-04-02,2.36,2.42,2.35,2.38,42692123.0,101958288.88,2.1645,0.8475,14.039255,1.343843,0.573803,83.652839
sz.002125,湘潭电化,2026-04-01,13.3,13.5,13.1,13.23,16788591.0,222897371.62,2.667,1.2242,36.497852,2.72927,4.312159,21.525237
sz.002125,湘潭电化,2026-04-02,13.13,13.3,12.88,12.98,13409759.0,175049984.23,2.1302,-1.8896,35.809522,2.677797,4.230834,21.119283
sz.002126,银轮股份,2026-04-01,43.45,44.34,42.82,43.47,20459200.0,891649776.1,2.5797,2.2583,43.195549,5.453426,2.525921,-302.719446
sz.002126,银轮股份,2026-04-02,43.11,43.5,41.41,41.94,18689905.0,789310361.95,2.3533,-3.5197,41.729231,5.268304,2.440176,-292.44332
sz.002127,南极电商,2026-04-01,2.83,2.85,2.78,2.78,18171831.0,50828988.42,0.911,-0.7143,-27.51554,1.635886,2.31933,150.754012
sz.002127,南极电商,2026-04-02,2.78,2.78,2.71,2.73,24308300.0,66643139.3,1.2186,-1.7986,-27.020656,1.606464,2.277616,148.042609
sz.002128,电投能源,2026-04-01,30.49,30.49,29.9,30.08,13880870.0,418953184.52,0.6192,0.0333,13.325664,1.81079,2.214159,-136.561995
sz.002128,电投能源,2026-04-02,30.17,30.93,30.17,30.77,16418045.0,503373367.01,0.7324,2.2939,13.631339,1.852327,2.264949,-139.694567
sz.002129,TCL中环,2026-04-01,8.94,9.12,8.81,8.98,87277327.0,780184109.2,2.1604,2.2779,-3.919258,1.652725,1.249806,-11.409452
sz.002129,TCL中环,2026-04-02,8.9,8.93,8.54,8.59,97993551.0,852579921.13,2.4257,-4.343,-3.749045,1.580947,1.195527,-10.913942
sz.002130,沃尔核材,2026-04-01,23.99,24.14,23.65,23.85,29557802.0,703567912.59,2.5771,1.6191,29.188073,5.138792,3.950853,101.008784
sz.002130,沃尔核材,2026-04-02,23.69,23.73,23.1,23.18,27589389.0,644718316.09,2.4055,-2.8092,28.368114,4.994432,3.839864,98.171221
sz.002131,利欧股份,2026-04-01,7.84,7.93,7.66,7.73,424365051.0,3290749363.23,7.2544,-1.0243,107.012616,3.95473,2.646864,614.617484
sz.002131,利欧股份,2026-04-02,7.71,7.72,7.4,7.45,351163890.0,2640658729.92,6.0031,-3.6223,103.13635,3.81148,2.550988,592.354496
sz.002132,恒星科技,2026-04-01,3.94,3.95,3.83,3.87,26873982.0,104488106.34,1.9203,-0.7692,358.3041,1.562816,1.039205,158.264416
sz.002132,恒星科技,2026-04-02,3.86,3.89,3.76,3.81,22873133.0,87299268.72,1.6344,-1.5504,352.748998,1.538586,1.023093,155.810704
sz.002133,广宇集团,2026-04-01,3.52,3.54,3.42,3.45,13056180.0,45152526.4,1.6959,0.0,-3.503776,0.908891,0.513633,-8.362132
sz.002133,广宇集团,2026-04-02,3.44,3.48,3.33,3.37,12563400.0,42585882.0,1.6319,-2.3188,-3.422529,0.887816,0.501722,-8.168228
sz.002134,天津普林,2026-04-01,20.35,21.04,20.35,20.59,5903163.0,122031089.81,2.3959,2.5398,1065.409708,10.159924,3.681982,123.05732
sz.002134,天津普林,2026-04-02,20.41,20.8,19.98,20.06,4393800.0,89304414.0,1.7833,-2.5741,1037.985369,9.8984,3.587206,119.889744
sz.002135,东南网架,2026-04-01,6.66,7.19,6.65,6.93,72490186.0,511045536.34,6.9444,5.9633,99.087006,1.226764,0.871962,21.874803
sz.002135,东南网架,2026-04-02,6.92,6.99,6.52,6.55,43970496.0,294723415.47,4.2123,-5.4834,93.653663,1.159496,0.824149,20.675319
sz.002136,安纳达,2026-04-01,12.9,12.9,12.58,12.7,5381600.0,68407596.0,2.5094,0.5542,-29.495107,2.525074,1.615146,-22.540441
sz.002136,安纳达,2026-04-02,12.72,12.88,12.2,12.33,6686500.0,83529829.0,3.1179,-2.9134,-28.6358,2.451509,1.568091,-21.883751
sz.002137,实益达,2026-04-01,8.16,8.2,8.06,8.12,9293200.0,75526077.0,2.3441,1.5,-233.636706,3.101659,7.472466,421.880584
sz.002137,实益达,2026-04-02,8.1,8.12,7.85,7.89,8944300.0,71254066.0,2.256,-2.8325,-227.018917,3.013804,7.260808,409.930765
sz.002138,顺络电子,2026-04-01,34.0,34.24,33.69,34.03,14547959.0,494522242.03,1.9231,2.8407,26.874217,4.04721,4.067877,451.764105
sz.002138,顺络电子,2026-04-02,33.8,33.8,32.4,32.71,17108900.0,564469814.61,2.2616,-3.8789,25.831785,3.890221,3.910087,434.24049
sz.002139,拓邦股份,2026-04-01,12.26,12.36,12.18,12.3,13756846.0,168839879.25,1.2845,2.0747,28.417168,2.169104,1.395559,-85.715051
sz.002139,拓邦股份,2026-04-02,12.28,12.4,12.01,12.08,11416218.0,138862521.68,1.0659,-1.7886,41.392921,2.157153,1.359094,640.279759
sz.002140,东华科技,2026-04-01,12.85,13.05,12.76,12.79,13490749.0,173546139.19,1.9082,1.5079,16.994133,1.90988,0.903326,-27.137617
sz.002140,东华科技,2026-04-02,12.77,13.03,12.61,12.75,9236747.0,118264728.98,1.3065,-0.3127,16.940985,1.903907,0.900501,-27.052746
sz.002141,贤丰控股,2026-04-01,3.79,3.81,3.71,3.75,16422013.0,61570719.95,1.6116,1.0782,-53.560557,4.656755,2.921274,-65.993105
sz.002141,贤丰控股,2026-04-02,3.75,3.78,3.67,3.7,14907000.0,55318441.0,1.4629,-1.3333,-52.846416,4.594665,2.882324,-65.113197
sz.002142,宁波银行,2026-04-01,30.6,30.94,30.41,30.63,14502886.0,445855362.98,0.2197,0.5911,6.895578,0.92835,2.810527,22.816468
sz.002142,宁波银行,2026-04-02,30.58,30.76,30.35,30.45,15108031.0,461169262.51,0.2289,-0.5877,6.855055,0.922895,2.79401,22.682385
sz.002144,宏达高科,2026-04-01,14.66,14.8,14.5,14.71,3364200.0,49369946.0,2.4441,2.2238,119.262024,1.223775,4.568318,-19.715884
sz.002144,宏达高科,2026-04-02,14.7,14.78,14.48,14.55,3504569.0,51192205.64,2.5461,-1.0877,117.964817,1.210464,4.518629,-19.501435
sz.002145,钛能化学,2026-04-01,4.75,4.78,4.68,4.7,36067084.0,170078617.96,0.9672,0.6424,41.277174,1.482424,2.388467,46.428404
sz.002145,钛能化学,2026-04-02,4.68,4.69,4.51,4.54,47250375.0,216871312.25,1.2671,-3.4043,39.871994,1.431958,2.307157,44.847862
sz.002146,荣盛发展,2026-04-01,1.45,1.46,1.42,1.43,97873300.0,140463194.0,2.5022,0.0,-0.614594,0.523316,0.210369,-3.63896
sz.002146,荣盛发展,2026-04-02,1.43,1.43,1.38,1.39,103215302.0,144453070.8,2.6388,-2.7972,-0.597403,0.508678,0.204485,-3.537171
sz.002148,北纬科技,2026-04-01,7.6,7.64,7.49,7.58,6249061.0,47228689.96,1.3908,1.4726,343.113551,3.468077,11.614023,108.370983
sz.002148,北纬科技,2026-04-02,7.56,7.58,7.37,7.44,5707500.0,42521742.0,1.2703,-1.847,336.776361,3.404023,11.399516,106.369408
sz.002149,西部材料,2026-04-01,51.55,52.06,48.15,50.06,86568513.0,4310175883.83,17.7344,-2.8716,274.035478,8.384441,8.123871,-174.48399
sz.002149,西部材料,2026-04-02,49.66,51.41,48.6,49.15,50357768.0,2506982789.94,10.3163,-1.8178,269.05401,8.232027,7.976193,-171.312187
sz.002150,正泰电源,2026-04-01,31.66,32.65,30.65,31.73,33188038.0,1055365574.6,9.2563,-0.2201,46.461359,5.653759,3.252469,-264.988898
sz.002150,正泰电源,2026-04-02,31.61,31.65,30.02,30.25,28865698.0,883714381.98,8.0508,-4.6644,44.294236,5.390047,3.100762,-252.628874
sz.002151,北斗星通,2026-04-01,38.4,38.58,37.23,37.61,17199953.0,646924446.14,3.8842,-0.7128,-79.4035,4.222273,9.228443,-24.869005
sz.002151,北斗星通,2026-04-02,37.6,37.75,36.31,36.66,14115072.0,520692953.95,3.1876,-2.5259,-77.397828,4.115621,8.99534,-24.240833
sz.002152,广电运通,2026-04-01,11.63,11.71,11.51,11.57,19679760.0,228126938.6,0.7929,1.759,33.376992,2.301511,2.383443,-65.364155
sz.002152,广电运通,2026-04-02,11.57,11.57,11.25,11.31,15427903.0,175432105.56,0.6216,-2.2472,32.626947,2.249791,2.329883,-63.895298
sz.002153,石基信息,2026-04-01,10.08,10.08,9.88,9.95,12815990.0,127390527.7,0.8011,1.0152,-163.482299,3.955105,9.7341,19.195383
sz.002153,石基信息,2026-04-02,9.88,9.92,9.36,9.44,24546564.0,234544607.44,1.5344,-5.1256,-155.102805,3.752381,9.235167,18.211499
sz.002154,报喜鸟,2026-04-01,3.66,3.68,3.63,3.67,12271300.0,44958155.0,1.0401,1.3812,16.966922,1.181443,1.05077,72.581148
sz.002154,报喜鸟,2026-04-02,3.66,3.68,3.62,3.64,9621500.0,35103442.0,0.8155,-0.8174,16.828228,1.171785,1.042181,71.987842
sz.002155,湖南黄金,2026-04-01,31.63,31.98,30.58,31.03,89747887.0,2793174423.33,5.7438,0.4207,40.122798,6.354064,1.009275,80.494424
sz.002155,湖南黄金,2026-04-02,30.6,30.65,29.0,29.33,78926079.0,2343679257.16,5.0512,-5.4786,37.924643,6.005952,0.953981,76.084482
sz.002156,通富微电,2026-04-01,42.49,42.68,41.85,42.41,38372246.0,1620937792.53,2.5287,2.6131,65.303995,4.239742,2.391132,168.027019
sz.002156,通富微电,2026-04-02,42.41,42.41,40.5,40.77,38441856.0,1586530288.96,2.5333,-3.867,62.778681,4.075791,2.298667,161.529394
sz.002157,正邦科技,2026-04-01,3.06,3.08,3.02,3.04,86183300.0,262234726.0,1.1913,0.0,-369.991426,2.395208,2.054054,48.326409
sz.002157,正邦科技,2026-04-02,3.04,3.15,3.04,3.08,168885576.0,521583995.48,2.3345,1.3158,-374.859735,2.426723,2.081082,48.962282
sz.002158,汉钟精机,2026-04-01,22.46,22.55,22.24,22.5,4022598.0,90171074.08,0.7539,2.4124,25.611465,2.76017,4.109509,-16.003964
sz.002158,汉钟精机,2026-04-02,22.24,22.48,21.72,21.92,3966300.0,87266025.0,0.7433,-2.5778,24.951259,2.689019,4.003575,-15.591417
sz.002159,三特索道,2026-04-01,19.08,19.65,18.74,19.54,4881900.0,94288086.94,3.5255,3.0047,27.767101,2.368992,5.394314,-84.929386
sz.002159,三特索道,2026-04-02,19.47,19.85,19.19,19.59,4800800.0,93878741.0,3.467,0.2559,27.838153,2.375053,5.408117,-85.146707
sz.002160,常铝股份,2026-04-01,5.35,5.36,5.03,5.11,86795848.0,445157923.41,8.4208,-5.0186,104.866877,1.417636,0.628447,40.317036
sz.002160,常铝股份,2026-04-02,5.39,5.55,5.09,5.19,81823934.0,431860296.38,7.9384,1.5656,106.508629,1.43983,0.638285,40.948222
sz.002161,远望谷,2026-04-01,7.66,7.75,7.53,7.64,14800500.0,112806228.0,2.1001,1.4608,51.747108,3.363203,9.618298,319.101025
sz.002161,远望谷,2026-04-02,7.7,7.7,7.36,7.41,15982300.0,119691526.0,2.2678,-3.0105,50.189277,3.261954,9.328742,309.494581
sz.002162,悦心健康,2026-04-01,4.76,4.8,4.7,4.79,17230823.0,82033151.04,1.876,1.9149,654.868074,5.353303,4.148683,116.546259
sz.002162,悦心健康,2026-04-02,4.77,4.8,4.7,4.72,14135985.0,66915673.2,1.539,-1.4614,645.297977,5.275071,4.088055,114.843078
sz.002163,海南发展,2026-04-01,13.3,13.35,12.95,13.04,21642918.0,282412401.72,2.6934,-0.5339,-21.549715,15.643532,3.0351,24.541881
sz.002163,海南发展,2026-04-02,12.94,13.03,12.72,12.81,19421317.0,249734620.57,2.4169,-1.7638,-21.16962,15.367611,2.981567,24.109011
sz.002164,宁波东力,2026-04-01,12.16,12.24,12.02,12.1,6249000.0,75705923.0,1.3025,0.3317,104.453811,4.495236,4.312689,74.944431
sz.002164,宁波东力,2026-04-02,12.09,12.11,11.87,12.01,5517200.0,66224548.0,1.15,-0.7438,103.676882,4.4618,4.280611,74.386993
sz.002165,红宝丽,2026-04-01,9.93,10.05,9.82,9.92,54358488.0,539361499.63,7.4706,1.1213,146.276511,3.567831,2.604676,106.111753
sz.002165,红宝丽,2026-04-02,9.84,9.87,9.52,9.61,56450890.0,545246831.13,7.7582,-3.125,141.70537,3.456337,2.52328,102.795761
sz.002166,莱茵生物,2026-04-01,9.29,9.48,9.25,9.34,18310280.0,170995580.4,2.4791,0.2146,48.395812,2.194517,3.389035,450.315353
sz.002166,莱茵生物,2026-04-02,9.35,9.6,9.35,9.4,21635191.0,204982962.01,2.9293,0.6424,48.706706,2.208615,3.410806,453.208171
sz.002167,东方锆业,2026-04-01,12.36,12.45,12.2,12.31,16275314.0,199965367.61,2.1488,1.4839,37.129603,5.445963,7.714202,77.450099
sz.002167,东方锆业,2026-04-02,12.31,12.31,11.87,11.96,16886307.0,203533797.8,2.2295,-2.8432,36.073928,5.291123,7.49487,75.248025
sz.002168,*ST惠程,2026-04-01,4.16,4.16,3.97,3.98,26369512.0,106504155.76,3.3628,-4.7847,-39.496766,195.182546,8.454764,64.370719
sz.002168,*ST惠程,2026-04-02,3.98,4.14,3.98,4.02,14891006.0,60428106.06,1.899,1.005,-39.893718,197.144179,8.539737,65.01766
sz.002169,智光电气,2026-04-01,14.73,14.78,14.24,14.33,20384500.0,295057620.03,2.6869,0.7027,-47.404553,4.25108,3.500473,-57.754628
sz.002169,智光电气,2026-04-02,14.4,14.66,14.16,14.2,24982852.0,359143166.73,3.293,-0.9072,-46.974505,4.212515,3.468718,-57.230685
sz.002170,芭田股份,2026-04-01,13.08,13.1,12.94,13.0,18599601.0,241844588.97,2.3706,1.0886,14.10769,3.430437,2.683268,131.657956
sz.002170,芭田股份,2026-04-02,12.93,12.95,12.6,12.71,18181853.0,232230581.99,2.3174,-2.2308,13.79298,3.353912,2.623411,128.72097
sz.002171,楚江新材,2026-04-01,11.5,11.55,11.18,11.27,34857457.0,393412287.53,2.16,-0.7923,32.156128,2.108605,0.310349,-377.876777
sz.002171,楚江新材,2026-04-02,11.21,11.29,10.9,10.98,25609710.0,283030000.47,1.587,-2.5732,31.328685,2.054346,0.302363,-368.15324
sz.002172,澳洋健康,2026-04-01,4.11,4.12,3.99,4.06,18908400.0,76495937.0,2.4712,0.2469,75.291176,17.671002,1.720616,-29.286671
sz.002172,澳洋健康,2026-04-02,4.1,4.1,4.0,4.03,15553300.0,62934604.0,2.0327,-0.7389,74.734837,17.540428,1.707902,-29.070267
sz.002173,创新医疗,2026-04-01,25.42,25.98,24.99,25.79,32796488.0,837003763.03,7.7926,3.4912,-185.397732,6.390353,14.170806,318.06606
sz.002173,创新医疗,2026-04-02,26.6,26.6,25.64,25.9,40150563.0,1046207854.17,9.54,0.4265,-186.188494,6.417609,14.231248,319.422682
sz.002174,游族网络,2026-04-01,9.69,9.81,9.56,9.77,15226499.0,147915024.18,1.5549,2.4109,-30.408165,1.93084,6.573571,-82.226497
sz.002174,游族网络,2026-04-02,9.74,9.84,9.54,9.59,12171696.0,117385678.2,1.2429,-1.8424,-29.847933,1.895267,6.452461,-80.711577
sz.002175,东方智造,2026-04-01,3.16,3.18,3.12,3.16,31440540.0,98984274.6,2.4625,1.6077,-252.716221,4.987561,13.293176,22.515582
sz.002175,东方智造,2026-04-02,3.15,3.16,3.03,3.04,41442140.0,127349138.2,3.2458,-3.7975,-243.119402,4.79816,12.788372,21.66056
sz.002176,江特电机,2026-04-01,10.4,10.4,10.05,10.16,83439125.0,849742975.15,4.8909,-0.9747,-49.550935,5.10592,7.585187,523.940579
sz.002176,江特电机,2026-04-02,10.05,10.69,10.01,10.47,166855478.0,1749161140.8,9.7804,3.0512,-51.062824,5.261711,7.816625,539.926955
sz.002177,御银股份,2026-04-01,7.51,7.64,7.46,7.51,44431312.0,334303605.05,6.5832,2.1769,569.498594,3.348061,95.18404,1414.106488
sz.002177,御银股份,2026-04-02,7.52,7.53,7.16,7.21,47451693.0,346282563.05,7.0307,-3.9947,546.748983,3.214317,91.381748,1357.617547
sz.002178,延华智能,2026-04-01,6.25,6.47,6.19,6.32,21469300.0,135439225.0,3.0163,3.0995,-843.219145,10.321226,10.031929,86.488833
sz.002178,延华智能,2026-04-02,6.26,6.38,6.15,6.18,12924670.0,80695354.6,1.8158,-2.2152,-824.54024,10.092591,9.809703,84.572941
sz.002179,中航光电,2026-04-01,34.2,34.26,33.73,34.1,18633316.0,633312221.62,0.8888,0.8876,33.40437,2.975262,3.376231,-38.69951
sz.002179,中航光电,2026-04-02,33.88,34.08,33.2,33.26,15268736.0,512746820.92,0.7283,-2.4633,32.581506,2.901971,3.293063,-37.746208
sz.002180,纳思达,2026-04-01,16.86,16.95,16.72,16.87,7476400.0,125998658.0,0.5477,1.9335,-34.854991,2.499587,1.114353,-8.799114
sz.002180,纳思达,2026-04-02,16.87,16.87,16.29,16.33,8445988.0,139293344.52,0.6187,-3.2009,-33.739301,2.419576,1.078683,-8.517459
sz.002181,粤传媒,2026-04-01,12.3,12.37,11.62,12.03,74378136.0,891928212.2,6.5558,-2.1951,75.782202,3.279536,23.062854,-125.726638
sz.002181,粤传媒,2026-04-02,12.23,12.33,11.85,11.86,64517659.0,778945385.69,5.6867,-1.4131,149.548692,3.251673,23.187214,-591.442774
sz.002182,宝武镁业,2026-04-01,15.85,16.58,15.73,16.34,38252237.0,616944333.46,4.4196,6.1039,173.681184,3.014094,1.687118,355.331768
sz.002182,宝武镁业,2026-04-02,16.5,16.5,15.8,16.03,27951083.0,449584177.11,3.2294,-1.8972,170.386131,2.956911,1.655111,348.590468
sz.002183,怡亚通,2026-04-01,5.7,5.75,5.54,5.66,152168286.0,857802844.29,5.8594,-1.3937,184.236158,1.587917,0.205758,-4636.559549
sz.002183,怡亚通,2026-04-02,5.62,5.62,5.36,5.38,115129316.0,628575822.98,4.4332,-4.947,175.122002,1.509363,0.195579,-4407.189112
sz.002184,海得控制,2026-04-01,11.56,11.6,11.38,11.46,3010552.0,34494513.83,1.2525,1.1474,-36.93518,3.449118,1.532778,391.060294
sz.002184,海得控制,2026-04-02,11.46,11.48,11.15,11.24,3076414.0,34751624.36,1.2799,-1.9197,-36.226128,3.382905,1.503353,383.553028
sz.002185,华天科技,2026-04-01,11.95,12.04,11.8,11.93,82293443.0,979683841.93,2.5201,2.4914,54.844056,2.187571,2.263702,171.154239
sz.002185,华天科技,2026-04-02,11.93,11.93,11.43,11.55,67716581.0,787990276.17,2.0737,-3.1852,53.097137,2.117892,2.191597,165.702553
sz.002186,全聚德,2026-04-01,10.6,10.65,10.4,10.56,3054400.0,32195241.0,0.9965,0.956,-319.421404,3.746986,2.539409,-110.30542
sz.002186,全聚德,2026-04-02,10.55,10.6,10.31,10.4,2957201.0,30866345.38,0.9648,-1.5152,-314.581686,3.690214,2.500934,-108.634126
sz.002187,广百股份,2026-04-01,6.59,6.65,6.4,6.48,14951199.0,96976053.58,2.1332,0.0,-47.233357,1.144552,1.331058,-13.382265
sz.002187,广百股份,2026-04-02,6.47,6.47,6.31,6.37,9224900.0,58805490.0,1.3162,-1.6975,-46.431556,1.125123,1.308463,-13.155097
sz.002188,中天服务,2026-04-01,6.84,6.87,6.46,6.52,13446605.0,88833444.55,5.2248,-1.8072,80.432734,6.57577,5.371695,-43.475386
sz.002188,中天服务,2026-04-02,6.53,6.58,6.17,6.28,12750100.0,80716019.0,4.9541,-3.681,77.47202,6.333717,5.173964,-41.875065
sz.002189,中光学,2026-04-01,19.6,19.64,19.22,19.31,2124310.0,41016925.58,0.8134,0.2596,-9.357228,9.582738,3.896589,-98.559161
sz.002189,中光学,2026-04-02,19.29,19.43,18.88,18.92,3470801.0,66215762.34,1.329,-2.0197,-9.168242,9.389197,3.81789,-96.568582
sz.002190,成飞集成,2026-04-01,31.48,31.55,30.86,31.23,3116851.0,97007076.01,0.8689,0.3535,-254.910794,2.905604,4.85379,301.15454
sz.002190,成飞集成,2026-04-02,31.2,31.38,30.7,30.83,2910692.0,90127655.06,0.8114,-1.2808,-251.645846,2.868388,4.791622,297.297293
sz.002191,劲嘉股份,2026-04-01,3.7,3.73,3.65,3.71,10037175.0,37043221.38,0.6968,1.3661,-254.830386,0.805958,2.101236,45.752739
sz.002191,劲嘉股份,2026-04-02,3.71,3.72,3.63,3.66,7478953.0,27472674.3,0.5192,-1.3477,-251.396015,0.795096,2.072918,45.136125
sz.002192,融捷股份,2026-04-01,75.0,75.71,70.25,70.63,44567132.0,3214815258.27,17.1996,-7.4069,65.788224,5.193927,21.820236,250.664266
sz.002192,融捷股份,2026-04-02,70.67,75.55,69.11,72.32,45009628.0,3268246925.39,17.3703,2.3928,67.362372,5.318205,22.34234,256.662038
sz.002193,如意集团,2026-04-01,6.2,6.28,5.95,6.0,11104201.0,67139315.96,4.2429,-1.8003,-2.512808,2.867128,4.611334,-48099.131253
sz.002193,如意集团,2026-04-02,5.93,6.02,5.57,5.66,11425441.0,65791129.9,4.3656,-5.6667,-2.370416,2.704657,4.350025,-45373.513815
sz.002194,武汉凡谷,2026-04-01,10.51,10.55,10.36,10.46,8827125.0,92244013.48,1.7278,1.1605,-2008.808471,2.875779,4.931374,-217.319104
sz.002194,武汉凡谷,2026-04-02,10.41,10.51,10.17,10.25,7917608.0,81778721.96,1.5498,-2.0076,-1968.478664,2.818043,4.832369,-212.956101
sz.002195,岩山科技,2026-04-01,9.19,9.23,9.01,9.09,135048381.0,1226835723.08,2.411,0.7761,298.513533,5.16311,79.908523,2217.51513
sz.002195,岩山科技,2026-04-02,9.15,9.15,8.81,8.85,156649439.0,1397605920.14,2.7967,-2.6403,290.631988,5.02679,77.798727,2158.966876
sz.002196,方正电机,2026-04-01,13.88,14.01,13.78,13.94,21560853.0,299810152.17,4.4156,1.9006,-473.554753,4.884414,2.594658,275.854436
sz.002196,方正电机,2026-04-02,13.88,14.04,13.64,13.74,16970390.0,234502287.2,3.4755,-1.4347,-466.760567,4.814336,2.557432,271.896696
sz.002197,证通电子,2026-04-01,8.0,8.18,7.88,7.91,18959804.0,151576448.92,3.5505,1.0217,-12.521981,2.344806,6.041722,-32.021279
sz.002197,证通电子,2026-04-02,7.91,7.91,7.48,7.54,18498400.0,140988558.75,3.4641,-4.6776,-11.93625,2.235125,5.759113,-30.523444
sz.002198,嘉应制药,2026-04-01,7.84,7.99,7.78,7.83,13550800.0,106441369.64,2.6702,1.9531,100.519748,5.604732,9.692229,-45.381721
sz.002198,嘉应制药,2026-04-02,7.82,7.89,7.68,7.76,10768700.0,83826091.92,2.122,-0.894,99.621104,5.554626,9.605581,-44.97601
sz.002199,*ST东晶,2026-04-01,8.4,8.49,8.14,8.2,3435028.0,28488172.24,1.411,-1.3237,-29.336327,10.467668,8.414528,-123.85614
sz.002199,*ST东晶,2026-04-02,8.14,8.22,8.07,8.19,1664601.0,13544197.11,0.6838,-0.122,-29.300551,10.454902,8.404266,-123.705096
sz.002200,*ST交投,2026-04-01,7.36,7.42,7.27,7.35,1186000.0,8716685.0,0.6059,1.1004,-133.307186,2.578905,6.466603,6.111356
sz.002200,*ST交投,2026-04-02,7.31,7.4,7.13,7.22,1412000.0,10210235.0,0.7214,-1.7687,-130.949372,2.533292,6.352228,6.003264
sz.002201,九鼎新材,2026-04-01,11.55,12.05,11.46,11.76,51077683.0,598941876.08,8.4843,1.2048,98.115813,6.583638,4.381483,161.531106
sz.002201,九鼎新材,2026-04-02,11.6,11.84,11.46,11.57,35515368.0,412054680.67,5.8993,-1.6156,96.530609,6.477269,4.310693,158.921335
sz.002202,金风科技,2026-04-01,26.53,26.61,25.05,25.42,221104392.0,5634329609.94,6.5736,-3.346,38.700398,2.767702,1.470331,-43.83362
sz.002202,金风科技,2026-04-02,25.4,25.69,23.9,24.01,234584098.0,5765785963.36,6.9744,-5.5468,36.553759,2.614182,1.388775,-41.402251
sz.002203,海亮股份,2026-04-01,14.09,14.62,14.05,14.51,38911832.0,559638501.14,1.759,4.3885,44.392291,1.979852,0.393801,116.107705
sz.002203,海亮股份,2026-04-02,14.36,14.85,14.14,14.68,26901008.0,392978460.48,1.2161,1.1716,44.912394,2.003048,0.398415,117.46803
sz.002204,大连重工,2026-04-01,6.75,6.77,6.63,6.74,28136256.0,188181479.0,1.4568,1.506,22.125429,1.680535,0.839787,12.735671
sz.002204,大连重工,2026-04-02,6.83,6.84,6.55,6.59,29277200.0,194458594.0,1.5159,-2.2255,21.633023,1.643134,0.821097,12.452236
sz.002205,国统股份,2026-04-01,13.44,13.48,12.91,13.07,3126600.0,40970255.0,1.6824,-0.8346,-10.109743,6.750192,3.275237,127.946983
sz.002205,国统股份,2026-04-02,13.11,13.16,12.72,12.9,2596760.0,33519979.0,1.3973,-1.3007,-9.978247,6.662393,3.232637,126.282791
sz.002206,海利得,2026-04-01,6.19,6.29,6.15,6.22,21645524.0,134590972.36,2.5375,2.6403,13.663677,1.845849,1.215366,39.391235
sz.002206,海利得,2026-04-02,6.19,6.23,6.06,6.12,12641500.0,77632824.0,1.482,-1.6077,13.444003,1.816173,1.195826,38.757935
sz.002207,准油股份,2026-04-01,9.56,9.6,9.3,9.32,18817810.0,176690364.0,7.2151,-1.2712,-75.202902,68.943772,7.472194,-59.3306
sz.002207,准油股份,2026-04-02,9.43,9.94,9.43,9.8,42856000.0,418120874.0,16.4318,5.1502,-79.076013,72.494524,7.857028,-62.386253
sz.002208,合肥城建,2026-04-01,12.35,12.45,11.79,11.9,38740100.0,465214484.0,4.8239,-1.8152,-51.970175,1.486917,1.10904,31.150032
sz.002208,合肥城建,2026-04-02,12.01,12.03,11.46,11.5,27480641.0,321299798.7,3.4219,-3.3613,-50.223278,1.436937,1.071761,30.102972
sz.002209,达意隆,2026-04-01,15.7,16.19,15.5,15.97,8495511.0,134994287.3,5.4349,3.3657,24.246705,3.871798,1.677387,39.910214
sz.002209,达意隆,2026-04-02,15.89,15.9,15.18,15.31,6065400.0,93858275.0,3.8803,-4.1327,23.24465,3.711786,1.608065,38.260825
sz.002210,飞马国际,2026-04-01,2.74,2.75,2.65,2.68,61333027.0,164261649.8,2.309,-0.7407,769.048617,7.484109,38.470836,51.033444
sz.002210,飞马国际,2026-04-02,2.69,2.7,2.56,2.59,58897200.0,153933820.0,2.2173,-3.3582,743.222358,7.232777,37.178905,49.319634
sz.002211,ST宏达,2026-04-01,3.66,3.69,3.62,3.64,3144500.0,11467120.0,0.7271,0.831,-49.753227,116.024863,3.476689,99.709761
sz.002211,ST宏达,2026-04-02,3.63,3.64,3.52,3.55,4563900.0,16307436.0,1.0553,-2.4725,-48.523064,113.156117,3.390727,97.24441
sz.002212,天融信,2026-04-01,7.49,7.53,7.4,7.49,19876900.0,148531196.0,1.7035,2.4624,524.928574,0.949183,3.619803,-260.069272
sz.002212,天融信,2026-04-02,7.45,7.48,7.25,7.29,18220010.0,133618766.33,1.5615,-2.6702,510.91179,0.923837,3.523146,-253.124833
sz.002213,大为股份,2026-04-01,30.16,30.26,28.8,29.29,25002550.0,736906496.96,12.1044,0.5493,-445.271437,12.774191,5.690595,-33.769309
sz.002213,大为股份,2026-04-02,29.28,30.2,29.03,29.34,20144200.0,596518799.99,9.7524,0.1707,-446.031545,12.795998,5.700309,-33.826955
sz.002214,*ST大立,2026-04-01,17.89,18.03,17.75,17.84,2090160.0,37245346.0,0.4369,-0.112,-47.703779,8.12888,30.742194,-202.650081
sz.002214,*ST大立,2026-04-02,18.18,18.2,17.8,17.94,1420020.0,25461589.6,0.2968,0.5605,-47.971177,8.174445,30.914516,-203.786012
sz.002215,诺普信,2026-04-01,10.49,10.6,10.4,10.41,10661817.0,111807172.96,1.3278,0.0962,15.551108,2.523126,1.908478,63.45809
sz.002215,诺普信,2026-04-02,10.33,10.36,10.17,10.27,7964400.0,81716091.0,0.9918,-1.3449,15.341967,2.489194,1.882812,62.604667
sz.002216,三全食品,2026-04-01,12.76,12.87,12.64,12.78,9396228.0,119955520.12,1.4903,1.0277,20.665961,2.48178,1.726609,40.298436
sz.002216,三全食品,2026-04-02,12.76,12.99,12.65,12.87,8750192.0,112713493.72,1.3878,0.7042,20.811496,2.499257,1.738769,40.582228
sz.002217,合力泰,2026-04-01,2.4,2.42,2.32,2.34,157139500.0,368854776.0,2.1587,-0.8475,6.328848,9.349638,11.154014,258.283365
sz.002217,合力泰,2026-04-02,2.33,2.33,2.21,2.22,221027400.0,498670580.0,3.0364,-5.1282,6.004291,8.870169,10.582014,245.038064
sz.002218,拓日新能,2026-04-01,6.88,6.88,6.42,6.53,275900631.0,1810901816.84,19.8148,-5.772,-71.45965,2.274062,9.066712,239.81879
sz.002218,拓日新能,2026-04-02,6.51,6.88,6.44,6.54,227327474.0,1510098759.09,16.3819,0.1531,-71.329996,2.269936,9.050262,239.383671
sz.002219,新里程,2026-04-01,2.54,2.55,2.46,2.53,125474270.0,315249373.44,3.8347,1.2,437.675353,4.354163,2.755822,-116.315858
sz.002219,新里程,2026-04-02,2.53,2.55,2.47,2.49,96516082.0,241142219.36,2.9497,-1.581,430.755584,4.285322,2.712251,-114.476872
sz.002221,东华能源,2026-04-01,8.64,8.82,8.49,8.52,23146100.0,200119729.0,1.5844,-1.7301,34.616436,1.20828,0.440113,-5.383292
sz.002221,东华能源,2026-04-02,8.59,8.71,8.39,8.45,25404354.0,216811742.98,1.739,-0.8216,34.332029,1.198353,0.436497,-5.339063
sz.002222,福晶科技,2026-04-01,70.33,70.4,64.0,66.78,43954109.0,2909580163.53,9.3889,-1.823,119.732768,17.957502,27.156192,393.22084
sz.002222,福晶科技,2026-04-02,67.1,73.4,66.18,68.6,46951260.0,3293087238.63,10.0291,2.7254,122.995926,18.44691,27.896297,403.93755
sz.002223,鱼跃医疗,2026-04-01,34.5,34.6,33.84,34.23,7420301.0,252820080.81,0.7893,0.9735,19.719435,2.537855,4.245375,44.714087
sz.002223,鱼跃医疗,2026-04-02,34.07,34.43,33.62,33.8,6461446.0,219020734.88,0.6873,-1.2562,19.471718,2.505974,4.192045,44.152385
sz.002224,三力士,2026-04-01,4.75,4.82,4.63,4.66,30476100.0,143361022.0,3.7794,-1.0616,429.90488,1.296978,4.113244,94.042795
sz.002224,三力士,2026-04-02,4.63,4.75,4.48,4.51,39496600.0,180288608.0,4.898,-3.2189,416.06674,1.25523,3.980843,91.015666
sz.002225,濮耐股份,2026-04-01,5.38,5.42,5.26,5.31,15300361.0,81444676.69,1.5706,2.1154,57.518141,1.49338,1.147196,-326.297478
sz.002225,濮耐股份,2026-04-02,5.42,5.6,5.34,5.41,38075535.0,206490896.6,3.9085,1.8832,58.601346,1.521504,1.168801,-332.442439
sz.002226,江南化工,2026-04-01,5.51,5.55,5.49,5.53,16779620.0,92755310.6,0.6335,1.4679,18.183699,1.428531,1.515319,32.923887
sz.002226,江南化工,2026-04-02,5.52,5.53,5.4,5.41,15561720.0,84904246.0,0.5875,-2.17,17.789116,1.397532,1.482437,32.209445
sz.002227,奥特迅,2026-04-01,9.36,9.42,9.14,9.28,3802901.0,35171896.24,1.5463,1.0893,-29.11861,2.40886,7.409304,-73.077554
sz.002227,奥特迅,2026-04-02,9.27,9.4,9.0,9.06,3860025.0,35351431.0,1.5695,-2.3707,-28.428298,2.351753,7.233653,-71.345112
sz.002228,合兴包装,2026-04-01,3.98,4.02,3.91,3.97,22410500.0,88878288.0,1.8531,0.5063,44.296573,1.506279,0.453377,48.633373
sz.002228,合兴包装,2026-04-02,3.97,4.01,3.92,3.94,18948003.0,75084185.85,1.5668,-0.7557,43.961839,1.494897,0.449951,48.265866
sz.002229,鸿博股份,2026-04-01,18.27,18.98,18.12,18.37,63213334.0,1166237511.33,12.8179,2.9709,-43.726651,7.17012,8.889852,-50.062456
sz.002229,鸿博股份,2026-04-02,18.3,18.35,17.2,17.32,51848419.0,914895580.63,10.5134,-5.7158,-41.227305,6.760288,8.381722,-47.200965
sz.002230,科大讯飞,2026-04-01,47.25,47.36,46.55,47.01,27399585.0,1285642890.32,1.2516,1.7312,129.814928,6.106209,4.264804,548.926442
sz.002230,科大讯飞,2026-04-02,46.71,46.71,45.78,45.88,25133941.0,1160380935.45,1.1481,-2.4037,126.69451,5.959432,4.162289,535.731656
sz.002232,启明信息,2026-04-01,17.96,18.04,17.7,17.78,3938824.0,70134579.07,0.9641,0.0,223.214562,5.137919,9.385389,127.740893
sz.002232,启明信息,2026-04-02,17.72,17.89,17.38,17.6,3570498.0,62803127.98,0.8739,-1.0124,220.954797,5.085904,9.290374,126.447678
sz.002233,塔牌集团,2026-04-01,9.46,9.52,9.34,9.4,7581784.0,71287454.5,0.6462,0.3202,17.407383,0.918711,2.687447,-59.738341
sz.002233,塔牌集团,2026-04-02,9.4,9.44,9.31,9.36,5291480.0,49615461.16,0.451,-0.4255,17.333309,0.914802,2.676011,-59.484135
sz.002234,民和股份,2026-04-01,8.31,8.35,8.17,8.27,4990730.0,41100856.86,1.6558,0.7308,-10.747803,1.630665,1.335138,-103.691034
sz.002234,民和股份,2026-04-02,8.27,8.44,8.18,8.31,6370850.0,53059386.5,2.1137,0.4837,-10.799787,1.638552,1.341595,-104.192563
sz.002235,安妮股份,2026-04-01,10.11,10.3,10.03,10.25,38959222.0,396745559.35,7.0377,4.3788,2855.370018,7.904431,14.984864,158.439626
sz.002235,安妮股份,2026-04-02,10.17,10.35,10.03,10.22,28729300.0,293300456.0,5.1897,-0.2927,2847.012837,7.881296,14.941006,157.975901
sz.002236,大华股份,2026-04-01,17.14,17.17,16.91,17.02,20403767.0,346735845.11,0.9643,1.0089,14.513205,1.463528,1.708467,-48.221556
sz.002236,大华股份,2026-04-02,17.0,17.0,16.72,16.8,15926509.0,268293666.71,0.7527,-1.2926,14.325608,1.444611,1.686383,-47.598245
sz.002237,恒邦股份,2026-04-01,15.27,15.34,14.98,15.16,21735966.0,329485155.73,1.8229,1.745,33.997094,1.630748,0.192877,23.875493
sz.002237,恒邦股份,2026-04-02,15.0,15.0,14.55,14.75,20345932.0,301155666.98,1.7064,-2.7045,33.077647,1.586645,0.187661,23.229784
sz.002238,天威视讯,2026-04-01,7.52,7.56,7.45,7.52,5696261.0,42703931.02,0.7098,1.4845,-102.792474,2.843066,4.816781,-15.126177
sz.002238,天威视讯,2026-04-02,7.5,7.52,7.34,7.37,4525900.0,33527868.0,0.5639,-1.9947,-100.742093,2.786355,4.720702,-14.824458
sz.002239,奥特佳,2026-04-01,3.09,3.11,3.05,3.07,54573400.0,167879068.0,1.6709,0.6557,80.573365,1.826955,1.197853,669.034161
sz.002239,奥特佳,2026-04-02,3.05,3.06,2.98,3.01,54011120.0,163159870.4,1.6537,-1.9544,78.998641,1.791249,1.174442,655.958575
sz.002240,盛新锂能,2026-04-01,40.2,40.77,38.41,39.43,43543695.0,1720339924.11,4.7698,-1.6708,-40.638295,3.521061,7.12634,58.231231
sz.002240,盛新锂能,2026-04-02,39.12,41.11,38.89,39.69,49336435.0,1977196147.49,5.4043,0.6594,-40.906263,3.544278,7.173331,58.615205
sz.002241,歌尔股份,2026-04-01,22.8,22.97,22.62,22.8,44929346.0,1021863026.38,1.4316,1.9678,27.806119,2.264211,0.813168,31.842447
sz.002241,歌尔股份,2026-04-02,22.7,23.08,22.47,22.56,51297109.0,1167971252.4,1.6345,-1.0526,27.513423,2.240377,0.804608,31.507263
sz.002242,九阳股份,2026-04-01,9.7,9.82,9.64,9.76,7451351.0,72537071.65,0.9783,1.9854,63.30057,2.169101,0.907096,6.958264
sz.002242,九阳股份,2026-04-02,9.81,9.81,9.62,9.67,4896500.0,47405217.0,0.6429,-0.9221,62.716856,2.149099,0.898732,6.8941
sz.002243,力合科创,2026-04-01,8.73,8.93,8.7,8.86,15922270.0,140316807.2,1.3223,3.7471,60.651578,1.466147,4.544189,-475.233079
sz.002243,力合科创,2026-04-02,8.8,8.84,8.46,8.51,11741998.0,101206530.42,0.9751,-3.9503,58.255636,1.408229,4.364678,-456.459764
sz.002244,滨江集团,2026-04-01,9.85,9.92,9.7,9.8,23685544.0,232080856.21,0.8818,0.4098,9.220766,1.026133,0.324792,-51.669467
sz.002244,滨江集团,2026-04-02,9.74,9.75,9.5,9.65,28722952.0,276274945.6,1.0694,-1.5306,9.079632,1.010427,0.31982,-50.878608
sz.002245,蔚蓝锂芯,2026-04-01,16.9,17.14,16.62,16.93,42360901.0,713039518.77,3.9036,1.8652,27.164058,2.638164,2.526328,484.576343
sz.002245,蔚蓝锂芯,2026-04-02,16.78,17.48,16.71,16.99,55141354.0,945269897.27,5.0814,0.3544,27.260328,2.647514,2.535281,486.293684
sz.002246,北化股份,2026-04-01,24.82,26.38,24.5,24.97,36717636.0,932504727.91,6.6877,-0.12,66.354816,4.572836,5.524756,992.807683
sz.002246,北化股份,2026-04-02,24.85,24.97,24.11,24.41,20904406.0,510197595.93,3.8075,-2.2427,64.866683,4.470281,5.400853,970.542073
sz.002247,聚力文化,2026-04-01,2.94,2.97,2.84,2.87,21845900.0,63045847.0,3.3946,0.0,61.610553,3.669759,3.05596,-91.939543
sz.002247,聚力文化,2026-04-02,2.86,2.89,2.78,2.81,24802000.0,69991300.0,3.854,-2.0906,60.322527,3.593039,2.992072,-90.017462
sz.002248,华东数控,2026-04-01,12.3,12.34,12.07,12.19,16343100.0,198829061.0,5.3149,1.4988,167.024391,39.355636,11.497731,-115.315164
sz.002248,华东数控,2026-04-02,12.1,12.21,11.76,11.84,11156105.0,133202184.75,3.6281,-2.8712,162.228777,38.225655,11.167607,-112.004228
sz.002249,大洋电机,2026-04-01,9.3,9.34,9.21,9.32,28185953.0,261777969.63,1.5152,1.7467,21.210585,2.327645,1.879103,-19.901157
sz.002249,大洋电机,2026-04-02,9.28,9.29,8.98,9.0,41466140.0,377045416.14,2.2291,-3.4335,20.482325,2.247726,1.814585,-19.217856
sz.002250,联化科技,2026-04-01,16.8,16.9,16.12,16.42,23332465.0,381509691.07,2.607,-0.8454,38.234202,2.219645,2.44782,-74.850466
sz.002250,联化科技,2026-04-02,16.28,16.57,16.05,16.15,15135222.0,246313711.54,1.6911,-1.6443,37.605503,2.183147,2.407569,-73.619672
sz.002251,步步高,2026-04-01,4.32,4.34,4.25,4.29,30187614.0,129430621.24,1.4025,0.7042,-19.808087,1.405441,2.807983,-31.449787
sz.002251,步步高,2026-04-02,4.28,4.3,4.2,4.21,32734717.0,138591288.53,1.5208,-1.8648,-19.438705,1.379232,2.75562,-30.863311
sz.002252,上海莱士,2026-04-01,5.87,5.92,5.84,5.91,32852299.0,193303704.14,0.4952,1.5464,24.87644,1.208727,5.338801,12024.276544
sz.002252,上海莱士,2026-04-02,5.89,5.95,5.88,5.9,29981839.0,177062415.99,0.452,-0.1692,24.834348,1.206682,5.329768,12003.930899
sz.002253,*ST智胜,2026-04-01,11.4,11.68,11.37,11.49,4510230.0,51950155.4,2.1652,3.1418,-23.594349,2.435505,22.46527,-56.555676
sz.002253,*ST智胜,2026-04-02,11.42,11.59,11.2,11.26,3189015.0,36152843.4,1.5309,-2.0017,-23.122052,2.386752,22.015573,-55.423578
sz.002254,泰和新材,2026-04-01,10.7,10.77,10.52,10.57,14319913.0,152089442.86,1.6836,0.9551,-394.871419,1.286367,2.422694,119.705135
sz.002254,泰和新材,2026-04-02,10.53,10.57,10.23,10.36,13074871.0,135785375.11,1.5372,-1.9868,-387.026291,1.26081,2.374561,117.326887
sz.002255,海陆重工,2026-04-01,10.97,11.01,10.78,10.97,17378516.0,189154481.26,2.724,2.0465,21.865426,2.017766,3.92501,29.043413
sz.002255,海陆重工,2026-04-02,10.9,11.03,10.57,10.62,19185929.0,206280410.98,3.0073,-3.1905,21.167805,1.953388,3.799782,28.116777
sz.002256,兆新股份,2026-04-01,4.04,4.07,3.96,4.02,131473726.0,525951041.39,6.7385,1.5152,188.432577,7.081859,16.141914,112.591891
sz.002256,兆新股份,2026-04-02,3.95,3.99,3.71,3.74,183196975.0,698574029.5,9.3895,-6.9652,175.30792,6.588595,15.017602,104.749669
sz.002258,利尔化学,2026-04-01,14.67,14.8,14.5,14.71,10975173.0,161057612.22,1.3734,2.1528,24.593232,1.492587,1.307144,-26.408671
sz.002258,利尔化学,2026-04-02,14.69,14.74,14.43,14.55,7578632.0,110432268.43,0.9483,-1.0877,24.325733,1.476352,1.292926,-26.121425
sz.002259,升达林业,2026-04-01,5.33,5.37,5.19,5.23,16674540.0,87873566.2,2.2164,-0.381,75.809544,14.493237,4.187429,36.846379
sz.002259,升达林业,2026-04-02,5.22,5.27,5.14,5.23,15557581.0,80926438.8,2.0679,0.0,75.809544,14.493237,4.187429,36.846379
sz.002261,拓维信息,2026-04-01,34.87,35.86,34.78,35.23,102571713.0,3618469263.46,8.9531,3.072,-6661.407599,17.022273,13.696252,-102.897759
sz.002261,拓维信息,2026-04-02,34.91,35.0,33.35,33.44,87866224.0,2990306474.9,7.6695,-5.0809,-6322.948342,16.157389,13.000359,-97.66963
sz.002262,恩华药业,2026-04-01,22.6,23.11,22.47,23.1,10198400.0,232925883.76,1.1538,3.125,19.084653,2.895484,3.895742,99.210071
sz.002262,恩华药业,2026-04-02,23.1,23.37,22.82,22.96,10276542.0,237054241.08,1.1626,-0.6061,18.968988,2.877936,3.872131,98.608797
sz.002263,大东南,2026-04-01,4.26,4.51,4.15,4.3,439319350.0,1884779294.12,23.3886,-4.6563,158.909925,2.918905,6.275052,-10.732222
sz.002263,大东南,2026-04-02,4.2,4.73,4.19,4.73,565562219.0,2576541151.52,30.1096,10.0,174.800917,3.210795,6.902558,-11.805444
sz.002264,新华都,2026-04-01,8.47,8.49,8.21,8.33,14756700.0,122611545.0,2.2537,0.3614,24.199407,3.005006,1.791183,22.447501
sz.002264,新华都,2026-04-02,8.33,8.33,8.06,8.13,11835300.0,96576900.0,1.8075,-2.401,23.618389,2.932857,1.748177,21.908545
sz.002265,建设工业,2026-04-01,23.97,24.1,23.01,23.14,22744010.0,530753574.46,2.2017,-2.1151,224.081718,6.547524,6.337172,-23.97189
sz.002265,建设工业,2026-04-02,23.01,24.5,22.91,23.57,33303779.0,785466292.03,3.2239,1.8583,228.245726,6.669194,6.454932,-24.417349
sz.002266,浙富控股,2026-04-01,4.23,4.25,4.19,4.23,49169960.0,207431264.2,1.0041,1.6827,23.622677,1.880408,1.012301,119.425693
sz.002266,浙富控股,2026-04-02,4.21,4.23,4.13,4.15,44931671.0,187287743.73,0.9176,-1.8913,23.175913,1.844845,0.993156,117.167051
sz.002267,陕天然气,2026-04-01,7.9,7.91,7.81,7.84,7036700.0,55284880.0,0.6328,0.2558,15.152652,1.324801,1.01874,-53.670957
sz.002267,陕天然气,2026-04-02,7.86,8.0,7.84,7.96,11492855.0,91299589.95,1.0335,1.5306,15.38458,1.345078,1.034333,-54.492451
sz.002268,电科网安,2026-04-01,17.06,17.1,16.73,16.83,7040535.0,118736577.51,0.8329,0.6579,90.026356,2.644399,6.376494,-488.844415
sz.002268,电科网安,2026-04-02,16.75,16.78,16.3,16.36,8732784.0,144073514.29,1.0331,-2.7926,87.512251,2.570551,6.198422,-475.192788
sz.002269,美邦服饰,2026-04-01,1.84,1.84,1.8,1.84,143729879.0,264392262.36,5.7206,10.1796,-14.621272,24.594054,9.535661,-257.707547
sz.002269,美邦服饰,2026-04-02,1.81,1.81,1.72,1.75,197188408.0,347134545.25,7.8483,-4.8913,-13.906101,23.391084,9.069242,-245.102286
sz.002270,华明装备,2026-04-01,27.46,27.64,27.07,27.46,13970523.0,382436162.75,1.5588,1.4782,34.675292,7.832229,10.141093,398.883856
sz.002270,华明装备,2026-04-02,27.35,27.9,26.9,27.1,8735148.0,238500489.46,0.9747,-1.311,34.2207,7.729549,10.008144,393.654497
sz.002271,东方雨虹,2026-04-01,15.61,15.83,15.53,15.6,32133088.0,503164698.03,1.678,1.8942,-103.678648,1.788975,1.382312,-22.954273
sz.002271,东方雨虹,2026-04-02,15.61,15.62,15.31,15.56,24891515.0,385455129.15,1.2998,-0.2564,-103.412806,1.784388,1.378767,-22.895416
sz.002272,川润股份,2026-04-01,17.76,18.25,17.52,18.03,67728761.0,1214424817.95,17.5239,5.4386,-82.205248,5.857912,5.271748,-446.533337
sz.002272,川润股份,2026-04-02,17.73,17.8,17.0,17.13,48794662.0,846256152.37,12.625,-4.9917,-78.101825,5.565504,5.008599,-424.243819
sz.002273,水晶光电,2026-04-01,22.5,23.3,22.27,23.22,40814127.0,929555266.8,2.9962,5.3539,28.039173,3.368823,4.825852,728.686139
sz.002273,水晶光电,2026-04-02,23.2,25.54,23.0,24.84,130077470.0,3257158031.09,9.549,6.9767,29.995395,3.603857,5.162539,779.524707
sz.002274,华昌化工,2026-04-01,6.39,6.44,6.25,6.32,19176470.0,121372960.0,2.0447,0.3175,-352.309546,1.108162,0.920127,-13.346797
sz.002274,华昌化工,2026-04-02,6.32,6.48,6.27,6.32,18836083.0,119984433.9,2.0084,0.0,-352.309546,1.108162,0.920127,-13.346797
sz.002275,桂林三金,2026-04-01,14.58,14.68,14.36,14.66,3710700.0,54048253.2,0.6638,1.2431,16.473522,2.654532,4.138072,267.1098
sz.002275,桂林三金,2026-04-02,14.68,14.76,14.56,14.63,3631100.0,53322423.0,0.6495,-0.2046,16.439811,2.6491,4.129604,266.563191
sz.002276,万马股份,2026-04-01,14.25,14.3,14.13,14.21,14133903.0,200745039.49,1.4032,1.2108,28.846245,2.352978,0.762246,-63.21087
sz.002276,万马股份,2026-04-02,14.13,14.28,13.86,13.94,14687438.0,206178640.42,1.4582,-1.9001,28.298146,2.30827,0.747763,-62.009819
sz.002277,友阿股份,2026-04-01,5.88,6.09,5.74,5.8,30523033.0,178111731.04,2.1893,1.7544,-359.727374,1.202794,7.478433,-168.228207
sz.002277,友阿股份,2026-04-02,5.77,5.93,5.72,5.78,23545223.0,137022715.41,1.6888,-0.3448,-358.486935,1.198647,7.452646,-167.64811
sz.002278,神开股份,2026-04-01,12.17,12.25,11.86,11.9,16650801.0,198903735.89,4.9827,-1.5715,97.342809,3.948429,5.767059,105.625545
sz.002278,神开股份,2026-04-02,11.8,12.02,11.65,11.72,14467101.0,171127765.67,4.3292,-1.5126,95.870396,3.888705,5.679826,104.027848
sz.002279,久其软件,2026-04-01,8.3,8.35,8.19,8.27,15757000.0,129973822.92,1.9952,1.4724,163.743683,5.091929,2.454322,-394.41895
sz.002279,久其软件,2026-04-02,8.21,8.23,7.95,7.99,18444250.0,148685090.21,2.3355,-3.3857,158.199762,4.91953,2.371225,-381.064983
sz.002281,光迅科技,2026-04-01,86.6,89.0,85.3,86.98,45337432.0,3937769290.38,5.8164,3.1791,76.575317,7.176556,6.1407,53.889565
sz.002281,光迅科技,2026-04-02,85.81,88.45,83.4,83.9,43038784.0,3694611192.6,5.5215,-3.541,73.863751,6.922431,5.923255,51.981312
sz.002282,博深股份,2026-04-01,7.08,7.12,6.92,6.98,7134701.0,49813870.97,1.4128,-0.2857,23.77467,1.016208,2.171499,32.6458
sz.002282,博深股份,2026-04-02,6.98,7.02,6.82,6.88,4902580.0,33886262.8,0.9708,-1.4327,23.434058,1.001649,2.140389,32.178095
sz.002283,天润工业,2026-04-01,9.25,9.79,9.25,9.65,61147334.0,584182054.87,6.0975,6.6298,29.894917,1.802651,2.701277,-420.209503
sz.002283,天润工业,2026-04-02,9.56,10.11,9.4,9.56,55858665.0,542358495.04,5.5701,-0.9326,29.616104,1.785839,2.676084,-416.290451
sz.002284,亚太股份,2026-04-01,13.7,13.79,13.28,13.57,22254840.0,300337713.58,3.0395,2.959,20.463134,2.981253,1.788722,38.53001
sz.002284,亚太股份,2026-04-02,13.6,13.75,13.38,13.5,14946686.0,202005126.61,2.0414,-0.5158,20.357577,2.965874,1.779495,38.331255
sz.002285,世联行,2026-04-01,3.04,3.11,2.96,2.99,71762057.0,215531308.38,3.6321,-0.6645,-27.286858,2.126658,2.7289,-126.404504
sz.002285,世联行,2026-04-02,2.98,3.0,2.87,2.91,56035444.0,163424515.72,2.8361,-2.6756,-26.556775,2.069757,2.655886,-123.022443
sz.002286,保龄宝,2026-04-01,9.79,9.82,9.66,9.76,4703400.0,45715113.0,1.2727,1.3499,25.777991,1.686684,1.378399,-125.052526
sz.002286,保龄宝,2026-04-02,9.75,9.88,9.63,9.74,5506400.0,53777681.0,1.49,-0.2049,25.725168,1.683227,1.375574,-124.796271
sz.002287,奇正藏药,2026-04-01,23.19,23.6,23.02,23.59,2700603.0,63184233.5,0.473,2.6098,20.884585,2.810546,5.586175,-419.253613
sz.002287,奇正藏药,2026-04-02,23.76,23.94,23.59,23.74,2945121.0,69892167.33,0.5158,0.6359,21.017382,2.828417,5.621696,-421.91949
sz.002289,*ST宇顺,2026-04-01,26.77,26.77,26.25,26.59,983800.0,25991951.0,0.3514,0.1507,-537.439728,34.056187,26.820523,1208.486464
sz.002289,*ST宇顺,2026-04-02,26.68,26.78,26.34,26.43,708460.0,18793018.0,0.2531,-0.6017,-534.205792,33.851261,26.659136,1201.214639
sz.002290,禾盛新材,2026-04-01,61.02,62.88,61.02,62.87,5007580.0,310429980.6,2.0258,3.8659,95.479883,16.114177,6.105842,97.99639
sz.002290,禾盛新材,2026-04-02,62.86,63.47,62.06,62.67,3284721.0,205570540.07,1.3288,-0.3181,95.176145,16.062915,6.086418,97.684647
sz.002291,遥望科技,2026-04-01,6.64,6.68,6.49,6.54,21437780.0,140341957.0,2.4666,0.1531,-6.069109,2.026351,1.810592,-20.76226
sz.002291,遥望科技,2026-04-02,6.5,6.5,6.29,6.36,27059301.0,172725349.29,3.1134,-2.7523,-5.902069,1.97058,1.760759,-20.190821
sz.002292,奥飞娱乐,2026-04-01,7.8,7.84,7.71,7.81,19858468.0,154493861.68,1.951,1.5605,-37.742791,3.911296,4.45631,-1368.58519
sz.002292,奥飞娱乐,2026-04-02,7.77,7.77,7.58,7.62,19863900.0,152323770.0,1.9515,-2.4328,-36.824592,3.816143,4.347898,-1335.290544
sz.002293,罗莱生活,2026-04-01,10.12,10.29,10.02,10.23,8729490.0,89082714.84,1.0561,2.0958,16.680344,2.129646,1.798321,-7.760694
sz.002293,罗莱生活,2026-04-02,10.22,10.26,10.04,10.13,6907689.0,69978249.79,0.8357,-0.9775,16.51729,2.108829,1.780742,-7.684831
sz.002294,信立泰,2026-04-01,61.84,66.6,61.78,66.05,13990950.0,912454146.63,1.2553,7.7312,109.482359,8.393644,17.315515,-2132.03606
sz.002294,信立泰,2026-04-02,64.85,70.99,63.9,68.3,19337036.0,1306834311.38,1.7349,3.4065,113.211886,8.679574,17.90537,-2204.664087
sz.002295,精艺股份,2026-04-01,10.85,11.05,10.69,10.79,3607200.0,38889796.0,1.4412,0.653,222.090911,1.99887,0.586164,53.507236
sz.002295,精艺股份,2026-04-02,10.78,10.79,10.41,10.52,3472100.0,36699528.0,1.3872,-2.5023,216.533493,1.948851,0.571497,52.168316
sz.002296,辉煌科技,2026-04-01,11.75,11.78,11.41,11.62,15475800.0,178483674.0,4.4546,0.6932,14.956199,1.884552,3.291374,-149.979828
sz.002296,辉煌科技,2026-04-02,11.55,11.66,11.1,11.19,13056000.0,147962513.0,3.758,-3.7005,14.402743,1.814814,3.169576,-144.4298
sz.002297,博云新材,2026-04-01,11.17,11.17,10.9,11.0,15239952.0,167692361.96,2.6592,0.6404,-309.805417,2.996147,6.894095,117.125288
sz.002297,博云新材,2026-04-02,11.0,11.15,10.79,10.9,15035442.0,164673789.6,2.6235,-0.9091,-306.989004,2.96891,6.831422,116.060513
sz.002298,中电鑫龙,2026-04-01,10.64,10.96,10.55,10.73,52314513.0,560456977.0,7.9186,2.7778,-6.932512,3.481094,3.696625,66.077973
sz.002298,中电鑫龙,2026-04-02,10.62,10.7,9.96,10.0,69080652.0,705660660.97,10.4564,-6.8034,-6.460869,3.244263,3.44513,61.582454
sz.002299,圣农发展,2026-04-01,17.91,18.14,17.7,18.05,11270962.0,202508440.8,0.9247,1.9774,14.954068,1.975357,1.14895,68.498422
sz.002299,圣农发展,2026-04-02,18.07,18.58,17.96,18.33,14634194.0,268802723.89,1.2006,1.5512,15.186042,2.005999,1.166773,69.561002
sz.002300,太阳电缆,2026-04-01,9.7,9.75,9.31,9.41,32398494.0,305561588.49,4.4856,-1.877,84.281168,3.594889,0.545417,-241.344425
sz.002300,太阳电缆,2026-04-02,9.39,10.08,9.35,9.59,58250902.0,566554173.99,8.065,1.9129,85.893348,3.663654,0.55585,-245.961002
sz.002301,齐心集团,2026-04-01,7.01,7.07,6.9,7.07,11300849.0,79259601.95,1.574,2.9112,114.187104,1.623979,0.475259,10.807158
sz.002301,齐心集团,2026-04-02,7.06,7.08,6.86,6.92,9134350.0,63446090.5,1.2722,-2.1216,111.764464,1.589524,0.465175,10.577869
sz.002302,西部建设,2026-04-01,6.08,6.14,5.96,6.02,13630015.0,82408588.3,1.0797,1.0067,-16.167184,0.891907,0.395573,-87.522965
sz.002302,西部建设,2026-04-02,6.01,6.08,5.95,5.99,10686200.0,64230965.0,0.8465,-0.4983,-16.086617,0.887462,0.393602,-87.086804
sz.002303,美盈森,2026-04-01,3.71,3.72,3.68,3.7,25040009.0,92721933.35,2.5896,1.0929,17.54138,1.252605,1.394233,-22.888957
sz.002303,美盈森,2026-04-02,3.71,3.71,3.6,3.63,20849400.0,76149582.0,2.1562,-1.8919,17.209516,1.228907,1.367856,-22.455923
sz.002304,洋河股份,2026-04-01,51.16,51.8,50.82,51.35,4613498.0,236957737.95,0.3063,1.2022,37.375805,1.592896,3.977176,-13.308629
sz.002304,洋河股份,2026-04-02,51.15,52.19,51.1,51.85,5767218.0,298440014.79,0.3828,0.9737,37.739737,1.608406,4.015902,-13.438216
sz.002305,*ST南置,2026-04-01,2.22,2.25,2.18,2.2,24231600.0,53727842.0,1.3974,-0.9009,-1.151416,-1.245516,1.794365,-5.86582
sz.002305,*ST南置,2026-04-02,2.2,2.22,2.14,2.16,20296300.0,44042721.0,1.1704,-1.8182,-1.130481,-1.22287,1.76174,-5.759169
sz.002306,*ST云网,2026-04-01,2.38,2.38,2.31,2.38,21568220.0,51017661.6,2.6499,4.8458,-138.925435,-54.295058,5.38248,-613.864205
sz.002306,*ST云网,2026-04-02,2.44,2.5,2.38,2.43,39559500.0,97328730.8,4.8604,2.1008,-141.844037,-55.435711,5.495558,-626.760511
sz.002307,北新路桥,2026-04-01,4.8,5.05,4.67,4.91,159887975.0,790753482.81,12.6066,6.9717,-15.387033,2.737663,0.649931,-13.728195
sz.002307,北新路桥,2026-04-02,4.98,5.09,4.8,4.81,110583645.0,543193737.39,8.7191,-2.0367,-15.073651,2.681906,0.636694,-13.448599
sz.002309,中利集团,2026-04-01,4.74,4.88,4.47,4.53,738893461.0,3428568823.37,30.7088,-8.2996,-15.834213,7.321878,7.183357,9.046765
sz.002309,中利集团,2026-04-02,4.55,4.98,4.55,4.98,722839095.0,3568213733.4,30.0415,9.9338,-17.407148,8.049217,7.896935,9.94545
sz.002310,东方新能,2026-04-01,3.41,3.45,3.15,3.19,505226367.0,1630788556.97,12.0319,-6.7251,-14.43247,12.45634,54.898467,-428.352958
sz.002310,东方新能,2026-04-02,3.15,3.33,2.99,3.03,426287640.0,1327805436.69,10.152,-5.0157,-13.708584,11.83157,52.144939,-406.86817
sz.002311,海大集团,2026-04-01,50.66,51.1,50.05,50.79,5230288.0,264431462.62,0.3146,1.9675,16.824327,3.344136,0.671531,-29.749483
sz.002311,海大集团,2026-04-02,50.66,53.68,50.58,53.02,12143246.0,640569297.69,0.7304,4.3906,17.56302,3.490965,0.701016,-31.055672
sz.002312,川发龙蟒,2026-04-01,11.75,11.82,11.49,11.59,31806487.0,369035552.43,1.6884,0.5204,40.15458,2.272353,2.299815,70.551542
sz.002312,川发龙蟒,2026-04-02,11.56,11.58,11.27,11.3,25554003.0,291367574.24,1.3565,-2.5022,39.149849,2.215495,2.24227,68.786232
sz.002313,日海智能,2026-04-01,8.85,8.9,8.6,8.7,5212700.0,45358423.0,1.3924,0.0,-29.853618,243.454441,1.219078,74.68169
sz.002313,日海智能,2026-04-02,8.63,8.7,8.4,8.45,4599200.0,39248155.0,1.2285,-2.8736,-28.995756,236.458623,1.184047,72.535665
sz.002314,南山控股,2026-04-01,2.53,2.54,2.46,2.48,24755900.0,61472597.0,1.8498,-0.4016,-6.135278,0.731425,0.442697,-5.118465
sz.002314,南山控股,2026-04-02,2.47,2.49,2.4,2.42,22484900.0,54716028.0,1.6801,-2.4194,-5.986844,0.71373,0.431987,-4.994631
sz.002315,焦点科技,2026-04-01,40.48,40.7,39.58,40.08,7592099.0,303423429.78,3.754,0.4511,25.249053,4.638402,6.618395,102.600878
sz.002315,焦点科技,2026-04-02,39.9,39.9,38.56,38.72,7421683.0,289387828.4,3.6697,-3.3932,24.392298,4.481011,6.393819,99.119412
sz.002316,亚联发展,2026-04-01,5.78,5.83,5.6,5.64,25056602.0,142048455.26,7.3526,-0.5291,359.559617,28.842213,3.780756,97.853998
sz.002316,亚联发展,2026-04-02,5.64,5.72,5.34,5.4,23400300.0,128405656.99,6.8666,-4.2553,344.259208,27.614884,3.619873,93.689998
sz.002317,众生药业,2026-04-01,18.68,19.23,18.36,19.17,51160431.0,971102136.06,6.7173,4.1848,-82.546572,4.042989,6.655297,96.162331
sz.002317,众生药业,2026-04-02,19.01,19.46,18.9,19.21,49909071.0,956143915.54,6.553,0.2087,-82.718813,4.051425,6.669184,96.362983
sz.002318,久立特材,2026-04-01,30.85,31.05,30.49,30.6,7627295.0,234212936.15,0.7989,1.0568,17.51654,3.666509,2.211349,-91.01265
sz.002318,久立特材,2026-04-02,30.55,31.1,29.7,30.72,11913606.0,363103623.74,1.2479,0.3922,17.585233,3.680887,2.22002,-91.369562
sz.002319,乐通股份,2026-04-01,11.17,11.5,10.95,11.07,6517190.0,72262482.0,3.2586,0.6364,-1228.245219,12.764256,5.829231,209.315159
sz.002319,乐通股份,2026-04-02,11.07,11.2,10.59,10.71,5494400.0,59361498.0,2.7472,-3.252,-1188.302285,12.349159,5.639663,202.508162
sz.002320,海峡股份,2026-04-01,8.67,8.82,8.63,8.77,27129892.0,237418306.4,1.2137,2.4533,113.222295,4.90219,3.828872,-9.32215
sz.002320,海峡股份,2026-04-02,8.79,8.8,8.51,8.58,17231950.0,148263088.68,0.7709,-2.1665,110.769361,4.795985,3.745921,-9.120188
sz.002321,华英农业,2026-04-01,2.18,2.19,2.12,2.15,30751102.0,66112991.28,1.4476,0.0,-140.367074,4.935634,0.962545,91.886742
sz.002321,华英农业,2026-04-02,2.16,2.19,2.13,2.15,29213400.0,63016229.0,1.3753,0.0,-140.367074,4.935634,0.962545,91.886742
sz.002322,理工能科,2026-04-01,14.07,14.29,13.82,14.05,8979499.0,125949661.18,2.5554,1.8116,23.912573,1.824126,4.722117,-971.791892
sz.002322,理工能科,2026-04-02,14.04,14.04,13.3,13.49,11823500.0,159838320.0,3.3647,-3.9858,22.959474,1.75142,4.533905,-933.05855
sz.002323,雅博股份,2026-04-01,2.45,2.6,2.34,2.45,416287550.0,1028128434.41,19.6327,3.8136,-26.326334,14.860115,14.251828,1424.119125
sz.002323,雅博股份,2026-04-02,2.43,2.43,2.23,2.27,296937777.0,683528707.6,14.004,-7.3469,-24.392154,13.768351,13.204755,1319.489965
sz.002324,普利特,2026-04-01,15.31,15.48,15.09,15.35,23769544.0,362982880.3,3.062,2.3333,66.421633,3.732722,1.823596,515.595174
sz.002324,普利特,2026-04-02,15.43,15.5,14.86,14.95,14844638.0,224133185.7,1.9123,-2.6059,64.690776,3.635452,1.776075,502.159469
sz.002326,永太科技,2026-04-01,23.23,23.87,22.76,23.25,38008314.0,886165981.08,4.7031,1.9737,-60.429063,7.894786,4.074499,-159.247895
sz.002326,永太科技,2026-04-02,23.1,23.24,22.5,22.67,26215187.0,598355063.51,3.2438,-2.4946,-58.921585,7.697841,3.972856,-155.275259
sz.002327,富安娜,2026-04-01,6.99,7.08,6.94,7.03,7323202.0,51478924.98,1.4916,1.443,14.41554,1.696382,2.142198,59.41437
sz.002327,富安娜,2026-04-02,7.04,7.06,6.93,6.96,4410826.0,30817235.8,0.8984,-0.9957,14.272,1.679491,2.120867,58.822761
sz.002328,新朋股份,2026-04-01,7.36,7.77,7.3,7.6,64689015.0,490426532.12,11.3332,3.6835,39.300769,1.764645,1.390569,-189.901158
sz.002328,新朋股份,2026-04-02,7.57,7.64,7.34,7.4,47602850.0,353748838.47,8.3398,-2.6316,38.266538,1.718207,1.353975,-184.903759
sz.002329,皇氏集团,2026-04-01,4.07,4.1,3.81,4.07,94277046.0,373050582.27,14.4955,-0.7317,-4.736549,3.791116,1.831331,-55.912918
sz.002329,皇氏集团,2026-04-02,4.04,4.12,3.94,3.97,39792615.0,159988136.21,6.1183,-2.457,-4.620172,3.697968,1.786335,-54.539136
sz.002330,得利斯,2026-04-01,4.82,4.85,4.69,4.74,11034200.0,52331234.0,1.7372,0.2114,-86.289916,1.314564,0.919231,-14.122089
sz.002330,得利斯,2026-04-02,4.72,4.82,4.69,4.75,10842401.0,51570262.8,1.707,0.211,-86.471962,1.317337,0.92117,-14.151882
sz.002331,皖通科技,2026-04-01,8.25,8.31,8.05,8.15,6203500.0,50723388.6,1.5672,0.7417,-1401.211312,2.083158,2.636893,-24.818003
sz.002331,皖通科技,2026-04-02,8.1,8.16,7.94,8.02,5799400.0,46622294.0,1.4651,-1.5951,-1378.860703,2.04993,2.594832,-24.422133
sz.002332,仙琚制药,2026-04-01,9.11,9.24,9.03,9.22,24730520.0,226772240.17,2.5118,1.766,33.324963,1.522044,2.54104,1279.668051
sz.002332,仙琚制药,2026-04-02,9.2,9.28,9.13,9.17,14580300.0,134143846.0,1.4809,-0.5423,33.144242,1.51379,2.52726,1272.728419
sz.002333,罗普斯金,2026-04-01,5.66,5.69,5.5,5.6,10668104.0,59397973.08,1.6006,0.1789,75.086864,1.974744,2.287353,-32.490299
sz.002333,罗普斯金,2026-04-02,5.57,5.58,5.4,5.46,9854706.0,54005782.0,1.4786,-2.5,73.209692,1.925375,2.230169,-31.678041
sz.002334,英威腾,2026-04-01,8.17,8.22,8.13,8.2,22382491.0,182962422.47,3.0469,2.2444,32.38426,2.194741,1.507945,90.766761
sz.002334,英威腾,2026-04-02,8.15,8.22,7.94,8.01,21784488.0,175821313.96,2.9655,-2.3171,31.633893,2.143887,1.473005,88.663628
sz.002335,科华数据,2026-04-01,56.6,57.19,56.03,56.85,18235873.0,1034306928.56,4.0108,2.7472,69.498757,4.633835,3.631122,-1402.633247
sz.002335,科华数据,2026-04-02,56.06,56.3,53.28,53.65,23682168.0,1293328217.92,5.2086,-5.6288,65.586778,4.373003,3.426732,-1323.681156
sz.002337,赛象科技,2026-04-01,6.2,6.22,6.1,6.17,6450996.0,39676089.4,1.0971,1.3136,83.873087,2.757967,5.616617,-9.61618
sz.002337,赛象科技,2026-04-02,6.17,6.19,5.98,6.06,6393317.0,38864881.93,1.0873,-1.7828,82.377781,2.708797,5.516482,-9.44474
sz.002338,奥普光电,2026-04-01,48.02,48.28,47.14,48.1,2680000.0,128011231.0,1.1167,2.0798,195.418374,8.478761,15.748377,345.702542
sz.002338,奥普光电,2026-04-02,47.8,48.26,46.44,46.71,2314273.0,109100719.38,0.9643,-2.8898,189.771149,8.233741,15.293278,335.712385
sz.002339,积成电子,2026-04-01,10.8,10.9,10.51,10.61,20177180.0,214569763.7,4.2142,1.1439,115.257428,3.103577,1.826643,-60.307244
sz.002339,积成电子,2026-04-02,10.77,11.01,10.1,10.22,35145803.0,368965754.37,7.3405,-3.6758,111.020821,2.989496,1.759499,-58.090483
sz.002340,格林美,2026-04-01,8.02,8.06,7.9,7.97,110923961.0,883826417.24,2.1854,1.0139,33.195756,1.970693,1.135337,28.13021
sz.002340,格林美,2026-04-02,7.91,7.96,7.75,7.79,111668789.0,875319459.82,2.2001,-2.2585,32.44604,1.926186,1.109696,27.494897
sz.002342,巨力索具,2026-04-01,15.08,15.38,14.12,14.26,310603707.0,4527517486.3,32.5345,-0.9722,-427.480556,5.62349,5.662708,-135.684529
sz.002342,巨力索具,2026-04-02,14.18,14.68,13.7,13.8,198594009.0,2803755061.34,20.8019,-3.2258,-413.690861,5.442088,5.48004,-131.307608
sz.002343,慈文传媒,2026-04-01,6.5,6.53,6.37,6.48,7953600.0,51225580.0,1.6791,1.4085,-362.49824,3.189504,6.065341,-136.821922
sz.002343,慈文传媒,2026-04-02,6.44,6.45,6.3,6.34,6844600.0,43554695.0,1.445,-2.1605,-354.666487,3.120595,5.9343,-133.865892
sz.002344,海宁皮城,2026-04-01,4.5,4.55,4.47,4.49,10721110.0,48297651.8,0.8366,0.8989,75.331622,0.686749,5.348166,-46.265596
sz.002344,海宁皮城,2026-04-02,4.49,4.51,4.41,4.45,7868900.0,35055439.0,0.6141,-0.8909,74.660516,0.680631,5.300521,-45.85343
sz.002345,潮宏基,2026-04-01,10.46,10.76,10.42,10.72,24915900.0,264311174.0,2.873,4.0777,19.164239,2.530615,1.022215,54.15746
sz.002345,潮宏基,2026-04-02,10.66,10.66,10.44,10.55,15382500.0,161840604.0,1.7738,-1.5858,18.860328,2.490484,1.006005,53.298619
sz.002346,柘中股份,2026-04-01,19.4,19.84,19.25,19.52,4389900.0,85675645.0,1.1161,2.2525,15.043304,2.988061,10.202279,-126.984005
sz.002346,柘中股份,2026-04-02,19.55,19.55,18.75,18.87,3599204.0,68767683.4,0.9151,-3.3299,14.542374,2.888561,9.862551,-122.755542
sz.002347,泰尔股份,2026-04-01,8.48,8.51,8.19,8.3,10478000.0,86582747.0,2.1237,-0.2404,-179.619588,3.659975,3.612157,117.175248
sz.002347,泰尔股份,2026-04-02,8.28,8.3,8.08,8.1,9089300.0,74238436.0,1.8422,-2.4096,-175.291405,3.571783,3.525118,114.351748
sz.002348,高乐股份,2026-04-01,7.6,7.75,7.44,7.47,13690800.0,102804330.0,1.5153,0.8097,-203.740383,15.892411,21.063995,-5418.601091
sz.002348,高乐股份,2026-04-02,7.47,7.54,7.34,7.5,12922100.0,96294346.0,1.4302,0.4016,-204.558617,15.956236,21.14859,-5440.362541
sz.002349,精华制药,2026-04-01,7.4,7.51,7.32,7.5,14330104.0,106745739.96,1.7601,2.459,27.681649,2.299416,4.293787,-10.813607
sz.002349,精华制药,2026-04-02,7.47,7.68,7.45,7.63,23922372.0,182141032.04,2.9382,1.7333,28.161464,2.339272,4.368213,-11.001043
sz.002350,北京科锐,2026-04-01,13.84,14.19,13.71,13.79,28945326.0,404046245.44,5.4557,1.4717,112.821283,4.530923,3.367498,117.923172
sz.002350,北京科锐,2026-04-02,13.86,14.01,13.44,13.68,22472431.0,308293968.14,4.2357,-0.7977,111.921331,4.494781,3.340636,116.982523
sz.002351,漫步者,2026-04-01,11.38,11.43,11.24,11.31,5079051.0,57357493.28,0.9748,0.6228,23.331644,3.372612,3.595124,144.096799
sz.002351,漫步者,2026-04-02,11.31,11.34,11.09,11.15,4493450.0,50301148.5,0.8624,-1.4147,23.001577,3.324901,3.544264,142.058295
sz.002352,顺丰控股,2026-04-01,38.42,38.66,37.92,38.09,25909214.0,987338093.18,0.5432,0.1314,17.266185,1.933647,0.622762,-15.130497
sz.002352,顺丰控股,2026-04-02,38.11,38.35,37.75,38.14,25925125.0,987990120.04,0.5435,0.1313,17.28885,1.936186,0.62358,-15.150359
sz.002353,杰瑞股份,2026-04-01,101.0,103.26,98.19,100.41,29227662.0,2950143310.38,4.2161,3.7293,36.243041,4.641744,6.536468,40.507461
sz.002353,杰瑞股份,2026-04-02,103.44,110.45,103.44,108.0,40055233.0,4335236644.08,5.7779,7.559,38.982655,4.992614,7.03056,43.569424
sz.002354,天娱数科,2026-04-01,5.79,5.81,5.67,5.71,38973880.0,222735377.2,2.397,0.5282,-141.722682,7.354636,5.007493,458.759957
sz.002354,天娱数科,2026-04-02,5.69,5.69,5.52,5.57,39947761.0,223185789.84,2.4569,-2.4518,-138.24787,7.174313,4.884717,447.511902
sz.002355,兴民智通,2026-04-01,6.66,6.76,6.56,6.66,26275783.0,174946829.95,4.2506,2.7778,-32.283168,3.640059,4.96811,55.360901
sz.002355,兴民智通,2026-04-02,6.66,6.73,6.27,6.34,26651256.0,171726908.83,4.3113,-4.8048,-30.732025,3.465161,4.729402,52.700918
sz.002356,赫美集团,2026-04-01,3.56,3.58,3.5,3.54,27201500.0,96018019.0,2.0745,1.4327,116.178281,7.472876,6.579862,87.558251
sz.002356,赫美集团,2026-04-02,3.51,3.54,3.38,3.4,37410500.0,128749602.0,2.853,-3.9548,111.583659,7.177338,6.319642,84.095496
sz.002357,富临运业,2026-04-01,14.46,14.46,14.46,14.46,,,,,24.113561,2.63301,5.500328,144.106414
sz.002357,富临运业,2026-04-02,14.88,14.88,13.01,13.01,31041959.0,414605004.38,9.9024,-10.0277,21.695534,2.36898,4.948774,129.655909
sz.002358,森源电气,2026-04-01,7.5,7.55,7.36,7.43,23144900.0,172368591.0,2.4894,1.3643,67.842374,2.05801,2.361077,69.740414
sz.002358,森源电气,2026-04-02,7.4,7.62,7.2,7.24,32712600.0,241461388.0,3.5184,-2.5572,66.107508,2.005383,2.300699,67.957012
sz.002360,同德化工,2026-04-01,6.49,6.49,6.31,6.39,10227000.0,65164582.0,3.1225,0.314,-21.177322,1.284074,5.59286,-16.404825
sz.002360,同德化工,2026-04-02,6.39,6.44,6.25,6.31,10230800.0,64478373.0,3.1237,-1.252,-20.912192,1.267998,5.52284,-16.199444
sz.002361,神剑股份,2026-04-01,17.0,18.0,16.0,17.0,409750435.0,7017316760.51,50.6413,3.0303,465.060099,7.303982,6.427101,-145.864541
sz.002361,神剑股份,2026-04-02,17.1,18.3,16.4,17.29,343380651.0,5977900915.51,42.4386,1.7059,472.993477,7.428579,6.53674,-148.352818
sz.002362,汉王科技,2026-04-01,18.79,18.88,18.59,18.73,2549200.0,47653685.0,1.228,1.4077,-23.367098,4.824983,2.423821,34.455629
sz.002362,汉王科技,2026-04-02,18.7,18.75,18.23,18.35,2338700.0,43122138.0,1.1266,-2.0288,-22.893019,4.727092,2.374646,33.756582
sz.002363,隆基机械,2026-04-01,8.15,8.16,7.98,8.03,5391740.0,43316210.2,1.2968,0.7528,64.766517,1.570302,1.539722,18.164929
sz.002363,隆基机械,2026-04-02,8.05,8.08,7.84,7.9,5741322.0,45566724.82,1.3809,-1.6189,63.717993,1.54488,1.514795,17.870852
sz.002364,中恒电气,2026-04-01,26.74,27.07,26.38,27.02,23750150.0,635355499.82,4.2555,3.8432,158.254287,6.294732,6.918137,115.671402
sz.002364,中恒电气,2026-04-02,26.8,26.92,25.53,25.64,21836034.0,567728396.62,3.9125,-5.1073,150.171721,5.973239,6.564805,109.763684
sz.002365,永安药业,2026-04-01,13.99,14.17,13.77,14.15,6326800.0,88861793.0,2.5765,2.462,164.118199,2.10974,5.230189,100.02836
sz.002365,永安药业,2026-04-02,14.17,14.28,14.0,14.17,7482300.0,106130288.0,3.047,0.1413,164.350168,2.112722,5.237581,100.169743
sz.002366,融发核电,2026-04-01,7.46,7.53,7.37,7.5,52479034.0,390201537.1,2.8362,2.0408,-215.360044,3.418416,15.021769,-25.551286
sz.002366,融发核电,2026-04-02,7.43,7.5,7.26,7.28,46000834.0,338380553.66,2.4861,-2.9333,-209.042816,3.318142,14.58113,-24.801782
sz.002367,康力电梯,2026-04-01,6.68,6.71,6.56,6.66,25335723.0,167653541.26,3.1886,0.4525,16.091217,1.46796,1.194559,-8.660334
sz.002367,康力电梯,2026-04-02,6.61,6.62,6.38,6.41,25152124.0,163382013.84,3.1655,-3.7538,15.487192,1.412856,1.149718,-8.335247
sz.002368,太极股份,2026-04-01,20.29,20.33,19.96,20.01,5886953.0,118307872.35,0.9489,0.3008,55.821024,2.404352,1.491152,346.456293
sz.002368,太极股份,2026-04-02,19.89,19.9,19.36,19.41,6102651.0,119725099.66,0.9836,-2.9985,54.14723,2.332257,1.44644,336.067798
sz.002369,卓翼科技,2026-04-01,7.11,7.12,6.97,7.07,7736606.0,54460396.82,1.3664,1.1445,-16.036499,12.931383,2.315009,-227.717655
sz.002369,卓翼科技,2026-04-02,7.05,7.09,6.82,6.88,9631200.0,66687772.0,1.701,-2.6874,-15.605532,12.583863,2.252795,-221.597944
sz.002370,亚太药业,2026-04-01,7.22,7.78,7.08,7.7,136694301.0,1024173998.69,18.3318,3.6339,42.563985,5.121096,17.577634,-49.637195
sz.002370,亚太药业,2026-04-02,7.46,7.98,7.4,7.61,110409256.0,842883798.66,14.8068,-1.1688,42.066484,5.061239,17.372181,-49.05702
sz.002371,北方华创,2026-04-01,455.2,461.24,450.02,450.53,6335503.0,2890025430.03,0.8748,0.7897,51.968811,9.060386,8.920573,225.304433
sz.002371,北方华创,2026-04-02,450.59,451.8,435.22,438.0,7491523.0,3301989550.13,1.0344,-2.7812,50.523471,8.808401,8.672477,219.038336
sz.002372,伟星新材,2026-04-01,11.36,11.44,11.1,11.19,7082550.0,79455123.65,0.4815,-0.2674,20.517044,3.680122,3.039722,-205.353528
sz.002372,伟星新材,2026-04-02,11.1,11.34,11.07,11.3,6050188.0,68046881.63,0.4113,0.983,20.71873,3.716299,3.069603,-207.372196
sz.002373,千方科技,2026-04-01,9.76,9.8,9.58,9.68,18009176.0,174069499.88,1.3073,1.1494,-15.005666,1.336641,2.155382,-60.326314
sz.002373,千方科技,2026-04-02,9.64,9.67,9.44,9.49,14953589.0,142664595.56,1.0855,-1.9628,-14.711133,1.310406,2.113076,-59.142223
sz.002374,中锐股份,2026-04-01,3.35,3.35,3.23,3.27,16722032.0,54629611.0,1.5409,-0.3049,-13.226972,4.211303,6.117731,-256.406425
sz.002374,中锐股份,2026-04-02,3.27,3.29,3.19,3.2,16163878.0,52203162.74,1.4895,-2.1407,-12.943826,4.121153,5.986771,-250.917602
sz.002375,亚厦股份,2026-04-01,3.97,4.02,3.91,3.93,11226600.0,44349109.0,0.8461,0.2551,16.727676,0.642728,0.49227,44.695702
sz.002375,亚厦股份,2026-04-02,3.93,3.95,3.86,3.9,8286700.0,32308417.0,0.6246,-0.7634,16.599984,0.637822,0.488513,44.354514
sz.002376,新北洋,2026-04-01,7.01,7.05,6.95,7.02,7946005.0,55634758.1,1.017,1.8868,80.708193,1.501699,2.137842,219.8021
sz.002376,新北洋,2026-04-02,7.0,7.05,6.85,6.9,8512864.0,59206598.96,1.0896,-1.7094,79.328566,1.476029,2.101297,216.044799
sz.002377,国创高新,2026-04-01,3.39,3.41,3.27,3.29,21267700.0,70223106.0,2.438,-0.303,-77.939582,6.807838,3.294526,190.822208
sz.002377,国创高新,2026-04-02,3.31,3.33,3.2,3.24,17949756.0,58446058.56,2.0576,-1.5198,-76.75509,6.704375,3.244457,187.922175
sz.002378,章源钨业,2026-04-01,32.12,32.18,31.12,31.49,39293678.0,1238339092.36,3.2878,0.5749,130.335906,16.894287,7.273115,518.80925
sz.002378,章源钨业,2026-04-02,31.44,31.44,30.0,30.41,36423691.0,1109824371.56,3.0477,-3.4297,125.865828,16.314871,7.023672,501.015856
sz.002379,宏桥控股,2026-04-01,27.25,28.05,27.1,27.63,16035829.0,442179612.45,1.4111,2.031,20.155568,7.900835,2.297396,145.890188
sz.002379,宏桥控股,2026-04-02,27.7,28.92,27.63,27.9,20856005.0,590717528.64,1.8353,0.9772,20.352528,7.978042,2.319846,147.315825
sz.002380,科远智慧,2026-04-01,31.51,32.05,31.35,31.73,4311000.0,136445182.8,3.0412,2.986,24.540608,3.126747,4.066418,83.736872
sz.002380,科远智慧,2026-04-02,31.46,31.78,30.56,30.81,3430700.0,106359025.0,2.4202,-2.8995,23.829062,3.036088,3.948514,81.308951
sz.002381,双箭股份,2026-04-01,6.65,6.7,6.56,6.63,6540200.0,43321516.0,2.0413,0.9132,40.350011,1.285539,0.995908,-189.38856
sz.002381,双箭股份,2026-04-02,6.6,6.67,6.47,6.54,6000400.0,39325261.0,1.8728,-1.3575,39.802273,1.268089,0.982389,-186.817674
sz.002382,蓝帆医疗,2026-04-01,7.99,8.34,7.9,8.29,88596854.0,720836165.3,8.8667,4.1457,-16.315147,1.083628,1.444371,-11.189029
sz.002382,蓝帆医疗,2026-04-02,8.47,8.49,7.91,8.2,73522953.0,605489580.09,7.3581,-1.0856,-16.138022,1.071863,1.42869,-11.067555
sz.002383,合众思壮,2026-04-01,9.78,9.82,9.6,9.7,9804700.0,94930242.0,1.3243,0.3102,-47.658919,4.242564,5.682461,48.160232
sz.002383,合众思壮,2026-04-02,9.65,9.74,9.43,9.51,10426593.0,99510027.04,1.4083,-1.9588,-46.725393,4.159462,5.571155,47.216887
sz.002384,东山精密,2026-04-01,107.5,109.5,104.52,109.0,70160661.0,7533186890.6,5.0609,5.5179,160.801232,9.369122,5.34172,898.42107
sz.002384,东山精密,2026-04-02,107.05,109.8,104.8,106.25,44286916.0,4723640778.38,3.1946,-2.5229,156.744321,9.132745,5.206952,875.754484
sz.002385,大北农,2026-04-01,3.99,4.0,3.95,3.97,59606600.0,236507847.0,1.6914,0.2525,36.375717,1.958878,0.581278,41.927184
sz.002385,大北农,2026-04-02,3.98,4.01,3.96,3.97,72809600.0,289915224.0,2.0661,0.0,36.375717,1.958878,0.581278,41.927184
sz.002386,天原股份,2026-04-01,6.1,6.12,5.86,5.89,49700140.0,294174364.39,3.819,-1.505,87.337485,1.01228,0.678533,-10.978533
sz.002386,天原股份,2026-04-02,5.86,6.23,5.86,6.06,80044823.0,487544388.35,6.1506,2.8862,89.858261,1.041497,0.698118,-11.2954
sz.002387,维信诺,2026-04-01,7.71,7.78,7.62,7.74,8185400.0,63098162.0,0.5868,1.9763,-4.636898,2.692306,1.329286,-14.469135
sz.002387,维信诺,2026-04-02,7.7,7.82,7.57,7.7,13690570.0,105250808.76,0.9814,-0.5168,-4.612935,2.678392,1.322417,-14.394359
sz.002388,新亚制程,2026-04-01,5.1,5.12,4.98,5.04,14271302.0,71907335.04,2.8192,1.2048,-10.950494,2.62865,1.289333,-76.472687
sz.002388,新亚制程,2026-04-02,5.02,5.04,4.78,4.84,14234500.0,69577971.0,2.8119,-3.9683,-10.515951,2.524339,1.238169,-73.438056
sz.002389,航天彩虹,2026-04-01,22.18,22.25,21.72,21.82,20359465.0,445606118.2,2.0675,-0.183,797.897363,2.683302,7.333589,-628.413066
sz.002389,航天彩虹,2026-04-02,21.71,21.93,21.3,21.42,19636877.0,422762541.82,1.9941,-1.8332,783.270463,2.634112,7.199151,-616.89312
sz.002390,信邦制药,2026-04-01,3.3,3.36,3.24,3.35,33562705.0,111382040.5,1.741,2.1341,84.44187,0.964874,1.135825,30.586487
sz.002390,信邦制药,2026-04-02,3.37,3.4,3.33,3.39,45744500.0,154139817.0,2.3729,1.194,85.450131,0.976395,1.149387,30.951699
sz.002391,长青股份,2026-04-01,6.31,6.34,6.2,6.33,8857600.0,55433814.0,1.9085,1.6051,-36.876964,0.964634,1.074629,-44.32842
sz.002391,长青股份,2026-04-02,6.33,6.37,6.15,6.2,5745200.0,35946551.5,1.2379,-2.0537,-36.119617,0.944823,1.052559,-43.418042
sz.002392,北京利尔,2026-04-01,7.01,7.16,6.99,7.08,8484000.0,59797293.0,0.7417,2.3121,23.633748,1.461436,1.242514,64.051287
sz.002392,北京利尔,2026-04-02,7.05,7.09,6.92,6.96,7649100.0,53442867.0,0.6687,-1.6949,23.233176,1.436666,1.221455,62.965672
sz.002393,力生制药,2026-04-01,23.87,24.3,23.52,24.25,11151238.0,268318115.09,4.4552,2.4937,15.005359,1.349699,4.487368,-107.829127
sz.002393,力生制药,2026-04-02,24.2,24.35,23.83,24.16,8117455.0,195337859.19,3.2431,-0.3711,14.949669,1.344689,4.470714,-107.428936
sz.002394,联发股份,2026-04-01,13.73,13.92,13.64,13.86,4575200.0,63173679.0,1.4152,2.5907,13.409635,1.037683,1.260451,23.596667
sz.002394,联发股份,2026-04-02,13.75,13.85,13.62,13.64,4276300.0,58653523.0,1.3228,-1.5873,13.196783,1.021212,1.240444,23.222116
sz.002395,双象股份,2026-04-01,18.61,18.7,17.81,17.98,7050700.0,127680157.0,2.629,-2.7582,8.431136,3.20816,1.855091,26.429979
sz.002395,双象股份,2026-04-02,18.0,18.58,17.86,17.96,6195736.0,112742000.26,2.3102,-0.1112,8.421757,3.204591,1.853028,26.400579
sz.002396,星网锐捷,2026-04-01,26.01,26.35,25.83,25.99,18014069.0,469928871.83,3.0884,2.0016,37.230742,2.182873,0.794609,14.524696
sz.002396,星网锐捷,2026-04-02,25.93,26.43,25.43,25.67,14972702.0,387514259.34,2.567,-1.2312,36.772341,2.155997,0.784825,14.345862
sz.002397,梦洁股份,2026-04-01,3.88,3.91,3.79,3.83,14376600.0,55076359.0,2.2191,0.2618,104.737331,2.40061,1.770538,31.63945
sz.002397,梦洁股份,2026-04-02,3.85,3.91,3.77,3.87,16687734.0,64182507.93,2.5758,1.0444,105.831193,2.425682,1.78903,31.969888
sz.002398,垒知集团,2026-04-01,5.31,5.34,5.2,5.3,12765237.0,67198840.16,2.0944,1.3384,72.702911,1.025748,1.438647,247.194458
sz.002398,垒知集团,2026-04-02,5.28,5.31,5.15,5.2,10734000.0,56049391.93,1.7611,-1.8868,71.331158,1.006395,1.411503,242.530411
sz.002399,海普瑞,2026-04-01,11.43,11.59,11.22,11.55,6101964.0,70000790.98,0.4893,1.8519,48.492015,1.408641,3.093142,-72.63417
sz.002399,海普瑞,2026-04-02,11.54,11.76,11.47,11.68,5330104.0,62111427.36,0.4274,1.1255,49.037812,1.424495,3.127957,-73.451697
sz.002400,省广集团,2026-04-01,8.69,9.19,8.53,8.85,196681396.0,1729429268.03,11.3941,3.7515,171.486322,3.081866,0.722524,16.156926
sz.002400,省广集团,2026-04-02,8.67,8.67,8.27,8.34,165942179.0,1400373109.61,9.6133,-5.7627,161.604059,2.904266,0.680887,15.225849
sz.002401,中远海科,2026-04-01,15.74,15.98,15.34,15.44,4206300.0,65397644.98,1.1327,-1.0256,176.346918,3.469688,3.178183,-5.875507
sz.002401,中远海科,2026-04-02,15.42,15.49,15.25,15.34,2975169.0,45740434.96,0.8012,-0.6477,175.204775,3.447216,3.157599,-5.837453
sz.002402,和而泰,2026-04-01,30.46,30.55,29.83,30.24,23054958.0,693582315.94,2.8336,1.1033,45.700846,5.321861,2.567837,131.806426
sz.002402,和而泰,2026-04-02,30.25,30.63,29.87,30.0,25459276.0,769398443.59,3.1291,-0.7937,45.338141,5.279624,2.547458,130.760343
sz.002403,爱仕达,2026-04-01,10.7,10.75,10.48,10.56,2521600.0,26701107.0,0.8486,0.0948,-78.927542,2.245268,1.300663,19.829
sz.002403,爱仕达,2026-04-02,10.52,10.57,10.04,10.11,3724500.0,38095255.0,1.2534,-4.2614,-75.564153,2.149589,1.245237,18.984014
sz.002404,嘉欣丝绸,2026-04-01,6.97,7.06,6.95,7.05,11999302.0,84202800.0,2.6341,2.026,21.92489,1.969321,0.830708,138.241172
sz.002404,嘉欣丝绸,2026-04-02,7.03,7.07,6.92,6.98,9284100.0,64851686.0,2.038,-0.9929,21.707196,1.949767,0.822459,136.868564
sz.002405,四维图新,2026-04-01,9.47,9.58,9.38,9.42,59290164.0,561847431.67,2.5167,1.7279,-16.966817,2.714833,6.119494,-52.3624
sz.002405,四维图新,2026-04-02,9.42,9.47,9.0,9.04,69248137.0,635531434.76,2.9394,-4.034,-16.28238,2.605318,5.872635,-50.250116
sz.002406,远东传动,2026-04-01,7.36,7.36,7.21,7.29,14316900.0,104021793.0,2.3774,0.6906,34.076568,1.307019,3.393049,-51.594768
sz.002406,远东传动,2026-04-02,7.25,7.3,7.12,7.16,12566300.0,90465524.0,2.0867,-1.7833,33.468893,1.283711,3.332542,-50.674697
sz.002407,多氟多,2026-04-01,28.15,28.75,27.03,28.05,64960859.0,1803952090.89,6.0118,0.8267,-135.846052,4.037099,4.165247,-203.582664
sz.002407,多氟多,2026-04-02,27.77,28.66,27.61,27.77,51874589.0,1456425657.23,4.8008,-0.9982,-134.490013,3.9968,4.123668,-201.550466
sz.002408,齐翔腾达,2026-04-01,5.98,6.51,5.93,6.51,101657781.0,640283097.37,3.6952,9.9662,-59.587746,1.623952,0.737981,83.824283
sz.002408,齐翔腾达,2026-04-02,6.5,6.5,6.17,6.3,91996914.0,576850283.76,3.344,-3.2258,-57.665584,1.571568,0.714176,81.120306
sz.002409,雅克科技,2026-04-01,81.5,81.68,78.61,79.56,11676095.0,929078913.21,3.6657,1.0414,41.204731,4.84881,4.545654,648.267609
sz.002409,雅克科技,2026-04-02,79.56,80.0,76.68,77.23,8792988.0,685567753.64,2.7606,-2.9286,39.998006,4.706808,4.41253,629.282396
sz.002410,广联达,2026-04-01,11.27,11.36,11.18,11.28,25748278.0,290155502.09,1.6399,1.897,45.996757,3.080915,3.056084,127.183333
sz.002410,广联达,2026-04-02,11.22,11.23,10.98,11.01,29210789.0,323094737.05,1.8604,-2.3936,44.895771,3.00717,2.982933,124.139051
sz.002412,汉森制药,2026-04-01,6.71,6.89,6.62,6.88,13325062.0,90668787.69,2.6765,3.1484,20.126057,1.531306,3.293138,53.665719
sz.002412,汉森制药,2026-04-02,6.92,7.04,6.87,6.95,17244783.0,120082420.12,3.4639,1.0174,20.330828,1.546887,3.326644,54.211736
sz.002413,雷科防务,2026-04-01,13.57,13.67,12.91,13.09,136186339.0,1786246262.13,10.5128,-2.6766,-49.0361,5.157872,11.675325,154.353564
sz.002413,雷科防务,2026-04-02,13.0,14.38,12.97,13.58,217663527.0,3021552725.86,16.8024,3.7433,-50.871676,5.350947,12.11237,160.131505
sz.002414,高德红外,2026-04-01,12.92,13.0,12.76,12.92,35920718.0,462419693.14,1.0569,1.8125,652.709849,7.964127,14.029027,-119.907766
sz.002414,高德红外,2026-04-02,12.87,13.23,12.81,12.93,49573766.0,644117199.77,1.4586,0.0774,653.215042,7.970292,14.039885,-120.000574
sz.002415,海康威视,2026-04-01,30.75,30.84,30.52,30.72,21174877.0,649690395.25,0.2341,0.9862,19.843495,3.591405,3.043151,33.943727
sz.002415,海康威视,2026-04-02,30.72,30.86,30.2,30.4,24219766.0,737731056.67,0.2677,-1.0417,19.636792,3.553995,3.011452,33.590146
sz.002416,爱施德,2026-04-01,13.3,13.32,12.78,12.86,24080700.0,312634307.0,1.9675,-1.5314,40.484711,2.736727,0.333848,-80.440357
sz.002416,爱施德,2026-04-02,12.8,12.89,12.61,12.7,13142661.0,167200497.06,1.0738,-1.2442,39.981013,2.702678,0.329695,-79.439544
sz.002418,康盛股份,2026-04-01,4.83,4.86,4.73,4.8,53841417.0,257395860.29,4.7379,0.8403,-73.109826,3.786958,1.927911,-124.370151
sz.002418,康盛股份,2026-04-02,4.76,4.8,4.53,4.56,68345400.0,316752466.0,6.0142,-5.0,-69.454335,3.59761,1.831515,-118.151643
sz.002419,天虹股份,2026-04-01,5.77,5.78,5.64,5.71,17348671.0,98770114.99,1.4844,-0.1748,80.230225,1.639547,0.577386,-9.257022
sz.002419,天虹股份,2026-04-02,5.68,5.79,5.65,5.71,21396600.0,122259919.0,1.8308,0.0,80.230225,1.639547,0.577386,-9.257022
sz.002420,毅昌科技,2026-04-01,7.36,7.43,7.22,7.32,10094400.0,74202840.0,2.5264,1.385,49.239606,4.888767,1.021669,-250.74361
sz.002420,毅昌科技,2026-04-02,7.3,7.35,7.09,7.22,9813000.0,70841717.0,2.456,-1.3661,48.566934,4.82198,1.007712,-247.318151
sz.002421,达实智能,2026-04-01,2.65,2.65,2.59,2.61,29099621.0,76145378.88,1.4501,0.7722,-12.671225,1.863351,2.215766,-16.618004
sz.002421,达实智能,2026-04-02,2.61,2.61,2.53,2.55,35608435.0,91492173.5,1.7745,-2.2989,-12.379932,1.820515,2.164829,-16.235981
sz.002422,科伦药业,2026-04-01,35.0,36.45,34.71,36.19,33300367.0,1193311958.64,2.55,4.324,34.721716,2.439428,3.16024,47.431288
sz.002422,科伦药业,2026-04-02,35.86,36.9,35.6,36.35,23437493.0,849470121.71,1.7948,0.4421,34.875225,2.450213,3.174211,47.640987
sz.002423,中粮资本,2026-04-01,10.46,10.54,10.41,10.47,10285355.0,107614411.11,0.4464,0.5764,-238.778355,1.080931,0.981483,17.877003
sz.002423,中粮资本,2026-04-02,10.44,10.47,10.17,10.18,15043799.0,154869447.66,0.6529,-2.7698,-232.164627,1.050991,0.954298,17.381843
sz.002424,ST百灵,2026-04-01,5.24,5.35,5.13,5.23,18959466.0,99224677.81,1.5627,0.9653,3292.049251,2.240048,2.319314,7032.126053
sz.002424,ST百灵,2026-04-02,5.26,5.29,5.13,5.16,13337200.0,69415842.0,1.0993,-1.3384,3247.987407,2.210067,2.288272,6938.005819
sz.002425,凯撒文化,2026-04-01,3.38,3.43,3.32,3.39,12275002.0,41350857.7,1.2839,1.194,-6.01008,1.121416,5.922826,-47.34288
sz.002425,凯撒文化,2026-04-02,3.38,3.38,3.26,3.28,9700702.0,32080519.58,1.0147,-3.2448,-5.815063,1.085028,5.73064,-45.80668
sz.002426,胜利精密,2026-04-01,3.6,3.63,3.54,3.6,86182807.0,308277293.97,2.5329,1.983,-15.657398,5.076901,3.654751,-118.42161
sz.002426,胜利精密,2026-04-02,3.6,3.6,3.4,3.43,128415919.0,445658041.35,3.7741,-4.7222,-14.918021,4.837158,3.482166,-112.829478
sz.002427,尤夫股份,2026-04-01,6.24,6.26,6.14,6.18,13945300.0,86216905.0,1.4162,0.6515,223.645189,6.423868,2.628242,188.184113
sz.002427,尤夫股份,2026-04-02,6.17,6.17,5.91,5.93,19144274.0,115058900.82,1.9442,-4.0453,214.598054,6.164003,2.521921,180.571487
sz.002428,云南锗业,2026-04-01,51.21,51.51,48.11,49.9,75146516.0,3730714586.84,11.5073,2.0241,780.254889,22.392285,30.645449,341.460424
sz.002428,云南锗业,2026-04-02,48.01,49.61,46.11,47.5,69862773.0,3331651518.31,10.6982,-4.8096,742.7276,21.315301,29.17152,325.037477
sz.002429,兆驰股份,2026-04-01,9.73,9.85,9.57,9.76,95905410.0,932185851.0,2.1198,3.1712,35.917688,2.6931,2.446537,-107.377211
sz.002429,兆驰股份,2026-04-02,9.8,9.93,9.46,9.52,95231040.0,925078222.73,2.1049,-2.459,35.034466,2.626876,2.386377,-104.736788
sz.002430,杭氧股份,2026-04-01,28.13,28.29,27.62,27.93,10961804.0,305078363.34,1.1209,-0.0358,27.207075,2.825678,1.847307,78.511597
sz.002430,杭氧股份,2026-04-02,27.96,28.28,27.43,27.64,9752100.0,271826239.0,0.9972,-1.0383,26.924581,2.796339,1.828126,77.696403
sz.002431,棕榈股份,2026-04-01,2.89,3.03,2.75,2.8,155510875.0,444587194.42,8.628,-2.0979,-3.349224,4.426838,1.91362,-164.54801
sz.002431,棕榈股份,2026-04-02,2.81,2.87,2.7,2.71,110817810.0,306256656.84,6.1483,-3.2143,-3.24157,4.284547,1.852111,-159.258967
sz.002432,九安医疗,2026-04-01,76.88,80.94,73.88,80.94,13916078.0,1100034053.17,3.1742,10.0027,19.921727,1.696099,23.979852,44.322307
sz.002432,九安医疗,2026-04-02,82.5,84.94,80.7,81.15,52382970.0,4310176185.29,11.9484,0.2595,19.973414,1.7005,24.042068,44.437302
sz.002434,万里扬,2026-04-01,8.02,8.23,7.94,8.1,17568000.0,141948891.0,1.3397,2.9225,32.845458,1.787098,1.795694,135.238412
sz.002434,万里扬,2026-04-02,8.04,8.09,7.77,7.84,16387961.0,129719866.19,1.2497,-3.2099,31.791159,1.729734,1.738055,130.897426
sz.002436,兴森科技,2026-04-01,20.6,20.68,20.28,20.62,41722174.0,855019326.49,2.7621,2.8429,-995.766441,6.49944,5.124722,-107.422155
sz.002436,兴森科技,2026-04-02,20.41,20.55,19.6,19.75,51279287.0,1024702787.97,3.3949,-4.2192,-953.753017,6.225215,4.908499,-102.889795
sz.002437,誉衡药业,2026-04-01,3.52,3.58,3.43,3.55,135652467.0,478394162.16,6.5028,2.0115,27.013787,3.669685,3.521018,-267.851349
sz.002437,誉衡药业,2026-04-02,3.56,3.91,3.53,3.82,493375420.0,1875186711.22,23.6512,7.6056,29.068357,3.948788,3.788813,-288.223141
sz.002438,江苏神通,2026-04-01,16.71,16.8,16.53,16.72,8046200.0,133904459.0,1.716,1.9512,28.156366,2.311969,3.95275,-59.332132
sz.002438,江苏神通,2026-04-02,16.63,16.85,16.1,16.23,7517800.0,123274907.85,1.6034,-2.9306,27.331209,2.244214,3.83691,-57.593332
sz.002439,启明星辰,2026-04-01,12.98,13.03,12.86,12.99,8356701.0,108102854.52,1.1521,1.5637,-67.833367,1.4058,6.203103,-11.149523
sz.002439,启明星辰,2026-04-02,12.93,12.93,12.65,12.74,10460570.0,133319038.78,1.4422,-1.9246,-66.527875,1.378744,6.08372,-10.934944
sz.002440,闰土股份,2026-04-01,11.43,11.88,11.31,11.53,32612517.0,376063188.21,3.4461,2.307,45.061808,1.364509,2.239531,-19.639937
sz.002440,闰土股份,2026-04-02,11.45,11.55,11.16,11.24,24289568.0,274864459.6,2.5666,-2.5152,43.928424,1.330189,2.183203,-19.145958
sz.002441,众业达,2026-04-01,10.09,10.17,10.02,10.12,7201075.0,72754553.57,1.8044,2.3256,26.19506,1.203671,0.495696,-20.363889
sz.002441,众业达,2026-04-02,10.07,10.19,9.83,9.93,5864324.0,58478538.23,1.4695,-1.8775,25.703256,1.181072,0.486389,-19.981563
sz.002442,龙星科技,2026-04-01,5.9,5.97,5.82,5.91,10964142.0,64674410.16,2.2255,1.3722,32.69452,1.622076,0.664977,-100.128924
sz.002442,龙星科技,2026-04-02,5.91,5.93,5.71,5.81,8968215.0,52098136.55,1.8204,-1.692,32.141313,1.59463,0.653725,-98.434695
sz.002443,金洲管道,2026-04-01,8.52,9.03,8.52,9.03,20887521.0,183121534.5,4.0213,7.8853,27.299085,1.374593,1.07132,-7.308205
sz.002443,金洲管道,2026-04-02,8.94,8.94,8.46,8.54,31135900.0,268308303.0,5.9943,-5.4264,25.817739,1.300002,1.013186,-6.911636
sz.002444,巨星科技,2026-04-01,30.23,31.05,30.23,30.77,12445999.0,382214656.47,1.0851,3.3244,14.56561,1.943045,2.472024,-20.221378
sz.002444,巨星科技,2026-04-02,30.95,30.99,30.25,30.49,6987446.0,213397428.5,0.6092,-0.91,14.433066,1.925363,2.44953,-20.037368
sz.002445,中南文化,2026-04-01,4.06,4.1,3.75,3.84,324728654.0,1245288146.33,13.7226,-4.7146,87.711266,4.028581,7.723678,-1562.021302
sz.002445,中南文化,2026-04-02,3.75,3.76,3.46,3.5,284769967.0,1014065024.07,12.034,-8.8542,79.945164,3.671883,7.039811,-1423.717332
sz.002446,盛路通信,2026-04-01,10.2,10.2,9.83,9.97,24660247.0,245478374.56,2.9088,0.7071,-12.470932,3.587205,7.666766,-67.854634
sz.002446,盛路通信,2026-04-02,9.91,10.04,9.73,9.81,17577140.0,173610378.5,2.0733,-1.6048,-12.270796,3.529637,7.543728,-66.765693
sz.002448,中原内配,2026-04-01,14.37,14.8,14.25,14.51,18124978.0,262784372.32,3.9788,3.8654,28.76145,2.290182,2.299468,361.893404
sz.002448,中原内配,2026-04-02,14.45,14.97,14.2,14.39,16884718.0,246280822.14,3.7065,-0.827,28.523588,2.271242,2.280451,358.900488
sz.002449,国星光电,2026-04-01,7.74,7.84,7.69,7.79,11851831.0,92014951.94,1.9163,2.635,302.305292,1.257349,1.466929,-15.332436
sz.002449,国星光电,2026-04-02,7.72,7.81,7.5,7.57,13209700.0,100809697.0,2.1358,-2.8241,293.767787,1.22184,1.425501,-14.899427
sz.002451,摩恩电气,2026-04-01,9.7,9.88,9.59,9.73,12494382.0,121508851.6,2.8451,1.8848,405.188185,5.545462,2.721488,29.71812
sz.002451,摩恩电气,2026-04-02,9.7,9.93,9.44,9.49,15571137.0,150534937.73,3.5458,-2.4666,395.19382,5.408678,2.65436,28.985093
sz.002452,长高电新,2026-04-01,10.49,10.7,10.35,10.5,26795597.0,282285231.09,5.1939,2.8404,23.791948,2.506604,3.558297,34.487348
sz.002452,长高电新,2026-04-02,10.45,10.66,10.2,10.21,18693568.0,194110336.86,3.6235,-2.7619,23.134837,2.437374,3.46002,33.534841
sz.002453,华软科技,2026-04-01,5.33,5.34,5.2,5.29,12694500.0,66889379.0,2.0717,0.7619,-13.439377,4.689158,12.323706,110.493157
sz.002453,华软科技,2026-04-02,5.24,5.3,5.12,5.15,9730000.0,50554376.0,1.5879,-2.6465,-13.083704,4.565059,11.997558,107.568953
sz.002454,松芝股份,2026-04-01,9.48,9.49,8.85,9.19,50624235.0,462775863.89,8.0747,-0.5411,23.345442,1.441465,1.026481,139.140865
sz.002454,松芝股份,2026-04-02,9.18,9.36,9.13,9.26,32631967.0,301859806.36,5.2049,0.7617,23.523263,1.452445,1.034299,140.200697
sz.002455,百川股份,2026-04-01,14.3,14.65,13.8,13.84,139662508.0,1976785351.3,21.135,-4.5517,928.193102,5.737616,1.688031,-57.640319
sz.002455,百川股份,2026-04-02,13.83,13.99,13.0,13.29,117161076.0,1579347537.81,17.7299,-3.974,891.306816,5.509604,1.620949,-55.349699
sz.002456,欧菲光,2026-04-01,8.77,8.88,8.69,8.83,56074269.0,493088536.22,1.6905,2.1991,-522.76088,7.527921,1.362893,-919.91082
sz.002456,欧菲光,2026-04-02,8.94,9.18,8.72,8.8,83997618.0,749723456.3,2.5323,-0.3398,710.585142,7.385232,1.335654,177.234723
sz.002457,青龙管业,2026-04-01,11.05,11.12,10.91,10.99,6146800.0,67459886.0,1.8441,1.2903,17.82499,1.478146,1.378617,59.297896
sz.002457,青龙管业,2026-04-02,10.99,10.99,10.76,10.84,5438603.0,59025729.48,1.6316,-1.3649,17.581701,1.457971,1.3598,58.488552
sz.002458,益生股份,2026-04-01,9.07,9.18,9.01,9.1,10277293.0,93443097.26,1.4266,1.2236,60.865414,2.324825,3.410378,-26.59024
sz.002458,益生股份,2026-04-02,9.12,9.42,9.06,9.33,14728643.0,136967402.36,2.0445,2.5275,62.40377,2.383584,3.496575,-27.262301
sz.002459,晶澳科技,2026-04-01,11.06,11.45,10.9,11.28,78437144.0,875188231.03,2.3727,3.4862,-4.833059,1.647667,0.710003,4.464318
sz.002459,晶澳科技,2026-04-02,11.16,11.44,10.86,10.93,67808128.0,753421193.56,2.0512,-3.1028,-4.683097,1.596542,0.687973,4.325798
sz.002460,赣锋锂业,2026-04-01,79.1,79.44,76.36,77.31,68943939.0,5344428396.16,5.6921,-1.3651,100.49433,3.590514,7.022672,72.786164
sz.002460,赣锋锂业,2026-04-02,77.3,81.77,76.3,79.93,90877873.0,7246898783.45,7.503,3.389,103.900036,3.712194,7.260667,75.252853
sz.002461,珠江啤酒,2026-04-01,9.43,9.49,9.34,9.42,8766300.0,82594798.0,0.3961,0.5336,23.0687,1.889097,3.547287,90.750629
sz.002461,珠江啤酒,2026-04-02,9.41,9.45,9.33,9.39,6300900.0,59159951.0,0.2847,-0.3185,22.995233,1.883081,3.53599,90.461614
sz.002462,嘉事堂,2026-04-01,14.55,14.66,14.36,14.62,2961300.0,43077741.0,1.016,1.5278,38.290601,0.979998,0.218424,12.792857
sz.002462,嘉事堂,2026-04-02,14.62,14.86,14.5,14.62,3519300.0,51526755.0,1.2074,0.0,38.290601,0.979998,0.218424,12.792857
sz.002463,沪电股份,2026-04-01,78.5,79.81,77.81,79.29,65809239.0,5195079207.3,3.4226,4.3701,39.919037,10.096325,8.053893,147.089202
sz.002463,沪电股份,2026-04-02,79.0,79.1,75.89,76.27,52727564.0,4069530948.13,2.7422,-3.8088,38.398599,9.711776,7.747136,141.486864
sz.002465,海格通信,2026-04-01,15.22,15.27,14.75,14.87,59049351.0,880411383.81,2.3831,-0.8005,-46.93082,3.232384,8.410369,-41.446994
sz.002465,海格通信,2026-04-02,14.92,14.96,14.44,14.55,48639004.0,713672060.75,1.9629,-2.152,-45.920876,3.162823,8.229379,-40.555061
sz.002466,天齐锂业,2026-04-01,55.98,56.65,54.68,55.45,39225544.0,2181701412.15,2.6583,-0.0541,204.509466,2.233377,9.144399,-50.080389
sz.002466,天齐锂业,2026-04-02,55.45,57.7,54.62,56.17,52564113.0,2970103427.16,3.5622,1.2985,207.164954,2.262377,9.263136,-50.730666
sz.002467,二六三,2026-04-01,7.55,7.74,7.38,7.46,183996631.0,1383667735.47,13.461,1.2212,128.477368,5.252445,13.018084,197.258266
sz.002467,二六三,2026-04-02,7.43,7.47,7.14,7.21,143706518.0,1042278107.71,10.5134,-3.3512,124.171826,5.076425,12.581821,190.647735
sz.002468,申通快递,2026-04-01,15.14,15.49,15.0,15.15,24366611.0,370610973.13,1.6608,2.2267,20.287749,2.254695,0.443869,43.530167
sz.002468,申通快递,2026-04-02,15.05,15.26,14.89,15.14,17914800.0,269791237.0,1.221,-0.066,20.274357,2.253207,0.443576,43.501434
sz.002469,三维化学,2026-04-01,8.87,8.97,8.82,8.95,13088843.0,116549985.84,2.0812,2.1689,21.496123,2.213894,2.072546,104.359128
sz.002469,三维化学,2026-04-02,8.88,9.17,8.88,9.0,17135599.0,154587381.0,2.7247,0.5587,21.616213,2.226263,2.084125,104.94214
sz.002470,金正大,2026-04-01,3.06,3.09,2.94,2.99,274079787.0,825613226.97,8.3415,-0.3333,-65.531476,4.781546,1.062018,62.644497
sz.002470,金正大,2026-04-02,2.99,3.12,2.94,3.0,360442852.0,1089510411.15,10.9699,0.3344,-65.750645,4.797538,1.06557,62.85401
sz.002471,中超控股,2026-04-01,9.22,9.22,8.72,8.82,240242246.0,2144364330.0,17.8965,-4.9569,-533.045635,6.708895,2.330645,-60182.691729
sz.002471,中超控股,2026-04-02,8.76,9.7,8.71,9.36,454979361.0,4335369325.77,33.893,6.1224,-565.681082,7.119643,2.473338,-63867.346325
sz.002472,双环传动,2026-04-01,36.75,36.86,36.3,36.71,10259447.0,375449470.87,1.3585,1.9439,26.334945,3.241438,3.666944,18.696042
sz.002472,双环传动,2026-04-02,36.62,36.62,35.68,35.9,8394644.0,302958403.39,1.1116,-2.2065,25.753869,3.169916,3.586034,18.283517
sz.002474,榕基软件,2026-04-01,7.87,7.88,7.68,7.74,11556300.0,89591582.0,2.1773,0.2591,-48.302785,3.52471,9.870385,-981.080169
sz.002474,榕基软件,2026-04-02,7.67,7.73,7.51,7.56,10361260.0,78817431.0,1.9521,-2.3256,-47.179465,3.44274,9.640841,-958.264351
sz.002475,立讯精密,2026-04-01,50.48,51.11,49.8,50.4,110977737.0,5578244766.45,1.5267,2.3143,23.228155,4.604591,1.174961,17.032407
sz.002475,立讯精密,2026-04-02,50.1,50.9,49.57,49.89,85965881.0,4306449474.23,1.1826,-1.0119,22.993109,4.557997,1.163072,16.860056
sz.002476,宝莫股份,2026-04-01,5.78,5.83,5.72,5.79,6411463.0,37017040.07,1.0477,1.0471,49.982429,3.690687,5.853312,26.414371
sz.002476,宝莫股份,2026-04-02,5.8,5.9,5.76,5.83,9752300.0,56842669.0,1.5937,0.6908,50.32773,3.716184,5.893749,26.596854
sz.002478,常宝股份,2026-04-01,10.5,10.99,10.5,10.68,29593671.0,316650608.37,4.0947,4.7059,15.635335,1.628899,1.671526,217.74699
sz.002478,常宝股份,2026-04-02,10.83,11.06,10.51,10.62,30376200.0,327429980.43,4.203,-0.5618,15.547496,1.619748,1.662136,216.523692
sz.002479,富春环保,2026-04-01,5.88,5.96,5.71,5.78,62271177.0,361219230.8,7.2151,-3.9867,22.178809,1.186395,0.897388,-21.792307
sz.002479,富春环保,2026-04-02,5.73,6.0,5.67,5.96,65230087.0,382803185.88,7.5579,3.1142,22.869499,1.223341,0.925335,-22.47096
sz.002480,新筑股份,2026-04-01,6.34,6.38,6.13,6.2,16472900.0,102653923.0,2.1457,-0.8,-24.221793,4.945009,2.559342,23.097052
sz.002480,新筑股份,2026-04-02,6.3,6.33,6.1,6.15,17530500.0,108678366.0,2.2835,-0.8065,-24.026456,4.905129,2.538702,22.910785
sz.002481,双塔食品,2026-04-01,4.6,4.64,4.55,4.61,8115657.0,37240795.07,0.7259,1.3187,86.015746,2.313576,2.504228,200.983711
sz.002481,双塔食品,2026-04-02,4.61,4.62,4.53,4.56,6552887.0,30005629.33,0.5861,-1.0846,85.082821,2.288483,2.477067,198.803844
sz.002482,广田集团,2026-04-01,1.71,1.73,1.67,1.69,51448271.0,87006367.74,1.3743,0.0,-53.756326,13.209725,4.290359,-53.948238
sz.002482,广田集团,2026-04-02,1.69,1.69,1.66,1.67,46860651.0,78330569.52,1.2518,-1.1834,-53.120156,13.053397,4.239585,-53.309797
sz.002483,润邦股份,2026-04-01,7.0,7.04,6.91,6.96,7632540.0,53142293.0,0.8622,1.9034,13.582891,1.406691,0.793893,5.270763
sz.002483,润邦股份,2026-04-02,6.97,7.01,6.83,6.87,6888540.0,47583596.4,0.7781,-1.2931,13.40725,1.388501,0.783628,5.202607
sz.002484,江海股份,2026-04-01,29.49,30.11,29.15,29.4,19441880.0,575164206.12,2.3696,1.6598,35.971904,4.07402,4.64235,44.526488
sz.002484,江海股份,2026-04-02,29.41,29.7,28.05,28.35,16884905.0,485022277.82,2.0579,-3.5714,34.687193,3.928519,4.476552,42.936256
sz.002485,ST雪发,2026-04-01,4.92,5.03,4.88,5.02,4649300.0,23112580.0,0.8547,3.5052,-16.967861,2.318864,3.569211,-1274.454376
sz.002485,ST雪发,2026-04-02,4.99,5.04,4.85,4.97,5109400.0,25193056.0,0.9392,-0.996,-16.798858,2.295768,3.533661,-1261.760608
sz.002486,嘉麟杰,2026-04-01,2.97,2.99,2.91,2.94,21338300.0,62725692.0,2.6008,0.3413,44.804255,2.236094,1.997139,-87.738071
sz.002486,嘉麟杰,2026-04-02,2.94,2.95,2.82,2.86,23872400.0,68682840.0,2.9096,-2.7211,43.585091,2.175248,1.942795,-85.350641
sz.002487,大金重工,2026-04-01,70.88,71.42,68.11,70.41,18298965.0,1274071029.92,2.9004,1.0187,40.699752,5.42299,7.273599,2324.192164
sz.002487,大金重工,2026-04-02,70.21,75.8,70.0,72.27,22133102.0,1632070498.59,3.5081,2.6417,41.774905,5.566248,7.465744,2385.589656
sz.002488,金固股份,2026-04-01,11.28,11.56,11.16,11.49,17380897.0,196585285.96,1.8891,3.7004,348.506193,3.262681,3.214898,35.811678
sz.002488,金固股份,2026-04-02,11.55,11.97,11.37,11.54,25194318.0,293704918.18,2.7383,0.4352,350.022756,3.276879,3.228888,35.967516
sz.002489,浙江永强,2026-04-01,3.46,3.49,3.43,3.46,16092302.0,55656662.86,0.8412,0.8746,11.489173,1.600533,1.282326,18.131781
sz.002489,浙江永强,2026-04-02,3.44,3.46,3.4,3.43,17441004.0,59852291.68,0.9117,-0.8671,11.389556,1.586655,1.271208,17.974569
sz.002490,山东墨龙,2026-04-01,9.54,9.67,9.4,9.45,53894802.0,513372146.74,9.9488,-0.8395,1462.422085,15.143688,4.279949,74.963727
sz.002490,山东墨龙,2026-04-02,9.65,10.28,9.62,9.96,107831260.0,1068569933.9,19.9053,5.3968,1541.346451,15.960967,4.51093,79.009389
sz.002491,通鼎互联,2026-04-01,12.08,12.35,11.5,11.96,191986474.0,2266318430.4,16.3189,-1.9672,3929.86087,5.929846,4.610076,761.281652
sz.002491,通鼎互联,2026-04-02,11.69,12.78,11.69,12.0,200183187.0,2457061680.83,17.0156,0.3344,3943.004218,5.949678,4.625494,763.827745
sz.002492,恒基达鑫,2026-04-01,7.49,7.58,7.36,7.46,4269150.0,31866501.0,1.0731,0.8108,48.563346,1.746904,8.896625,-43.340899
sz.002492,恒基达鑫,2026-04-02,7.45,7.58,7.42,7.49,5122500.0,38447148.0,1.2876,0.4021,48.758641,1.753929,8.932402,-43.515192
sz.002493,荣盛石化,2026-04-01,12.25,12.62,12.2,12.33,54650473.0,676612913.05,0.5837,2.75,167.291302,2.818937,0.398487,-19.398703
sz.002493,荣盛石化,2026-04-02,12.32,12.4,12.1,12.18,35603431.0,435011399.09,0.3803,-1.2165,165.256128,2.784643,0.39364,-19.162709
sz.002494,华斯股份,2026-04-01,5.49,5.53,5.28,5.39,12583200.0,68085912.0,4.3879,0.1859,135.213597,1.658574,5.105643,166.151224
sz.002494,华斯股份,2026-04-02,5.39,5.41,5.08,5.19,15085100.0,78939306.0,5.2603,-3.7106,130.196395,1.597031,4.916194,159.986058
sz.002495,佳隆股份,2026-04-01,2.71,2.74,2.64,2.68,20774400.0,55768163.0,2.9645,0.3745,125.75685,2.284875,9.670589,427.496493
sz.002495,佳隆股份,2026-04-02,2.68,2.69,2.59,2.61,21430500.0,56335053.0,3.0581,-2.6119,122.472156,2.225196,9.417999,416.33054
sz.002496,*ST辉丰,2026-04-01,1.96,1.99,1.94,1.99,25793200.0,50800490.0,2.3186,3.1088,-18.794521,2.265003,8.681411,356.55861
sz.002496,*ST辉丰,2026-04-02,1.98,2.05,1.97,2.0,28003240.0,56469777.8,2.5173,0.5025,-18.888966,2.276385,8.725036,358.350362
sz.002497,雅化集团,2026-04-01,23.35,23.48,22.66,23.02,28201710.0,650256164.86,2.6642,-0.7759,60.784135,2.445279,3.38497,55.750646
sz.002497,雅化集团,2026-04-02,22.9,23.26,22.42,22.73,47670049.0,1084887002.73,4.5033,-1.2598,60.018392,2.414474,3.342327,55.048314
sz.002498,汉缆股份,2026-04-01,8.96,8.97,8.2,8.38,226607655.0,1906273760.19,6.8116,-4.9887,47.065664,3.242181,2.663498,197.826727
sz.002498,汉缆股份,2026-04-02,8.2,8.54,8.05,8.12,144179703.0,1185733990.1,4.3339,-3.1026,45.605393,3.141588,2.580859,191.688905
sz.002500,山西证券,2026-04-01,5.66,5.67,5.61,5.64,15816478.0,89130520.64,0.4406,0.8945,22.228696,1.105891,5.87686,15.049256
sz.002500,山西证券,2026-04-02,5.63,5.63,5.54,5.58,16119064.0,89966332.26,0.449,-1.0638,21.992221,1.094126,5.814341,14.889158
sz.002501,利源股份,2026-04-01,2.05,2.06,1.95,1.98,174013471.0,345251172.16,4.9067,-4.3478,-10.187939,26.659709,24.001472,5538.323639
sz.002501,利源股份,2026-04-02,1.99,2.0,1.89,1.9,107793800.0,206959772.0,3.0395,-4.0404,-9.776306,25.582549,23.031715,5314.552987
sz.002506,协鑫集成,2026-04-01,4.84,4.98,4.67,4.82,614587417.0,2975063397.52,10.5158,1.4737,-49.580852,15.846323,1.768775,-107.544691
sz.002506,协鑫集成,2026-04-02,4.7,4.73,4.46,4.52,660732143.0,3018639883.59,11.3053,-6.2241,-46.494907,14.860038,1.658685,-100.851038
sz.002507,涪陵榨菜,2026-04-01,12.68,12.68,12.43,12.49,12891954.0,160964101.62,1.1203,0.0,18.765377,1.647103,5.92636,29.1673
sz.002507,涪陵榨菜,2026-04-02,12.46,12.49,12.36,12.41,8661772.0,107659039.6,0.7527,-0.6405,18.645183,1.636553,5.8884,28.98048
sz.002508,老板电器,2026-04-01,21.27,21.35,20.72,20.9,6248900.0,130875281.1,0.6694,-1.0417,12.886539,1.730355,1.774633,-40.55502
sz.002508,老板电器,2026-04-02,20.88,20.9,20.6,20.86,4230431.0,87878560.69,0.4532,-0.1914,12.861875,1.727043,1.771237,-40.477403
sz.002510,天汽模,2026-04-01,7.16,7.19,7.06,7.1,17876286.0,126955879.02,1.779,0.7092,126.633372,2.883759,3.117296,36.837983
sz.002510,天汽模,2026-04-02,7.09,7.11,6.93,6.97,18953618.0,132608457.92,1.8862,-1.831,124.314733,2.830958,3.060219,36.163484
sz.002511,中顺洁柔,2026-04-01,8.48,8.68,8.46,8.58,15595603.0,133825842.77,1.2328,2.509,43.490531,2.011983,1.2725,24.036191
sz.002511,中顺洁柔,2026-04-02,8.58,8.7,8.53,8.65,13405120.0,115895646.03,1.0597,0.8159,43.845349,2.028398,1.282881,24.23229
sz.002512,ST达华,2026-04-01,4.03,4.09,3.95,3.98,66930286.0,268387340.6,6.1154,-0.2506,-32.433179,11.402355,2.451354,75.469437
sz.002512,ST达华,2026-04-02,4.0,4.02,3.78,3.78,82585007.0,317927362.59,7.5458,-5.0251,-30.803371,10.829372,2.32817,71.677003
sz.002513,蓝丰生化,2026-04-01,6.46,6.46,6.21,6.29,7988100.0,50222308.0,2.7637,0.1592,-16.332169,-167.193914,1.075695,89.447461
sz.002513,蓝丰生化,2026-04-02,6.27,6.28,6.05,6.09,6472600.0,39746679.0,2.2393,-3.1797,-15.812863,-161.877733,1.041492,86.603344
sz.002514,宝馨科技,2026-04-01,4.79,4.8,4.66,4.7,20868900.0,98132875.0,3.7667,-0.8439,-5.155452,27.47267,13.055573,1010.801933
sz.002514,宝馨科技,2026-04-02,4.69,4.69,4.37,4.39,31575999.0,141258043.41,5.6993,-6.5957,-4.815411,25.660643,12.194461,944.132018
sz.002515,金字火腿,2026-04-01,5.63,5.77,5.6,5.65,17753371.0,100683501.44,1.4665,1.8018,125.875658,2.619987,22.224246,-13.149712
sz.002515,金字火腿,2026-04-02,5.64,5.71,5.52,5.53,18480525.0,103444618.46,1.5266,-2.1239,123.202192,2.564342,21.752226,-12.870427
sz.002516,旷达科技,2026-04-01,5.65,5.66,5.55,5.6,13204400.0,73763387.0,0.906,1.083,44.721569,2.180659,3.619338,360.492652
sz.002516,旷达科技,2026-04-02,5.59,5.6,5.44,5.46,13497800.0,74313471.0,0.9261,-2.5,43.60353,2.126142,3.528854,351.480336
sz.002517,恺英网络,2026-04-01,18.07,19.15,17.91,19.01,84276733.0,1570010344.25,4.4612,7.4011,21.022811,3.975737,7.712984,93.271206
sz.002517,恺英网络,2026-04-02,18.81,19.08,18.42,18.75,53151635.0,994337538.4,2.8136,-1.3677,20.735282,3.921361,7.607493,91.995535
sz.002518,科士达,2026-04-01,45.75,46.45,45.5,46.05,6957563.0,320109899.6,1.2311,2.1064,55.490683,5.761367,5.521452,108.970893
sz.002518,科士达,2026-04-02,45.78,45.88,44.15,44.53,6375046.0,286323600.8,1.128,-3.3008,53.659068,5.571198,5.339202,105.374025
sz.002519,银河电子,2026-04-01,8.69,8.79,8.13,8.2,132605352.0,1105493359.12,11.8526,-7.0295,-10.653398,4.020158,191.759758,-43.543839
sz.002519,银河电子,2026-04-02,8.05,8.35,7.85,7.96,79368571.0,641874172.02,7.0942,-2.9268,-10.341592,3.902495,186.147277,-42.269385
sz.002520,日发精机,2026-04-01,5.65,5.69,5.55,5.63,16538289.0,92803693.51,2.3052,1.4414,-4.822451,16.43216,3.45268,64.813664
sz.002520,日发精机,2026-04-02,5.61,5.69,5.51,5.53,21907900.0,122525161.0,3.0536,-1.7762,-4.736795,16.140292,3.391354,63.662445
sz.002521,齐峰新材,2026-04-01,8.18,8.25,8.07,8.16,3280100.0,26721758.46,0.7839,0.369,42.215404,1.173407,1.357279,258.238317
sz.002521,齐峰新材,2026-04-02,8.16,8.24,8.01,8.03,3369622.0,27353504.96,0.8053,-1.5931,41.542855,1.154713,1.335656,254.124226
sz.002522,浙江众成,2026-04-01,5.74,5.95,5.72,5.85,25578396.0,149286776.76,2.8263,2.993,68.575465,2.295928,3.226072,-61.113037
sz.002522,浙江众成,2026-04-02,5.86,5.98,5.72,5.77,27129866.0,158339044.16,2.9977,-1.3675,67.637681,2.264531,3.181954,-60.277303
sz.002523,天桥起重,2026-04-01,4.16,4.17,4.07,4.11,18648758.0,76608350.1,1.3212,0.7353,48.384281,2.324103,2.831063,-49.463855
sz.002523,天桥起重,2026-04-02,4.11,4.12,4.01,4.04,16293280.0,66253435.28,1.1543,-1.7032,47.560218,2.284519,2.782846,-48.621405
sz.002524,光正眼科,2026-04-01,4.52,4.55,4.4,4.49,11843100.0,52859529.0,2.3183,1.3544,-15.057057,18.973781,2.698181,-158.266209
sz.002524,光正眼科,2026-04-02,4.5,4.52,4.36,4.41,14795604.0,65437663.74,2.8962,-1.7817,-14.78878,18.635718,2.650106,-155.446321
sz.002526,山东矿机,2026-04-01,3.64,3.65,3.51,3.54,56797497.0,202057359.38,3.2069,-1.6667,55.578118,1.956962,2.901244,121.599698
sz.002526,山东矿机,2026-04-02,3.56,3.57,3.46,3.48,34408355.0,120788224.61,1.9428,-1.6949,54.636116,1.923793,2.85207,119.538686
sz.002527,新时达,2026-04-01,13.61,13.7,13.53,13.64,5576700.0,75994525.07,1.0536,1.7151,-37.470086,7.227445,2.413809,-299.674103
sz.002527,新时达,2026-04-02,13.65,13.66,13.18,13.24,6018534.0,80423154.26,1.1371,-2.9326,-36.371257,7.015496,2.343023,-290.886006
sz.002528,ST英飞拓,2026-04-01,3.98,3.98,3.98,3.98,1068275.0,4251734.5,0.1017,5.0132,-11.890722,47.150771,8.066539,-92.546756
sz.002528,ST英飞拓,2026-04-02,4.17,4.18,3.85,4.15,77016898.0,314728261.41,7.3334,4.2714,-12.398618,49.164749,8.41109,-96.499758
sz.002529,*ST海源,2026-04-01,6.82,6.89,6.76,6.87,2157900.0,14717580.0,0.83,1.4771,-8.576049,9.239168,5.217821,-167.633831
sz.002529,*ST海源,2026-04-02,6.88,6.88,6.69,6.78,2617017.0,17756764.75,1.0065,-1.31,-8.463699,9.118131,5.149465,-165.437755
sz.002530,金财互联,2026-04-01,8.72,8.75,8.6,8.69,10540322.0,91389965.96,1.5163,1.4002,104.402794,5.083434,6.474691,136.150274
sz.002530,金财互联,2026-04-02,8.69,8.69,8.41,8.43,11743400.0,99918950.0,1.6894,-2.9919,101.27912,4.931341,6.280972,132.076733
sz.002531,天顺风能,2026-04-01,11.2,11.67,11.2,11.52,70676012.0,811902944.85,3.9555,3.504,-87.887836,2.391551,3.842078,-218.622963
sz.002531,天顺风能,2026-04-02,11.48,11.8,11.19,11.29,57476675.0,660541999.0,3.2168,-1.9965,-86.133131,2.343803,3.76537,-214.258095
sz.002532,天山铝业,2026-04-01,17.6,18.05,17.03,17.9,130088725.0,2292855209.95,3.1676,0.6183,17.197389,2.802221,2.808419,6098.142087
sz.002532,天山铝业,2026-04-02,18.2,18.61,17.75,17.97,121958968.0,2211201513.48,2.9696,0.3911,17.264642,2.813179,2.819401,6121.98957
sz.002533,金杯电工,2026-04-01,13.55,13.8,13.46,13.58,16527702.0,224306312.62,2.592,2.8009,16.613913,2.178833,0.49047,38.863228
sz.002533,金杯电工,2026-04-02,13.53,13.71,13.21,13.35,13701436.0,183443274.09,2.1488,-1.6937,16.332528,2.141931,0.482163,38.205014
sz.002534,西子洁能,2026-04-01,16.48,16.69,16.39,16.54,6878100.0,113703890.0,0.834,2.3515,71.679282,2.593066,2.347432,-26.658817
sz.002534,西子洁能,2026-04-02,16.46,16.65,16.0,16.04,7214412.0,116985911.04,0.8747,-3.023,69.512436,2.514678,2.27647,-25.852928
sz.002535,林州重机,2026-04-01,3.75,3.79,3.59,3.66,20553927.0,75389471.51,2.754,-0.813,112.48716,4.141072,1.918053,-60.68541
sz.002535,林州重机,2026-04-02,3.64,3.67,3.57,3.6,11161690.0,40386954.8,1.4955,-1.6393,110.643108,4.073186,1.88661,-59.690567
sz.002536,飞龙股份,2026-04-01,28.34,29.06,28.34,28.76,28812179.0,828012004.2,5.2925,4.6579,52.160408,4.73235,3.637152,48.530266
sz.002536,飞龙股份,2026-04-02,28.8,28.9,27.4,27.65,17585452.0,490753866.82,3.2302,-3.8595,50.147263,4.549703,3.496775,46.657227
sz.002537,海联金汇,2026-04-01,7.9,7.91,7.77,7.84,22006167.0,172321423.52,1.8822,1.0309,44.763835,2.17653,1.388576,-67.815332
sz.002537,海联金汇,2026-04-02,7.81,7.82,7.61,7.67,20075617.0,154574950.05,1.717,-2.1684,43.793191,2.129335,1.358466,-66.344847
sz.002538,ST司特,2026-04-01,6.89,7.22,6.88,6.9,86652554.0,605799059.9,10.152,0.2907,27.180321,1.097469,1.325255,-82.867455
sz.002538,ST司特,2026-04-02,6.61,6.7,6.56,6.56,31462800.0,206843078.57,3.6861,-4.9275,25.841001,1.043391,1.259952,-78.784131
sz.002539,云图控股,2026-04-01,14.38,14.62,14.25,14.35,13788700.0,199176511.34,1.5648,1.0563,21.390523,1.872238,0.843176,-101.528506
sz.002539,云图控股,2026-04-02,14.29,14.35,13.81,13.9,17947781.0,251240645.52,2.0367,-3.1359,20.71974,1.813526,0.816735,-98.344685
sz.002540,亚太科技,2026-04-01,6.59,6.63,6.52,6.59,14145400.0,93016105.0,1.6226,1.5408,20.25956,1.520668,1.060704,-27.896665
sz.002540,亚太科技,2026-04-02,6.59,6.63,6.51,6.58,10067161.0,66151833.07,1.1518,-0.1517,20.228817,1.51836,1.059094,-27.854333
sz.002541,鸿路钢构,2026-04-01,20.78,21.51,20.78,21.19,5315378.0,112371351.34,1.0713,3.2148,23.850267,1.527553,0.678671,-769.081166
sz.002541,鸿路钢构,2026-04-02,21.24,21.24,20.01,20.28,6461849.0,131957499.0,1.3023,-4.2945,22.826022,1.461953,0.649526,-736.053141
sz.002542,中化岩土,2026-04-01,3.45,3.6,3.3,3.32,130794817.0,447076101.05,7.4367,1.2195,-4.032319,11.472995,5.811579,-32.522198
sz.002542,中化岩土,2026-04-02,3.18,3.21,3.07,3.1,80512200.0,251768833.0,4.5778,-6.6265,-3.765117,10.712737,5.426474,-30.367113
sz.002543,万和电气,2026-04-01,9.1,9.13,8.95,9.02,9998086.0,90239518.88,1.5112,0.111,9.821749,1.325582,0.878825,-5.443923
sz.002543,万和电气,2026-04-02,9.02,9.13,8.77,8.82,10416200.0,93079653.0,1.5744,-2.2173,9.603971,1.29619,0.859339,-5.323215
sz.002544,普天科技,2026-04-01,26.3,26.37,25.66,25.87,10007233.0,259235627.52,1.4706,0.0774,1677.026067,4.711942,3.741863,159.454662
sz.002544,普天科技,2026-04-02,25.77,25.88,24.94,25.08,8305880.0,210190105.6,1.2206,-3.0537,1625.814216,4.568052,3.627597,154.585347
sz.002545,东方铁塔,2026-04-01,22.25,23.05,22.25,22.35,16061596.0,363919643.34,1.4212,2.1948,30.026813,2.944303,6.209743,38.870698
sz.002545,东方铁塔,2026-04-02,22.4,22.55,21.61,22.05,11263550.0,248240050.5,0.9966,-1.3423,29.623768,2.904783,6.126391,38.348944
sz.002546,新联电子,2026-04-01,9.0,9.05,8.96,9.05,19198303.0,172872695.06,2.3961,2.2599,13.052205,1.989444,10.969118,95.403592
sz.002546,新联电子,2026-04-02,8.98,9.16,8.78,8.88,22897500.0,205206535.0,2.8578,-1.8785,12.807025,1.952073,10.763068,93.61148
sz.002547,春兴精工,2026-04-01,3.4,3.42,3.33,3.38,18402133.0,62033267.89,1.6656,0.8955,-17.149723,-25.099794,1.74184,-175.366858
sz.002547,春兴精工,2026-04-02,3.38,3.42,3.29,3.31,19119400.0,63983685.0,1.7306,-2.071,-16.794551,-24.579976,1.705766,-171.735
sz.002548,金新农,2026-04-01,5.4,5.5,5.34,5.48,14588702.0,78999427.27,1.8135,3.2015,-49.366082,3.184576,0.972536,-31.806967
sz.002548,金新农,2026-04-02,5.47,5.58,5.34,5.42,18384830.0,99955608.9,2.2853,-1.0949,-48.825577,3.149708,0.961888,-31.458716
sz.002549,凯美特气,2026-04-01,18.21,18.8,17.95,18.47,38176668.0,700959530.63,5.514,2.6111,213.645605,6.210399,19.924816,-74.376028
sz.002549,凯美特气,2026-04-02,18.18,18.85,18.1,18.12,29472449.0,541984080.26,4.2568,-1.895,209.597096,6.092715,19.547248,-72.966628
sz.002550,千红制药,2026-04-01,7.68,7.95,7.58,7.92,47547642.0,371495521.82,5.0516,3.6649,23.590062,3.684673,6.609059,-51.14675
sz.002550,千红制药,2026-04-02,7.91,8.2,7.82,8.07,65062807.0,521368845.04,6.9125,1.8939,24.036844,3.754459,6.734231,-52.115439
sz.002551,尚荣医疗,2026-04-01,3.64,3.68,3.59,3.66,12971060.0,47250492.73,2.1223,1.385,-112.238271,1.193891,2.580718,-78.50765
sz.002551,尚荣医疗,2026-04-02,3.66,3.7,3.64,3.65,16251671.0,59658564.57,2.659,-0.2732,-111.931609,1.190629,2.573667,-78.293148
sz.002552,宝鼎科技,2026-04-01,16.36,16.56,16.25,16.37,4686300.0,76784779.24,1.2717,2.3125,51.122296,4.240309,2.018359,-377.628802
sz.002552,宝鼎科技,2026-04-02,16.27,16.44,15.9,16.06,3990200.0,64584710.0,1.0828,-1.8937,50.154189,4.16001,1.980138,-370.477615
sz.002553,南方精工,2026-04-01,24.75,24.88,24.21,24.61,12821801.0,313873418.9,5.1124,-0.3644,25.244398,5.940526,10.266778,38.876562
sz.002553,南方精工,2026-04-02,24.38,24.9,24.26,24.83,11008700.0,271773691.91,4.3894,0.8939,25.470069,5.993631,10.358557,39.224098
sz.002554,惠博普,2026-04-01,3.65,3.68,3.6,3.61,28070975.0,101881870.15,2.1051,0.838,-46.398398,2.033374,1.847866,62.950987
sz.002554,惠博普,2026-04-02,3.64,3.75,3.62,3.74,65785698.0,242999743.76,4.9334,3.6011,-48.069254,2.106598,1.91441,65.21792
sz.002555,三七互娱,2026-04-01,21.82,22.85,21.64,22.78,65390345.0,1461703333.85,4.0895,6.3989,16.150798,3.744546,3.042721,76.138783
sz.002555,三七互娱,2026-04-02,22.5,22.61,22.05,22.2,34356386.0,764492915.0,2.1487,-2.5461,15.739584,3.649207,2.96525,74.200219
sz.002556,辉隆股份,2026-04-01,6.2,6.22,6.08,6.12,14648304.0,89868393.44,1.5491,0.6579,38.549785,1.600936,0.376995,152.033475
sz.002556,辉隆股份,2026-04-02,6.09,6.19,6.05,6.1,12373433.0,75767944.31,1.3085,-0.3268,38.423805,1.595704,0.375763,151.536633
sz.002557,洽洽食品,2026-04-01,21.37,21.7,21.26,21.55,3119482.0,67129375.05,0.618,1.795,27.861162,2.099874,1.585578,-7.901443
sz.002557,洽洽食品,2026-04-02,21.5,21.74,21.4,21.72,2784201.0,60110409.73,0.5516,0.7889,28.080948,2.11644,1.598086,-7.963774
sz.002558,巨人网络,2026-04-01,32.3,34.69,31.95,34.69,55955935.0,1874729902.44,2.9442,9.9873,37.229554,4.345868,16.187778,22.176381
sz.002558,巨人网络,2026-04-02,35.02,35.28,33.51,34.05,61659252.0,2105238318.55,3.2443,-1.8449,36.542702,4.26569,15.889127,21.767246
sz.002559,亚威股份,2026-04-01,9.33,9.51,9.29,9.35,13055573.0,122413964.67,2.59,2.0742,68.338391,2.905856,2.388931,-23.353785
sz.002559,亚威股份,2026-04-02,9.33,9.37,9.01,9.11,12818300.0,117521662.0,2.543,-2.5668,66.584251,2.831267,2.327611,-22.75433
sz.002560,通达股份,2026-04-01,11.37,11.87,11.17,11.87,83618998.0,981085558.42,18.4615,10.0093,38.662061,2.294091,0.780187,24.795297
sz.002560,通达股份,2026-04-02,12.99,13.06,11.93,13.06,210996718.0,2709401042.13,46.5842,10.0253,42.538038,2.52408,0.858403,27.281093
sz.002561,徐家汇,2026-04-01,8.19,8.24,8.09,8.16,3070400.0,24991925.0,0.7409,0.6165,-217.354758,1.564177,9.289691,-31.313815
sz.002561,徐家汇,2026-04-02,8.11,8.19,8.03,8.07,2406700.0,19492446.0,0.5807,-1.1029,-214.957463,1.546925,9.187231,-30.968442
sz.002562,兄弟科技,2026-04-01,6.19,6.21,6.08,6.16,19702623.0,120868623.11,2.8085,1.1494,64.164751,1.913102,1.973396,14.168288
sz.002562,兄弟科技,2026-04-02,6.16,6.18,5.97,6.03,21780740.0,131968071.8,3.1048,-2.1104,62.810625,1.872728,1.931749,13.869282
sz.002563,森马服饰,2026-04-01,5.47,5.49,5.35,5.47,20552105.0,111879675.35,0.9312,0.7366,16.513237,1.293718,0.976595,-32.873111
sz.002563,森马服饰,2026-04-02,5.5,5.53,5.45,5.49,16380152.0,89993932.52,0.7422,0.3656,16.573615,1.298448,0.980166,-32.993306
sz.002564,天沃科技,2026-04-01,6.18,6.22,6.08,6.16,11367500.0,69773989.0,1.3235,1.6502,112.633588,28.418551,2.078779,-52.115656
sz.002564,天沃科技,2026-04-02,6.17,6.17,5.93,5.97,11010366.0,66375934.36,1.2819,-3.0844,109.1595,27.542005,2.014661,-50.508192
sz.002565,顺灏股份,2026-04-01,17.0,17.45,16.35,16.7,272926351.0,4592200493.18,25.7491,-1.8225,312.239342,9.491632,13.769872,294.096282
sz.002565,顺灏股份,2026-04-02,16.65,17.0,15.98,16.2,169681043.0,2786910206.44,16.0085,-2.994,302.890858,9.207451,13.3576,285.291004
sz.002566,益盛药业,2026-04-01,8.28,8.32,8.14,8.3,6565300.0,54136057.0,2.8324,2.3428,68.077463,1.233652,4.298049,-396.46668
sz.002566,益盛药业,2026-04-02,8.3,8.38,8.21,8.24,6711950.0,55613574.5,2.8957,-0.7229,67.585337,1.224734,4.266979,-393.600656
sz.002567,唐人神,2026-04-01,4.06,4.07,4.02,4.05,15063700.0,60887981.07,1.0524,0.4963,-22.05425,1.058067,0.224457,72.626857
sz.002567,唐人神,2026-04-02,4.03,4.17,4.03,4.13,37988977.0,156338629.78,2.6539,1.9753,-22.489889,1.078968,0.228891,74.061462
sz.002568,百润股份,2026-04-01,17.22,17.59,17.05,17.5,7355387.0,127911432.17,0.9639,3.2448,26.25984,3.838886,6.218213,-407.081604
sz.002568,百润股份,2026-04-02,17.46,17.49,17.17,17.23,5714978.0,98983711.49,0.7489,-1.5429,25.854688,3.779658,6.122275,-400.800916
sz.002569,*ST步森,2026-04-01,14.9,15.4,14.67,14.91,1744101.0,26173170.8,1.2462,0.6752,-48.641298,74.422248,17.954083,7164.656535
sz.002569,*ST步森,2026-04-02,14.39,14.74,14.21,14.3,1601301.0,23028282.3,1.1441,-4.0912,-46.651279,71.377475,17.219543,6871.535108
sz.002570,贝因美,2026-04-01,5.16,5.19,5.11,5.14,14750434.0,75717494.42,1.3658,0.5871,40.38954,3.227353,2.041489,12.906156
sz.002570,贝因美,2026-04-02,5.12,5.15,5.03,5.05,19596484.0,99508817.78,1.8145,-1.751,39.682331,3.170843,2.005743,12.680173
sz.002571,德力股份,2026-04-01,11.55,11.68,11.35,11.63,5641300.0,65178614.0,1.8911,2.467,-19.800985,4.668246,2.664762,81.210562
sz.002571,德力股份,2026-04-02,11.62,11.95,11.45,11.55,8021843.0,93531372.8,2.6891,-0.6879,-19.664779,4.636134,2.646431,80.651934
sz.002572,索菲亚,2026-04-01,12.8,12.84,12.7,12.81,5875417.0,75150703.39,0.9019,1.105,10.908943,1.712262,1.252912,-17.591851
sz.002572,索菲亚,2026-04-02,12.77,12.85,12.7,12.79,5411700.0,69102991.0,0.8307,-0.1561,10.891911,1.709589,1.250956,-17.564385
sz.002573,清新环境,2026-04-01,3.85,3.87,3.77,3.79,13580264.0,51847216.1,0.9613,0.2646,-12.82845,0.902723,0.601551,-14.321804
sz.002573,清新环境,2026-04-02,3.8,3.8,3.69,3.71,13543700.0,50552865.74,0.9587,-2.1108,-12.557665,0.883668,0.588853,-14.019497
sz.002574,明牌珠宝,2026-04-01,5.8,5.83,5.66,5.72,6734300.0,38483904.0,1.2754,0.3509,-31.144237,1.014009,0.992364,163.166334
sz.002574,明牌珠宝,2026-04-02,5.7,5.77,5.59,5.63,6699800.0,37973641.0,1.2689,-1.5734,-30.654205,0.998055,0.97675,160.599031
sz.002575,群兴玩具,2026-04-01,8.55,9.2,8.46,8.83,124969328.0,1107551089.88,21.3442,5.622,-184.93427,6.565323,12.937976,-285.476401
sz.002575,群兴玩具,2026-04-02,8.57,8.74,8.01,8.03,100659515.0,830591302.75,17.1922,-9.06,-168.179183,5.970503,11.765793,-259.612174
sz.002576,通达动力,2026-04-01,17.66,17.77,17.4,17.65,5653952.0,99381665.4,3.4895,1.7878,35.37323,2.197333,1.655141,-192.725764
sz.002576,通达动力,2026-04-02,17.65,18.25,17.45,17.66,6049801.0,107757074.62,3.7338,0.0567,35.393271,2.198578,1.656079,-192.834957
sz.002577,雷柏科技,2026-04-01,15.52,15.7,15.4,15.53,1440788.0,22339901.36,0.5133,1.5033,404.816214,3.684227,10.089345,49.806315
sz.002577,雷柏科技,2026-04-02,15.54,15.55,15.05,15.18,1406300.0,21472888.0,0.501,-2.2537,395.692861,3.601195,9.861962,48.683828
sz.002578,闽发铝业,2026-04-01,4.68,4.68,4.26,4.37,184481067.0,807085574.95,21.4223,-6.823,-259.717224,2.701459,2.157904,-836.862397
sz.002578,闽发铝业,2026-04-02,4.52,4.62,4.17,4.24,147226936.0,642922948.36,17.0963,-2.9748,-251.991082,2.621095,2.09371,-811.967177
sz.002579,中京电子,2026-04-01,11.44,12.29,11.42,12.29,45641921.0,551767588.14,7.8233,10.0269,236.465893,3.112374,2.310404,25.79841
sz.002579,中京电子,2026-04-02,12.32,12.4,12.1,12.17,70166602.0,858108856.63,12.0269,-0.9764,234.157032,3.081985,2.287846,25.546513
sz.002580,圣阳股份,2026-04-01,17.92,19.37,16.97,18.36,171411816.0,3199870862.13,37.8946,4.2589,41.852493,3.58087,2.477989,55.926825
sz.002580,圣阳股份,2026-04-02,17.6,18.0,16.81,17.08,134079177.0,2323493060.03,29.6413,-6.9717,38.934672,3.331224,2.305231,52.027787
sz.002581,ST未名,2026-04-01,7.43,7.54,7.42,7.45,3389900.0,25248433.0,0.8458,0.9485,-22.265085,2.629254,19.069374,-63.613219
sz.002581,ST未名,2026-04-02,7.46,7.46,7.26,7.29,2980100.0,21852212.0,0.7436,-2.1477,-21.786909,2.572787,18.65983,-62.24703
sz.002582,好想你,2026-04-01,11.35,11.45,11.26,11.32,9377200.0,106319887.0,2.724,0.8014,-317.590264,1.622928,3.259949,130.016152
sz.002582,好想你,2026-04-02,11.25,11.43,11.19,11.27,11444500.0,129378709.99,3.3245,-0.4417,-316.18748,1.61576,3.24555,129.441876
sz.002583,海能达,2026-04-01,10.15,10.18,9.98,10.05,13136820.0,131980738.88,1.0241,0.7014,-5.148499,7.153648,3.198748,47.421763
sz.002583,海能达,2026-04-02,10.0,10.04,9.82,9.86,14754537.0,146320908.3,1.1503,-1.8905,-5.051164,7.018405,3.138274,46.525232
sz.002584,西陇科学,2026-04-01,7.94,7.96,7.81,7.87,7204352.0,56679277.24,1.538,0.8974,-71.692285,2.054069,0.64416,28.258248
sz.002584,西陇科学,2026-04-02,7.84,7.9,7.69,7.75,7399000.0,57638566.0,1.5795,-1.5248,-70.599137,2.022749,0.634338,27.827373
sz.002585,双星新材,2026-04-01,6.94,7.05,6.82,6.88,24158382.0,167063429.26,2.725,1.3255,-19.973109,0.910424,1.436019,-48.416065
sz.002585,双星新材,2026-04-02,6.89,7.01,6.69,6.76,26049990.0,178104087.38,2.9383,-1.7442,-19.624741,0.894545,1.410972,-47.571599
sz.002586,ST围海,2026-04-01,4.73,4.75,4.61,4.66,6751800.0,31660246.0,0.6208,-0.4274,-174.753939,1.789281,2.206377,-27.645718
sz.002586,ST围海,2026-04-02,4.74,4.74,4.54,4.6,8418900.0,38720816.0,0.7741,-1.2876,-172.503888,1.766243,2.177969,-27.289765
sz.002587,奥拓电子,2026-04-01,6.99,7.07,6.8,6.87,22421491.0,155147508.08,4.209,0.292,-1559.599773,3.366336,5.686557,41.998134
sz.002587,奥拓电子,2026-04-02,6.87,6.91,6.42,6.52,30504700.0,202007058.0,5.7265,-5.0946,-1480.14418,3.194834,5.396849,39.858491
sz.002588,史丹利,2026-04-01,10.56,10.67,10.41,10.47,14978129.0,157649422.22,1.7445,0.8671,12.34496,1.646958,1.033114,206.670941
sz.002588,史丹利,2026-04-02,10.44,10.54,10.23,10.36,13251691.0,137386751.75,1.5434,-1.0506,12.215261,1.629655,1.02226,204.499613
sz.002589,瑞康医药,2026-04-01,3.15,3.23,3.07,3.21,72086046.0,229095103.4,5.2787,2.8846,-56705.739568,0.903,0.660152,-39.216456
sz.002589,瑞康医药,2026-04-02,3.21,3.32,3.19,3.31,115961509.0,378936176.03,8.4917,3.1153,-58472.273511,0.93113,0.680717,-40.438152
sz.002590,万安科技,2026-04-01,12.32,12.37,12.23,12.32,6161041.0,75830449.27,1.2448,1.7341,29.776899,2.129479,1.34369,-27.263387
sz.002590,万安科技,2026-04-02,12.32,12.4,12.03,12.09,6140500.0,74974437.0,1.2406,-1.8669,29.220999,2.089725,1.318605,-26.754412
sz.002591,恒大高新,2026-04-01,7.15,7.16,6.88,6.99,10187000.0,71363972.0,4.5577,-0.2853,-77.339003,3.186094,5.66092,1495.388313
sz.002591,恒大高新,2026-04-02,7.01,7.02,6.66,6.81,10477400.0,71275087.0,4.6876,-2.5751,-75.347441,3.104049,5.515146,1456.880459
sz.002592,ST八菱,2026-04-01,9.27,9.29,8.83,8.99,4339900.0,39093715.46,1.652,-1.6411,21.787084,2.718787,3.579333,35.59314
sz.002592,ST八菱,2026-04-02,8.9,8.94,8.56,8.65,4466800.0,38788513.0,1.7004,-3.782,20.963101,2.615963,3.443964,34.247015
sz.002593,日上集团,2026-04-01,5.53,5.55,5.42,5.47,13857400.0,75762555.0,2.4796,0.5515,44.365566,1.816655,1.248742,-118.144857
sz.002593,日上集团,2026-04-02,5.42,5.48,5.38,5.41,10487800.0,56936395.0,1.8767,-1.0969,43.878924,1.796728,1.235045,-116.848935
sz.002594,比亚迪,2026-04-01,105.9,106.5,102.37,102.65,71519811.0,7383168511.54,2.0513,-2.4703,28.691244,4.113025,1.164081,-27.638605
sz.002594,比亚迪,2026-04-02,102.49,103.48,100.5,101.65,60434947.0,6153958207.6,1.7333,-0.9742,28.411739,4.072957,1.152741,-27.369354
sz.002595,豪迈科技,2026-04-01,80.2,81.82,76.8,80.51,6725033.0,536554729.64,0.8465,1.6797,26.911471,5.35543,5.813812,288.368161
sz.002595,豪迈科技,2026-04-02,80.53,80.76,78.26,78.8,3802583.0,300577606.74,0.4786,-2.124,26.339882,5.241683,5.690329,282.243337
sz.002596,海南瑞泽,2026-04-01,3.86,3.87,3.77,3.8,25243200.0,95812633.0,2.2017,0.2639,-18.501524,6.525599,3.756271,-199.647016
sz.002596,海南瑞泽,2026-04-02,3.8,3.81,3.7,3.73,20465600.0,76761905.0,1.785,-1.8421,-18.160706,6.40539,3.687076,-195.969308
sz.002597,金禾实业,2026-04-01,23.49,23.64,23.06,23.07,7034200.0,164049467.84,1.241,-0.1299,24.343882,1.732525,2.729349,-15.088504
sz.002597,金禾实业,2026-04-02,23.08,24.75,22.6,24.43,25110869.0,599016781.63,4.4301,5.8951,25.778978,1.834659,2.890247,-15.977986
sz.002598,山东章鼓,2026-04-01,9.35,9.37,9.1,9.22,5846800.0,53891412.0,2.0406,0.2174,90.674619,2.34507,1.419604,163.203074
sz.002598,山东章鼓,2026-04-02,9.18,9.23,8.91,9.01,5308347.0,48060430.47,1.8526,-2.2777,88.609362,2.291658,1.387271,159.485868
sz.002599,盛通股份,2026-04-01,7.2,7.22,7.08,7.13,5703291.0,40634296.26,1.433,0.7062,-20.638953,3.066808,1.827814,232.110988
sz.002599,盛通股份,2026-04-02,7.13,7.15,6.96,7.0,6252059.0,44011143.95,1.5708,-1.8233,-20.262647,3.010891,1.794487,227.87895
sz.002600,领益智造,2026-04-01,13.09,13.13,12.87,12.96,58438609.0,757850741.44,0.8117,1.0133,41.400138,3.939747,1.84161,-160.130089
sz.002600,领益智造,2026-04-02,12.85,12.93,12.44,12.54,74147673.0,937821872.34,1.0299,-3.2407,40.058466,3.81207,1.781928,-154.940688
sz.002601,龙佰集团,2026-04-01,17.75,17.84,17.48,17.59,20710302.0,364981471.24,1.042,1.0339,32.780586,1.7856,1.606577,54.044597
sz.002601,龙佰集团,2026-04-02,17.55,17.55,16.94,17.07,32877366.0,562276783.19,1.6541,-2.9562,31.811518,1.732814,1.559083,52.446917
sz.002602,世纪华通,2026-04-01,16.51,17.38,16.26,17.19,161935698.0,2735344134.52,2.3825,7.7068,33.630727,4.226949,3.692411,27.077486
sz.002602,世纪华通,2026-04-02,17.0,17.22,16.85,16.97,72379986.0,1229737451.48,1.0649,-1.2798,33.200316,4.172852,3.645155,26.730945
sz.002603,以岭药业,2026-04-01,16.96,17.17,16.75,17.12,14412359.0,245561214.84,1.0468,1.6627,-102.559096,2.67217,4.755273,196.576325
sz.002603,以岭药业,2026-04-02,17.07,17.35,17.0,17.33,21902935.0,377655687.96,1.5908,1.2266,-103.817123,2.704948,4.813603,198.9876
sz.002605,姚记科技,2026-04-01,20.9,21.2,20.6,21.18,7423000.0,155496957.0,2.201,4.0275,17.514456,2.403367,3.415296,28.158258
sz.002605,姚记科技,2026-04-02,21.01,21.02,20.57,20.63,5959100.0,123541726.0,1.7669,-2.5968,17.059642,2.340957,3.326608,27.427047
sz.002606,大连电瓷,2026-04-01,11.35,11.42,11.15,11.2,10542149.0,118505189.84,2.5032,1.3575,28.765643,2.702717,3.156069,62.60075
sz.002606,大连电瓷,2026-04-02,11.2,11.47,11.0,11.12,13658200.0,152976983.0,3.2431,-0.7143,28.560175,2.683412,3.133525,62.153602
sz.002607,中公教育,2026-04-01,2.66,2.67,2.61,2.64,78688446.0,207780697.44,1.5478,0.7634,151.473479,19.944472,7.456492,-140.850683
sz.002607,中公教育,2026-04-02,2.64,2.65,2.58,2.61,81931396.0,213597922.52,1.6116,-1.1364,149.752189,19.71783,7.371759,-139.250107
sz.002608,江苏国信,2026-04-01,8.28,8.3,8.12,8.2,18174151.0,148894733.2,0.481,0.2445,8.738497,0.887185,0.882715,-18.059336
sz.002608,江苏国信,2026-04-02,8.17,8.23,8.0,8.08,20238800.0,163685496.0,0.5357,-1.4634,8.610616,0.874202,0.869798,-17.795053
sz.002609,捷顺科技,2026-04-01,8.62,8.7,8.37,8.46,11201910.0,95014001.35,2.4384,-0.1181,90.768288,2.263833,3.119746,-164.721686
sz.002609,捷顺科技,2026-04-02,8.4,8.44,8.2,8.27,6358300.0,52736958.0,1.384,-2.2459,88.729757,2.212991,3.049681,-161.022263
sz.002611,东方精工,2026-04-01,18.15,18.23,17.73,17.81,32426999.0,580005025.76,3.2365,-1.0006,29.892581,3.754859,4.146451,63.389888
sz.002611,东方精工,2026-04-02,17.78,18.12,17.49,17.51,35224964.0,625994393.55,3.5158,-1.6844,29.389056,3.69161,4.076606,62.322119
sz.002612,朗姿股份,2026-04-01,16.82,16.95,16.59,16.91,4418900.0,74301140.0,1.7347,1.8675,7.234537,2.19239,1.305907,-101.699793
sz.002612,朗姿股份,2026-04-02,16.9,16.9,16.54,16.7,3902902.0,65211627.3,1.5321,-1.2419,7.144693,2.165163,1.289689,-100.436815
sz.002613,北玻股份,2026-04-01,3.84,3.89,3.75,3.79,17673005.0,67062829.8,2.2885,0.2646,-186.905636,1.909805,2.763952,-49.24333
sz.002613,北玻股份,2026-04-02,3.77,3.8,3.65,3.68,14892400.0,55248038.0,1.9284,-2.9024,-181.480935,1.854375,2.683732,-47.814104
sz.002614,奥佳华,2026-04-01,6.33,6.37,6.26,6.32,8207700.0,51833810.0,1.86,1.12,57.541761,0.912668,0.769499,68.698789
sz.002614,奥佳华,2026-04-02,6.32,6.35,6.18,6.24,6070600.0,37959242.0,1.3757,-1.2658,56.813384,0.901115,0.759758,67.829184
sz.002615,哈尔斯,2026-04-01,7.8,8.22,7.72,8.16,15836628.0,127709149.25,5.1801,6.1118,23.524425,2.236352,1.118679,-27.059262
sz.002615,哈尔斯,2026-04-02,8.15,8.23,8.03,8.11,9980700.0,80870303.5,3.2646,-0.6127,23.38028,2.222648,1.111825,-26.893458
sz.002616,长青集团,2026-04-01,6.51,6.56,6.13,6.2,53477072.0,334408491.2,9.1028,-4.908,19.010307,1.471475,1.453164,18.385204
sz.002616,长青集团,2026-04-02,6.17,6.39,5.86,5.86,44245161.0,267012610.44,7.5313,-5.4839,17.967806,1.390781,1.373474,17.376983
sz.002617,露笑科技,2026-04-01,7.47,7.49,7.34,7.38,38081370.0,281331547.7,2.0282,1.0959,52.159849,2.206379,3.814365,-146.420767
sz.002617,露笑科技,2026-04-02,7.35,7.4,7.11,7.15,51618670.0,372794022.83,2.7492,-3.1165,50.534271,2.137616,3.695489,-141.857519
sz.002620,ST瑞和,2026-04-01,9.31,9.77,8.87,9.21,61074231.0,574970333.84,19.3665,-0.9677,-25.984596,-157.805068,6.618271,187.101755
sz.002620,ST瑞和,2026-04-02,8.95,9.47,8.75,9.4,43864811.0,395214439.78,13.9094,2.063,-26.520652,-161.060548,6.754804,190.961617
sz.002622,皓宸医疗,2026-04-01,2.82,2.82,2.69,2.77,24514000.0,67630903.0,2.9184,0.3623,-29.985553,6.386001,3.088277,-55.274188
sz.002622,皓宸医疗,2026-04-02,2.79,2.79,2.64,2.67,25365000.0,68611692.0,3.0197,-3.6101,-28.903042,6.155459,2.976787,-53.27873
sz.002623,亚玛顿,2026-04-01,22.08,22.65,21.58,22.35,6743271.0,149456716.62,3.3948,2.8532,-27.856902,1.570596,2.19571,17.393946
sz.002623,亚玛顿,2026-04-02,22.38,22.38,21.57,21.89,4632800.0,101463961.79,2.3323,-2.0582,-27.283561,1.53827,2.150519,17.035949
sz.002624,完美世界,2026-04-01,17.95,19.33,17.8,19.33,70777767.0,1329948909.28,3.8724,10.0171,-160.789475,5.294414,5.423358,55.739219
sz.002624,完美世界,2026-04-02,19.93,20.22,19.38,19.59,105653876.0,2083447052.25,5.7806,1.3451,-162.952189,5.365627,5.496305,56.488945
sz.002625,光启技术,2026-04-01,39.01,39.56,38.6,39.02,13155626.0,512613073.26,0.6106,1.6675,116.643675,8.810364,44.608784,-85.066288
sz.002625,光启技术,2026-04-02,38.99,39.0,37.7,37.79,18067344.0,690735165.1,0.8386,-3.1522,112.966799,8.532641,43.202613,-82.384803
sz.002626,金达威,2026-04-01,17.76,17.97,17.58,17.89,3925052.0,69850007.72,0.6436,1.9954,22.634429,2.465575,3.116241,5.628171
sz.002626,金达威,2026-04-02,17.87,17.96,17.57,17.7,4040100.0,71696006.0,0.6625,-1.062,22.394041,2.439389,3.083145,5.568398
sz.002627,三峡旅游,2026-04-01,8.08,8.34,7.97,8.3,18314900.0,150195223.0,2.554,4.534,65.714696,1.940485,7.574072,-80.154075
sz.002627,三峡旅游,2026-04-02,8.25,8.43,8.13,8.29,16492300.0,136725234.0,2.2998,-0.1205,65.635521,1.938147,7.564947,-80.057504
sz.002628,成都路桥,2026-04-01,5.36,5.51,5.25,5.3,30548400.0,163859425.0,4.0527,0.9524,-40.196137,1.400586,4.922161,-32.365615
sz.002628,成都路桥,2026-04-02,5.32,5.33,5.11,5.15,24322396.0,125990791.27,3.2267,-2.8302,-39.058511,1.360947,4.782854,-31.449607
sz.002629,仁智股份,2026-04-01,6.66,6.8,6.54,6.62,24776300.0,165043066.0,5.8532,-0.1508,788.16823,78.767895,11.011695,-276.456697
sz.002629,仁智股份,2026-04-02,6.63,6.88,6.62,6.68,22291300.0,149746622.0,5.2661,0.9063,795.311749,79.481804,11.111499,-278.962347
sz.002630,ST华西,2026-04-01,2.1,2.12,2.07,2.09,36897799.0,77227488.24,3.5814,0.9662,-6.37729,10.226486,1.241323,134.651196
sz.002630,ST华西,2026-04-02,2.07,2.09,1.99,1.99,46861380.0,94750124.0,4.5484,-4.7847,-6.072156,9.737181,1.18193,128.208555
sz.002631,德尔未来,2026-04-01,6.74,6.96,6.69,6.8,13290038.0,90333631.76,1.6747,2.5641,-33.532137,2.478779,4.417158,40.931116
sz.002631,德尔未来,2026-04-02,6.8,6.81,6.55,6.58,12150063.0,80902907.28,1.5311,-3.2353,-32.447274,2.398583,4.27425,39.606874
sz.002632,道明光学,2026-04-01,12.08,12.33,12.0,12.16,18159500.0,220071544.0,3.1613,2.616,34.267279,3.476206,5.092419,104.649913
sz.002632,道明光学,2026-04-02,12.08,12.2,11.31,11.59,26722800.0,311277304.0,4.6521,-4.6875,32.661001,3.313259,4.853712,99.744448
sz.002633,申科股份,2026-04-01,17.99,18.37,17.65,18.13,3233800.0,58223770.0,2.1643,3.4227,527.036982,6.404107,8.710055,1647.970668
sz.002633,申科股份,2026-04-02,18.14,18.2,17.7,17.84,2677500.0,47937233.0,1.7919,-1.5996,518.606716,6.30167,8.570733,1621.610409
sz.002634,棒杰股份,2026-04-01,8.85,9.45,8.71,9.17,61625095.0,560529088.0,13.8014,2.5727,-3.038847,-6.935854,7.475797,-38.062191
sz.002634,棒杰股份,2026-04-02,9.09,9.4,8.91,9.21,36665266.0,335992530.39,8.2114,0.4362,-3.052103,-6.966108,7.508407,-38.22822
sz.002635,安洁科技,2026-04-01,13.76,13.96,13.6,13.9,11039771.0,151846516.41,2.7911,3.654,82.451453,1.574931,1.930857,104.885613
sz.002635,安洁科技,2026-04-02,13.8,14.23,13.41,13.47,11952982.0,164321929.62,3.022,-3.0935,79.900797,1.52621,1.871125,101.64095
sz.002636,金安国纪,2026-04-01,31.61,33.17,30.8,31.43,54123760.0,1742204402.21,7.4724,4.2454,206.979663,6.568228,5.258374,-8753.805781
sz.002636,金安国纪,2026-04-02,30.0,30.85,29.0,29.03,46605046.0,1385325830.26,6.4344,-7.636,191.174662,6.066677,4.856844,-8085.363724
sz.002637,赞宇科技,2026-04-01,11.58,11.75,11.46,11.7,11658502.0,135329316.1,2.6334,2.9024,33.266861,1.457976,0.426535,-17.429158
sz.002637,赞宇科技,2026-04-02,11.71,11.87,11.46,11.58,9703800.0,113013873.0,2.1918,-1.0256,32.925663,1.443023,0.42216,-17.250397
sz.002638,勤上股份,2026-04-01,4.32,4.4,4.19,4.34,53490100.0,229894905.5,3.9544,2.6005,-16.14232,3.025789,15.61808,24.68989
sz.002638,勤上股份,2026-04-02,4.3,4.32,4.15,4.25,51471150.0,217228585.5,3.8051,-2.0737,-15.807571,2.963043,15.294203,24.177888
sz.002639,雪人集团,2026-04-01,17.43,18.82,16.95,18.82,121303415.0,2182407158.38,18.6443,9.9942,349.692867,5.80171,5.585387,112.07718
sz.002639,雪人集团,2026-04-02,19.2,19.79,18.88,19.24,171838497.0,3336024378.39,26.4115,2.2317,357.496852,5.931184,5.710034,114.578371
sz.002640,跨境通,2026-04-01,3.61,3.63,3.55,3.59,38919734.0,139374933.74,2.5138,0.5602,-13.398676,12.325554,1.028689,34.253454
sz.002640,跨境通,2026-04-02,3.56,3.58,3.47,3.48,33040356.0,116045141.56,2.134,-3.0641,-12.988132,11.947891,0.997169,33.203906
sz.002641,公元股份,2026-04-01,4.24,4.25,4.15,4.17,10110832.0,42299833.0,0.8916,0.0,58.261871,0.94003,0.821074,-891.381517
sz.002641,公元股份,2026-04-02,4.16,4.19,4.07,4.12,10286824.0,42406854.31,0.9071,-1.199,57.563288,0.928759,0.811229,-880.693489
sz.002642,荣联科技,2026-04-01,8.13,8.15,7.89,7.95,11648800.0,93053661.0,1.7608,-0.9963,262.771071,4.426394,2.697919,34.062419
sz.002642,荣联科技,2026-04-02,7.93,8.0,7.78,7.84,9736950.0,76689067.5,1.4718,-1.3836,259.135244,4.365148,2.660589,33.591115
sz.002643,万润股份,2026-04-01,15.81,15.86,15.64,15.81,8331250.0,131484235.5,0.9162,1.803,57.007326,2.027063,3.883964,-160.243048
sz.002643,万润股份,2026-04-02,15.83,16.1,15.68,15.79,10394277.0,164653791.09,1.1431,-0.1265,56.93521,2.024499,3.879051,-160.040337
sz.002644,佛慈制药,2026-04-01,8.88,9.06,8.73,8.99,19850300.0,177033566.0,3.8872,1.5819,77.705907,2.519839,5.125103,43.823752
sz.002644,佛慈制药,2026-04-02,8.97,9.05,8.85,8.92,12097200.0,108339558.0,2.3689,-0.7786,77.100856,2.500218,5.085197,43.482521
sz.002645,华宏科技,2026-04-01,17.11,18.43,16.89,18.43,31378556.0,566129220.24,5.6141,10.0299,-71.506123,2.897653,1.654717,-69.610298
sz.002645,华宏科技,2026-04-02,18.59,18.6,17.43,18.01,59178332.0,1062747035.37,10.5878,-2.2789,-69.876575,2.831618,1.617008,-68.023954
sz.002646,天佑德酒,2026-04-01,8.17,8.2,8.06,8.16,5311393.0,43213463.25,1.116,1.3665,601.372766,1.365878,3.404424,-33.798602
sz.002646,天佑德酒,2026-04-02,8.13,8.18,8.07,8.09,3519517.0,28588680.63,0.7395,-0.8578,596.213931,1.35416,3.37522,-33.508663
sz.002647,*ST仁东,2026-04-01,8.99,8.99,8.43,8.6,20980165.0,180458274.4,2.0664,-2.7149,27.03391,17.304266,11.813651,39.232662
sz.002647,*ST仁东,2026-04-02,8.57,8.65,8.48,8.49,8581400.0,73360962.0,0.8452,-1.2791,26.688127,17.082932,11.662546,38.730849
sz.002648,卫星化学,2026-04-01,27.5,27.59,26.52,27.01,59958203.0,1623534548.37,1.781,-2.2085,17.132834,2.711666,1.975066,-24.569005
sz.002648,卫星化学,2026-04-02,27.48,27.74,26.89,27.11,39304984.0,1071094573.33,1.1675,0.3702,17.196265,2.721705,1.982378,-24.659968
sz.002649,博彦科技,2026-04-01,11.69,11.74,11.6,11.71,8099980.0,94536008.0,1.4766,2.2707,53.134729,1.613828,1.012276,-248.069322
sz.002649,博彦科技,2026-04-02,11.67,11.67,11.31,11.44,7469834.0,85554751.3,1.3618,-2.3057,51.90959,1.576617,0.988936,-242.349534
sz.002650,ST加加,2026-04-01,6.64,6.82,6.64,6.78,6817607.0,46055017.6,0.6158,2.1084,-38.840585,4.051014,5.894417,474.372881
sz.002650,ST加加,2026-04-02,6.79,6.81,6.6,6.7,4651600.0,31056852.0,0.4202,-1.1799,-38.382289,4.003215,5.824866,468.775561
sz.002651,利君股份,2026-04-01,9.5,9.67,9.36,9.4,8001600.0,75616103.0,1.4151,-0.6342,168.816127,3.462828,13.38005,7015.935331
sz.002651,利君股份,2026-04-02,9.36,9.52,9.3,9.36,7304500.0,68755133.0,1.2918,-0.4255,168.09776,3.448093,13.323114,6986.080287
sz.002652,扬子新材,2026-04-01,4.78,4.8,4.54,4.61,23976511.0,111184114.89,4.6823,-0.8602,-114.028022,9.4139,7.838119,-370.53459
sz.002652,扬子新材,2026-04-02,4.64,4.65,4.37,4.43,23268600.0,104105366.0,4.5441,-3.9046,-109.575734,9.046329,7.532075,-356.066862
sz.002653,海思科,2026-04-01,54.98,57.87,54.51,57.84,5604142.0,316977832.74,1.1597,6.5586,209.674026,15.324022,15.169165,106.738384
sz.002653,海思科,2026-04-02,57.0,59.32,56.27,57.85,4747896.0,274027505.6,0.9825,0.0173,209.710277,15.326671,15.171788,106.756838
sz.002654,万润科技,2026-04-01,14.03,14.2,13.58,13.71,42083275.0,581309956.98,4.9788,1.7817,202.584021,7.405092,2.092799,85.436671
sz.002654,万润科技,2026-04-02,13.87,13.87,12.88,12.95,49363796.0,651642635.92,5.8402,-5.5434,191.35398,6.994598,1.976787,80.700576
sz.002655,共达电声,2026-04-01,17.99,18.78,17.81,18.68,52257243.0,953952806.45,14.444,3.2044,77.338027,9.228739,4.903889,213.056572
sz.002655,共达电声,2026-04-02,18.45,18.48,18.02,18.33,32529028.0,594387984.52,8.9911,-1.8737,75.888974,9.055824,4.812007,209.064613
sz.002656,*ST摩登,2026-04-01,3.11,3.11,3.05,3.1,9074440.0,27930987.2,1.3412,0.3236,-26.411005,5.197898,4.126113,-23.024248
sz.002656,*ST摩登,2026-04-02,3.1,3.11,3.03,3.05,9539900.0,29167032.0,1.41,-1.6129,-25.985021,5.114061,4.059563,-22.652889
sz.002657,中科金财,2026-04-01,22.33,22.39,22.16,22.27,5132883.0,114299098.23,1.5271,1.4579,-85.127362,4.355564,6.432025,-128.503932
sz.002657,中科金财,2026-04-02,22.25,22.25,21.31,21.46,7020122.0,152150567.42,2.0886,-3.6372,-82.031127,4.197145,6.19808,-123.830013
sz.002658,雪迪龙,2026-04-01,8.5,8.55,8.41,8.52,8562700.0,72596170.0,2.3881,2.0359,35.887166,2.057492,3.875875,-86.479148
sz.002658,雪迪龙,2026-04-02,8.55,8.55,8.15,8.28,10948538.0,90886308.32,3.0535,-2.8169,34.876259,1.999535,3.766696,-84.043115
sz.002659,凯文教育,2026-04-01,5.23,5.26,5.13,5.22,9796702.0,50828899.4,1.6375,1.5564,-225.94672,1.442711,9.076423,-76.933758
sz.002659,凯文教育,2026-04-02,5.19,5.23,5.03,5.05,13715354.0,69970231.4,2.2925,-3.2567,-218.588302,1.395726,8.780831,-74.428253
sz.002660,茂硕电源,2026-04-01,8.65,8.7,8.43,8.55,6125900.0,52297341.0,1.786,0.7067,-107.129473,2.536966,2.306305,-99.120893
sz.002660,茂硕电源,2026-04-02,8.55,8.58,8.22,8.29,5914600.0,49486994.0,1.7244,-3.0409,-103.871734,2.459818,2.236172,-96.10669
sz.002661,克明食品,2026-04-01,9.28,9.31,9.09,9.16,3220000.0,29517593.0,1.0236,-0.1091,26.604507,1.310884,0.711927,15.105956
sz.002661,克明食品,2026-04-02,9.15,9.24,9.05,9.1,2833600.0,25902963.0,0.9008,-0.655,26.430241,1.302298,0.707264,15.007009
sz.002662,峰璟股份,2026-04-01,3.98,4.0,3.89,3.92,23401100.0,91764829.0,1.5601,-0.5076,23.628839,1.321814,2.019818,14.936714
sz.002662,峰璟股份,2026-04-02,3.9,3.99,3.9,3.98,25721300.0,101793773.0,1.7148,1.5306,23.990505,1.342046,2.050733,15.165338
sz.002663,普邦股份,2026-04-01,2.31,2.35,2.21,2.24,48927541.0,109940837.86,3.7843,-1.3216,-7.925527,1.631136,1.978099,80.44654
sz.002663,普邦股份,2026-04-02,2.23,2.27,2.16,2.19,31830087.0,70322360.55,2.4619,-2.2321,-7.748618,1.594727,1.933945,78.650858
sz.002664,信质集团,2026-04-01,20.01,20.27,19.8,20.05,6721984.0,134606527.52,1.6697,3.0848,147.531911,2.319072,1.368187,69.296785
sz.002664,信质集团,2026-04-02,19.95,20.1,19.48,19.6,4815021.0,95142552.59,1.1961,-2.2444,144.220721,2.267023,1.33748,67.741496
sz.002666,德联集团,2026-04-01,5.48,5.57,5.42,5.49,9068300.0,49713858.0,1.8112,1.8553,61.443441,1.200031,0.797042,78.815923
sz.002666,德联集团,2026-04-02,5.49,5.54,5.33,5.41,9094802.0,49365317.8,1.8165,-1.4572,60.54809,1.182544,0.785428,77.667421
sz.002667,威领股份,2026-04-01,25.7,25.7,24.56,24.92,14464500.0,360710973.3,6.1132,-1.8125,-31.199071,18.489056,22.879679,536.402537
sz.002667,威领股份,2026-04-02,24.67,25.2,23.53,23.97,16521939.0,399583802.78,6.9827,-3.8122,-30.0097,17.784217,22.00746,515.953805
sz.002668,TCL智家,2026-04-01,9.0,9.13,8.97,9.1,10183787.0,92407807.5,0.9394,2.2472,8.781888,2.783584,0.532374,-527.26661
sz.002668,TCL智家,2026-04-02,9.08,9.11,9.0,9.06,6997200.0,63415661.0,0.6454,-0.4396,8.743287,2.771348,0.530034,-524.948955
sz.002669,康达新材,2026-04-01,12.7,12.76,12.57,12.65,6131800.0,77611924.0,2.0256,1.8519,-44.811466,1.41403,0.82149,197.649238
sz.002669,康达新材,2026-04-02,12.61,12.77,12.34,12.46,6361400.0,79657695.0,2.1014,-1.502,-44.138409,1.392791,0.809151,194.680594
sz.002670,国盛证券,2026-04-01,14.46,14.51,14.32,14.37,9296227.0,133708317.08,0.5727,0.8421,85.207605,2.459852,10.700033,8.889489
sz.002670,国盛证券,2026-04-02,14.31,14.35,14.1,14.15,10089300.0,143065247.97,0.6215,-1.531,83.903104,2.422192,10.536219,8.753393
sz.002671,龙泉股份,2026-04-01,5.57,5.65,5.34,5.41,13388523.0,72852622.97,2.4302,-1.2774,28.182333,1.711066,1.962253,-74.449759
sz.002671,龙泉股份,2026-04-02,5.1,5.15,4.87,4.88,41514627.0,204574664.94,7.5353,-9.7967,57.900759,1.668921,1.882647,42.431228
sz.002672,东江环保,2026-04-01,4.88,4.91,4.68,4.74,10886600.0,52015467.0,1.2028,-2.0661,-4.25396,2.204831,1.515437,62.692168
sz.002672,东江环保,2026-04-02,4.73,4.74,4.41,4.43,28021700.0,126718413.0,3.0959,-6.5401,-3.975747,2.060633,1.416326,58.592047
sz.002673,西部证券,2026-04-01,7.36,7.38,7.27,7.29,20366634.0,148877532.84,0.4557,0.1374,18.580219,1.097763,5.444494,18.645977
sz.002673,西部证券,2026-04-02,7.22,7.25,7.07,7.14,47384640.0,338508695.3,1.0602,-2.0576,18.197909,1.058842,5.332467,3.158719
sz.002674,兴业科技,2026-04-01,12.84,12.89,12.57,12.73,2180600.0,27600051.0,0.7453,0.9516,52.568522,1.567021,1.274841,12.981139
sz.002674,兴业科技,2026-04-02,12.72,12.78,12.5,12.55,2206101.0,27801387.56,0.7541,-1.414,51.825212,1.544863,1.256815,12.797588
sz.002675,东诚药业,2026-04-01,14.13,14.8,14.02,14.65,63477481.0,916678448.79,8.539,3.4605,61.751239,2.777052,4.407151,110.722207
sz.002675,东诚药业,2026-04-02,14.51,15.48,14.4,15.45,68787136.0,1033500615.41,9.2532,5.4608,65.123321,2.928699,4.647814,116.768471
sz.002676,顺威股份,2026-04-01,6.58,6.63,6.51,6.63,8753600.0,57557454.0,1.2158,2.473,67.988688,3.661039,1.663971,29.572141
sz.002676,顺威股份,2026-04-02,6.62,7.0,6.44,6.98,35289285.0,238013914.53,4.9014,5.279,71.577834,3.854306,1.751812,31.133264
sz.002677,浙江美大,2026-04-01,8.15,8.17,8.0,8.09,3783100.0,30538075.0,0.7073,0.9988,240.392906,3.540241,9.330225,-23.09237
sz.002677,浙江美大,2026-04-02,8.07,8.14,7.88,7.97,3497200.0,27963148.0,0.6538,-1.4833,236.827128,3.487728,9.191829,-22.749838
sz.002678,珠江钢琴,2026-04-01,5.5,5.52,5.15,5.26,21599961.0,113242220.67,1.5911,-3.4862,-19.105181,2.305701,12.542056,-47.074152
sz.002678,珠江钢琴,2026-04-02,5.24,5.52,5.22,5.52,23759665.0,128589224.21,1.7502,4.943,-20.049543,2.419671,13.162006,-49.401012
sz.002679,福建金森,2026-04-01,11.41,11.41,10.75,10.86,7673402.0,83693745.56,3.2548,-3.4667,176.444376,3.490799,16.934293,-212.761222
sz.002679,福建金森,2026-04-02,10.91,11.15,10.82,10.93,5219250.0,57191977.5,2.2138,0.6446,177.581679,3.513299,17.043446,-214.132611
sz.002681,奋达科技,2026-04-01,5.34,5.35,5.26,5.31,16481490.0,87321152.92,1.0753,1.5296,-220.132126,4.182846,3.427659,32.180838
sz.002681,奋达科技,2026-04-02,5.29,5.3,5.14,5.17,24078090.0,125239673.89,1.571,-2.6365,-214.328266,4.072563,3.337287,31.332379
sz.002682,龙洲股份,2026-04-01,6.25,6.29,5.87,5.99,38711100.0,231918933.0,6.8837,-2.443,-9.05792,3.127778,1.440092,-50.034336
sz.002682,龙洲股份,2026-04-02,5.91,6.08,5.86,5.87,22619500.0,134061054.0,4.0222,-2.0033,-8.876459,3.065118,1.411242,-49.031978
sz.002683,广东宏大,2026-04-01,39.86,40.09,39.25,39.62,6392082.0,253127594.16,0.959,1.1747,31.453349,4.286949,1.478058,37.471727
sz.002683,广东宏大,2026-04-02,39.79,39.91,38.41,38.7,5018377.0,196098532.56,0.7529,-2.3221,30.722984,4.187403,1.443736,36.601611
sz.002685,华东重机,2026-04-01,7.47,7.63,7.24,7.38,57800068.0,429325397.31,5.7367,1.3736,57.551502,4.734245,8.663275,20.496037
sz.002685,华东重机,2026-04-02,7.28,7.35,7.06,7.07,41972185.0,299933561.01,4.1657,-4.2005,55.134027,4.535381,8.29937,19.635092
sz.002686,亿利达,2026-04-01,7.89,7.89,7.89,7.89,,,,,365.429572,2.722065,2.647523,88.573945
sz.002686,亿利达,2026-04-02,7.89,7.89,7.89,7.89,,,,,365.429572,2.722065,2.647523,88.573945
sz.002687,乔治白,2026-04-01,5.03,5.08,4.86,4.91,9187471.0,45272675.54,2.2221,-0.8081,41.790418,1.660862,1.933073,-50.860116
sz.002687,乔治白,2026-04-02,4.96,4.96,4.76,4.81,11813966.0,57157735.08,2.8574,-2.0367,40.939289,1.627036,1.893703,-49.824269
sz.002688,金河生物,2026-04-01,5.88,5.95,5.8,5.93,8758831.0,51539337.39,1.1718,2.0654,36.357696,1.942176,1.659601,-22.2195
sz.002688,金河生物,2026-04-02,5.86,6.37,5.86,6.14,54193070.0,335412452.5,7.2503,3.5413,37.645236,2.010954,1.718373,-23.006362
sz.002689,ST远智,2026-04-01,3.74,3.76,3.68,3.7,8655100.0,32086261.0,0.8299,0.5435,56.64864,3.164756,2.948042,24.208638
sz.002689,ST远智,2026-04-02,3.68,3.7,3.58,3.63,8669080.0,31452629.57,0.8312,-1.8919,55.576909,3.104882,2.892269,23.750636
sz.002690,美亚光电,2026-04-01,17.6,17.77,17.53,17.66,7385083.0,130252178.0,1.7026,1.611,21.665665,5.322943,6.473223,-862.80059
sz.002690,美亚光电,2026-04-02,17.64,17.65,17.28,17.38,5527314.0,96321857.46,1.2743,-1.5855,21.322155,5.238548,6.37059,-849.120852
sz.002691,冀凯股份,2026-04-01,7.74,7.84,7.58,7.66,5486150.0,41987235.0,1.6329,0.5249,-76.43719,3.067913,6.967379,-55.256987
sz.002691,冀凯股份,2026-04-02,7.66,7.66,7.32,7.37,5000400.0,37261342.0,1.4883,-3.7859,-73.543353,2.951765,6.703601,-53.165012
sz.002692,远程股份,2026-04-01,6.1,6.16,5.94,5.98,50528511.0,303500122.78,7.0403,-1.4827,62.949401,3.535522,0.959514,44.676079
sz.002692,远程股份,2026-04-02,5.96,6.08,5.89,5.97,41284500.0,246981649.0,5.7523,-0.1672,62.844135,3.52961,0.95791,44.601369
sz.002693,*ST双成,2026-04-01,8.2,8.24,7.99,8.08,8734900.0,70518968.0,2.1254,1.3802,-77.940268,8.571893,15.501693,-400.255058
sz.002693,*ST双成,2026-04-02,8.06,8.12,7.89,7.94,7903400.0,63061917.0,1.9231,-1.7327,-76.589817,8.42337,15.233099,-393.319946
sz.002694,顾地科技,2026-04-01,3.14,3.17,3.03,3.08,11551630.0,35656114.9,1.6071,0.0,-5.955095,22.346931,2.66834,41.418455
sz.002694,顾地科技,2026-04-02,3.1,3.12,2.97,3.01,12669776.0,38502630.04,1.7627,-2.2727,-5.819752,21.839046,2.607696,40.477127
sz.002695,煌上煌,2026-04-01,11.13,11.3,10.82,10.92,7170205.0,78799748.2,1.4019,-1.6216,97.314563,2.177661,3.669017,-34.57799
sz.002695,煌上煌,2026-04-02,10.92,11.01,10.7,10.74,5327100.0,57689577.0,1.0416,-1.6484,95.710477,2.141766,3.608539,-34.008023
sz.002696,百洋股份,2026-04-01,7.09,7.09,6.9,6.99,6110100.0,42612179.0,1.8267,1.1577,47.04878,1.764237,0.620409,-10.911731
sz.002696,百洋股份,2026-04-02,6.99,7.05,6.8,6.87,5430866.0,37570466.58,1.6236,-1.7167,46.241076,1.73395,0.609758,-10.724406
sz.002697,红旗连锁,2026-04-01,5.6,5.61,5.54,5.58,14425500.0,80330032.0,1.26,0.722,15.790213,1.618316,0.794167,8.436621
sz.002697,红旗连锁,2026-04-02,5.57,5.6,5.54,5.6,16439862.0,91550797.88,1.4359,0.3584,15.846809,1.624117,0.797014,8.46686
sz.002698,博实股份,2026-04-01,13.4,13.49,13.32,13.47,6280150.0,84259126.0,0.7474,2.0455,27.903593,3.470586,4.849819,202.354828
sz.002698,博实股份,2026-04-02,13.4,13.47,13.21,13.28,5179067.0,68813422.16,0.6164,-1.4105,27.510001,3.421631,4.78141,199.500528
sz.002700,万憬能源,2026-04-01,6.82,6.86,6.66,6.72,5150100.0,34637947.0,1.9548,-0.5917,37.299409,2.032055,4.019114,-10.987143
sz.002700,万憬能源,2026-04-02,6.72,6.79,6.66,6.71,5389600.0,36218739.0,2.0457,-0.1488,37.243904,2.029031,4.013133,-10.970793
sz.002701,奥瑞金,2026-04-01,5.15,5.17,5.1,5.14,13938800.0,71573787.0,0.545,0.7843,11.900197,1.344699,0.621754,-18.464793
sz.002701,奥瑞金,2026-04-02,5.14,5.15,5.04,5.09,14576320.0,74188030.6,0.57,-0.9728,11.784436,1.331618,0.615706,-18.285175
sz.002702,海欣食品,2026-04-01,5.91,5.98,5.58,5.64,37919276.0,215126330.68,8.2659,-4.2445,-76.024846,2.997454,2.042352,-34.670062
sz.002702,海欣食品,2026-04-02,5.6,5.7,5.52,5.58,22019030.0,123512359.54,4.7999,-1.0638,-75.216071,2.965566,2.020625,-34.301232
sz.002703,浙江世宝,2026-04-01,20.09,20.3,19.4,19.53,50158435.0,990779339.83,8.5588,-3.0769,89.000019,7.745497,4.526973,176.208063
sz.002703,浙江世宝,2026-04-02,19.73,20.47,19.36,19.51,43345688.0,861989116.58,7.3963,-0.1024,88.908877,7.737565,4.522337,176.027614
sz.002705,新宝股份,2026-04-01,14.9,15.57,14.83,15.2,29426722.0,446695548.2,3.6415,2.3569,12.31904,1.453842,0.762134,31.520891
sz.002705,新宝股份,2026-04-02,15.04,15.27,14.87,15.02,17491356.0,263289536.74,2.1645,-1.1842,12.173157,1.436625,0.753109,31.147618
sz.002706,良信股份,2026-04-01,10.21,10.34,10.05,10.17,49821683.0,506837613.74,5.4451,1.8018,37.369204,2.80663,2.472351,30.029137
sz.002706,良信股份,2026-04-02,10.1,10.17,9.58,9.64,47268852.0,462361201.75,5.1661,-5.2114,35.421743,2.660366,2.343506,28.464197
sz.002707,众信旅游,2026-04-01,6.6,6.66,6.48,6.65,16608732.0,109573181.8,2.0127,2.7821,132.189035,7.050876,0.937207,71.060437
sz.002707,众信旅游,2026-04-02,6.63,6.65,6.49,6.51,11481600.0,75163752.0,1.3914,-2.1053,129.406108,6.902437,0.917476,69.564428
sz.002708,光洋股份,2026-04-01,11.88,12.15,11.86,11.93,7490200.0,89700809.0,1.4497,1.7918,90.107242,3.960438,2.689624,15.487171
sz.002708,光洋股份,2026-04-02,11.94,11.94,11.52,11.61,6161400.0,72076547.0,1.1926,-2.6823,87.690283,3.854206,2.61748,15.071757
sz.002709,天赐材料,2026-04-01,46.51,46.99,44.5,45.75,91060804.0,4146391031.7,6.0345,-0.5435,68.480046,5.224402,5.60149,324.794575
sz.002709,天赐材料,2026-04-02,45.12,46.8,44.44,44.81,73165132.0,3317637899.48,4.8485,-2.0546,67.073024,5.117059,5.486399,318.121201
sz.002712,思美传媒,2026-04-01,5.38,5.42,5.22,5.29,11237278.0,59319721.28,2.0775,0.7619,-67.497491,2.11309,0.40405,127.250856
sz.002712,思美传媒,2026-04-02,5.27,5.28,5.07,5.11,12952832.0,66896223.46,2.3947,-3.4026,-65.20079,2.041189,0.390302,122.920959
sz.002713,*ST东易,2026-04-01,12.22,12.45,12.2,12.45,38321072.0,475176763.11,7.2784,4.9747,-18.266288,-10.165579,16.783399,62.153693
sz.002713,*ST东易,2026-04-02,12.71,13.06,12.6,12.72,36893758.0,473504078.4,7.0074,2.1687,-18.662424,-10.386038,17.147376,63.501604
sz.002714,牧原股份,2026-04-01,41.95,42.35,41.41,42.2,37685693.0,1581985410.54,0.9894,1.1748,15.730747,3.177432,1.690107,-3663.711017
sz.002714,牧原股份,2026-04-02,42.21,44.48,42.16,43.65,57703515.0,2522510218.25,1.5184,3.436,16.271259,3.286609,1.748179,-3789.596851
sz.002715,登云股份,2026-04-01,15.48,15.6,14.6,14.84,5126800.0,76567458.5,3.7151,-2.8796,-130.151751,4.462227,3.906659,89.817266
sz.002715,登云股份,2026-04-02,14.77,14.9,14.15,14.44,4252400.0,61663058.0,3.0814,-2.6954,-126.643618,4.341951,3.801358,87.396316
sz.002716,湖南白银,2026-04-01,12.34,12.46,11.86,12.05,190554441.0,2306975455.15,8.1964,0.0831,166.040434,10.102818,2.95274,94.238089
sz.002716,湖南白银,2026-04-02,11.87,11.91,11.41,11.55,159891240.0,1857845331.37,6.8775,-4.1494,159.15079,9.683614,2.83022,90.327795
sz.002717,ST岭南,2026-04-01,1.71,1.71,1.67,1.68,105573415.0,179517843.87,6.5362,3.0675,-3.318331,3.562662,9.9998,84.663385
sz.002717,ST岭南,2026-04-02,1.66,1.74,1.65,1.69,71044026.0,119905295.2,4.3985,0.5952,-3.338083,3.583868,10.059323,85.167334
sz.002718,友邦吊顶,2026-04-01,60.6,60.6,60.6,60.6,,,,,634.134534,8.531802,15.751518,-177.625006
sz.002718,友邦吊顶,2026-04-02,60.6,60.6,60.6,60.6,,,,,634.134534,8.531802,15.751518,-177.625006
sz.002719,麦趣尔,2026-04-01,9.19,9.24,8.82,8.94,7489602.0,67308787.68,4.6272,-0.4454,-8.81527,8.101383,2.503124,-172.997144
sz.002719,麦趣尔,2026-04-02,8.95,8.95,8.38,8.52,9194700.0,79480615.0,5.6806,-4.698,-8.40113,7.720781,2.385527,-164.869761
sz.002721,金一文化,2026-04-01,2.93,2.96,2.87,2.9,26347900.0,76248296.0,0.9908,0.346,-322.792489,3.758284,11.793032,-11.492283
sz.002721,金一文化,2026-04-02,2.91,2.91,2.8,2.82,26749100.0,76040005.0,1.0058,-2.7586,-313.887869,3.654607,11.467707,-11.175254
sz.002722,物产金轮,2026-04-01,14.46,14.58,14.31,14.47,2937600.0,42409178.0,1.3211,1.1181,22.677199,1.164225,1.393155,176.641293
sz.002722,物产金轮,2026-04-02,14.45,14.48,14.11,14.22,2121657.0,30293298.75,0.9542,-1.7277,22.285403,1.14411,1.369085,173.589439
sz.002723,小崧股份,2026-04-01,9.05,9.23,8.86,9.11,10089612.0,91285092.72,3.1817,2.5901,-11.811463,3.215386,2.737197,-144.803609
sz.002723,小崧股份,2026-04-02,9.03,9.11,8.75,8.88,9411080.0,83761960.14,2.9677,-2.5247,-11.513259,3.134207,2.668091,-141.147755
sz.002724,海洋王,2026-04-01,7.08,7.1,6.96,7.02,7182900.0,50330083.0,1.2651,1.1527,-37.566087,1.996384,3.111248,-273.586328
sz.002724,海洋王,2026-04-02,7.0,7.03,6.86,6.91,6125600.0,42495166.0,1.0789,-1.567,-36.977444,1.965102,3.062496,-269.299362
sz.002725,跃岭股份,2026-04-01,15.17,15.28,14.92,15.11,4332400.0,65302784.0,2.0435,1.4775,52.739188,3.754883,5.658513,48.025317
sz.002725,跃岭股份,2026-04-02,15.1,15.49,15.0,15.1,6267200.0,95195465.0,2.956,-0.0662,52.704285,3.752398,5.654768,47.993533
sz.002726,龙大美食,2026-04-01,3.35,3.38,3.25,3.29,22969458.0,75634631.67,2.1301,0.0,-15.02602,3.286892,0.334924,-13.787858
sz.002726,龙大美食,2026-04-02,3.3,3.32,3.17,3.2,24763741.0,80355899.42,2.2965,-2.7356,-14.614974,3.196977,0.325762,-13.410682
sz.002727,一心堂,2026-04-01,12.83,12.88,12.63,12.85,5873464.0,75172121.47,1.4783,1.3407,83.401471,1.028417,0.432173,-10.116865
sz.002727,一心堂,2026-04-02,12.86,13.01,12.82,12.91,6112103.0,78999346.39,1.5384,0.4669,83.790894,1.033219,0.434191,-10.164103
sz.002728,特一药业,2026-04-01,11.13,11.32,10.95,11.26,21419704.0,239898158.36,6.4531,2.1779,70.769611,3.173196,6.251686,-32.59477
sz.002728,特一药业,2026-04-02,11.26,11.67,11.18,11.41,40763842.0,464344521.86,12.281,1.3321,71.712368,3.215468,6.334967,-33.028981
sz.002729,好利科技,2026-04-01,19.34,20.72,19.34,20.25,19378011.0,389279648.7,11.0439,7.4841,89.075289,6.686174,8.769229,153.320099
sz.002729,好利科技,2026-04-02,20.58,20.85,19.95,20.18,15036491.0,305705365.94,8.5696,-0.3457,88.767374,6.663061,8.738915,152.790104
sz.002730,电光科技,2026-04-01,26.05,29.15,26.0,29.15,51739386.0,1450278807.03,14.9523,10.0,110.718594,6.479495,8.65456,545.819585
sz.002730,电光科技,2026-04-02,28.05,30.86,26.56,29.49,53051687.0,1483965625.31,15.3315,1.1664,112.009994,6.55507,8.755505,552.18592
sz.002731,ST萃华,2026-04-01,7.53,7.6,7.26,7.37,21348450.0,158452388.5,9.2958,-2.1248,6.894002,1.009307,0.419928,25.688626
sz.002731,ST萃华,2026-04-02,7.37,7.4,7.0,7.0,21797460.0,154877244.0,9.4913,-5.0204,6.547899,0.958636,0.398846,24.398967
sz.002732,燕塘乳业,2026-04-01,16.64,16.71,16.26,16.38,2613664.0,42981227.84,1.6694,-0.365,44.72695,1.708259,1.62556,-85.583612
sz.002732,燕塘乳业,2026-04-02,16.44,16.52,16.11,16.22,1700417.0,27721131.08,1.0861,-0.9768,44.290057,1.691573,1.609682,-84.74763
sz.002733,雄韬股份,2026-04-01,25.01,26.74,24.75,25.43,25368103.0,653237543.41,6.8774,3.7113,115.289356,3.555891,2.953997,160.790171
sz.002733,雄韬股份,2026-04-02,25.25,25.38,24.38,24.51,15317424.0,378857452.8,4.1526,-3.6178,111.118447,3.427247,2.847128,154.973145
sz.002734,利民股份,2026-04-01,17.6,18.06,17.48,18.03,18509184.0,328545946.88,4.2614,4.1594,20.421062,2.399502,1.909803,-908.583703
sz.002734,利民股份,2026-04-02,18.0,18.0,17.41,17.62,12894337.0,227528237.1,2.9687,-2.274,19.956689,2.344938,1.866374,-887.92262
sz.002735,王子新材,2026-04-01,14.8,14.83,14.5,14.7,9143100.0,133884512.2,3.2074,1.17,-86.611731,3.187765,2.459147,-281.603977
sz.002735,王子新材,2026-04-02,14.62,14.78,14.3,14.39,7881534.0,114357751.26,2.7649,-2.1088,-84.785225,3.12054,2.407287,-275.66539
sz.002736,国信证券,2026-04-01,11.38,11.46,11.25,11.38,25926260.0,294358451.85,0.2697,1.5165,9.342678,1.199651,4.157377,3.523837
sz.002736,国信证券,2026-04-02,11.36,11.36,11.17,11.24,22017814.0,248002970.06,0.2291,-1.2302,9.227742,1.184893,4.106232,3.480485
sz.002737,葵花药业,2026-04-01,12.61,12.75,12.4,12.7,5491606.0,69370139.2,0.9403,1.8444,-57.795344,1.830119,3.541717,-14.46983
sz.002737,葵花药业,2026-04-02,12.7,12.8,12.66,12.68,3637700.0,46334452.0,0.6229,-0.1575,-57.704328,1.827237,3.53614,-14.447043
sz.002738,中矿资源,2026-04-01,74.01,75.3,70.8,74.59,31434632.0,2311498341.69,4.4209,0.3903,129.539155,4.479627,8.138287,26.870251
sz.002738,中矿资源,2026-04-02,74.67,76.13,73.05,73.71,26090999.0,1939097459.73,3.6694,-1.1798,128.010874,4.426777,8.042273,26.553241
sz.002739,万达电影,2026-04-01,9.89,9.91,9.78,9.87,25490000.0,250780915.62,1.2139,1.0235,-52.061334,2.714085,1.694341,104.104292
sz.002739,万达电影,2026-04-02,9.83,9.85,9.64,9.69,23211950.0,225459502.68,1.1054,-1.8237,-51.111887,2.664588,1.663441,102.205734
sz.002741,光华科技,2026-04-01,18.28,18.28,17.95,18.15,8787874.0,159124801.88,2.0611,1.5669,81.228974,4.358637,2.847252,107.860388
sz.002741,光华科技,2026-04-02,17.71,17.87,17.07,17.19,17212040.0,298763610.66,4.037,-5.2893,76.932565,4.128098,2.696654,102.155375
sz.002742,*ST三圣,2026-04-01,4.48,4.53,4.42,4.49,4180400.0,18740572.0,0.7978,0.4474,-7.318906,18.24212,3.413484,62.467304
sz.002742,*ST三圣,2026-04-02,4.5,4.59,4.42,4.43,4449600.0,20015455.0,0.8492,-1.3363,-7.221103,17.99835,3.367869,61.632552
sz.002743,富煌钢构,2026-04-01,5.6,5.66,5.44,5.5,6204200.0,34288299.0,1.4277,0.1821,96.582157,0.726024,0.711498,18.669096
sz.002743,富煌钢构,2026-04-02,5.54,5.55,5.32,5.37,6408700.0,34752968.0,1.4747,-2.3636,94.299306,0.708863,0.69468,18.227826
sz.002745,木林森,2026-04-01,8.55,8.84,8.41,8.69,39606370.0,342309366.85,3.72,3.2067,58.608212,0.969135,0.763232,-54.054794
sz.002745,木林森,2026-04-02,8.63,8.71,8.4,8.45,26598500.0,226449543.6,2.4983,-2.7618,56.989573,0.94237,0.742153,-52.561911
sz.002746,仙坛股份,2026-04-01,6.02,6.13,5.98,6.08,14079430.0,85395736.5,1.9839,2.0134,18.211041,1.148497,0.930514,7.781178
sz.002746,仙坛股份,2026-04-02,6.07,6.21,6.05,6.14,14366109.0,88177800.32,2.0243,0.9868,18.390755,1.159831,0.939697,7.857966
sz.002747,埃斯顿,2026-04-01,20.31,20.36,20.11,20.25,8225676.0,166324690.44,1.0513,1.0984,435.778498,9.992141,4.009385,-64.315638
sz.002747,埃斯顿,2026-04-02,20.19,20.21,19.7,19.78,9290532.0,185170146.81,1.1874,-2.321,425.664133,9.760224,3.916328,-62.82288
sz.002748,世龙实业,2026-04-01,11.53,11.72,11.51,11.64,3997000.0,46398522.0,1.6654,2.0158,64.804568,2.034285,1.373252,-21.312834
sz.002748,世龙实业,2026-04-02,11.6,11.73,11.46,11.56,3975867.0,46067120.83,1.6566,-0.6873,64.359176,2.020303,1.363814,-21.166354
sz.002749,国光股份,2026-04-01,13.19,13.25,13.0,13.13,1681627.0,22038384.11,0.3707,-0.0761,16.316239,3.177189,2.953053,241.229971
sz.002749,国光股份,2026-04-02,13.12,13.2,13.03,13.04,1584218.0,20766075.92,0.3492,-0.6855,16.204399,3.155411,2.932811,239.576453
sz.002752,昇兴股份,2026-04-01,6.24,6.28,6.2,6.26,11102625.0,69228439.7,1.1381,1.6234,19.910734,1.723143,0.852465,4981.702108
sz.002752,昇兴股份,2026-04-02,6.23,6.27,6.17,6.2,8355560.0,51998903.4,0.8565,-0.9585,19.719896,1.706627,0.844295,4933.954164
sz.002753,永东股份,2026-04-01,7.77,7.77,7.5,7.61,6113200.0,46474071.0,2.5177,0.0,41.732994,1.417737,0.828119,-306.600597
sz.002753,永东股份,2026-04-02,7.56,7.66,7.37,7.43,5527100.0,41378193.0,2.2763,-2.3653,40.74588,1.384203,0.808531,-299.348546
sz.002755,奥赛康,2026-04-01,15.75,17.22,15.55,16.8,48363049.0,790639271.25,5.2107,7.2797,60.770243,4.865496,8.534427,63.774984
sz.002755,奥赛康,2026-04-02,16.53,17.43,16.16,16.99,41715624.0,702164890.38,4.4945,1.131,61.457526,4.920522,8.630947,64.496248
sz.002756,永兴材料,2026-04-01,74.7,75.7,72.99,73.45,18490408.0,1370762062.74,4.7566,-1.8311,65.542839,3.162216,5.358241,-17.221171
sz.002756,永兴材料,2026-04-02,74.45,76.56,71.5,73.88,18044983.0,1337477623.52,4.642,0.5854,65.926548,3.180729,5.38961,-17.321989
sz.002757,南兴股份,2026-04-01,20.4,20.68,20.18,20.58,9228450.0,189036585.0,3.2719,3.003,-20.927921,3.046181,1.910697,-41.139628
sz.002757,南兴股份,2026-04-02,20.46,20.46,19.25,19.44,14312850.0,281940923.0,5.0745,-5.5394,-19.768649,2.877442,1.804857,-38.860756
sz.002758,浙农股份,2026-04-01,9.9,9.99,9.75,9.86,8179704.0,80695231.28,1.5785,0.6122,11.690739,1.066593,0.115394,-7.340382
sz.002758,浙农股份,2026-04-02,9.84,9.96,9.7,9.79,6541250.0,64194699.5,1.2623,-0.7099,11.607742,1.059021,0.114575,-7.28827
sz.002759,天际股份,2026-04-01,34.85,37.33,33.56,35.53,56803738.0,2008684073.12,11.3394,2.9855,-14.097551,5.739515,7.415978,-72.008805
sz.002759,天际股份,2026-04-02,35.04,37.76,34.7,36.17,69447971.0,2533693304.97,13.8635,1.8013,-14.351489,5.8429,7.549562,-73.305896
sz.002760,凤形股份,2026-04-01,21.98,21.98,21.29,21.65,2909000.0,62965400.0,2.6938,0.9795,-40.29227,2.827224,3.92984,-24.680183
sz.002760,凤形股份,2026-04-02,21.7,21.8,20.95,21.16,2655500.0,56543213.0,2.4591,-2.2633,-39.380343,2.763236,3.840897,-24.121601
sz.002761,浙江建投,2026-04-01,8.51,8.69,8.37,8.39,22633478.0,191482122.76,2.0922,-2.1004,54.177815,1.675093,0.1351,9.670305
sz.002761,浙江建投,2026-04-02,8.38,8.52,8.31,8.36,15049787.0,126351163.45,1.3912,-0.3576,53.984112,1.669104,0.134617,9.635731
sz.002762,*ST金比,2026-04-01,7.3,7.52,7.22,7.36,6369875.0,46947458.25,3.0135,1.9391,-154.489377,3.376258,7.459885,48.257132
sz.002762,*ST金比,2026-04-02,7.33,7.38,7.1,7.19,3181100.0,22986686.0,1.5049,-2.3098,-150.921008,3.298274,7.287578,47.142497
sz.002763,汇洁股份,2026-04-01,8.23,8.23,7.73,7.78,17186100.0,135377189.2,5.6605,1.039,58.179688,1.772688,1.062509,-51.590184
sz.002763,汇洁股份,2026-04-02,7.9,7.95,7.62,7.69,10673250.0,82268906.0,3.5154,-1.1568,57.506658,1.752181,1.050218,-50.993382
sz.002765,蓝黛科技,2026-04-01,10.1,10.12,9.97,10.07,7986300.0,80278524.0,1.3403,1.3078,35.534967,2.48502,1.704467,109.038205
sz.002765,蓝黛科技,2026-04-02,10.07,10.08,9.84,9.88,8653300.0,86132635.0,1.4522,-1.8868,34.864496,2.438133,1.672307,106.980881
sz.002766,索菱股份,2026-04-01,5.05,5.07,4.96,5.02,13220300.0,66131820.0,1.5439,0.8032,-78.76484,3.969675,5.896562,43.827675
sz.002766,索菱股份,2026-04-02,4.99,5.02,4.85,4.88,13171774.0,64772592.69,1.5382,-2.7888,-76.568211,3.858967,5.732117,42.605389
sz.002767,先锋电子,2026-04-01,20.96,21.05,20.7,20.98,2197700.0,45930712.0,1.688,2.1919,83.848872,3.697694,4.799452,-71.35664
sz.002767,先锋电子,2026-04-02,20.99,21.22,20.25,20.4,2316700.0,47757889.0,1.7794,-2.7645,81.530838,3.59547,4.666769,-69.383959
sz.002768,国恩股份,2026-04-01,47.98,48.03,46.3,46.92,5205896.0,244762074.37,2.9454,-0.2127,16.801186,2.465994,0.665121,75.167886
sz.002768,国恩股份,2026-04-02,46.65,46.89,45.32,46.0,2686400.0,123703787.0,1.5199,-1.9608,16.471751,2.417642,0.65208,73.694006
sz.002769,普路通,2026-04-01,10.83,10.88,10.12,10.18,20227133.0,210805120.61,5.4227,-4.5923,-931.473083,3.212374,5.55044,-76.739776
sz.002769,普路通,2026-04-02,10.23,10.31,9.78,9.89,13204025.0,131664519.77,3.5399,-2.8487,-904.937995,3.120862,5.392324,-74.553673
sz.002771,真视通,2026-04-01,17.45,17.5,16.52,16.78,23767610.0,400412436.59,13.6193,-2.0432,-155.453185,5.710979,6.938113,231.497744
sz.002771,真视通,2026-04-02,17.06,17.2,16.25,16.47,17098210.0,283386238.5,9.7976,-1.8474,-152.581284,5.605473,6.809935,227.220968
sz.002772,众兴菌业,2026-04-01,16.2,16.52,15.88,16.5,10197926.0,165358070.3,2.7441,3.5132,18.459477,1.753719,2.946702,31.712134
sz.002772,众兴菌业,2026-04-02,16.32,17.06,16.32,16.75,9613932.0,160903298.04,2.5869,1.5152,18.739166,1.780291,2.991349,32.19262
sz.002773,康弘药业,2026-04-01,28.8,30.5,28.39,30.25,27936149.0,829371745.52,4.0674,4.6713,22.288376,3.040461,5.973973,53.821137
sz.002773,康弘药业,2026-04-02,29.8,30.6,29.3,30.0,16695616.0,496600387.15,2.4308,-0.8264,22.104174,3.015333,5.924601,53.376334
sz.002774,快意电梯,2026-04-01,10.79,10.99,10.73,10.87,3821300.0,41472370.0,1.3562,1.779,36.896156,3.051304,2.585503,-46.104277
sz.002774,快意电梯,2026-04-02,10.78,10.86,10.52,10.63,3276500.0,34900817.0,1.1628,-2.2079,36.081522,2.983934,2.528418,-45.086335
sz.002775,文科股份,2026-04-01,4.23,4.25,4.1,4.14,9935136.0,41229264.2,1.7386,-0.7194,-23.703331,9.956011,4.369186,-56.262355
sz.002775,文科股份,2026-04-02,4.16,4.17,3.94,3.98,10289528.0,41447815.88,1.7996,-3.8647,-22.787528,9.571351,4.200378,-54.088601
sz.002777,久远银海,2026-04-01,16.71,16.79,16.41,16.51,5246500.0,86711662.7,1.297,0.5481,87.681627,3.994967,5.470387,38.157072
sz.002777,久远银海,2026-04-02,16.45,16.45,16.02,16.1,6360511.0,102921121.47,1.5724,-2.4833,85.504191,3.895759,5.334539,37.209501
sz.002778,中晟高科,2026-04-01,19.63,21.0,19.6,20.47,5210500.0,105851885.0,4.2215,5.2442,-35.663196,8.08552,11.382647,8.757185
sz.002778,中晟高科,2026-04-02,20.47,20.87,19.88,20.17,3450940.0,70058843.6,2.7959,-1.4656,-35.14053,7.967022,11.215827,8.628844
sz.002779,中坚科技,2026-04-01,90.1,91.1,88.3,89.74,2247315.0,200809083.05,1.3554,1.6308,96.100528,18.189763,16.28621,-1859.72181
sz.002779,中坚科技,2026-04-02,89.5,89.61,86.02,86.67,1960300.0,170833307.0,1.1823,-3.421,92.812934,17.567492,15.72906,-1796.100838
sz.002780,三夫户外,2026-04-01,15.5,15.52,15.02,15.14,4598348.0,69820967.24,3.5195,-0.7864,-283.149021,3.63633,2.827522,-149.657553
sz.002780,三夫户外,2026-04-02,15.13,15.17,14.81,14.97,5711053.0,85611031.92,4.3712,-1.1229,-279.969673,3.595499,2.795773,-147.977118
sz.002782,可立克,2026-04-01,21.43,21.65,21.0,21.19,12276619.0,261275411.55,2.5235,0.8088,35.073693,4.739663,1.899654,48.764331
sz.002782,可立克,2026-04-02,21.0,21.39,20.25,20.62,11721004.0,242874746.72,2.4092,-2.6899,34.130229,4.612168,1.848555,47.452596
sz.002783,凯龙股份,2026-04-01,9.36,9.41,9.21,9.38,8479929.0,79122177.85,1.8387,1.9565,27.349021,1.787087,1.270996,-34.917926
sz.002783,凯龙股份,2026-04-02,9.33,9.39,9.09,9.15,7455226.0,68638917.25,1.6165,-2.452,26.678416,1.743267,1.23983,-34.06173
sz.002785,万里石,2026-04-01,38.2,39.38,37.74,39.01,5979100.0,230654464.0,3.0901,4.1934,-161.130186,9.961486,6.788815,692.278046
sz.002785,万里石,2026-04-02,39.2,40.18,38.6,39.04,5640400.0,221460368.0,2.915,0.0769,-161.2541,9.969147,6.794036,692.810432
sz.002786,银宝山新,2026-04-01,7.56,7.59,7.36,7.41,5812100.0,43090395.0,1.1763,-0.8032,-23.722646,16.00062,1.548359,95.401027
sz.002786,银宝山新,2026-04-02,7.41,7.44,7.08,7.11,9475703.0,68285967.75,1.9177,-4.0486,-22.762215,15.352822,1.485673,91.538638
sz.002787,华源控股,2026-04-01,12.26,12.4,12.0,12.22,7360621.0,89469400.62,2.9342,1.6639,36.094347,2.215141,1.772101,-87.486478
sz.002787,华源控股,2026-04-02,12.22,12.27,11.78,11.92,7208100.0,85946887.0,2.8734,-2.455,35.208234,2.16076,1.728596,-85.338692
sz.002788,鹭燕医药,2026-04-01,15.98,17.7,14.97,16.7,118029292.0,1898336745.03,30.9144,3.2777,21.068113,2.002508,0.310253,-63.850797
sz.002788,鹭燕医药,2026-04-02,16.08,17.41,15.71,17.04,98067906.0,1643370371.27,25.6861,2.0359,21.497044,2.043277,0.31657,-65.150753
sz.002789,*ST建艺,2026-04-01,12.0,12.1,11.51,11.8,2263400.0,26499485.0,1.4466,-0.2536,-1.601998,-1.64092,0.423844,-14.246376
sz.002789,*ST建艺,2026-04-02,11.84,12.0,11.53,11.57,1694520.0,19949791.6,1.083,-1.9492,-1.570773,-1.608936,0.415583,-13.968692
sz.002790,瑞尔特,2026-04-01,7.87,8.11,7.68,7.88,7740100.0,61272094.64,2.969,1.5464,28.316902,1.561795,1.636727,-18.345846
sz.002790,瑞尔特,2026-04-02,7.88,8.16,7.74,8.03,9874984.0,78384015.96,3.7879,1.9036,28.85593,1.591525,1.667883,-18.695069
sz.002791,坚朗五金,2026-04-01,20.0,20.2,19.87,20.17,4156117.0,83402195.4,1.9091,1.9202,96.871461,1.283627,1.184908,-21.900987
sz.002791,坚朗五金,2026-04-02,20.15,20.2,19.81,19.86,3631192.0,72429930.08,1.6679,-1.5369,95.382609,1.263899,1.166697,-21.564383
sz.002792,通宇通讯,2026-04-01,44.6,44.94,42.0,42.8,53874619.0,2327718500.05,15.9475,-3.9282,1478.072908,8.04369,19.230754,-209.10388
sz.002792,通宇通讯,2026-04-02,42.81,43.84,40.93,41.22,35079448.0,1485353941.94,10.3839,-3.6916,1423.508534,7.74675,18.520834,-201.384625
sz.002793,罗欣药业,2026-04-01,4.91,5.06,4.87,5.06,27946950.0,139387625.0,2.5735,3.6885,-8.126413,3.788826,2.210241,-250.50379
sz.002793,罗欣药业,2026-04-02,5.06,5.17,5.03,5.12,34526630.0,176188704.4,3.1794,1.1858,-8.222774,3.833753,2.236449,-253.474191
sz.002795,永和智控,2026-04-01,8.08,8.08,7.77,7.99,15234740.0,120887419.96,3.5068,0.7566,-12.535728,7.699266,4.537695,111.073429
sz.002795,永和智控,2026-04-02,7.94,8.26,7.9,8.06,18801692.0,151799091.0,4.3279,0.8761,-12.645553,7.766719,4.57745,112.046538
sz.002796,世嘉科技,2026-04-01,48.0,48.33,45.88,46.92,12908666.0,604837043.35,5.669,2.535,909.133342,13.826034,12.761572,-304.643774
sz.002796,世嘉科技,2026-04-02,46.51,47.8,45.31,45.99,11421200.0,532062877.11,5.0157,-1.9821,891.113436,13.551988,12.508626,-298.605438
sz.002797,第一创业,2026-04-01,7.25,7.38,7.16,7.32,142341959.0,1037583598.99,3.3872,2.6648,29.773024,1.802512,7.474667,10.55298
sz.002797,第一创业,2026-04-02,7.27,7.3,6.99,7.03,153062406.0,1086311894.82,3.6423,-3.9617,28.593491,1.731101,7.178539,10.134897
sz.002798,帝欧水华,2026-04-01,6.13,6.15,6.04,6.14,5242600.0,32003835.0,1.188,1.8242,-5.532655,1.659532,1.284855,42.091674
sz.002798,帝欧水华,2026-04-02,6.13,6.15,5.92,5.97,6257800.0,37636104.0,1.3053,-2.7687,-5.7654,1.729345,1.338906,43.86237
sz.002799,环球印务,2026-04-01,8.66,8.67,8.38,8.47,6693100.0,56738499.0,2.0914,-0.3529,-27.133761,2.133942,2.985225,-442.212789
sz.002799,环球印务,2026-04-02,8.44,8.5,8.25,8.33,5731360.0,48002758.04,1.7908,-1.6529,-26.685269,2.09867,2.935883,-434.903486
sz.002800,天顺股份,2026-04-01,23.29,23.73,20.62,21.21,17417772.0,373919979.12,11.7813,-7.4203,-135.494315,6.559667,2.840669,-95.791118
sz.002800,天顺股份,2026-04-02,21.21,21.7,20.33,20.69,8213140.0,172393466.8,5.5553,-2.4517,-132.172437,6.398846,2.771025,-93.442633
sz.002801,微光股份,2026-04-01,30.85,31.15,30.61,31.13,1781415.0,54995339.2,1.5383,2.9772,19.616005,3.734815,4.846583,-112.649566
sz.002801,微光股份,2026-04-02,31.0,31.0,30.01,30.29,1474605.0,45001543.5,1.2734,-2.6984,19.086694,3.634036,4.715804,-109.609874
sz.002802,洪汇新材,2026-04-01,13.18,13.2,12.9,13.05,3662265.0,47827275.41,2.4467,1.3986,51.681216,3.737349,5.779794,38.229609
sz.002802,洪汇新材,2026-04-02,13.05,13.12,12.6,12.76,3771057.0,48410580.51,2.5194,-2.2222,50.532745,3.654297,5.651354,37.380063
sz.002803,吉宏股份,2026-04-01,17.35,17.5,16.03,16.44,17171999.0,281729925.51,5.9484,-3.9158,26.747861,2.744181,1.10162,14.280515
sz.002803,吉宏股份,2026-04-02,16.34,16.37,15.88,16.1,9271832.0,149135753.0,3.2118,-2.0681,26.194681,2.687428,1.078837,13.985176
sz.002805,丰元股份,2026-04-01,17.72,17.93,17.08,17.45,15834180.0,276868099.2,5.6847,-0.0573,-8.049022,4.949208,2.90449,-242.942595
sz.002805,丰元股份,2026-04-02,17.45,17.74,16.91,17.01,13916207.0,240166542.41,4.9961,-2.5215,-7.846067,4.824414,2.831254,-236.816821
sz.002806,华锋股份,2026-04-01,12.65,12.8,12.5,12.8,7052100.0,89196317.0,4.0505,3.2258,38.686514,2.361312,2.33117,659.115948
sz.002806,华锋股份,2026-04-02,12.8,13.38,12.61,12.92,12491414.0,162773641.46,7.1746,0.9375,39.0492,2.383449,2.353025,665.29516
sz.002807,江阴银行,2026-04-01,4.57,4.58,4.52,4.54,37156220.0,169068823.0,1.5116,0.0,5.10805,0.583564,2.69401,8.637614
sz.002807,江阴银行,2026-04-02,4.55,4.59,4.52,4.54,30179720.0,137494960.8,1.2278,0.0,5.10805,0.583564,2.69401,8.637614
sz.002808,*ST恒久,2026-04-01,4.74,4.81,4.67,4.76,2564448.0,12141403.04,1.5542,1.2766,-23.38812,4.90448,5.602139,-45.254782
sz.002808,*ST恒久,2026-04-02,4.77,4.92,4.74,4.78,2337100.0,11258988.0,1.4164,0.4202,-23.486389,4.925087,5.625678,-45.444928
sz.002809,红墙股份,2026-04-01,11.37,11.39,11.14,11.25,7123777.0,79999936.6,4.6229,1.0782,1019.618479,1.620913,3.430957,-42.092142
sz.002809,红墙股份,2026-04-02,11.19,11.25,10.82,10.93,7147095.0,78599748.83,4.638,-2.8444,990.615998,1.574807,3.333366,-40.894854
sz.002810,山东赫达,2026-04-01,23.68,24.8,23.67,24.02,26956767.0,648624698.67,8.3304,2.4744,55.711548,3.759809,4.375132,-848.918281
sz.002810,山东赫达,2026-04-02,23.69,23.82,22.77,23.04,23815327.0,548964851.64,7.3596,-4.0799,53.487725,3.60973,4.200491,-815.032233
sz.002811,郑中设计,2026-04-01,13.68,13.83,13.48,13.59,5098550.0,69452594.5,1.8009,-0.4396,30.794994,2.980598,3.09742,210.695789
sz.002811,郑中设计,2026-04-02,13.52,13.73,13.21,13.28,4729650.0,63567052.0,1.6706,-2.2811,30.092532,2.912608,3.026765,205.88963
sz.002812,恩捷股份,2026-04-01,68.63,70.1,66.5,66.87,31643486.0,2148695424.02,3.8465,-1.3426,-60.466567,2.655931,5.364625,-249.443021
sz.002812,恩捷股份,2026-04-02,66.6,69.02,65.13,65.9,27237052.0,1820642357.55,3.3109,-1.4506,-59.589454,2.617405,5.286807,-245.824661
sz.002813,路畅科技,2026-04-01,24.6,24.69,23.96,24.28,1442800.0,35022985.0,1.2038,0.4551,-31.08331,12.936145,7.798592,-365.594436
sz.002813,路畅科技,2026-04-02,24.12,24.45,23.68,23.98,1483200.0,35730443.0,1.2375,-1.2356,-30.699249,12.776308,7.702234,-361.077206
sz.002815,崇达技术,2026-04-01,13.92,14.2,13.89,14.02,25134677.0,352520858.08,3.2342,3.1641,55.994306,1.956439,2.371546,-70.137052
sz.002815,崇达技术,2026-04-02,13.99,13.99,13.45,13.59,22119509.0,302477688.13,2.8463,-3.067,54.276934,1.896434,2.29881,-67.985916
sz.002816,*ST和科,2026-04-01,21.82,22.03,21.59,21.83,1328444.0,28903349.56,1.3284,1.2993,-140.000096,9.434832,11.663899,368.14175
sz.002816,*ST和科,2026-04-02,21.79,22.92,21.63,22.63,3373300.0,76077358.0,3.3733,3.6647,-145.130654,9.780589,12.091344,381.632973
sz.002817,黄山胶囊,2026-04-01,8.24,8.25,8.08,8.17,7354000.0,60011467.06,2.5355,1.3648,37.602497,2.545167,5.307342,-171.974412
sz.002817,黄山胶囊,2026-04-02,8.14,8.2,7.98,8.05,8534807.0,68973221.91,2.9426,-1.4688,37.050196,2.507784,5.229388,-169.448472
sz.002818,富森美,2026-04-01,10.99,11.04,10.75,10.84,4851241.0,52617998.47,1.6261,0.8372,14.60562,1.451591,6.765772,-71.302193
sz.002818,富森美,2026-04-02,10.8,10.88,10.74,10.78,2672520.0,28903968.2,0.8958,-0.5535,14.524777,1.443556,6.728323,-70.907532
sz.002819,东方中科,2026-04-01,24.46,24.6,24.15,24.4,1833600.0,44554227.0,0.78,1.709,-35.236324,1.81842,2.421535,-466.443446
sz.002819,东方中科,2026-04-02,24.38,24.44,23.88,24.0,1797500.0,43419527.0,0.7646,-1.6393,-34.658679,1.78861,2.381837,-458.796832
sz.002820,桂发祥,2026-04-01,11.16,11.19,10.84,10.93,5541700.0,60823490.0,2.7589,-0.0914,-288.113,2.461262,4.666281,-10.51497
sz.002820,桂发祥,2026-04-02,10.93,11.04,10.61,10.8,5478976.0,59202910.16,2.7276,-1.1894,-284.686221,2.431988,4.610781,-10.389906
sz.002821,凯莱英,2026-04-01,114.61,121.85,112.45,121.85,19128056.0,2237369418.87,6.0333,10.0027,38.825524,2.493471,6.592417,111.570455
sz.002821,凯莱英,2026-04-02,124.04,129.8,122.0,126.65,30490061.0,3840448784.19,9.617,3.9393,40.354966,2.591696,6.85211,115.965516
sz.002822,ST中装,2026-04-01,3.16,3.18,3.1,3.11,9597200.0,30021210.0,0.8964,-0.639,-4.050471,4.389973,5.781271,-165.7111
sz.002822,ST中装,2026-04-02,3.12,3.13,3.01,3.03,10662100.0,32507516.0,0.9959,-2.5723,-3.946278,4.277048,5.632557,-161.448435
sz.002823,凯中精密,2026-04-01,14.98,15.02,14.8,14.94,4128557.0,61468731.57,1.8859,2.1888,21.033276,2.413998,1.694344,150.70183
sz.002823,凯中精密,2026-04-02,14.95,14.95,14.52,14.62,3231300.0,47507537.0,1.476,-2.1419,20.582764,2.362293,1.658053,147.473946
sz.002824,和胜股份,2026-04-01,19.58,20.7,19.42,20.46,15455553.0,312712905.74,7.0252,5.9555,50.871758,2.82943,1.690384,13.44224
sz.002824,和胜股份,2026-04-02,20.31,20.8,19.51,19.75,9783599.0,195819933.74,4.4471,-3.4702,49.106414,2.731243,1.631725,12.97577
sz.002825,纳尔股份,2026-04-01,10.64,10.73,10.31,10.38,7424934.0,77740858.16,2.8942,-1.0486,21.77067,2.189098,1.82155,250.3177
sz.002825,纳尔股份,2026-04-02,10.38,10.45,10.16,10.25,4888588.0,50323052.76,1.9056,-1.2524,21.498013,2.161681,1.798737,247.1827
sz.002826,易明医药,2026-04-01,20.24,20.89,20.2,20.71,5946100.0,122393281.0,3.4109,3.8095,45.985944,4.922959,6.287868,56.582282
sz.002826,易明医药,2026-04-02,20.69,20.76,20.31,20.62,4057200.0,83298340.0,2.3274,-0.4346,45.786102,4.901565,6.260542,56.336391
sz.002827,高争民爆,2026-04-01,33.33,35.2,33.22,34.1,6721000.0,229637584.0,2.4351,3.6159,48.021928,9.313663,5.177437,43.666039
sz.002827,高争民爆,2026-04-02,34.11,34.27,33.54,34.06,3677655.0,125261188.7,1.3325,-0.1173,47.965597,9.302738,5.171363,43.614818
sz.002828,贝肯能源,2026-04-01,12.71,12.88,12.53,12.54,18906800.0,239719620.0,9.7678,-3.0162,280.107535,3.622938,2.306032,39.817485
sz.002828,贝肯能源,2026-04-02,13.29,13.79,13.01,13.79,28045670.0,381553457.3,14.4892,9.9681,308.02894,3.984076,2.5359,43.786533
sz.002829,星网宇达,2026-04-01,22.7,22.78,22.18,22.55,4162000.0,93220205.0,2.8497,1.1211,-28.289508,2.726665,10.240934,-30.893384
sz.002829,星网宇达,2026-04-02,22.4,22.69,21.88,22.17,3393700.0,75565709.0,2.3237,-1.6851,-27.812789,2.680717,10.068359,-30.372786
sz.002830,名雕股份,2026-04-01,21.57,21.7,21.05,21.34,1814400.0,38615547.0,2.714,0.803,70.282526,4.355606,4.281872,-140.815741
sz.002830,名雕股份,2026-04-02,21.36,21.4,20.77,20.89,1810500.0,38020890.0,2.7082,-2.1087,68.800467,4.263759,4.19158,-137.846337
sz.002831,裕同科技,2026-04-01,32.63,33.7,32.44,32.81,11159900.0,369461915.0,2.184,3.5016,20.471085,2.623562,1.72586,-31.486351
sz.002831,裕同科技,2026-04-02,32.87,32.98,31.8,32.08,7840479.0,253682838.48,1.5344,-2.2249,20.015617,2.565189,1.687461,-30.785801
sz.002832,比音勒芬,2026-04-01,17.28,17.29,17.04,17.13,6307221.0,108018414.94,1.6197,0.0584,15.319754,1.787706,2.324464,279.767208
sz.002832,比音勒芬,2026-04-02,17.1,17.37,16.98,17.35,8983157.0,154926413.24,2.3068,1.2843,15.516505,1.810666,2.354317,283.360249
sz.002833,弘亚数控,2026-04-01,18.3,18.33,18.0,18.09,2728100.0,49442235.2,0.9465,0.8361,19.121833,2.671558,3.302687,15.298859
sz.002833,弘亚数控,2026-04-02,18.03,18.14,17.66,17.88,2771116.0,49463634.6,0.9614,-1.1609,18.899854,2.640545,3.264347,15.12126
sz.002835,同为股份,2026-04-01,15.74,16.1,15.62,15.77,1999800.0,31508210.0,1.5711,1.2195,20.2679,2.812868,3.144132,28.846573
sz.002835,同为股份,2026-04-02,15.63,15.79,15.35,15.45,2321700.0,36062964.0,1.824,-2.0292,19.85663,2.75579,3.080333,28.261227
sz.002836,新宏泽,2026-04-01,13.85,13.95,13.61,13.89,2409940.0,33199509.2,1.046,1.9076,56.154257,8.473838,7.460539,-3011.637193
sz.002836,新宏泽,2026-04-02,14.0,14.0,13.5,13.59,1984044.0,27123307.04,0.8611,-2.1598,54.941422,8.290818,7.299404,-2946.591033
sz.002837,英维克,2026-04-01,86.9,87.4,85.31,87.18,34381443.0,2974977051.35,4.0439,3.3551,170.62099,25.697165,14.824054,2695.818745
sz.002837,英维克,2026-04-02,86.08,86.63,82.5,82.77,34006687.0,2852007806.87,3.9999,-5.0585,161.990128,24.397274,14.07418,2559.450764
sz.002838,道恩股份,2026-04-01,25.51,25.68,24.86,25.24,3080400.0,77331045.0,0.7323,0.7585,63.920324,3.317134,1.993879,47.947325
sz.002838,道恩股份,2026-04-02,25.22,25.3,24.58,24.75,2447862.0,60891107.3,0.5819,-1.9414,62.679398,3.252736,1.95517,47.016494
sz.002839,张家港行,2026-04-01,4.52,4.55,4.49,4.52,33080050.0,149548360.4,1.3546,0.6682,5.582913,0.596208,2.327546,7.566737
sz.002839,张家港行,2026-04-02,4.54,4.57,4.5,4.54,28359780.0,128693544.2,1.1613,0.4425,5.607616,0.598846,2.337845,7.600218
sz.002840,华统股份,2026-04-01,11.24,11.25,10.63,11.1,35951553.0,396574730.28,4.513,2.9685,98.244481,2.204649,1.024115,45.033714
sz.002840,华统股份,2026-04-02,11.15,12.1,11.11,11.54,80830425.0,946803487.39,10.1465,3.964,102.138857,2.29204,1.06471,46.818834
sz.002841,视源股份,2026-04-01,33.12,33.3,32.76,33.16,4658667.0,153702632.9,0.8969,1.749,22.773706,1.730308,0.947689,-9.751934
sz.002841,视源股份,2026-04-02,33.09,33.09,32.51,32.75,3408760.0,111728432.0,0.6563,-1.2364,22.492125,1.708914,0.935972,-9.631358
sz.002842,翔鹭钨业,2026-04-01,32.1,32.96,31.18,32.2,36698950.0,1174089605.67,13.6701,-1.6794,73.310045,8.727804,4.373985,48.375116
sz.002842,翔鹭钨业,2026-04-02,32.11,32.18,30.34,31.0,32512911.0,1008603371.43,12.1108,-3.7267,70.577994,8.402544,4.210979,46.572317
sz.002843,泰嘉股份,2026-04-01,21.31,21.73,21.12,21.33,14924180.0,319415221.24,5.9508,2.4988,126.965565,3.794024,3.44466,57.408704
sz.002843,泰嘉股份,2026-04-02,21.13,21.2,20.33,20.54,11864862.0,245250163.8,4.7309,-3.7037,122.263137,3.653504,3.31708,55.282456
sz.002845,同兴达,2026-04-01,13.51,13.63,13.38,13.48,5193800.0,70049757.0,2.0756,1.6591,-79.812986,1.85662,0.432799,-47.563279
sz.002845,同兴达,2026-04-02,13.49,13.55,13.05,13.15,5178140.0,68622796.0,2.0693,-2.4481,-77.859107,1.811169,0.422204,-46.398896
sz.002846,英联股份,2026-04-01,14.58,14.64,14.33,14.5,4368783.0,63172577.48,1.6998,1.3277,-950.116759,4.31025,2.796854,600.881424
sz.002846,英联股份,2026-04-02,14.4,14.56,14.15,14.25,3964400.0,56880389.0,1.5425,-1.7241,-933.735435,4.235935,2.748632,590.5214
sz.002847,盐津铺子,2026-04-01,59.95,60.78,59.38,60.3,1805425.0,108752980.0,0.7404,1.5664,21.8814,7.698764,2.8013,-985.098984
sz.002847,盐津铺子,2026-04-02,60.0,60.87,59.16,59.98,1902150.0,114206681.5,0.7801,-0.5307,21.76528,7.657908,2.786434,-979.871262
sz.002848,*ST高斯,2026-04-01,13.5,13.66,13.45,13.55,2206700.0,29932466.0,1.338,0.0739,-21.842802,19.62265,14.334877,964.238498
sz.002848,*ST高斯,2026-04-02,13.58,13.6,13.4,13.42,1695700.0,22809015.0,1.0282,-0.9594,-21.63324,19.434388,14.197347,954.987501
sz.002849,威星智能,2026-04-01,16.9,17.03,16.61,16.86,4335080.0,72981697.6,2.2396,1.8731,95.417666,2.718808,2.310508,25.778548
sz.002849,威星智能,2026-04-02,16.8,16.94,16.5,16.6,4864580.0,81369353.2,2.5131,-1.5421,93.946219,2.676881,2.274877,25.381015
sz.002850,科达利,2026-04-01,179.81,181.48,177.0,178.56,8229810.0,1478360530.07,4.1339,-0.2458,27.912185,3.739526,3.236574,375.518364
sz.002850,科达利,2026-04-02,179.84,185.99,177.55,183.9,8317360.0,1523997145.47,4.1779,2.9906,28.746925,3.85136,3.333367,386.748584
sz.002851,麦格米特,2026-04-01,100.88,102.88,99.3,102.57,13567096.0,1372158842.47,2.9625,5.5247,251.031713,9.51667,6.582734,154.56841
sz.002851,麦格米特,2026-04-02,100.7,101.8,95.5,96.4,17698296.0,1725227051.03,3.8646,-6.0154,235.931141,8.944204,6.186756,145.270495
sz.002852,道道全,2026-04-01,9.95,9.98,9.73,9.83,5316412.0,52157424.72,1.8602,0.5112,14.47646,1.505723,0.545836,13.113215
sz.002852,道道全,2026-04-02,9.84,9.92,9.73,9.78,5369859.0,52751048.79,1.8789,-0.5086,14.402826,1.498065,0.543059,13.046515
sz.002853,皮阿诺,2026-04-01,24.95,25.09,24.21,24.58,1960300.0,48060347.0,1.5231,-0.0407,-11.513181,4.824853,7.06351,-99.850042
sz.002853,皮阿诺,2026-04-02,24.63,24.7,23.84,24.44,2279800.0,55305200.0,1.7713,-0.5696,-11.447605,4.797372,7.023278,-99.281327
sz.002855,捷荣技术,2026-04-01,12.41,12.47,11.79,11.93,4925800.0,58819202.0,2.0005,-1.8914,-7.267373,8.989007,1.790543,220.873243
sz.002855,捷荣技术,2026-04-02,11.93,11.98,11.51,11.6,3913400.0,45848290.0,1.5893,-2.7661,-7.066348,8.740359,1.741014,214.76359
sz.002856,美芝股份,2026-04-01,11.5,11.69,11.18,11.3,4012380.0,45705180.0,3.2383,0.5338,-6.348404,18.400087,3.721778,-210.711506
sz.002856,美芝股份,2026-04-02,11.29,11.37,10.81,10.95,4132800.0,45637816.0,3.3355,-3.0973,-6.151772,17.830172,3.606502,-204.185044
sz.002857,三晖电气,2026-04-01,22.1,22.48,21.72,21.96,2982262.0,65632184.52,2.3299,1.3383,266.265007,5.50651,3.55516,35.358128
sz.002857,三晖电气,2026-04-02,21.96,22.22,20.63,21.04,4644510.0,98420602.7,3.6285,-4.1894,255.110007,5.275819,3.406219,33.876822
sz.002858,力盛体育,2026-04-01,16.1,16.1,14.6,14.91,16775200.0,252521842.0,11.4134,-7.3913,-78.965615,4.492906,5.004007,23.604301
sz.002858,力盛体育,2026-04-02,14.89,15.64,14.66,14.67,11993826.0,179697483.98,8.1603,-1.6097,-77.694539,4.420585,4.92346,23.224352
sz.002859,洁美科技,2026-04-01,40.72,41.81,40.22,40.4,5980800.0,243781077.0,1.4735,1.6097,86.70302,5.943815,8.704642,187.458702
sz.002859,洁美科技,2026-04-02,41.22,41.22,39.4,39.8,4841860.0,193852341.4,1.1929,-1.4851,85.415351,5.855541,8.575366,184.674662
sz.002860,星帅尔,2026-04-01,13.0,13.08,12.88,12.95,6955903.0,90211643.12,1.9894,0.9353,26.554036,2.050986,2.021871,194.407018
sz.002860,星帅尔,2026-04-02,12.91,13.02,12.66,12.77,5342498.0,68219595.18,1.528,-1.39,26.184946,2.022478,1.993768,191.704836
sz.002861,瀛通通讯,2026-04-01,15.29,15.5,14.98,15.33,8175705.0,124557708.79,5.4444,2.3364,270.958541,2.593238,3.361927,35.37748
sz.002861,瀛通通讯,2026-04-02,15.18,15.86,15.07,15.13,9140300.0,140931400.0,6.0867,-1.3046,267.423531,2.559406,3.318066,34.915934
sz.002862,实丰文化,2026-04-01,16.2,16.2,15.82,16.05,3719150.0,59412608.0,2.9459,0.9434,-50.130891,6.739871,5.929919,101.807367
sz.002862,实丰文化,2026-04-02,16.01,16.51,15.81,16.48,5552840.0,90071625.2,4.3984,2.6791,-51.473962,6.920441,6.088789,104.534917
sz.002863,今飞凯达,2026-04-01,5.69,5.79,5.51,5.55,18885791.0,105503565.62,3.1503,2.7778,42.132472,1.172901,0.59693,899.993906
sz.002863,今飞凯达,2026-04-02,5.6,5.66,5.45,5.49,14743251.0,81789141.0,2.4593,-1.0811,41.676986,1.160221,0.590477,890.264242
sz.002864,盘龙药业,2026-04-01,33.89,34.59,33.43,34.39,4374300.0,149444152.25,5.896,2.9949,30.330515,2.170485,3.327589,8387.629254
sz.002864,盘龙药业,2026-04-02,34.39,34.66,33.9,34.18,3464735.0,118780021.98,4.67,-0.6106,30.145304,2.157231,3.307269,8336.410814
sz.002865,钧达股份,2026-04-01,73.0,75.0,70.08,73.18,12473234.0,906429805.97,5.5802,1.6671,-16.088881,6.223911,2.986399,60.470856
sz.002865,钧达股份,2026-04-02,72.22,73.3,71.08,71.61,8687480.0,625385593.0,3.8865,-2.1454,-15.743711,6.090383,2.922329,59.173518
sz.002866,传艺科技,2026-04-01,22.0,22.34,21.3,21.65,25368835.0,551146091.05,13.9995,-0.4598,73.020709,2.993348,2.921229,-1475.266649
sz.002866,传艺科技,2026-04-02,21.55,21.69,20.8,20.99,19984320.0,424297861.4,11.0281,-3.0485,70.794674,2.902096,2.832175,-1430.293162
sz.002867,周大生,2026-04-01,12.04,12.06,11.94,11.96,5306025.0,63604396.0,0.4917,0.1675,12.521017,2.073649,1.317374,-40.419283
sz.002867,周大生,2026-04-02,11.95,12.02,11.87,11.97,5349675.0,63883737.75,0.4958,0.0836,12.531486,2.075383,1.318476,-40.453078
sz.002868,*ST绿康,2026-04-01,37.62,37.88,37.01,37.33,647600.0,24105144.0,0.6052,0.1073,-41.659446,91.828903,11.230926,170.128735
sz.002868,*ST绿康,2026-04-02,37.1,37.85,37.08,37.43,503400.0,18820721.0,0.4705,0.2679,-41.771044,92.074896,11.261011,170.584478
sz.002869,金溢科技,2026-04-01,25.63,25.67,24.52,25.29,11570250.0,291652237.7,7.3453,0.1584,247.854618,2.086758,7.831187,-19.755726
sz.002869,金溢科技,2026-04-02,25.05,25.6,23.03,24.35,11261752.0,271724236.7,7.1495,-3.7169,238.642149,2.009196,7.540111,-19.021428
sz.002870,香山股份,2026-04-01,36.35,36.78,35.67,35.87,1765600.0,63818591.0,1.3691,0.2796,49.904973,2.852672,0.785609,28.13637
sz.002870,香山股份,2026-04-02,35.82,36.02,34.92,35.05,1805900.0,63822129.0,1.4003,-2.286,48.764129,2.787459,0.767649,27.493163
sz.002871,伟隆股份,2026-04-01,16.33,16.75,16.33,16.63,4154210.0,68934344.87,2.7807,2.7812,29.038328,3.775985,6.496667,-22.808291
sz.002871,伟隆股份,2026-04-02,16.47,16.6,16.01,16.19,2626850.0,42639377.46,1.7583,-2.6458,28.270026,3.676079,6.324777,-22.204825
sz.002872,ST天圣,2026-04-01,5.11,5.16,5.07,5.16,3690500.0,18877914.0,1.7172,2.5845,-17.023085,0.83649,3.178972,46.040783
sz.002872,ST天圣,2026-04-02,5.17,5.24,5.08,5.1,3377950.0,17411366.5,1.5717,-1.1628,-16.825142,0.826763,3.142007,45.505425
sz.002873,新天药业,2026-04-01,10.28,10.36,10.05,10.31,7480001.0,76579339.17,3.1312,1.8775,276.213238,2.00336,3.356867,45.301118
sz.002873,新天药业,2026-04-02,10.27,10.56,10.08,10.43,11569950.0,120465144.64,4.8433,1.1639,279.428135,2.026678,3.395938,45.828386
sz.002875,安奈儿,2026-04-01,19.31,19.49,18.88,19.19,3401493.0,65081634.24,1.8645,1.3735,-41.025929,6.362794,7.355375,-137.882758
sz.002875,安奈儿,2026-04-02,19.33,19.42,18.93,19.05,4618882.0,88473673.56,2.5318,-0.7295,-40.726626,6.316374,7.301714,-136.876839
sz.002876,三利谱,2026-04-01,26.02,26.89,25.97,26.73,4782840.0,126664190.78,3.211,4.8235,96.138918,1.952646,1.383552,157.165745
sz.002876,三利谱,2026-04-02,26.73,27.27,26.18,26.31,3855108.0,102458926.18,2.5882,-1.5713,94.628318,1.921964,1.361813,154.696249
sz.002877,智能自控,2026-04-01,8.74,8.74,8.56,8.69,8371946.0,72321836.08,3.4808,1.4002,518.476716,2.549851,2.795831,175.046112
sz.002877,智能自控,2026-04-02,8.66,8.74,8.42,8.49,8126640.0,69584478.38,3.3789,-2.3015,506.543995,2.491166,2.731485,171.017433
sz.002878,元隆雅图,2026-04-01,17.5,17.55,17.05,17.22,9467200.0,162896403.47,4.0127,-0.7493,-22.282525,3.506341,1.439001,-217.076919
sz.002878,元隆雅图,2026-04-02,17.15,17.35,16.95,17.15,7359701.0,126509143.24,3.1194,-0.4065,-22.191945,3.492087,1.433151,-216.194493
sz.002879,长缆科技,2026-04-01,20.66,20.86,20.34,20.53,4246600.0,87124116.0,3.0802,1.2327,29.637923,2.288858,2.752412,18.89961
sz.002879,长缆科技,2026-04-02,20.45,21.71,20.41,20.8,8035340.0,168962212.0,5.8282,1.3151,30.027706,2.31896,2.78861,19.148167
sz.002880,卫光生物,2026-04-01,27.19,27.58,27.11,27.55,2236170.0,61284650.37,0.986,2.3023,27.323947,2.6887,5.48105,-35.45365
sz.002880,卫光生物,2026-04-02,27.49,27.72,27.26,27.39,1574246.0,43288657.78,0.6941,-0.5808,27.16526,2.673085,5.449218,-35.247749
sz.002881,美格智能,2026-04-01,38.85,39.0,38.35,38.58,3487838.0,134681804.56,1.9172,0.8891,81.638067,6.843807,3.109423,-361.115013
sz.002881,美格智能,2026-04-02,38.38,38.38,36.76,36.78,4488562.0,167861741.72,2.4673,-4.6656,77.829137,6.5245,2.964348,-344.266723
sz.002882,金龙羽,2026-04-01,27.56,27.79,27.32,27.44,2774007.0,76239956.15,1.1241,0.6603,111.022335,5.615684,2.554238,161.107687
sz.002882,金龙羽,2026-04-02,27.44,27.48,26.58,26.77,2656700.0,71638951.0,1.0765,-2.4417,108.311513,5.478566,2.491871,157.173935
sz.002883,中设股份,2026-04-01,9.91,10.11,9.7,9.74,4732000.0,46553164.0,3.0863,-0.7136,-43.045561,2.345772,5.078072,23.904442
sz.002883,中设股份,2026-04-02,9.73,9.83,9.39,9.49,4212940.0,40303287.0,2.7477,-2.5667,-41.940695,2.285562,4.947731,23.290879
sz.002884,凌霄泵业,2026-04-01,18.45,18.63,18.36,18.47,3163346.0,58482131.9,1.1584,1.3721,14.245281,2.856959,3.897633,136.758128
sz.002884,凌霄泵业,2026-04-02,18.44,18.48,18.22,18.3,2725935.0,49973164.41,0.9982,-0.9204,14.114166,2.830663,3.861758,135.49939
sz.002885,京泉华,2026-04-01,24.09,24.36,23.97,24.2,9079300.0,219272959.0,3.932,2.6293,96.776774,4.453021,1.865705,126.048699
sz.002885,京泉华,2026-04-02,24.0,24.31,23.03,23.29,10467514.0,246618198.6,4.5332,-3.7603,93.137648,4.285573,1.795548,121.308852
sz.002886,沃特股份,2026-04-01,20.48,20.95,20.37,20.65,4908000.0,101280616.0,2.3474,2.9412,130.568131,3.014513,2.685375,240.518155
sz.002886,沃特股份,2026-04-02,20.54,20.71,19.96,20.12,4725475.0,95936873.75,2.2601,-2.5666,127.216987,2.937143,2.616453,234.345049
sz.002887,绿茵生态,2026-04-01,11.76,11.8,11.14,11.24,5987420.0,67988902.1,3.0768,-2.684,29.00043,1.501632,7.031942,-109.372212
sz.002887,绿茵生态,2026-04-02,11.15,11.47,11.0,11.11,4173810.0,46712762.0,2.1448,-1.1566,28.665015,1.484264,6.950612,-108.107231
sz.002888,惠威科技,2026-04-01,18.58,18.67,18.11,18.46,1632000.0,30011130.0,2.1782,1.3729,161.565593,7.166708,9.352365,437.66604
sz.002888,惠威科技,2026-04-02,18.51,18.51,17.76,17.93,1779500.0,32100686.0,2.3751,-2.8711,156.926928,6.960947,9.083851,425.10033
sz.002889,东方嘉盛,2026-04-01,13.25,13.35,13.14,13.31,1906519.0,25260531.1,0.7587,1.8363,32.757863,2.00421,1.294278,98.536694
sz.002889,东方嘉盛,2026-04-02,13.3,13.31,13.0,13.09,1332232.0,17480814.69,0.5302,-1.6529,32.216411,1.971082,1.272885,96.907989
sz.002890,弘宇股份,2026-04-01,15.69,16.07,15.52,15.8,2096519.0,32969538.75,1.2983,1.6731,179.087298,4.461666,8.678502,300.535821
sz.002890,弘宇股份,2026-04-02,15.8,17.38,15.65,16.47,9500888.0,160176149.65,5.8835,4.2405,186.681506,4.650864,9.046515,313.280061
sz.002891,中宠股份,2026-04-01,36.95,39.18,36.95,38.45,17365981.0,663981581.79,5.4331,6.4213,27.608491,4.249803,2.392886,17.169539
sz.002891,中宠股份,2026-04-02,38.48,38.85,37.8,38.64,11219876.0,428618657.61,3.5102,0.4941,27.744918,4.270804,2.404711,17.254382
sz.002892,科力尔,2026-04-01,11.02,11.04,10.91,11.02,5876783.0,64600651.71,1.2157,1.5668,236.596667,6.302077,4.51412,-731.962052
sz.002892,科力尔,2026-04-02,10.99,11.01,10.75,10.79,4845796.0,52707412.93,1.0024,-2.0871,231.658624,6.170545,4.419905,-716.685167
sz.002893,京能热力,2026-04-01,12.51,12.64,11.9,12.34,30435297.0,376602758.05,15.0091,1.2305,39.702906,2.67485,2.642948,-72.626566
sz.002893,京能热力,2026-04-02,12.37,12.64,12.11,12.35,24601274.0,305988790.83,12.1321,0.081,39.73508,2.677018,2.64509,-72.685421
sz.002895,川恒股份,2026-04-01,39.92,40.16,38.78,38.95,9230672.0,362538568.9,1.5515,-1.4423,18.89732,3.19532,3.050484,-39.608932
sz.002895,川恒股份,2026-04-02,38.87,40.08,38.56,39.0,8343376.0,327787588.99,1.4023,0.1284,18.921578,3.199422,3.0544,-39.659778
sz.002896,中大力德,2026-04-01,76.15,76.45,74.89,75.5,5199693.0,392770772.8,2.6458,0.7338,203.749426,12.414486,14.843186,2242.005328
sz.002896,中大力德,2026-04-02,74.6,74.85,72.2,72.45,5130399.0,376563959.68,2.6106,-4.0397,195.518489,11.912973,14.243561,2151.434252
sz.002897,意华股份,2026-04-01,59.87,61.95,59.39,61.2,12254702.0,743648702.92,6.7177,5.1005,73.237058,4.320749,1.878725,-91.698216
sz.002897,意华股份,2026-04-02,60.81,61.76,59.22,59.7,7549234.0,456246959.05,4.1383,-2.451,71.442032,4.214848,1.832678,-89.450711
sz.002898,*ST赛隆,2026-04-01,11.58,11.62,11.48,11.55,522100.0,6025114.0,0.5156,0.2604,-29.102052,4.414577,8.302409,-66.383711
sz.002898,*ST赛隆,2026-04-02,11.56,12.13,11.5,12.13,2015850.0,24150244.5,1.9907,5.0216,-30.563454,4.636262,8.719326,-69.717266
sz.002899,英派斯,2026-04-01,28.5,29.4,28.5,28.95,2763518.0,80057514.92,1.8698,1.9725,58.971714,2.456874,3.646819,-35.403857
sz.002899,英派斯,2026-04-02,29.29,29.29,28.3,28.46,2205166.0,63176420.98,1.492,-1.6926,57.973574,2.41529,3.585094,-34.804621
sz.002900,哈三联,2026-04-01,12.0,12.68,11.72,12.37,15791000.0,194846243.0,9.8006,4.9194,-20.515446,2.055749,4.474396,33.144433
sz.002900,哈三联,2026-04-02,12.33,12.62,12.25,12.31,11782600.0,145815026.0,7.3128,-0.485,-20.415937,2.045778,4.452693,32.983668
sz.002901,大博医疗,2026-04-01,44.01,45.13,43.6,45.0,1549759.0,68939346.64,0.5372,2.7867,34.401371,5.583842,7.504714,-186.757143
sz.002901,大博医疗,2026-04-02,44.77,44.94,43.4,43.71,1741584.0,76647594.46,0.6037,-2.8667,33.415198,5.423772,7.289579,-181.403438
sz.002902,铭普光磁,2026-04-01,28.75,28.78,28.75,28.78,16014382.0,460811036.39,9.0155,10.0153,-22.493314,8.010347,4.183626,-291.658746
sz.002902,铭普光磁,2026-04-02,28.8,29.87,27.1,27.64,58674343.0,1649834564.47,33.0314,-3.9611,-21.602335,7.69305,4.017909,-280.105898
sz.002903,宇环数控,2026-04-01,27.92,29.09,27.62,27.8,9257768.0,260706917.28,8.6811,1.8315,1427.06131,5.435299,8.919367,-157.546973
sz.002903,宇环数控,2026-04-02,27.8,29.36,27.28,27.47,13573562.0,383862309.3,12.728,-1.1871,1410.121373,5.370779,8.81349,-155.676811
sz.002905,金逸影视,2026-04-01,10.8,11.59,10.71,11.33,38148190.0,425659584.98,10.9169,5.789,116.528048,44.894704,3.877704,-66.065373
sz.002905,金逸影视,2026-04-02,11.0,11.05,10.2,10.2,19495800.0,201015563.16,5.5792,-9.9735,104.906098,40.417121,3.49096,-59.476329
sz.002906,华阳集团,2026-04-01,28.02,28.91,27.82,28.5,9070000.0,257512677.14,1.7289,3.7495,19.140312,2.138267,1.146536,-470.786854
sz.002906,华阳集团,2026-04-02,28.6,28.6,27.66,27.94,5961100.0,167313748.0,1.1363,-1.9649,18.764222,2.096252,1.124007,-461.536305
sz.002907,华森制药,2026-04-01,14.31,14.41,13.99,14.39,5714207.0,81518181.01,1.9053,1.1244,80.542714,3.558387,7.640363,190.716838
sz.002907,华森制药,2026-04-02,14.39,14.81,14.38,14.68,7534003.0,110420642.92,2.5121,2.0153,82.165882,3.630099,7.794339,194.560333
sz.002908,德生科技,2026-04-01,9.16,9.17,8.97,9.05,3704860.0,33456560.68,1.1512,1.0045,246.466485,3.530893,6.48635,108.416791
sz.002908,德生科技,2026-04-02,9.05,9.07,8.8,8.86,3923300.0,34971064.5,1.219,-2.0994,241.29205,3.456764,6.350172,106.140638
sz.002909,集泰股份,2026-04-01,6.69,6.73,6.53,6.68,6704567.0,44446751.89,1.7625,1.8293,4840.217458,2.898658,2.233845,-26.462691
sz.002909,集泰股份,2026-04-02,6.65,6.69,6.38,6.44,7772767.0,50353110.8,2.0433,-3.5928,4666.31743,2.794514,2.153587,-25.511936
sz.002910,庄园牧场,2026-04-01,11.26,11.3,10.85,10.99,4952800.0,54640139.0,2.8953,-0.991,-22.32267,2.059635,2.470393,43.604078
sz.002910,庄园牧场,2026-04-02,11.0,11.06,10.61,10.76,4605200.0,49751157.0,2.6921,-2.0928,-21.855498,2.016531,2.418693,42.691527
sz.002911,佛燃能源,2026-04-01,14.62,14.69,14.21,14.36,8195551.0,118396187.85,0.6468,-0.8287,18.097195,3.538317,0.55499,30.286673
sz.002911,佛燃能源,2026-04-02,14.36,14.58,14.29,14.4,5957252.0,86053111.99,0.4702,0.2786,18.144553,3.547576,0.556442,30.365929
sz.002912,中新赛克,2026-04-01,26.63,26.79,26.31,26.63,5265132.0,139958806.0,3.2456,1.9525,65.510489,2.648834,6.055951,45.35815
sz.002912,中新赛克,2026-04-02,26.61,27.2,26.27,26.35,4137381.0,110241628.35,2.5504,-1.0514,64.821682,2.620983,5.992276,44.881234
sz.002913,奥士康,2026-04-01,47.96,49.38,47.68,48.09,7136270.0,345935093.8,2.3655,0.5226,42.75932,3.458297,2.88507,77.760894
sz.002913,奥士康,2026-04-02,47.95,48.03,46.6,46.92,4630852.0,218892015.32,1.535,-2.4329,41.719012,3.374159,2.814878,75.869019
sz.002915,中欣氟材,2026-04-01,20.66,20.76,20.42,20.59,3475200.0,71443282.0,1.2064,1.1297,-51.246097,5.283409,4.496619,36.625924
sz.002915,中欣氟材,2026-04-02,20.42,20.55,20.02,20.16,3604100.0,72988248.0,1.2511,-2.0884,-50.175877,5.173071,4.402712,35.861031
sz.002916,深南电路,2026-04-01,225.8,231.7,223.88,231.0,10884946.0,2483284609.04,1.6373,5.2344,48.034817,9.175202,6.654106,-283.578173
sz.002916,深南电路,2026-04-02,228.34,229.0,218.0,219.0,9160793.0,2030380988.81,1.378,-5.1948,45.539502,8.698568,6.308438,-268.84684
sz.002917,金奥博,2026-04-01,13.7,13.75,13.28,13.41,5433500.0,72865309.0,2.086,-0.2974,31.227558,2.774159,2.743667,363.792247
sz.002917,金奥博,2026-04-02,13.35,13.61,13.2,13.38,3314600.0,44424405.0,1.2725,-0.2237,31.157698,2.767953,2.737529,362.978394
sz.002918,蒙娜丽莎,2026-04-01,11.28,11.42,11.16,11.32,5133452.0,58074056.7,2.4091,2.4434,71.252699,1.412245,1.146692,11.334013
sz.002918,蒙娜丽莎,2026-04-02,11.25,11.36,10.99,11.07,5192585.0,57756476.55,2.4243,-2.2085,69.679114,1.381056,1.121368,11.083706
sz.002919,名臣健康,2026-04-01,20.14,20.3,19.9,20.17,3992900.0,80356436.4,1.5102,2.1783,-715.950786,6.543262,3.646057,-850.225961
sz.002919,名臣健康,2026-04-02,20.18,20.27,19.5,19.62,3199300.0,63279581.0,1.2101,-2.7268,-696.428083,6.364839,3.546636,-827.041812
sz.002920,德赛西威,2026-04-01,105.88,107.88,105.88,107.25,7055747.0,754306862.87,1.2719,3.2441,26.087461,4.151471,1.966012,92.060435
sz.002920,德赛西威,2026-04-02,107.17,107.48,103.8,104.9,5899075.0,622261624.1,1.0634,-2.1911,25.515848,4.060506,1.922934,90.04326
sz.002921,联诚精密,2026-04-01,23.8,24.15,23.4,23.61,2705000.0,64093491.0,2.105,0.2548,-140.798076,2.657324,3.140644,307.748466
sz.002921,联诚精密,2026-04-02,23.88,24.29,23.07,23.25,3541786.0,83689969.88,2.7562,-1.5248,-138.651218,2.616805,3.092756,303.055986
sz.002922,伊戈尔,2026-04-01,36.72,36.78,35.47,36.13,14590889.0,524349661.4,3.8996,2.3513,76.359819,4.036883,2.904865,70.656025
sz.002922,伊戈尔,2026-04-02,36.0,36.18,34.13,34.37,17054756.0,593368709.52,4.5581,-4.8713,72.640104,3.840234,2.763361,67.214159
sz.002923,润都股份,2026-04-01,16.01,17.24,16.01,17.24,8598630.0,145534193.2,3.3317,10.0191,-111.061815,5.513412,4.852654,-507.803613
sz.002923,润都股份,2026-04-02,18.8,18.96,16.36,17.35,58609176.0,1039146305.62,22.7093,0.6381,-111.770446,5.54859,4.883617,-511.043659
sz.002925,盈趣科技,2026-04-01,19.4,19.6,19.3,19.5,6226867.0,121168252.03,0.8518,2.7397,58.419641,3.231928,3.842739,-116.406957
sz.002925,盈趣科技,2026-04-02,19.43,20.09,19.28,19.66,9933665.0,196257519.37,1.3588,0.8205,58.898981,3.258447,3.874269,-117.362091
sz.002926,华西证券,2026-04-01,8.41,8.44,8.33,8.38,10594000.0,88737861.0,0.4036,0.7212,14.347386,0.901121,4.245839,2.551286
sz.002926,华西证券,2026-04-02,8.37,8.37,8.25,8.29,8902638.0,73953933.64,0.3391,-1.074,14.193297,0.891444,4.200239,2.523886
sz.002927,泰永长征,2026-04-01,17.78,17.87,17.33,17.49,3969966.0,69443744.68,1.7985,0.6908,230.584152,3.771337,4.534895,452.838575
sz.002927,泰永长征,2026-04-02,17.35,17.6,16.53,16.85,5366018.0,91396114.41,2.4309,-3.6592,222.146538,3.633335,4.368953,436.268152
sz.002928,华夏航空,2026-04-01,8.18,8.4,8.03,8.26,39971529.0,327702541.7,3.1271,5.3571,18.165597,2.646245,1.451229,-281.548657
sz.002928,华夏航空,2026-04-02,8.13,8.24,7.91,8.05,34819766.0,280280190.78,2.7241,-2.5424,17.70376,2.578968,1.414333,-274.39064
sz.002929,润建股份,2026-04-01,49.86,51.22,49.53,49.84,12405106.0,623445497.14,5.8915,2.8265,-385.893099,2.240132,1.427034,13.55582
sz.002929,润建股份,2026-04-02,50.11,50.3,46.38,46.75,16124980.0,768154271.31,7.6581,-6.1998,-361.968346,2.101247,1.338561,12.715381
sz.002930,宏川智慧,2026-04-01,13.9,14.2,13.79,13.99,9464844.0,132221971.19,2.1873,2.1168,-125.353878,2.742833,5.16782,-46.212285
sz.002930,宏川智慧,2026-04-02,14.0,14.01,13.3,13.7,9008112.0,122108878.78,2.0788,-2.0729,-122.75544,2.685977,5.060697,-45.254359
sz.002931,锋龙股份,2026-04-01,69.38,72.6,68.5,70.05,15531219.0,1090311613.87,7.7172,3.3491,614.075394,16.108019,29.955273,10807.19309
sz.002931,锋龙股份,2026-04-02,70.05,71.3,66.38,66.43,12984225.0,885340956.97,6.4517,-5.1677,582.341591,15.275598,28.407263,10248.705738
sz.002932,明德生物,2026-04-01,16.2,17.47,16.11,17.29,14145221.0,236882043.71,9.0619,7.7259,566.49524,0.722926,11.445589,-19.101308
sz.002932,明德生物,2026-04-02,17.1,17.1,16.53,16.88,9028952.0,151031326.25,5.7843,-2.3713,553.061865,0.705784,11.174178,-18.648356
sz.002933,新兴装备,2026-04-01,33.16,33.46,32.64,32.91,1500532.0,49422548.88,1.3152,0.4579,124.294911,2.523856,9.557972,-16.623071
sz.002933,新兴装备,2026-04-02,32.8,33.14,32.22,32.3,1705000.0,55598638.0,1.4944,-1.8535,121.991055,2.477076,9.380811,-16.314955
sz.002935,天奥电子,2026-04-01,18.95,18.99,18.18,18.37,6032300.0,110850768.0,1.4532,-0.7563,120.205936,4.923364,7.947714,-942.056822
sz.002935,天奥电子,2026-04-02,18.25,18.56,18.09,18.23,4198912.0,76800272.49,1.0116,-0.7621,119.289832,4.885843,7.887143,-934.877293
sz.002936,郑州银行,2026-04-01,1.88,1.88,1.85,1.85,79670114.0,148240081.9,1.1334,-0.5376,8.876161,0.373268,1.301771,15.077487
sz.002936,郑州银行,2026-04-02,1.86,1.86,1.83,1.84,73829206.0,136161886.24,1.0503,-0.5405,8.828182,0.371251,1.294734,14.995987
sz.002937,兴瑞科技,2026-04-01,26.66,27.76,26.13,27.29,10149015.0,277055128.17,3.4177,3.2539,52.562278,5.328305,4.637309,-164.508294
sz.002937,兴瑞科技,2026-04-02,27.1,27.2,26.5,26.79,4584308.0,122763031.02,1.5438,-1.8322,51.599246,5.230682,4.552346,-161.494218
sz.002938,鹏鼎控股,2026-04-01,54.25,54.35,53.04,53.61,30206547.0,1619416567.32,1.308,2.7602,33.246634,3.640356,3.174463,-81.307932
sz.002938,鹏鼎控股,2026-04-02,53.58,53.98,50.62,50.95,26067250.0,1352874448.44,1.1287,-4.9618,31.597016,3.459731,3.016953,-77.273627
sz.002939,长城证券,2026-04-01,9.0,9.05,8.94,8.98,11367838.0,102113499.24,0.3155,1.0124,15.018479,1.14713,6.846759,3.726141
sz.002939,长城证券,2026-04-02,8.95,8.98,8.78,8.82,14008208.0,124020292.17,0.3888,-1.7817,14.750889,1.126691,6.724768,3.659751
sz.002940,昂利康,2026-04-01,31.72,34.88,31.72,34.88,21691006.0,727249671.05,11.7074,9.9968,65.095902,4.414523,4.781752,-19.187318
sz.002940,昂利康,2026-04-02,35.8,38.0,34.24,36.49,44429386.0,1597774860.27,23.9802,4.6158,68.100615,4.61829,5.002469,-20.072971
sz.002941,新疆交建,2026-04-01,16.0,16.34,15.62,15.72,18430250.0,292363478.88,2.5256,0.3831,19.522427,2.440916,1.35518,11.499925
sz.002941,新疆交建,2026-04-02,15.61,15.8,15.51,15.54,12573232.0,196714592.36,1.7229,-1.145,19.298887,2.412966,1.339663,11.368246
sz.002942,新农股份,2026-04-01,19.42,19.49,19.14,19.4,1644900.0,31826400.0,1.1988,1.4644,34.886619,2.459096,2.897224,23.40032
sz.002942,新农股份,2026-04-02,19.32,19.56,18.95,19.11,1450120.0,27895705.6,1.0569,-1.4948,34.365118,2.422336,2.853915,23.050522
sz.002943,宇晶股份,2026-04-01,46.97,47.78,46.17,46.84,6217308.0,291561248.57,4.2697,1.8482,-25.063688,10.778358,11.87509,184.214813
sz.002943,宇晶股份,2026-04-02,46.59,46.79,44.51,44.98,5291326.0,239783896.45,3.6338,-3.971,-24.068418,10.350353,11.403535,176.899707
sz.002945,华林证券,2026-04-01,15.82,15.87,15.57,15.72,11008471.0,172926737.99,0.4077,1.2234,83.843111,5.847687,24.999076,22.459697
sz.002945,华林证券,2026-04-02,15.7,15.91,15.56,15.81,15540500.0,245207480.0,0.5756,0.5725,84.323129,5.881166,25.1422,22.588283
sz.002946,新乳业,2026-04-01,18.1,18.46,18.0,18.2,6420052.0,117245517.56,0.7547,1.2236,21.424319,4.122674,1.394435,-238.33446
sz.002946,新乳业,2026-04-02,18.16,18.28,17.93,18.09,4095500.0,73972343.0,0.4814,-0.6044,21.294832,4.097757,1.386007,-236.893977
sz.002947,恒铭达,2026-04-01,51.4,52.5,51.02,51.96,7525658.0,389486698.37,3.9067,2.8911,25.027548,4.273189,4.658492,17.96104
sz.002947,恒铭达,2026-04-02,52.0,52.35,50.43,50.66,5130773.0,263243543.56,2.6635,-2.5019,24.401377,4.166277,4.54194,17.511668
sz.002948,青岛银行,2026-04-01,5.22,5.36,5.17,5.28,60934590.0,321646317.5,1.9577,1.9305,5.923864,0.753751,2.108827,-7.325319
sz.002948,青岛银行,2026-04-02,5.29,5.36,5.22,5.33,48375677.0,255570473.77,1.5542,0.947,5.979961,0.760889,2.128797,-7.394688
sz.002949,华阳国际,2026-04-01,13.87,13.97,13.6,13.72,4294074.0,58951359.76,2.8272,0.9566,32.010833,1.863435,2.153586,-10.266047
sz.002949,华阳国际,2026-04-02,13.66,13.79,13.34,13.45,2747374.0,37257905.36,1.8088,-1.9679,31.380882,1.826764,2.111205,-10.064018
sz.002950,奥美医疗,2026-04-01,12.09,12.43,12.02,12.21,17584750.0,214541360.2,3.8905,1.412,17.094536,2.072429,2.226482,136.707182
sz.002950,奥美医疗,2026-04-02,12.14,12.2,11.82,11.92,12381550.0,147898686.0,2.7393,-2.3751,16.688523,2.023207,2.173601,133.460246
sz.002951,金时科技,2026-04-01,14.42,14.55,14.18,14.55,4815100.0,69163477.0,1.2004,2.8996,843.97214,3.512532,9.884088,-24.260425
sz.002951,金时科技,2026-04-02,14.56,15.0,14.25,14.46,6432061.0,93977686.17,1.6035,-0.6186,838.751693,3.490805,9.822949,-24.110361
sz.002952,亚世光电,2026-04-01,23.4,24.73,23.33,23.64,5683325.0,135228153.75,4.3172,2.8721,314.017659,4.46725,4.47631,155.374734
sz.002952,亚世光电,2026-04-02,23.61,24.05,22.62,22.89,5569815.0,129782720.35,4.2309,-3.1726,304.05517,4.325523,4.334295,150.445332
sz.002953,日丰股份,2026-04-01,11.67,11.69,11.47,11.55,4570192.0,52821141.4,2.1488,0.7853,32.680973,2.925254,1.242316,351.488267
sz.002953,日丰股份,2026-04-02,11.51,11.68,11.26,11.32,6181390.0,70733082.33,2.9064,-1.9913,32.030183,2.867002,1.217577,344.488934
sz.002955,鸿合科技,2026-04-01,26.61,26.71,26.31,26.5,1526900.0,40438757.0,0.7804,0.7605,121.141581,1.929899,1.936406,-23.941658
sz.002955,鸿合科技,2026-04-02,26.4,26.62,26.18,26.29,1291250.0,34057415.0,0.66,-0.7925,120.181591,1.914605,1.921061,-23.751932
sz.002956,西麦食品,2026-04-01,26.49,26.75,25.9,26.4,1387520.0,36435239.0,0.6216,0.6098,37.560776,3.774232,2.729859,-24.531686
sz.002956,西麦食品,2026-04-02,26.5,27.68,26.18,27.49,3080638.0,83412847.41,1.3801,4.1288,39.111581,3.930062,2.842569,-25.544548
sz.002957,科瑞技术,2026-04-01,27.4,28.09,27.01,27.99,19348002.0,535422567.0,4.6212,5.2256,53.0872,3.670306,4.795161,259.930873
sz.002957,科瑞技术,2026-04-02,28.03,30.41,27.9,29.18,32619106.0,956364510.58,7.791,4.2515,55.344212,3.826349,4.999028,270.981881
sz.002958,青农商行,2026-04-01,3.09,3.11,3.06,3.07,59835601.0,184303754.07,1.1,0.3268,5.741121,0.464893,1.60629,2.280574
sz.002958,青农商行,2026-04-02,3.07,3.09,3.03,3.05,49355400.0,150987795.0,0.9074,-0.6515,5.70372,0.461864,1.595826,2.265717
sz.002959,小熊电器,2026-04-01,46.06,46.38,45.71,46.15,1807821.0,83309032.28,1.2011,0.3479,17.956434,2.529142,1.373736,22.310307
sz.002959,小熊电器,2026-04-02,46.0,46.1,45.04,45.36,1643300.0,74835452.66,1.0918,-1.7118,17.649054,2.485848,1.35022,21.928397
sz.002960,青鸟消防,2026-04-01,12.08,12.2,11.88,11.96,15997020.0,192046151.01,1.9785,0.9283,32.922073,1.642179,2.240194,41.646211
sz.002960,青鸟消防,2026-04-02,11.88,11.98,11.71,11.78,11632569.0,137451565.48,1.4387,-1.505,32.42659,1.617464,2.206479,41.019429
sz.002961,瑞达期货,2026-04-01,22.91,23.0,22.11,22.28,9596836.0,216071802.17,2.0122,-0.8014,19.427796,2.949692,8.662204,14.661247
sz.002961,瑞达期货,2026-04-02,22.21,22.23,21.35,21.4,9292349.0,201807107.18,1.9484,-3.9497,18.66045,2.833187,8.32007,14.082167
sz.002962,五方光电,2026-04-01,13.71,13.78,13.58,13.77,3143201.0,43069848.37,1.5026,2.3031,108.031499,2.268019,3.474688,-106.259316
sz.002962,五方光电,2026-04-02,13.7,13.92,13.44,13.5,3190708.0,43563639.84,1.5253,-1.9608,105.913235,2.223548,3.406557,-104.1758
sz.002963,豪尔赛,2026-04-01,15.11,15.35,14.61,14.69,2975600.0,44297265.0,2.6053,-1.2769,-10.423874,1.709959,6.374196,402.74094
sz.002963,豪尔赛,2026-04-02,14.68,14.9,14.13,14.32,3232400.0,46873050.0,2.8302,-2.5187,-10.161326,1.66689,6.213648,392.597023
sz.002965,祥鑫科技,2026-04-01,28.99,29.45,28.9,29.41,4868720.0,142226555.2,2.4414,3.0845,31.363254,1.829686,1.03614,35.755655
sz.002965,祥鑫科技,2026-04-02,29.36,29.36,28.35,28.56,3968210.0,114061982.7,1.9899,-2.8902,30.456802,1.776805,1.006194,34.722254
sz.002966,苏州银行,2026-04-01,8.38,8.46,8.34,8.37,25861279.0,217149999.85,0.5883,0.1196,6.9737,0.746088,3.014824,5.318117
sz.002966,苏州银行,2026-04-02,8.36,8.44,8.34,8.43,25669541.0,215622386.55,0.5839,0.7168,7.023691,0.751436,3.036435,5.35624
sz.002967,广电计量,2026-04-01,20.59,20.68,20.4,20.51,6451932.0,132460462.72,1.179,1.3841,30.787915,3.619971,3.627292,188.372096
sz.002967,广电计量,2026-04-02,20.42,20.53,19.97,20.11,4373100.0,88210137.0,0.7991,-1.9503,30.187468,3.549372,3.55655,184.698335
sz.002968,新大正,2026-04-01,11.68,11.82,11.57,11.66,4121500.0,48155486.0,1.9336,1.3032,23.857108,2.084045,0.855883,414.513053
sz.002968,新大正,2026-04-02,11.63,11.74,11.33,11.42,3216300.0,36866445.6,1.5089,-2.0583,23.366053,2.041149,0.838267,405.981051
sz.002969,嘉美包装,2026-04-01,23.52,23.88,22.86,23.25,66952590.0,1558063375.45,6.1296,-3.607,172.346454,11.083499,8.083836,-1388.456331
sz.002969,嘉美包装,2026-04-02,22.98,22.98,21.39,21.53,66712326.0,1467538322.64,6.1076,-7.3978,159.596523,10.263559,7.485806,-1285.740421
sz.002970,锐明技术,2026-04-01,64.67,66.88,63.6,64.68,5655600.0,369222229.0,4.5435,3.125,30.765724,5.68471,4.753153,41.900664
sz.002970,锐明技术,2026-04-02,64.58,65.33,62.95,63.53,3495300.0,223166472.0,2.808,-1.778,30.218714,5.583636,4.668643,41.155677
sz.002971,和远气体,2026-04-01,28.5,28.79,28.38,28.66,2473950.0,70813205.0,1.5366,1.3796,84.198903,3.804603,3.85905,-272.113157
sz.002971,和远气体,2026-04-02,28.51,28.97,28.24,28.4,1574400.0,44967231.0,0.9779,-0.9072,83.435061,3.770088,3.824042,-269.644579
sz.002972,科安达,2026-04-01,12.98,13.08,12.69,12.89,9465380.0,121746754.78,7.0298,0.2333,36.267695,2.58193,8.363287,15.106134
sz.002972,科安达,2026-04-02,12.81,13.18,12.6,12.77,7058379.0,90970753.45,5.2422,-0.931,35.930059,2.557893,8.285428,14.965503
sz.002973,侨银股份,2026-04-01,12.81,13.0,12.81,12.93,2046000.0,26447047.0,0.6568,2.1327,26.838606,2.097898,1.412064,-30.772581
sz.002973,侨银股份,2026-04-02,12.93,13.26,12.79,12.83,2649300.0,34531395.0,0.834,-0.7734,26.631039,2.081673,1.401144,-30.534589
sz.002975,博杰股份,2026-04-01,72.16,73.06,70.68,71.56,3030570.0,216869580.0,2.8628,1.9373,78.3964,5.012429,6.248358,177.556163
sz.002975,博杰股份,2026-04-02,71.2,71.28,69.01,69.44,2515300.0,175849551.0,2.3761,-2.9625,76.073868,4.863933,6.063248,172.295975
sz.002976,瑞玛精密,2026-04-01,26.94,26.94,25.95,26.29,1382200.0,36385756.0,2.0733,0.1905,2924.780764,4.724921,1.95952,78.485085
sz.002976,瑞玛精密,2026-04-02,26.29,26.42,25.68,25.96,1356300.0,35319705.0,2.0345,-1.2552,2888.068035,4.665612,1.934924,77.499917
sz.002977,天箭科技,2026-04-01,27.9,27.95,27.34,27.79,1935964.0,53293617.44,2.906,1.3494,-199.432609,3.188891,41.565091,106.909172
sz.002977,天箭科技,2026-04-02,27.63,27.96,27.3,27.59,1526844.0,42139674.64,2.2919,-0.7197,-197.997326,3.165941,41.265954,106.139764
sz.002978,安宁股份,2026-04-01,33.5,33.65,33.0,33.25,3159014.0,104978961.2,0.8555,1.7753,19.570614,1.838494,7.458064,-27.900926
sz.002978,安宁股份,2026-04-02,33.2,33.33,32.44,32.77,2852287.0,93588819.66,0.7724,-1.4436,19.28809,1.811954,7.350399,-27.498145
sz.002979,雷赛智能,2026-04-01,36.1,36.85,35.86,36.5,3971814.0,144290578.81,1.7995,2.5281,52.999633,6.97675,6.629693,83.860344
sz.002979,雷赛智能,2026-04-02,36.33,36.63,35.9,36.44,3435850.0,124705526.0,1.5567,-0.1644,52.91251,6.965282,6.618795,83.722491
sz.002980,华盛昌,2026-04-01,42.69,46.31,41.26,45.12,23971087.0,1065186693.13,23.6425,7.1734,91.460192,7.917581,11.002753,70.681007
sz.002980,华盛昌,2026-04-02,44.78,45.49,41.33,41.9,18196285.0,780293204.51,17.9468,-7.1365,84.933113,7.352541,10.217539,65.63684
sz.002981,朝阳科技,2026-04-01,23.98,24.01,23.5,23.76,1819340.0,43070297.8,1.5235,0.9346,44.283692,3.06155,1.796434,151.4725
sz.002981,朝阳科技,2026-04-02,23.66,24.26,23.25,23.42,1846880.0,43681971.2,1.5466,-1.431,43.650002,3.01774,1.770727,149.304964
sz.002982,湘佳股份,2026-04-01,13.68,13.75,13.49,13.67,2539224.0,34584411.72,1.9519,1.2593,88.294414,1.75104,0.618502,85.311321
sz.002982,湘佳股份,2026-04-02,13.74,14.15,13.67,13.93,5592684.0,77938719.52,4.2991,1.902,89.973752,1.784344,0.630266,86.933921
sz.002983,芯瑞达,2026-04-01,22.1,22.27,21.88,22.17,1858000.0,41006437.0,1.4498,2.3546,36.000641,3.615378,4.304209,56.611741
sz.002983,芯瑞达,2026-04-02,22.1,22.35,21.74,21.97,1792174.0,39493432.02,1.3984,-0.9021,35.675872,3.582763,4.26538,56.101035
sz.002984,森麒麟,2026-04-01,17.25,18.05,17.23,17.97,18467722.0,329361537.91,2.5878,5.7059,12.616443,1.375865,2.162616,-9.877455
sz.002984,森麒麟,2026-04-02,17.9,17.9,17.25,17.35,13893800.0,243327656.61,1.9469,-3.4502,12.181151,1.328395,2.088002,-9.536664
sz.002985,北摩高科,2026-04-01,36.91,37.0,36.03,36.37,5315058.0,193408668.69,1.6061,0.3864,60.337025,4.486184,13.147621,-453.920319
sz.002985,北摩高科,2026-04-02,36.37,36.81,35.71,36.0,4037139.0,146139209.36,1.2199,-1.0173,59.723203,4.440545,13.013867,-449.302487
sz.002986,宇新股份,2026-04-01,14.61,15.05,14.3,14.71,7990940.0,117697811.86,2.6474,1.5183,-286.743746,1.457772,0.760499,29.163556
sz.002986,宇新股份,2026-04-02,14.81,14.9,14.44,14.74,4224300.0,62005503.0,1.3995,0.2039,-287.32854,1.460745,0.76205,29.223033
sz.002987,京北方,2026-04-01,16.46,16.54,16.38,16.47,5917118.0,97318760.9,0.7015,1.1671,43.356721,4.905051,2.968483,56.713463
sz.002987,京北方,2026-04-02,16.4,16.4,16.02,16.12,4453877.0,72181684.58,0.528,-2.1251,42.435357,4.800815,2.9054,55.508259
sz.002988,豪美新材,2026-04-01,30.5,31.16,30.27,30.68,2701994.0,83008578.93,1.0818,2.0625,42.395199,2.859831,1.033239,-211.225077
sz.002988,豪美新材,2026-04-02,30.49,30.65,29.68,30.19,2766700.0,83257601.0,1.1077,-1.5971,41.718092,2.814155,1.016737,-207.851535
sz.002989,中天精装,2026-04-01,26.34,26.52,25.66,25.9,2357500.0,61292818.0,1.2859,0.3098,-13.68517,3.489578,17.305955,129.978445
sz.002989,中天精装,2026-04-02,25.9,25.9,24.76,24.94,2279247.0,57311959.06,1.2432,-3.7066,-13.178411,3.360359,16.665118,125.165366
sz.002990,盛视科技,2026-04-01,29.6,31.94,29.14,30.66,15791856.0,479440341.77,11.7766,4.7489,63.637571,3.290276,6.35708,28.464916
sz.002990,盛视科技,2026-04-02,30.01,31.73,30.01,31.14,17644832.0,547083559.89,13.1584,1.5656,64.633854,3.341787,6.456604,28.91055
sz.002991,甘源食品,2026-04-01,49.17,49.78,48.91,49.7,637400.0,31460863.0,1.2765,1.8651,18.158171,2.789069,2.120783,43.526475
sz.002991,甘源食品,2026-04-02,49.72,50.64,49.51,50.35,898100.0,44988740.0,1.7986,1.3078,18.395652,2.825546,2.14852,44.095735
sz.002992,宝明科技,2026-04-01,49.5,49.6,48.5,49.4,1340900.0,65802279.0,0.8485,1.5625,-1128.111374,12.187057,6.197867,276.790409
sz.002992,宝明科技,2026-04-02,49.2,50.6,48.82,49.3,2218330.0,110025836.0,1.4037,-0.2024,-1125.827747,12.162386,6.18532,276.230104
sz.002993,奥海科技,2026-04-01,47.0,47.53,46.26,47.3,4902700.0,230529753.0,2.0561,3.2751,24.969031,2.639283,1.847893,254.713714
sz.002993,奥海科技,2026-04-02,47.15,47.15,44.9,45.29,4821385.0,220280019.2,2.022,-4.2495,23.907979,2.527127,1.769367,243.889727
sz.002995,天地在线,2026-04-01,25.2,25.4,24.0,24.24,31201587.0,762443639.07,27.7552,-1.7032,-53.169703,4.842017,3.754565,-28.171484
sz.002995,天地在线,2026-04-02,24.13,24.24,23.13,23.28,18003000.0,422981219.9,16.0145,-3.9604,-51.063972,4.650254,3.60587,-27.055781
sz.002996,顺博合金,2026-04-01,7.26,7.29,7.13,7.18,10372610.0,74519217.2,2.4916,0.8427,32.980141,1.495615,0.313142,11.887511
sz.002996,顺博合金,2026-04-02,7.18,7.34,7.04,7.13,10170310.0,72981288.9,2.443,-0.6964,32.750475,1.4852,0.310961,11.804729
sz.002997,瑞鹄模具,2026-04-01,30.0,30.55,29.63,30.36,6689170.0,201324493.6,3.1956,2.9153,14.038174,2.580028,1.924126,43.359575
sz.002997,瑞鹄模具,2026-04-02,30.24,30.33,29.35,29.49,4912970.0,146166363.6,2.3471,-2.8656,13.635894,2.506094,1.868988,42.117058
sz.002998,优彩资源,2026-04-01,8.15,8.19,8.0,8.14,5066100.0,41003327.0,1.8729,1.623,77.291867,1.902243,1.082658,-18.883933
sz.002998,优彩资源,2026-04-02,8.18,8.18,7.93,8.03,4789600.0,38582474.0,1.7707,-1.3514,76.247382,1.876537,1.068028,-18.628744
sz.002999,天禾股份,2026-04-01,7.18,7.24,6.98,7.07,7681100.0,54376299.0,2.2347,-0.1412,52.326075,2.050271,0.18233,11.157203
sz.002999,天禾股份,2026-04-02,7.09,7.13,6.91,6.99,7494900.0,52570954.0,2.1806,-1.1315,51.733984,2.027071,0.180267,11.030955
sz.003000,劲仔食品,2026-04-01,10.6,10.6,10.36,10.46,2782803.0,29037956.11,0.9033,0.1916,18.907439,3.542519,1.926351,-69.042655
sz.003000,劲仔食品,2026-04-02,10.44,10.56,10.38,10.5,2389659.0,25091922.5,0.7757,0.3824,18.979742,3.556066,1.933717,-69.30668
sz.003001,中岩大地,2026-04-01,18.01,18.03,17.56,17.7,1753515.0,31107158.04,1.6592,-0.2255,63.400169,2.57307,4.553114,-43.897654
sz.003001,中岩大地,2026-04-02,17.63,17.79,17.4,17.5,1329237.0,23363504.64,1.2578,-1.1299,62.683783,2.543996,4.501667,-43.401635
sz.003002,壶化股份,2026-04-01,26.43,26.8,25.89,26.75,3643117.0,96225561.65,1.9924,3.0829,29.39675,3.566949,4.138318,-253.311097
sz.003002,壶化股份,2026-04-02,26.57,26.81,26.13,26.48,2091800.0,55432207.0,1.144,-1.0093,29.100035,3.530947,4.096548,-250.754312
sz.003003,天元股份,2026-04-01,13.44,13.5,13.0,13.2,3671100.0,48281783.0,3.1165,0.5331,36.992887,1.804744,2.257427,46.682697
sz.003003,天元股份,2026-04-02,13.2,13.25,12.75,13.16,4805700.0,62242291.0,4.0797,-0.303,36.880787,1.799275,2.250586,46.541235
sz.003004,*ST声迅,2026-04-01,29.96,30.68,29.88,29.98,434712.0,13109286.8,0.6324,0.5703,-91.987125,3.820788,7.332783,-27.012144
sz.003004,*ST声迅,2026-04-02,29.78,30.04,28.52,29.04,397400.0,11621014.0,0.5781,-3.1354,-89.102939,3.70099,7.102869,-26.165199
sz.003005,竞业达,2026-04-01,18.53,18.53,18.23,18.3,1944820.0,35642536.12,1.5316,0.4391,-277.645938,2.356062,11.395398,-31.404477
sz.003005,竞业达,2026-04-02,18.3,18.34,17.92,18.04,2145580.0,38837370.86,1.6897,-1.4208,-273.701242,2.322588,11.233496,-30.958293
sz.003006,百亚股份,2026-04-01,17.6,17.87,17.46,17.65,4700691.0,83047071.98,1.0968,1.612,25.818485,5.163602,2.134971,1026.763569
sz.003006,百亚股份,2026-04-02,17.57,17.67,17.17,17.24,3167810.0,54910806.0,0.7392,-2.3229,25.218735,5.043654,2.085377,1002.912403
sz.003007,直真科技,2026-04-01,41.58,41.87,41.03,41.39,1517060.0,62832327.8,2.1103,1.8705,161.293818,5.020563,10.179644,-62.008514
sz.003007,直真科技,2026-04-02,41.25,41.26,39.65,40.05,1763700.0,71148568.0,2.4534,-3.2375,156.071935,4.858023,9.850078,-60.000991
sz.003008,开普检测,2026-04-01,23.05,23.25,22.78,23.1,1443959.0,33219216.9,1.8548,1.5831,27.240134,2.283081,10.322736,-120.110054
sz.003008,开普检测,2026-04-02,23.1,23.19,22.37,22.56,1087096.0,24703553.0,1.3964,-2.3377,26.603351,2.22971,10.081425,-117.302287
sz.003009,中天火箭,2026-04-01,58.53,58.62,56.5,57.37,3298237.0,188591422.62,2.0027,-0.6408,-92.763407,6.449376,12.068568,-46.628522
sz.003009,中天火箭,2026-04-02,57.68,58.5,56.34,56.49,2861969.0,163874213.86,1.7378,-1.5339,-91.340506,6.350449,11.883448,-45.913285
sz.003010,若羽臣,2026-04-01,31.3,33.7,31.07,33.19,19140742.0,626471298.72,8.464,7.5851,53.106957,14.355759,3.008373,40.352982
sz.003010,若羽臣,2026-04-02,33.02,33.42,32.48,32.81,10082234.0,331396605.24,4.4584,-1.1449,52.498923,14.191397,2.97393,39.890971
sz.003011,海象新材,2026-04-01,24.59,24.91,24.07,24.56,2545700.0,62341578.0,3.26,1.0284,18.161084,1.78407,1.987292,77.964132
sz.003011,海象新材,2026-04-02,24.69,25.13,23.88,24.07,2272866.0,55456424.58,2.9106,-1.9951,17.79875,1.748475,1.947644,76.408658
sz.003012,东鹏控股,2026-04-01,6.32,6.37,6.27,6.35,6899992.0,43659532.94,0.6029,2.09,19.918696,0.964199,1.168635,-10.973325
sz.003012,东鹏控股,2026-04-02,6.36,6.37,6.2,6.26,7318400.0,45832802.0,0.6394,-1.4173,19.636384,0.950533,1.152072,-10.817797
sz.003013,地铁设计,2026-04-01,13.46,13.47,13.24,13.34,3527394.0,47021633.96,0.882,0.3762,13.199867,2.030399,2.395794,-716.540768
sz.003013,地铁设计,2026-04-02,13.31,13.37,13.12,13.15,2312700.0,30555712.0,0.5783,-1.4243,13.011863,2.00148,2.361671,-706.335165
sz.003015,日久光电,2026-04-01,14.33,14.53,14.17,14.36,5836500.0,83512740.0,2.3598,1.9163,38.606461,3.563215,6.047879,173.448769
sz.003015,日久光电,2026-04-02,14.3,14.57,14.07,14.13,6359200.0,91071741.0,2.5712,-1.6017,37.988112,3.506144,5.951012,170.67069
sz.003016,欣贺股份,2026-04-01,8.25,8.28,8.11,8.18,3980100.0,32486332.0,0.9687,0.0,-123.973834,1.284501,2.384712,-35.347198
sz.003016,欣贺股份,2026-04-02,8.12,8.21,7.99,8.07,2930800.0,23688996.0,0.7133,-1.3447,-122.306704,1.267228,2.352644,-34.871869
sz.003017,大洋生物,2026-04-01,30.95,31.15,30.4,30.61,1692833.0,51938723.94,2.4432,0.5255,27.792045,2.342878,2.609157,19.946429
sz.003017,大洋生物,2026-04-02,30.55,30.7,29.8,29.99,1923273.0,58087630.24,2.7758,-2.0255,27.229123,2.295423,2.556309,19.542418
sz.003018,金富科技,2026-04-01,29.85,31.61,29.2,30.93,17347965.0,530729735.4,17.7058,6.2887,67.777985,5.047221,9.737981,133.765822
sz.003018,金富科技,2026-04-02,30.7,31.13,30.1,30.51,9963202.0,304698946.38,10.1687,-1.3579,66.857625,4.978685,9.605748,131.949409
sz.003019,宸展光电,2026-04-01,31.26,31.38,30.66,30.99,1746915.0,54152087.95,1.0224,0.3237,28.21241,3.20809,2.173631,-192.854864
sz.003019,宸展光电,2026-04-02,31.08,31.6,30.53,30.96,2097942.0,65005637.24,1.2278,-0.0968,28.185099,3.204985,2.171527,-192.66817
sz.003020,立方制药,2026-04-01,24.5,25.49,24.28,25.46,3842503.0,96592292.84,2.79,4.9032,29.786298,2.69159,3.284838,58.487628
sz.003020,立方制药,2026-04-02,25.4,25.99,25.09,25.34,3823020.0,97465283.4,2.7758,-0.4713,29.645907,2.678903,3.269356,58.21196
sz.003021,兆威机电,2026-04-01,97.9,98.9,97.23,98.55,3197865.0,314233147.0,1.5426,2.6563,103.661922,7.56832,15.36572,-612.521661
sz.003021,兆威机电,2026-04-02,98.02,98.55,95.21,95.75,2736400.0,264133522.72,1.32,-2.8412,100.716682,7.353289,14.92915,-595.118712
sz.003022,联泓新科,2026-04-01,20.1,20.35,19.71,19.97,10000894.0,200114133.13,0.7494,0.706,87.243534,3.585853,4.208467,-67.686457
sz.003022,联泓新科,2026-04-02,19.88,20.3,19.55,19.62,8874521.0,176081848.55,0.665,-1.7526,85.714478,3.523006,4.134708,-66.500165
sz.003023,彩虹集团,2026-04-01,23.29,24.78,23.03,24.4,6238647.0,150445908.1,5.9358,6.7367,31.405431,1.660556,2.194937,-12.151938
sz.003023,彩虹集团,2026-04-02,24.75,24.86,24.0,24.42,4398577.0,107141570.78,4.1851,0.082,31.431173,1.661918,2.196736,-12.161898
sz.003025,思进智能,2026-04-01,13.84,13.91,13.66,13.77,2768320.0,38129938.27,1.2227,1.1013,26.985735,3.150488,5.733896,53.379337
sz.003025,思进智能,2026-04-02,13.7,13.84,13.42,13.54,2737480.0,37262323.8,1.209,-1.6703,26.534993,3.097866,5.638123,52.487743
sz.003026,中晶科技,2026-04-01,36.25,36.8,35.72,36.05,5363059.0,194258764.62,5.6043,1.264,106.28685,7.097352,11.06027,-109.105251
sz.003026,中晶科技,2026-04-02,36.05,36.45,34.23,34.52,6117080.0,215340609.2,6.3922,-4.2441,101.775924,6.796133,10.590861,-104.474709
sz.003027,同兴科技,2026-04-01,21.28,21.37,20.72,20.98,2833500.0,59533021.0,2.7021,0.4308,33.645235,1.606554,3.114535,47.027008
sz.003027,同兴科技,2026-04-02,21.1,21.46,20.75,20.89,2856950.0,60244412.0,2.7245,-0.429,33.500904,1.599662,3.101174,46.825272
sz.003028,振邦智能,2026-04-01,26.75,27.1,26.39,27.0,1505930.0,40242988.6,2.1349,2.3115,53.223647,2.23815,2.857793,-5.522178
sz.003028,振邦智能,2026-04-02,27.0,27.09,25.71,25.88,1935960.0,50795163.3,2.7446,-4.1481,51.015851,2.145308,2.739248,-5.29311
sz.003029,吉大正元,2026-04-01,21.65,21.7,21.36,21.49,1806900.0,38833412.0,1.043,1.0818,-29.54255,3.8547,11.641549,-37.346687
sz.003029,吉大正元,2026-04-02,21.49,21.49,20.84,20.99,2334500.0,49261351.0,1.3476,-2.3267,-28.855194,3.765014,11.370689,-36.477755
sz.003030,祖名股份,2026-04-01,20.94,21.05,20.56,20.75,1141200.0,23688917.0,1.4375,0.5329,135.671486,2.541919,1.347982,-65.416641
sz.003030,祖名股份,2026-04-02,20.69,21.35,20.32,20.55,1650248.0,34194827.08,2.0788,-0.9639,134.363809,2.517419,1.334989,-64.78612
sz.003031,中瓷电子,2026-04-01,78.0,80.7,77.3,79.52,13303163.0,1051488595.72,3.9109,5.956,58.487273,5.699678,12.345237,194.831357
sz.003031,中瓷电子,2026-04-02,79.98,83.96,79.06,80.52,12144180.0,993645772.87,3.5702,1.2575,59.222777,5.771354,12.500484,197.28145
sz.003032,*ST传智,2026-04-01,6.27,6.34,6.24,6.33,3119700.0,19597225.0,1.1294,1.9324,-25.168373,2.032306,7.629018,-10.606915
sz.003032,*ST传智,2026-04-02,6.3,6.31,6.15,6.19,2742500.0,17082546.0,0.9929,-2.2117,-24.611726,1.987357,7.460288,-10.372322
sz.003033,征和工业,2026-04-01,63.99,64.0,58.98,59.97,5890584.0,361789391.43,7.2954,-1.0559,27.991541,3.50477,2.537082,296.513773
sz.003033,征和工业,2026-04-02,59.0,61.8,57.81,61.5,4397687.0,264231954.81,5.4465,2.5513,28.705683,3.594186,2.60181,304.078657
sz.003035,南网能源,2026-04-01,7.7,7.8,7.6,7.66,74646187.0,573229831.37,1.9707,2.1333,83.740366,4.175455,7.888623,-106.498222
sz.003035,南网能源,2026-04-02,7.7,7.78,7.42,7.48,64099419.0,484456032.78,1.6922,-2.3499,81.772576,4.077337,7.703251,-103.995653
sz.003036,泰坦股份,2026-04-01,27.46,28.22,25.82,26.29,21274757.0,566203748.94,9.8367,-5.6353,113.797866,4.111091,3.899771,-31.655475
sz.003036,泰坦股份,2026-04-02,26.03,26.19,24.7,24.94,16753976.0,421965051.88,7.7465,-5.135,107.954309,3.899986,3.699516,-30.029956
sz.003037,三和管桩,2026-04-01,7.29,7.34,7.18,7.25,3371639.0,24401908.42,0.5628,0.8345,51.16143,1.548941,0.682605,-16.766939
sz.003037,三和管桩,2026-04-02,7.2,7.27,7.12,7.17,2301700.0,16542379.0,0.3842,-1.1034,50.59689,1.531849,0.675073,-16.581924
sz.003038,鑫铂股份,2026-04-01,14.67,14.69,14.36,14.45,3530920.0,51076320.64,2.1632,0.3472,90.407258,1.173357,0.411053,-20.700312
sz.003038,鑫铂股份,2026-04-02,14.5,14.5,14.0,14.15,3160440.0,45066832.0,1.9362,-2.0761,88.530291,1.148997,0.402519,-20.270548
sz.003039,顺控发展,2026-04-01,14.97,15.09,14.78,14.92,3091400.0,46051019.08,0.5006,1.4966,33.813855,3.274764,4.292246,54.327388
sz.003039,顺控发展,2026-04-02,14.92,14.97,14.66,14.71,3103000.0,45867833.52,0.5025,-1.4075,33.337923,3.228671,4.231833,53.562726
sz.003040,楚天龙,2026-04-01,16.25,16.29,16.02,16.14,3407200.0,54944922.0,0.7458,1.1912,1267.580822,5.313356,7.169149,-35.584892
sz.003040,楚天龙,2026-04-02,16.11,16.16,15.73,15.84,3414200.0,54337042.0,0.7473,-1.8587,1244.01984,5.214595,7.035894,-34.923462
sz.003041,真爱美家,2026-04-01,50.18,53.42,49.63,52.79,6064311.0,315296749.72,4.4322,6.9056,30.409839,5.194501,7.761882,-407.872372
sz.003041,真爱美家,2026-04-02,53.0,53.81,51.15,52.3,4487900.0,236091398.0,3.2801,-0.9282,30.127573,5.146286,7.689835,-404.086476
sz.003042,中农联合,2026-04-01,18.89,18.96,18.28,18.63,15900954.0,296252376.44,12.4845,0.1075,-23.866004,2.021958,1.33042,-21.526315
sz.003042,中农联合,2026-04-02,18.57,18.59,18.03,18.15,10799068.0,196913694.06,8.4788,-2.5765,-23.251099,1.969862,1.296142,-20.971692
sz.003043,华亚智能,2026-04-01,56.7,56.8,55.02,55.79,3293393.0,183405481.77,3.9288,0.1616,117.320734,4.320052,7.688841,-70.802542
sz.003043,华亚智能,2026-04-02,55.7,57.6,55.64,56.26,2964060.0,167953178.85,3.5359,0.8424,118.309096,4.356446,7.753615,-71.399014
sz.003816,中国广核,2026-04-01,4.62,4.7,4.5,4.52,289459461.0,1329521247.89,0.7359,-1.9523,23.373878,1.853673,3.015386,52.881866
sz.003816,中国广核,2026-04-02,4.55,4.6,4.51,4.55,220141823.0,1003406971.22,0.5597,0.6637,23.529014,1.865976,3.035399,53.232852
