code,name,date,open,high,low,close,preclose,volume,amount,turn,pctChg,isST,peTTM,pbMRQ,psTTM,pcfNcfTTM,isTrading
sh.600000,浦发银行,2026-05-06,9.27,9.29,9.16,9.18,9.27,87935791.0,808632515.19,0.264,-0.9709,0,6.080899,0.40558,1.750981,2.935703,1
sh.600004,白云机场,2026-05-06,8.72,8.75,8.64,8.65,8.73,18038562.0,156469977.1,0.7622,-0.9164,0,16.634532,1.052404,2.748687,11.621575,1
sh.600006,东风股份,2026-05-06,6.72,6.85,6.7,6.81,6.71,22257500.0,150773804.0,1.1129,1.4903,0,-32.027081,1.704038,1.569686,-28.899298,1
sh.600007,中国国贸,2026-05-06,20.99,21.48,20.75,21.23,21.0,3974135.0,84251366.56,0.3945,1.0952,0,17.875426,2.127212,5.747949,-37.959103,1
sh.600008,首创环保,2026-05-06,3.06,3.1,3.05,3.08,3.06,93292051.0,287201022.2,1.2709,0.6536,0,12.543221,1.067983,1.200199,-34.012856,1
sh.600009,上海机场,2026-05-06,27.21,27.4,27.0,27.38,27.24,13200983.0,358553673.77,0.6451,0.514,0,31.31568,1.579798,5.094963,33.582532,1
sh.600010,包钢股份,2026-05-06,2.72,2.83,2.7,2.82,2.7,1158670258.0,3215515370.97,3.6923,4.4444,0,-952.800996,2.475171,1.988129,93.268487,1
sh.600011,华能国际,2026-05-06,7.01,7.15,7.0,7.15,6.99,148333122.0,1052061959.64,1.3488,2.289,0,8.062892,1.602128,0.497225,-52.00589,1
sh.600012,皖通高速,2026-05-06,15.72,15.89,15.56,15.8,15.66,6035961.0,94869176.58,0.5178,0.894,0,14.492645,2.021062,4.931528,-78.539953,1
sh.600015,华夏银行,2026-05-06,6.89,6.92,6.71,6.74,6.89,151132518.0,1021444070.94,0.9822,-2.1771,0,3.954675,0.333779,1.090751,16.969881,1
sh.600016,民生银行,2026-05-06,3.7,3.71,3.68,3.69,3.7,190192846.0,702454235.0,0.5363,-0.2703,0,5.507316,0.280727,1.122907,-4.704634,1
sh.600017,日照港,2026-05-06,2.96,2.98,2.96,2.97,2.96,22562906.0,66968598.26,0.7336,0.3378,0,20.829728,0.649534,1.18852,-112.67237,1
sh.600018,上港集团,2026-05-06,5.01,5.06,4.99,5.06,5.0,79374817.0,399335946.15,0.3414,1.2,0,8.620271,0.810848,2.917423,66.506884,1
sh.600019,宝钢股份,2026-05-06,6.33,6.36,6.27,6.33,6.31,134988734.0,852074343.79,0.6197,0.317,0,13.602953,0.661847,0.428614,-90.829419,1
sh.600020,中原高速,2026-05-06,4.0,4.04,3.93,4.02,4.04,24538720.0,97871483.0,1.0919,-0.495,0,14.122293,0.758919,1.340766,186.848518,1
sh.600021,上海电力,2026-05-06,17.13,17.6,17.08,17.55,17.0,52033935.0,908794737.69,1.8444,3.2353,0,19.761553,2.379908,1.197755,38.038046,1
sh.600022,山东钢铁,2026-05-06,1.45,1.47,1.44,1.46,1.44,128182573.0,186523535.07,1.1981,1.3889,0,-711.500691,0.830367,0.244485,-27.26308,1
sh.600023,浙能电力,2026-05-06,5.7,5.78,5.67,5.76,5.7,83691986.0,479647871.24,0.6242,1.0526,0,10.435899,1.0009,0.995114,-64.695932,1
sh.600025,华能水电,2026-05-06,9.51,9.59,9.41,9.59,9.51,34624092.0,328964087.32,0.1858,0.8412,0,20.92383,2.51822,6.624022,81.467622,1
sh.600026,中远海能,2026-05-06,22.0,22.48,21.01,22.32,21.59,105078972.0,2297955663.92,2.7493,3.3812,0,22.170398,2.529997,4.794692,12.603614,1
sh.600027,华电国际,2026-05-06,4.99,5.06,4.97,5.06,4.99,111781450.0,560460956.88,1.2129,1.4028,0,10.004157,1.175251,0.478314,-21.221014,1
sh.600028,中国石化,2026-05-06,5.38,5.39,5.32,5.37,5.39,338119374.0,1806979555.17,0.3568,-0.3711,0,18.265872,0.779428,0.235713,-72.897397,1
sh.600029,南方航空,2026-05-06,5.45,5.53,5.42,5.51,5.41,138658867.0,760644125.24,1.0289,1.8484,0,32.365162,2.694113,0.534994,-26.330834,1
sh.600030,中信证券,2026-05-06,27.29,27.84,27.29,27.49,27.22,178738413.0,4921934072.98,1.4679,0.9919,0,12.09519,1.397612,4.994239,1.553494,1
sh.600031,三一重工,2026-05-06,20.6,21.05,20.31,20.91,20.35,149478928.0,3092040004.13,1.7639,2.7518,0,22.836255,2.122738,2.074762,-237.419217,1
sh.600032,浙江新能,2026-05-06,9.98,10.5,9.95,10.46,9.87,68030678.0,700064004.9,2.8291,5.9777,0,55.845791,1.957205,5.28761,219.211118,1
sh.600033,福建高速,2026-05-06,3.65,3.66,3.62,3.63,3.64,22129400.0,80481689.0,0.8063,-0.2747,0,10.401981,0.791298,3.277231,10.358659,1
sh.600035,楚天高速,2026-05-06,3.86,3.86,3.82,3.84,3.84,9138671.0,35035920.54,0.5676,0.0,0,12.305535,0.679325,0.963646,9.809855,1
sh.600036,招商银行,2026-05-06,38.29,38.35,37.82,38.0,38.27,143177103.0,5437169067.76,0.6941,-0.7055,0,6.357368,0.846329,2.812724,8.151072,1
sh.600037,歌华有线,2026-05-06,7.95,8.14,7.86,8.06,7.99,26755944.0,215666480.48,1.9224,0.8761,0,166.090873,0.878111,4.582152,-4.617765,1
sh.600038,中直股份,2026-05-06,31.18,31.47,31.13,31.29,31.21,8495050.0,266025902.38,1.2699,0.2563,0,52.598135,1.456226,0.882098,-6.711692,1
sh.600039,四川路桥,2026-05-06,8.16,8.2,7.9,8.02,8.19,59571932.0,474551353.08,0.6851,-2.0757,0,9.937048,1.317755,0.61084,29.023731,1
sh.600048,保利发展,2026-05-06,6.19,6.48,6.16,6.4,6.14,232720458.0,1467785581.9,1.9441,4.2345,0,-420.321328,0.394886,0.255708,-3.492263,1
sh.600050,中国联通,2026-05-06,4.53,4.54,4.44,4.45,4.52,266705592.0,1191506448.55,0.8606,-1.5487,0,16.069276,0.815017,0.355193,168582.017053,1
sh.600051,宁波联合,2026-05-06,7.81,7.89,7.69,7.86,7.77,11608681.0,90462949.83,3.7341,1.1583,0,32.227926,0.714513,2.232399,-55.288664,1
sh.600052,东望时代,2026-05-06,4.44,4.63,4.35,4.51,4.44,93158119.0,418132488.91,11.0351,1.5766,0,-7.918747,1.763271,7.360455,-14.718426,1
sh.600053,*ST九鼎,2026-05-06,10.32,10.32,10.32,10.32,10.86,530200.0,5471664.0,0.1223,-4.9724,1,-12.476501,2.011665,16.535757,-51.61734,1
sh.600054,黄山旅游,2026-05-06,11.82,11.82,11.37,11.48,11.89,16965749.0,194726055.05,3.3052,-3.4483,0,28.85221,1.74285,3.943056,17.756186,1
sh.600055,万东医疗,2026-05-06,14.4,14.56,14.22,14.24,14.45,7004326.0,100465792.64,0.9963,-1.4533,0,-35.903608,2.253936,7.253284,-75.42623,1
sh.600056,中国医药,2026-05-06,10.4,10.42,10.34,10.38,10.36,13905623.0,144130041.07,0.9299,0.1931,0,32.157004,1.291998,0.443341,-21.018126,1
sh.600057,厦门象屿,2026-05-06,7.16,7.17,6.99,7.04,7.23,43484969.0,305733413.04,2.0781,-2.6279,0,15.320429,1.268481,0.048506,4.216974,1
sh.600058,五矿发展,2026-05-06,11.29,11.46,11.14,11.28,11.12,13713203.0,154818743.89,1.2793,1.4388,0,-389.912726,2.479194,0.236832,30.228273,1
sh.600059,古越龙山,2026-05-06,8.88,8.9,8.72,8.74,8.91,19275251.0,169569613.22,2.1146,-1.908,0,35.359404,1.349131,4.348706,-46.849367,1
sh.600060,海信视像,2026-05-06,25.58,25.59,25.02,25.31,25.6,17291170.0,436506654.26,1.3299,-1.1328,0,13.258393,1.513399,0.569224,66.155251,1
sh.600061,国投资本,2026-05-06,6.71,6.75,6.66,6.74,6.71,54681022.0,367237188.24,0.8552,0.4471,0,12.806454,0.787873,2.973221,0.89025,1
sh.600062,华润双鹤,2026-05-06,17.85,17.94,17.78,17.94,17.85,7444840.0,133079199.48,0.7171,0.5042,0,11.464956,1.537351,1.736671,-34.219865,1
sh.600063,皖维高新,2026-05-06,7.04,7.08,6.92,6.97,7.04,47389655.0,330306038.47,2.2903,-0.9943,0,31.874757,1.703961,1.812827,96.768742,1
sh.600064,南京高科,2026-05-06,8.04,8.29,8.03,8.22,8.03,35126758.0,287259911.68,2.03,2.3661,0,8.058317,0.72033,4.79877,-110.942086,1
sh.600066,宇通客车,2026-05-06,35.6,36.2,34.81,36.04,35.41,22778973.0,812431576.03,1.0289,1.7792,0,14.617146,4.917742,1.950014,-124.242949,1
sh.600067,冠城新材,2026-05-06,3.62,3.65,3.52,3.54,3.64,47423287.0,169111723.84,3.4077,-2.7473,0,255.367172,0.880928,0.409907,13.885767,1
sh.600071,凤凰光学,2026-05-06,19.77,19.85,19.55,19.66,19.42,3818401.0,75206749.78,1.3561,1.2358,0,203.546086,10.867659,3.461761,51.349193,1
sh.600072,中船科技,2026-05-06,13.79,14.06,13.67,13.84,13.68,54168581.0,748474377.04,5.0002,1.1696,0,-6.341914,2.730556,1.821276,-7.799253,1
sh.600073,光明肉业,2026-05-06,5.91,5.91,5.83,5.88,5.88,7182238.0,42122476.52,0.7659,0.0,0,-22.18761,1.175071,0.248989,29.177323,1
sh.600075,新疆天业,2026-05-06,6.86,6.86,6.48,6.64,6.86,26275574.0,175352706.37,1.5386,-3.207,0,-114.605885,1.284047,1.082463,41.786029,1
sh.600076,康欣新材,2026-05-06,3.29,3.43,3.29,3.35,3.33,22969079.0,77583081.95,1.7083,0.6006,0,-11.520163,1.265283,12.71657,22.720597,1
sh.600078,澄星股份,2026-05-06,13.21,14.08,13.08,13.77,13.21,36202835.0,491025675.41,5.464,4.2392,0,129.482117,5.468846,2.555819,188.697239,1
sh.600079,ST人福,2026-05-06,18.99,18.99,18.75,18.79,18.88,12352534.0,232322421.88,0.8005,-0.4767,1,16.115079,1.579512,1.281857,26.899989,1
sh.600080,ST金花,2026-05-06,7.24,7.24,7.24,7.24,7.62,295300.0,2137972.0,0.0791,-4.9869,1,147.924328,1.696113,4.794527,29.896827,1
sh.600081,东风科技,2026-05-06,11.3,12.38,11.28,12.27,11.29,18012600.0,216825998.48,3.2571,8.6802,0,296.914879,1.467679,1.111591,-11.755153,1
sh.600082,ST海泰,2026-05-06,3.42,3.51,3.41,3.51,3.34,8409156.0,29366254.56,1.3257,5.0898,1,-31.151518,1.342316,5.030573,159.862432,1
sh.600084,*ST尼雅,2026-05-06,5.08,5.18,5.08,5.08,5.35,15207900.0,77333151.0,1.3533,-5.0467,1,-253.80443,4.483738,41.143514,-205.716961,1
sh.600085,同仁堂,2026-05-06,27.85,27.85,27.5,27.64,27.77,8049533.0,221986679.57,0.5869,-0.4681,0,35.153384,2.691275,2.277468,-62.442414,1
sh.600088,中视传媒,2026-05-06,14.72,15.42,14.65,15.12,14.61,10751193.0,162480364.01,2.7033,3.4908,0,-730.998999,4.792298,5.679183,70.295321,1
sh.600089,特变电工,2026-05-06,26.9,27.96,26.89,27.78,26.82,215000213.0,5930284788.61,4.2551,3.5794,0,22.754856,1.950723,1.419328,99.977647,1
sh.600094,大名城,2026-05-06,4.75,5.07,4.75,4.9,4.71,49646192.0,245214571.65,2.3349,4.034,0,78.959932,1.108517,5.888866,115.245112,1
sh.600095,湘财股份,2026-05-06,8.88,9.23,8.87,9.15,8.88,32459652.0,295924213.75,1.1353,3.0405,0,59.585669,2.12655,10.953348,4.110086,1
sh.600096,云天化,2026-05-06,36.28,36.31,35.0,36.18,36.18,62602236.0,2235626451.58,3.434,0.0,0,12.467627,2.531569,1.392517,-51.57573,1
sh.600097,开创国际,2026-05-06,10.6,10.6,10.4,10.52,10.46,3861584.0,40591668.64,1.6027,0.5736,0,98.217844,1.1251,1.124476,-11.458363,1
sh.600098,广州发展,2026-05-06,7.13,7.24,7.03,7.11,7.11,52820012.0,376029324.52,1.5066,0.0,0,10.375095,0.897143,0.48189,-18.947189,1
sh.600099,林海股份,2026-05-06,11.69,11.76,11.52,11.66,11.7,7475832.0,87082885.2,3.4118,-0.3419,0,101.302316,4.637037,2.153716,-36.227205,1
sh.600100,同方股份,2026-05-06,8.08,8.38,8.07,8.17,7.98,65602636.0,542473758.5,1.9581,2.381,0,82.570727,1.726121,1.844587,40.012656,1
sh.600101,明星电力,2026-05-06,9.87,10.02,9.85,9.99,9.82,25560485.0,254279728.34,4.6655,1.7312,0,29.701599,1.732708,1.779076,-69.631594,1
sh.600103,青山纸业,2026-05-06,4.55,4.7,4.5,4.67,4.46,235071576.0,1083097218.71,10.6255,4.7085,0,267.227019,2.631352,4.433187,-125.462011,1
sh.600104,上汽集团,2026-05-06,13.77,13.78,13.61,13.67,13.78,50499313.0,690695849.94,0.4393,-0.7983,0,15.545187,0.522918,0.239616,-3.175096,1
sh.600105,永鼎股份,2026-05-06,43.31,44.78,43.04,43.68,42.41,147618591.0,6470187804.19,10.0971,2.9946,0,621.858361,19.245312,11.293159,1007.415939,1
sh.600106,重庆路桥,2026-05-06,5.93,6.31,5.93,6.12,5.94,38433387.0,235810572.28,2.8918,3.0303,0,95.527856,1.529383,74.466618,-46.134761,1
sh.600107,*ST尔雅,2026-05-06,5.81,6.31,5.81,6.31,6.01,10960515.0,68707076.65,3.0446,4.9917,1,-29.467169,5.60308,9.347608,49.133765,1
sh.600108,亚盛集团,2026-05-06,4.4,4.43,4.33,4.38,4.34,60923942.0,265905867.29,3.1293,0.9217,0,159.937392,1.967056,2.020565,575.552108,1
sh.600109,国金证券,2026-05-06,8.93,9.19,8.93,9.16,8.97,51952224.0,471815662.75,1.4021,2.1182,0,14.221631,0.939805,3.771094,1.190714,1
sh.600110,诺德股份,2026-05-06,10.94,11.49,10.63,11.45,10.75,204855583.0,2265345440.93,11.806,6.5116,0,-90.00401,3.523111,2.348015,14.096648,1
sh.600111,北方稀土,2026-05-06,53.12,55.55,52.51,55.52,53.04,238914749.0,13019310209.35,6.6089,4.6757,0,73.294441,7.845236,4.446848,-618.984672,1
sh.600113,浙江东日,2026-05-06,44.93,49.15,44.79,49.15,44.68,4708131.0,225991420.65,1.1443,10.0045,0,147.286807,8.082672,27.165083,-1415.603777,1
sh.600114,东睦股份,2026-05-06,34.11,34.71,33.76,33.88,34.08,20843602.0,710212596.17,3.3816,-0.5869,0,38.897183,6.001843,3.498106,-346.999361,1
sh.600115,中国东航,2026-05-06,4.37,4.48,4.32,4.42,4.32,260006215.0,1148100090.96,1.5272,2.3148,0,98.118388,6.923466,0.679883,17.744056,1
sh.600116,三峡水利,2026-05-06,6.58,6.69,6.57,6.68,6.58,30126209.0,199769850.43,1.5755,1.5198,0,27.02887,1.126865,1.217577,-64.094803,1
sh.600117,西宁特钢,2026-05-06,2.61,2.62,2.59,2.62,2.61,14460173.0,37693174.53,0.4442,0.3831,0,-8.500929,2.477851,1.407007,-1068.974414,1
sh.600118,中国卫星,2026-05-06,102.0,109.98,101.2,107.1,102.8,72484733.0,7788836190.95,6.1298,4.1829,0,7460.228405,20.023072,20.197412,-674.215674,1
sh.600119,*ST长投,2026-05-06,6.08,6.13,5.84,5.91,6.15,14107325.0,84344530.0,3.8622,-3.9024,1,-50.320591,29.083552,10.724132,-20.240956,1
sh.600120,浙江东方,2026-05-06,5.6,5.65,5.6,5.64,5.59,42392981.0,238654003.57,1.2412,0.8945,0,20.800218,1.174127,11.582956,8.108651,1
sh.600121,郑州煤电,2026-05-06,4.25,4.3,4.16,4.3,4.25,41652540.0,176666969.2,3.4186,1.1765,0,-4.929576,7.119651,1.578876,-21.820041,1
sh.600123,兰花科创,2026-05-06,7.09,7.18,6.92,7.16,7.08,49500909.0,349946419.15,3.36,1.1299,0,-17.558507,0.697906,1.261855,-8.418967,1
sh.600125,铁龙物流,2026-05-06,6.15,6.18,6.11,6.15,6.14,18631447.0,114358672.36,1.4271,0.1629,0,14.894765,1.024299,0.706101,107.386379,1
sh.600126,杭钢股份,2026-05-06,8.87,9.22,8.86,9.13,8.74,157064014.0,1421657720.44,4.6507,4.4622,0,448.539927,1.586201,0.676431,238.525927,1
sh.600127,金健米业,2026-05-06,6.82,6.84,6.75,6.8,6.81,18908361.0,128221252.78,2.9462,-0.1468,0,-836.794449,6.50008,1.282915,-118.656728,1
sh.600128,苏豪弘业,2026-05-06,10.68,10.8,10.54,10.59,10.61,5374241.0,57192871.86,2.1779,-0.1885,0,45.938091,1.235003,0.370792,-151.983201,1
sh.600129,太极集团,2026-05-06,15.56,15.7,15.5,15.52,15.56,7005884.0,109162339.95,1.2705,-0.2571,0,76.652657,2.3983,0.838986,-413.336881,1
sh.600130,波导股份,2026-05-06,4.56,5.08,4.5,5.08,4.62,45116761.0,221291264.88,6.0156,9.9567,0,664.913521,4.189928,7.667423,85.64544,1
sh.600131,国网信通,2026-05-06,17.24,17.78,17.24,17.6,17.14,14475500.0,255142989.98,1.2104,2.6838,0,32.15239,3.253747,1.992638,-131.67433,1
sh.600132,重庆啤酒,2026-05-06,55.69,55.7,53.83,53.97,55.01,7765988.0,421903750.16,1.6046,-1.8906,0,21.840581,14.284869,1.774877,63.092156,1
sh.600133,东湖高新,2026-05-06,9.0,9.14,8.99,9.05,8.98,26996307.0,244517148.42,2.5319,0.7795,0,34.814367,1.059538,2.614362,-13.237239,1
sh.600135,乐凯胶片,2026-05-06,11.38,11.66,11.35,11.46,11.43,32940191.0,377886466.4,5.9533,0.2625,0,-67.560848,2.692295,4.699983,-131.457873,1
sh.600136,ST明诚,2026-05-06,1.79,1.8,1.77,1.77,1.79,15856500.0,28234980.0,0.816,-1.1173,1,-156.467889,15.959002,7.372508,-38.204079,1
sh.600137,浪莎股份,2026-05-06,23.64,23.69,22.95,23.2,23.4,4554546.0,105692763.36,4.6849,-0.8547,0,73.141481,4.004427,5.65526,37.690796,1
sh.600138,中青旅,2026-05-06,9.01,9.03,8.92,8.96,9.01,9521724.0,85337907.49,1.3154,-0.5549,0,80.754586,1.029709,0.557079,42.022739,1
sh.600141,兴发集团,2026-05-06,32.65,33.3,31.95,33.14,32.64,32910301.0,1073717602.9,2.7386,1.5319,0,27.693453,1.592083,1.34898,-43572.556692,1
sh.600143,金发科技,2026-05-06,17.17,17.48,17.16,17.36,17.15,57353364.0,995728781.38,2.1767,1.2245,0,37.852904,2.318523,0.700255,23.307232,1
sh.600148,长春一东,2026-05-06,19.19,19.57,19.02,19.17,19.13,3031670.0,58396353.8,2.1423,0.2091,0,164.401539,5.636139,3.338707,-48.71121,1
sh.600149,廊坊发展,2026-05-06,6.44,6.55,6.33,6.53,6.43,30681916.0,198648481.16,8.0708,1.5552,0,154.292915,9.724676,12.394078,-54.242446,1
sh.600150,中国船舶,2026-05-06,41.02,41.52,39.74,41.18,41.76,224558770.0,9090515583.24,2.9839,-1.3889,0,27.40959,2.072288,1.852078,30.498427,1
sh.600151,航天机电,2026-05-06,14.62,15.62,14.62,15.18,14.51,84468159.0,1282184832.91,5.8894,4.6175,0,-48.325322,4.941974,6.382591,-128.093191,1
sh.600152,维科技术,2026-05-06,14.85,15.46,14.06,15.09,14.85,149775681.0,2235557469.92,28.3087,1.6162,0,-75.753475,4.869763,5.295495,-94.678579,1
sh.600153,建发股份,2026-05-06,9.51,9.99,9.49,9.88,9.51,45679978.0,450607753.95,1.5754,3.8906,0,-2.677942,0.665178,0.042909,7.342848,1
sh.600155,华创云信,2026-05-06,6.27,6.41,6.27,6.35,6.27,33284100.0,211589555.0,1.5037,1.2759,0,55.62351,0.702524,4.268211,3.689825,1
sh.600156,华升股份,2026-05-06,11.02,11.26,10.48,11.2,10.8,74817446.0,815951803.0,18.6062,3.7037,0,-157.998927,12.192172,6.043467,-229.958367,1
sh.600157,永泰能源,2026-05-06,1.77,1.79,1.77,1.78,1.77,620839555.0,1105854853.95,2.8456,0.565,0,177.014804,0.827766,1.638723,-4398.476689,1
sh.600158,中体产业,2026-05-06,11.85,12.65,11.66,12.34,11.85,153493447.0,1894051096.88,15.997,4.135,0,-61.747427,4.934034,5.405319,-50.973,1
sh.600159,大龙地产,2026-05-06,3.35,3.37,3.29,3.34,3.33,31349903.0,104235781.92,3.7771,0.3003,0,-10.317101,1.90187,4.984273,-45.419236,1
sh.600160,巨化股份,2026-05-06,36.64,37.26,36.1,37.04,36.63,42738342.0,1568184475.33,1.5831,1.1193,0,24.082113,4.626706,3.675303,193.606551,1
sh.600161,天坛生物,2026-05-06,14.3,14.32,14.15,14.19,14.26,9744969.0,138507288.34,0.4928,-0.4909,0,28.850609,2.365314,4.682748,478.436663,1
sh.600162,香江控股,2026-05-06,1.91,1.94,1.88,1.92,1.89,62606486.0,119764641.26,1.9155,1.5873,0,-71.614526,1.095981,4.711777,-471.894995,1
sh.600163,中闽能源,2026-05-06,6.17,6.38,6.17,6.38,6.17,48666837.0,306454319.24,2.5574,3.4036,0,26.013802,1.655595,7.798984,-11.422177,1
sh.600165,ST宁科,2026-05-06,3.37,3.37,3.27,3.29,3.38,9094900.0,30017517.98,1.2409,-2.6627,1,-58.668079,4.648579,11.351964,20.547209,1
sh.600166,福田汽车,2026-05-06,3.55,3.63,3.45,3.54,3.53,257145056.0,909021583.33,3.2478,0.2833,0,19.605289,1.741627,0.450423,-46.699975,1
sh.600167,联美控股,2026-05-06,6.67,6.81,6.67,6.8,6.67,11935579.0,80863183.33,0.5275,1.949,0,25.620605,1.28503,4.924906,-20.928473,1
sh.600168,武汉控股,2026-05-06,5.07,5.13,5.04,5.06,5.07,8373700.0,42516271.8,0.8429,-0.1972,0,48.826087,0.927763,1.278394,100.075469,1
sh.600169,ST太重,2026-05-06,2.39,2.41,2.39,2.4,2.39,13374481.0,32045357.59,0.4013,0.4184,1,33.128079,1.539171,0.773529,-25.645775,1
sh.600170,上海建工,2026-05-06,2.71,2.72,2.7,2.71,2.7,138949425.0,376485197.76,1.5637,0.3704,0,16.987922,0.769237,0.112117,72.503773,1
sh.600171,上海贝岭,2026-05-06,29.2,30.14,29.19,29.89,28.7,30801422.0,918703747.55,4.3448,4.1463,0,96.20343,4.659722,6.402933,220.334587,1
sh.600172,黄河旋风,2026-05-06,8.59,8.99,8.47,8.77,8.43,142687576.0,1250119938.74,11.1802,4.0332,0,-14.386411,27.280278,8.832292,-40.510004,1
sh.600173,卧龙新能,2026-05-06,7.27,7.34,7.25,7.32,7.28,9820097.0,71627874.13,1.402,0.5495,0,-24.407738,1.433985,2.138937,-216.84599,1
sh.600176,中国巨石,2026-05-06,35.2,37.78,35.2,37.0,34.5,165230977.0,6049621421.62,4.1275,7.2464,0,38.751573,4.587438,7.524736,567.115732,1
sh.600177,雅戈尔,2026-05-06,7.69,7.94,7.65,7.89,7.69,47974278.0,375850074.1,1.0376,2.6008,0,14.218191,0.859619,3.126267,36.752914,1
sh.600178,东安动力,2026-05-06,10.25,10.3,10.15,10.22,10.2,3779687.0,38608897.44,0.8103,0.1961,0,-428.994094,1.877412,0.845599,-14.413192,1
sh.600179,安通控股,2026-05-06,4.22,4.28,4.2,4.26,4.21,29315187.0,124199213.65,0.759,1.1876,0,16.41204,1.488741,1.96828,-31.929643,1
sh.600180,*ST瑞茂,2026-05-06,2.76,2.76,2.76,2.76,2.91,468300.0,1292508.0,0.0431,-5.1546,1,-0.865104,0.698564,0.177643,-32.875155,1
sh.600182,S佳通,2026-05-06,13.81,13.81,13.81,13.81,14.54,867300.0,11977413.0,0.5102,-5.0206,0,21.259299,4.065345,0.973702,-35.96261,1
sh.600183,生益科技,2026-05-06,78.8,82.77,78.8,80.81,76.51,60316719.0,4912337176.53,2.519,5.6202,0,49.968131,10.949337,6.340096,250.229674,1
sh.600184,光电股份,2026-05-06,22.18,23.99,22.18,23.4,21.87,45127050.0,1044398862.54,7.7441,6.9959,0,266.098729,3.989419,5.565276,19.447837,1
sh.600185,珠免集团,2026-05-06,5.91,5.91,5.82,5.83,5.94,31299244.0,183201811.52,1.6604,-1.8519,0,-12.218637,127.290771,3.461633,4.135022,1
sh.600186,莲花控股,2026-05-06,10.95,11.53,10.71,11.4,10.72,413955273.0,4605962534.26,23.1371,6.3433,0,58.127038,10.825312,5.561586,76.897257,1
sh.600187,*ST国中,2026-05-06,1.75,1.75,1.75,1.75,1.84,4282200.0,7493850.0,0.2654,-4.8913,1,-14.381431,0.94941,12.758514,-30.848357,1
sh.600188,兖矿能源,2026-05-06,22.0,23.05,22.0,22.89,22.85,58739006.0,1333253756.51,0.9853,0.1751,0,24.049487,3.003863,1.578499,60.938381,1
sh.600189,泉阳泉,2026-05-06,8.3,8.52,8.22,8.33,8.29,17206644.0,143364293.8,2.4059,0.4825,0,297.701198,4.818675,4.622805,-17.716223,1
sh.600191,华资实业,2026-05-06,12.59,12.83,12.4,12.79,12.7,8673045.0,109754306.78,1.7885,0.7087,0,90.258599,3.611167,8.487863,130.607605,1
sh.600192,长城电工,2026-05-06,8.28,8.42,8.28,8.42,8.26,7553403.0,63207736.19,1.7099,1.937,0,-10.193409,4.896668,2.374692,-23.006653,1
sh.600193,*ST创兴,2026-05-06,2.17,2.17,2.17,2.17,2.17,,,,,1,-35.956171,14.019612,2.085288,170.305171,0
sh.600195,中牧股份,2026-05-06,7.5,7.51,7.37,7.39,7.52,15336382.0,113907881.58,1.5019,-1.7287,0,57.394288,1.326075,1.169143,8.816785,1
sh.600196,复星医药,2026-05-06,24.83,24.96,24.68,24.77,24.89,23509879.0,582101765.45,1.1097,-0.4821,0,19.026053,1.345899,1.563212,-1095.589964,1
sh.600197,伊力特,2026-05-06,12.26,12.3,12.18,12.24,12.26,4618165.0,56529359.95,0.976,-0.1631,0,32.710068,1.454758,3.777902,8.976223,1
sh.600198,大唐电信,2026-05-06,8.67,8.67,8.5,8.56,8.4,34066701.0,293131558.55,2.6166,1.9048,0,-228.513317,57.983634,10.780448,-161.815325,1
sh.600199,金种子酒,2026-05-06,7.92,7.95,7.88,7.92,7.94,7935963.0,62712951.7,1.2064,-0.2519,0,-29.78846,2.678342,8.454219,-141.963359,1
sh.600201,生物股份,2026-05-06,14.69,15.09,14.6,14.66,14.59,26574781.0,392712437.52,2.3904,0.4798,0,156.302533,2.984298,11.714352,-163.087586,1
sh.600202,哈空调,2026-05-06,6.45,6.49,6.33,6.41,6.36,14383780.0,92100016.8,3.7522,0.7862,0,-182.838651,3.031396,1.637816,-40.863644,1
sh.600203,福日电子,2026-05-06,12.3,13.15,12.3,12.88,12.21,51189968.0,650343121.08,8.6325,5.4873,0,199.942888,4.628857,0.482226,14.226102,1
sh.600206,有研新材,2026-05-06,28.36,29.29,28.03,28.08,27.37,118178342.0,3364861537.91,13.9599,2.5941,0,83.210429,5.471097,2.230106,-42.221069,1
sh.600207,安彩高科,2026-05-06,5.59,5.7,5.58,5.66,5.59,21118287.0,119333433.72,1.9387,1.2522,0,-8.029255,3.283242,2.480864,179.683725,1
sh.600208,衢州发展,2026-05-06,4.58,4.81,4.56,4.65,4.55,379870282.0,1760170043.03,4.4649,2.1978,0,260.939104,0.946808,11.586067,-105.27579,1
sh.600210,紫江企业,2026-05-06,7.01,7.05,6.98,7.01,6.98,31090846.0,218104401.57,2.0499,0.4298,0,9.786751,1.538508,1.112621,-20.209799,1
sh.600211,西藏药业,2026-05-06,40.39,42.0,40.07,41.5,40.46,6003777.0,246939232.32,1.8627,2.5704,0,13.827573,3.42981,4.469211,70.473376,1
sh.600212,绿能慧充,2026-05-06,7.13,7.35,7.1,7.29,7.06,18762253.0,135888465.89,3.5322,3.2578,0,2389.878627,8.896023,3.446765,65.311216,1
sh.600215,派斯林,2026-05-06,7.07,7.15,6.91,6.99,6.84,14573220.0,102082027.69,3.1897,2.193,0,-8.94475,1.302164,3.532776,282.570522,1
sh.600216,浙江医药,2026-05-06,14.54,14.55,14.21,14.33,14.54,27147893.0,388955326.74,2.8535,-1.4443,0,18.34172,1.225934,1.563084,18.139855,1
sh.600217,中再资环,2026-05-06,3.78,3.82,3.72,3.73,3.78,17816580.0,66897802.98,1.0748,-1.3228,0,-10.162068,2.170661,2.158772,-35.827561,1
sh.600218,全柴动力,2026-05-06,9.66,9.86,9.66,9.79,9.66,8535786.0,83342515.72,1.9595,1.3458,0,64.808963,1.303705,0.968841,-11.215569,1
sh.600219,南山铝业,2026-05-06,5.4,5.49,5.31,5.48,5.37,266953943.0,1441493137.6,2.3246,2.0484,0,15.227702,1.235142,1.813272,148.71783,1
sh.600221,海航控股,2026-05-06,1.51,1.52,1.49,1.5,1.51,535339469.0,803834437.5,1.2495,-0.6623,0,18.88509,9.32151,0.934823,34.311973,1
sh.600222,太龙药业,2026-05-06,6.81,6.94,6.75,6.79,6.8,16290500.0,111199216.0,2.8386,-0.1471,0,63.810309,2.425951,2.183332,-16.319214,1
sh.600223,福瑞达,2026-05-06,6.51,6.63,6.51,6.59,6.55,6389400.0,42117384.0,0.6285,0.6107,0,39.654984,1.57084,1.82278,103.637932,1
sh.600226,亨通股份,2026-05-06,5.4,5.63,5.39,5.57,5.4,92097960.0,508455807.63,3.0964,3.1481,0,81.757738,4.470537,7.655341,-33.226244,1
sh.600227,赤天化,2026-05-06,4.0,4.09,3.88,4.05,4.09,209718303.0,839426626.05,16.415,-0.978,0,-26.472976,3.049308,3.114631,-241.100836,1
sh.600228,*ST返利,2026-05-06,6.23,6.26,6.07,6.15,6.17,7559000.0,46573631.0,1.8169,-0.3241,1,-40.43873,6.710164,3.995452,-22.195843,1
sh.600229,城市传媒,2026-05-06,6.3,6.4,6.24,6.28,6.32,6423237.0,40442087.5,0.9722,-0.6329,0,-9.572227,1.501479,2.131379,43.189812,1
sh.600230,沧州大化,2026-05-06,18.97,19.12,18.2,18.59,18.97,19046258.0,351385408.51,4.601,-2.0032,0,95.523773,1.892603,1.687885,453.872386,1
sh.600231,凌钢股份,2026-05-06,2.18,2.18,2.12,2.17,2.17,24572496.0,52756291.98,0.8663,0.0,0,-3.491724,1.751891,0.401435,-17.547079,1
sh.600232,金鹰股份,2026-05-06,8.74,8.74,8.51,8.65,8.58,8926971.0,76732314.0,2.4476,0.8159,0,86.120163,3.280988,2.157144,152.110571,1
sh.600233,圆通速递,2026-05-06,21.52,21.68,21.1,21.48,21.5,26817839.0,574312461.82,0.7835,-0.093,0,15.180653,2.030855,0.954985,151.768808,1
sh.600234,科新发展,2026-05-06,24.41,25.78,23.95,25.25,24.4,8288700.0,207535061.0,3.1573,3.4836,0,-324.779494,14.724198,16.720818,-493.581181,1
sh.600235,民丰特纸,2026-05-06,6.99,7.02,6.8,6.89,6.95,8904900.0,61428161.0,2.5348,-0.8633,0,243.045268,1.603313,1.954686,461.980813,1
sh.600236,桂冠电力,2026-05-06,10.17,10.59,10.1,10.47,10.09,32944641.0,340977387.55,0.418,3.7661,0,22.95392,4.317785,7.427046,136.925829,1
sh.600237,铜峰电子,2026-05-06,8.94,9.18,8.94,9.1,8.88,19983079.0,181721586.87,3.1993,2.4775,0,48.950364,2.866588,4.2936,67.71375,1
sh.600238,*ST椰岛,2026-05-06,5.44,5.55,5.36,5.43,5.64,17152807.0,92963487.61,3.8522,-3.7234,1,-113.472744,31.212083,5.705358,53.530976,1
sh.600239,ST云城,2026-05-06,1.83,1.83,1.83,1.83,1.93,1911800.0,3498594.0,0.1191,-5.1813,1,-10.82399,2.91016,1.751671,236.385712,1
sh.600241,时代万恒,2026-05-06,9.85,9.95,9.67,9.8,9.76,8810700.0,86161358.0,2.9938,0.4098,0,-19.557336,2.818877,7.354797,-86.651577,1
sh.600243,*ST海华,2026-05-06,4.17,4.24,4.0,4.16,4.16,23116147.0,94270495.81,5.2674,0.0,1,-20.716302,3.310025,5.102215,-24.076465,1
sh.600246,万通发展,2026-05-06,11.82,11.96,11.4,11.53,11.28,205422243.0,2401034483.77,10.8665,2.2163,0,-30.611711,4.904244,49.375426,-114.763143,1
sh.600248,陕建股份,2026-05-06,3.49,3.51,3.47,3.5,3.48,32525370.0,113612863.6,0.8777,0.5747,0,-957.186331,0.470858,0.104404,-11.089945,1
sh.600249,两面针,2026-05-06,5.99,6.0,5.92,5.95,5.99,14904400.0,88595520.0,2.7099,-0.6678,0,-229.466057,1.52955,3.142619,-150.041334,1
sh.600250,南京商旅,2026-05-06,10.72,10.8,10.58,10.6,10.91,19166687.0,204271307.81,6.1276,-2.8414,0,333.455435,5.308508,4.593442,-13.562065,1
sh.600251,冠农股份,2026-05-06,12.94,13.14,12.78,13.01,12.95,23172870.0,299919107.01,2.9824,0.4633,0,22.236772,2.502047,4.06346,28.830833,1
sh.600252,中恒集团,2026-05-06,2.46,2.48,2.44,2.45,2.46,34510760.0,84782366.4,1.0838,-0.4065,0,-19.118443,1.482318,4.93166,-22.613861,1
sh.600255,鑫科材料,2026-05-06,3.65,3.72,3.64,3.71,3.65,58935641.0,217268624.9,3.2631,1.6438,0,174.415159,4.540308,1.356622,-472.462978,1
sh.600256,广汇能源,2026-05-06,6.65,6.71,6.52,6.68,6.75,141928910.0,940672652.12,2.2204,-1.037,0,48.06,1.749196,1.503627,-26.503253,1
sh.600257,大湖股份,2026-05-06,6.18,6.18,6.05,6.09,6.1,17076900.0,104174265.0,3.5485,-0.1639,0,526.383937,3.665868,3.190416,66.291921,1
sh.600258,首旅酒店,2026-05-06,15.58,15.58,14.77,14.97,15.65,37981299.0,568920232.53,3.4015,-4.345,0,19.957514,1.36538,2.194113,-65.514297,1
sh.600259,中稀有色,2026-05-06,91.9,98.52,90.3,98.01,92.01,20384458.0,1942170424.2,6.0589,6.521,0,131.269959,9.003838,5.637956,145.619024,1
sh.600261,阳光照明,2026-05-06,3.58,3.67,3.56,3.66,3.56,43608199.0,158150669.34,3.2664,2.809,0,35.923742,1.382803,1.850397,-105.669653,1
sh.600262,北方股份,2026-05-06,24.73,24.81,24.01,24.06,24.51,8736500.0,212127429.0,5.1391,-1.836,0,17.998299,2.186344,1.357153,-28.476788,1
sh.600265,*ST景谷,2026-05-06,21.91,22.62,21.9,22.0,22.02,958664.0,21259722.16,0.7386,-0.0908,1,-12.394842,13.488006,17.611676,52.620499,1
sh.600266,城建发展,2026-05-06,5.14,5.33,5.1,5.26,5.14,72752016.0,381905546.48,3.5049,2.3346,0,-37.346212,0.597415,0.346904,-3.133038,1
sh.600267,海正药业,2026-05-06,11.25,11.82,11.16,11.59,11.32,40620948.0,470306645.27,3.3886,2.3852,0,19.78668,1.552722,1.347812,28.563782,1
sh.600268,国电南自,2026-05-06,14.95,15.71,14.9,15.6,14.97,34247519.0,529659615.69,3.3881,4.2084,0,32.187363,4.193849,1.681632,-57.063674,1
sh.600269,赣粤高速,2026-05-06,4.44,4.46,4.42,4.44,4.43,13729203.0,60932727.32,0.5879,0.2257,0,9.204887,0.525089,1.667048,7.315161,1
sh.600271,航天信息,2026-05-06,8.47,8.61,8.45,8.55,8.41,19942341.0,170506188.85,1.0763,1.6647,0,-22.857302,1.22023,2.973325,-1249.429818,1
sh.600272,开开实业,2026-05-06,12.61,12.72,12.51,12.72,12.64,2982900.0,37664419.0,1.8643,0.6329,0,145.213812,4.204319,2.950606,22.005374,1
sh.600273,嘉化能源,2026-05-06,8.22,8.23,8.09,8.2,8.17,25846130.0,210641614.62,1.971,0.3672,0,13.185718,1.056781,1.028318,51.936301,1
sh.600276,恒瑞医药,2026-05-06,53.98,54.11,53.4,53.63,53.88,66574753.0,3573491856.75,1.0437,-0.464,0,43.840535,5.594435,10.930751,22.175451,1
sh.600278,东方创业,2026-05-06,7.09,7.15,7.04,7.1,7.06,6220506.0,44114944.48,0.7134,0.5666,0,33.92226,0.818394,0.189603,-12.213757,1
sh.600279,重庆港,2026-05-06,4.87,4.99,4.84,4.93,4.88,8780700.0,43307762.0,0.7398,1.0246,0,100.121055,0.86801,1.348788,-8.6776,1
sh.600280,中央商场,2026-05-06,3.18,3.19,3.1,3.15,3.18,23148800.0,72644520.0,2.0516,-0.9434,0,-8.845118,13.36986,1.772273,-185.091029,1
sh.600281,华阳新材,2026-05-06,5.62,5.75,5.62,5.7,5.6,11729800.0,66791335.0,2.2803,1.7857,0,-27.942848,52.115697,6.070444,-718.530392,1
sh.600282,南钢股份,2026-05-06,5.4,5.46,5.2,5.37,5.39,73920900.0,392444951.0,1.199,-0.3711,0,11.471008,1.172833,0.570261,-305.293561,1
sh.600283,钱江水利,2026-05-06,9.17,9.27,9.17,9.21,9.16,4227140.0,38964538.0,0.7768,0.5459,0,25.821084,1.624822,2.000386,-23.61291,1
sh.600284,浦东建设,2026-05-06,7.06,7.1,6.93,6.98,7.05,22094260.0,154767022.74,2.2772,-0.9929,0,24.032425,0.84929,0.502218,10.226504,1
sh.600285,羚锐制药,2026-05-06,22.36,22.36,21.97,22.19,22.36,10715044.0,237545113.8,1.8936,-0.7603,0,15.949287,3.448818,3.178887,-106.614029,1
sh.600287,苏豪时尚,2026-05-06,5.98,5.98,5.81,5.88,5.92,6599551.0,38697843.33,1.5109,-0.6757,0,112.451818,1.124242,1.056744,26.718838,1
sh.600288,大恒科技,2026-05-06,15.48,15.55,15.2,15.22,15.18,13936652.0,213899050.92,3.1906,0.2635,0,40.64954,3.340852,3.796477,23.890511,1
sh.600289,ST信通,2026-05-06,6.15,6.3,6.02,6.19,6.21,8697302.0,53330657.25,1.5368,-0.3221,1,-7.990837,4.3441,5.367609,-7.413424,1
sh.600292,电投水电,2026-05-06,15.49,15.54,15.02,15.11,15.32,22505967.0,341751304.12,5.1233,-1.3708,0,85.008139,3.793081,5.711283,321.77428,1
sh.600293,三峡新材,2026-05-06,3.16,3.2,3.15,3.2,3.16,21035102.0,66857542.34,1.8131,1.2658,0,-56.445811,2.177206,3.281302,44.507025,1
sh.600295,鄂尔多斯,2026-05-06,15.67,16.22,15.55,15.99,15.67,13927451.0,221245132.56,0.705,2.0421,0,17.486723,1.990922,1.721429,108.419852,1
sh.600298,安琪酵母,2026-05-06,37.63,38.3,37.15,37.99,37.6,9609532.0,363695885.18,1.1211,1.0372,0,20.605023,2.64538,1.887559,44.00175,1
sh.600299,安迪苏,2026-05-06,13.26,13.29,12.7,12.8,13.29,30624852.0,393652169.0,1.1419,-3.687,0,39.609174,2.007858,2.274128,13.600069,1
sh.600300,维维股份,2026-05-06,3.74,3.76,3.64,3.68,3.74,72536721.0,266813347.71,4.4855,-1.6043,0,17.110972,1.605331,1.727411,8.623699,1
sh.600301,华锡有色,2026-05-06,51.66,55.58,50.95,55.58,50.53,19990101.0,1071264757.58,7.2603,9.9941,0,42.398655,7.056578,6.151213,77.402505,1
sh.600302,ST标准,2026-05-06,9.06,9.06,9.06,9.06,9.54,142600.0,1291956.0,0.0412,-5.0314,1,-19.610669,6.468693,9.644583,174.897834,1
sh.600303,曙光股份,2026-05-06,3.33,3.39,3.31,3.35,3.31,26944102.0,90442953.62,3.9881,1.2085,0,-6.626577,2.430535,1.618519,-1870.405715,1
sh.600305,恒顺醋业,2026-05-06,7.55,7.55,7.48,7.51,7.53,8679450.0,65218490.05,0.7869,-0.2656,0,54.038315,2.420721,3.598714,151.245589,1
sh.600307,酒钢宏兴,2026-05-06,1.78,1.81,1.76,1.8,1.77,72919000.0,130205447.0,1.1642,1.6949,0,-6.495068,2.120002,0.366388,-44.92679,1
sh.600308,华泰股份,2026-05-06,3.91,3.93,3.88,3.92,3.89,15605903.0,60883443.97,1.0288,0.7712,0,-57.765856,0.656879,0.475881,59.262905,1
sh.600309,万华化学,2026-05-06,89.56,89.77,86.7,89.73,89.54,35932360.0,3170217045.88,1.1478,0.2122,0,21.340164,2.521541,1.311263,32.209032,1
sh.600310,广西能源,2026-05-06,4.94,5.2,4.89,5.14,4.94,135139718.0,683261318.3,9.2201,4.0486,0,-204.543298,2.773079,2.001726,8.886993,1
sh.600312,平高电气,2026-05-06,21.95,22.36,21.92,22.28,21.96,32442479.0,719519911.45,2.3909,1.4572,0,25.701472,2.591048,2.427012,-73.87972,1
sh.600313,农发种业,2026-05-06,7.12,7.15,7.03,7.1,7.12,34587341.0,245090486.7,3.196,-0.2809,0,161.882413,3.413042,1.223932,54.162554,1
sh.600315,上海家化,2026-05-06,20.28,20.92,20.2,20.72,20.17,10801077.0,223825779.28,1.6068,2.7268,0,51.098675,1.969755,2.173287,38.093431,1
sh.600316,洪都航空,2026-05-06,36.5,37.85,36.41,36.86,36.61,12581672.0,467501930.51,1.7545,0.6829,0,488.778584,4.902186,3.37858,-15782.264573,1
sh.600318,新力金融,2026-05-06,7.86,7.96,7.82,7.9,7.85,13428418.0,106119121.48,2.619,0.6369,0,105.124312,3.649226,11.474033,21.684026,1
sh.600319,亚星化学,2026-05-06,8.16,8.23,7.99,8.12,8.08,4612204.0,37215508.36,1.1896,0.495,0,-19.286466,9.324535,3.796756,-421.232407,1
sh.600320,振华重工,2026-05-06,5.46,5.53,5.4,5.45,5.42,93153008.0,507855961.42,2.8041,0.5535,0,33.666771,1.795098,0.790185,-23.675915,1
sh.600322,津投城开,2026-05-06,2.71,2.93,2.69,2.85,2.73,131453755.0,369496576.27,11.8887,4.3956,0,-2.679875,41.429024,3.727888,-32.131991,1
sh.600323,瀚蓝环境,2026-05-06,32.18,32.42,31.58,31.96,32.01,9250507.0,296805377.7,1.1345,-0.1562,0,12.222742,1.713761,1.738077,59.206652,1
sh.600325,华发股份,2026-05-06,3.47,3.61,3.46,3.59,3.46,83938266.0,298029774.61,3.0499,3.7572,0,-0.929183,1.15203,0.14328,-1.03,1
sh.600326,西藏天路,2026-05-06,9.38,9.5,9.32,9.46,9.37,26287755.0,247865266.58,1.9294,0.9605,0,428.77821,3.289286,3.607834,-55.813321,1
sh.600327,大东方,2026-05-06,4.0,4.05,3.97,4.01,3.97,19613725.0,78646762.88,2.2168,1.0076,0,-13.310426,1.256294,1.167991,-34.86379,1
sh.600328,中盐化工,2026-05-06,8.08,8.11,7.84,7.95,8.1,47870705.0,379413225.46,3.2647,-1.8519,0,-119.344364,0.98397,1.059682,10.092263,1
sh.600329,达仁堂,2026-05-06,40.61,42.3,40.61,41.85,40.6,7028395.0,293211886.05,1.2394,3.0788,0,14.779782,4.284346,6.475165,-58.313561,1
sh.600330,天通股份,2026-05-06,27.1,27.86,26.59,27.01,27.89,273203082.0,7422643622.55,22.1498,-3.1553,0,-130.656339,4.295272,10.122023,-74.112531,1
sh.600331,宏达股份,2026-05-06,18.4,18.84,17.33,17.99,18.14,87803080.0,1567380691.31,4.321,-0.8269,0,-659.257469,15.257063,12.822997,45.469005,1
sh.600332,白云山,2026-05-06,22.65,22.72,22.49,22.72,22.65,11468877.0,259156723.59,0.8158,0.3091,0,12.54024,0.933695,0.470786,-13.45753,1
sh.600333,长春燃气,2026-05-06,5.76,5.79,5.69,5.77,5.77,14137794.0,81364580.22,2.3214,0.0,0,303.4082,1.814376,1.414488,26.184771,1
sh.600335,国机汽车,2026-05-06,6.08,6.1,6.03,6.05,6.07,12013200.0,72812023.0,0.8031,-0.3295,0,21.877757,0.775307,0.264085,8.565248,1
sh.600336,澳柯玛,2026-05-06,7.55,7.79,7.5,7.72,7.55,12590180.0,96666626.8,1.5777,2.2517,0,-28.338605,2.721864,0.952264,-56.182518,1
sh.600337,ST美克,2026-05-06,2.75,2.75,2.75,2.75,2.89,13489900.0,37097225.0,0.9388,-4.8443,1,-1.632611,10.071502,1.676885,-17.318909,1
sh.600338,西藏珠峰,2026-05-06,27.17,27.58,26.17,26.48,27.58,155809867.0,4171930408.9,17.0431,-3.9884,0,42.7809,5.359402,8.951573,4067.038146,1
sh.600339,中油工程,2026-05-06,3.99,4.01,3.91,3.94,4.07,103833607.0,408829547.51,1.8598,-3.1941,0,59.035904,0.817543,0.221328,2.102818,1
sh.600340,*ST华幸,2026-05-06,1.22,1.22,1.22,1.22,1.28,8749300.0,10674146.0,0.2247,-4.6875,1,-0.218436,-0.250248,0.576719,-24.918587,1
sh.600343,航天动力,2026-05-06,34.57,35.53,34.55,34.78,34.52,37784336.0,1324196282.92,5.9204,0.7532,0,-117.667408,17.427942,28.26585,74.996503,1
sh.600345,长江通信,2026-05-06,49.2,50.66,48.96,48.99,48.66,15293974.0,760324527.5,7.2292,0.6782,0,64.359812,4.24009,15.800296,-23.588639,1
sh.600346,恒力石化,2026-05-06,22.45,23.08,21.76,22.85,22.09,54146774.0,1221148765.29,0.7692,3.4405,0,18.00384,2.274845,0.832301,-122.082097,1
sh.600348,华阳股份,2026-05-06,10.51,10.59,10.35,10.58,10.45,60682345.0,635318068.55,1.6821,1.244,0,24.009096,1.369885,1.857058,-23.736099,1
sh.600350,山东高速,2026-05-06,10.68,10.81,10.59,10.8,10.7,6968245.0,74520638.36,0.1441,0.9346,0,16.146605,1.701855,2.167683,-188.797363,1
sh.600351,亚宝药业,2026-05-06,7.08,7.14,7.0,7.07,7.08,30471200.0,215065151.0,4.4034,-0.1412,0,15.317288,1.715138,2.226313,21.625045,1
sh.600352,浙江龙盛,2026-05-06,13.28,13.34,12.9,13.04,13.12,58464513.0,762181008.34,1.7971,-0.6098,0,21.532217,1.280018,3.097548,-29.303184,1
sh.600353,旭光电子,2026-05-06,17.22,18.11,17.22,17.77,17.23,40698351.0,723848097.64,4.9104,3.1341,0,89.494073,7.627002,8.85807,164.924353,1
sh.600354,敦煌种业,2026-05-06,6.26,6.27,6.16,6.26,6.26,19790429.0,122823802.8,3.7496,0.0,0,107.90309,4.414443,2.774125,12.175271,1
sh.600356,恒丰纸业,2026-05-06,9.99,10.07,9.79,9.97,9.93,10846700.0,107542826.6,3.6309,0.4028,0,14.499429,1.065854,1.158143,10.126993,1
sh.600358,国旅联合,2026-05-06,5.93,5.93,5.83,5.86,5.89,9192600.0,53802845.0,1.8205,-0.5093,0,-83.816709,61.10484,6.185861,-307.873533,1
sh.600359,新农开发,2026-05-06,7.6,7.83,7.5,7.79,7.62,16606550.0,127634335.0,4.3528,2.231,0,-197.244809,4.406628,6.28223,-31.91127,1
sh.600360,*ST华微,2026-05-06,10.31,10.6,10.2,10.55,10.18,25418912.0,264742000.1,2.647,3.6346,1,57.614967,2.882849,4.446452,974.028461,1
sh.600361,创新新材,2026-05-06,4.5,4.54,4.47,4.48,4.47,52283500.0,234890512.0,1.4007,0.2237,0,19.791713,1.466527,0.214051,12.908497,1
sh.600362,江西铜业,2026-05-06,45.6,47.1,45.28,46.93,45.46,59425328.0,2748440368.03,2.8635,3.2336,0,20.325118,1.932059,0.283708,13.277872,1
sh.600363,联创光电,2026-05-06,47.52,47.52,45.5,45.83,48.0,27914755.0,1288718222.58,6.1911,-4.5208,0,46.256656,4.555794,6.553791,36.788893,1
sh.600365,ST通葡,2026-05-06,3.09,3.11,3.02,3.03,3.09,8062200.0,24565637.0,1.8869,-1.9417,1,-14.654529,6.246546,2.032925,-90.723459,1
sh.600366,宁波韵升,2026-05-06,13.33,13.56,13.25,13.47,13.27,35675170.0,478258536.6,3.246,1.5072,0,36.09512,2.329653,2.53467,-42.426683,1
sh.600367,红星发展,2026-05-06,23.48,23.89,23.07,23.81,23.47,41458248.0,975288718.83,12.8763,1.4487,0,88.12404,3.262867,3.913737,-32.094352,1
sh.600368,五洲交通,2026-05-06,3.9,3.9,3.87,3.9,3.89,8312289.0,32314259.32,0.5164,0.2571,0,11.25363,0.84683,4.774946,-79.165245,1
sh.600369,西南证券,2026-05-06,4.24,4.3,4.23,4.26,4.24,46329902.0,197895967.54,0.6972,0.4717,0,25.114328,1.064174,8.363029,4.579551,1
sh.600370,*ST三房,2026-05-06,2.41,2.41,2.41,2.41,2.54,1043900.0,2515799.0,0.026,-5.1181,1,-13.176533,1.969584,0.464556,-91.666408,1
sh.600371,万向德农,2026-05-06,8.8,8.84,8.69,8.76,8.79,5332383.0,46693647.1,1.8226,-0.3413,0,-159.279477,4.776856,15.012681,-30.995712,1
sh.600372,中航机载,2026-05-06,13.25,13.35,13.18,13.28,13.0,52974262.0,702787433.97,1.0948,2.1538,0,56.049465,1.694394,2.663194,-42.093271,1
sh.600373,中文传媒,2026-05-06,8.35,8.58,8.31,8.54,8.3,21474778.0,181813228.36,1.5938,2.8916,0,54.003401,0.643084,1.541208,-7.285294,1
sh.600375,汉马科技,2026-05-06,5.38,5.42,5.33,5.36,5.37,22759400.0,121876515.0,1.556,-0.1862,0,136.465384,2.530071,1.186467,-13.109083,1
sh.600376,首开股份,2026-05-06,4.47,4.64,4.45,4.61,4.53,50344026.0,230313648.81,1.9516,1.766,0,-1.887467,5.051113,0.381969,-2.800969,1
sh.600377,宁沪高速,2026-05-06,12.25,12.27,12.1,12.23,12.3,8643200.0,105156986.43,0.2273,-0.5691,0,12.973741,1.42165,3.075166,-529.242647,1
sh.600378,昊华科技,2026-05-06,36.76,36.79,35.78,36.6,36.4,18687883.0,680202181.38,1.7424,0.5495,0,30.115862,2.540931,2.657985,-538.274742,1
sh.600379,宝光股份,2026-05-06,18.25,18.46,18.0,18.46,16.78,26814893.0,492266693.42,8.1208,10.0119,0,145.912819,7.741704,4.8977,-48.445967,1
sh.600380,健康元,2026-05-06,10.93,11.01,10.82,10.84,10.93,17324919.0,188628581.54,0.947,-0.8234,0,15.083907,1.270345,1.335623,-5.010722,1
sh.600381,*ST春天,2026-05-06,3.77,3.77,3.77,3.77,3.59,1979141.0,7461361.57,0.3371,5.0139,1,-35.403416,2.260796,7.288357,60.21702,1
sh.600382,广东明珠,2026-05-06,8.42,8.48,8.35,8.41,8.37,16757970.0,140736609.52,2.4133,0.4779,0,30.903566,1.861345,5.854401,51.387199,1
sh.600383,金地集团,2026-05-06,2.92,2.99,2.86,2.97,2.9,107530243.0,315483619.55,2.3818,2.4138,0,-1.007905,0.299665,0.354961,-1.56233,1
sh.600386,北巴传媒,2026-05-06,4.19,4.21,4.14,4.17,4.15,11146104.0,46430790.58,1.3822,0.4819,0,-287.981567,2.001818,0.93123,42.919801,1
sh.600388,龙净环保,2026-05-06,18.6,18.7,18.28,18.39,18.62,17742052.0,327415737.38,1.397,-1.2352,0,19.939933,2.081578,1.901836,-81.42905,1
sh.600389,江山股份,2026-05-06,28.69,28.8,27.65,28.28,28.9,12627598.0,354086900.95,2.9322,-2.1453,0,21.757177,2.913886,2.024811,-168.066724,1
sh.600390,五矿资本,2026-05-06,5.24,5.36,5.24,5.32,5.24,38574612.0,205070292.16,0.8576,1.5267,0,45.333545,0.563795,3.521142,4.942646,1
sh.600391,航发科技,2026-05-06,36.99,38.3,36.98,38.05,37.19,10565828.0,400444982.88,3.2005,2.3124,0,273.307638,7.079156,2.929443,72.200525,1
sh.600392,盛和资源,2026-05-06,26.08,26.75,25.54,26.68,26.03,91717209.0,2416282359.85,5.2325,2.4971,0,46.858325,3.633942,3.040296,15.384666,1
sh.600395,盘江股份,2026-05-06,5.53,5.54,5.32,5.49,5.53,41208605.0,223481940.59,1.9197,-0.7233,0,24.582977,1.100067,1.205033,40.911486,1
sh.600396,华电辽能,2026-05-06,10.08,10.91,10.08,10.91,9.92,320860164.0,3354992293.86,21.7871,9.9798,0,396.230223,10.46813,3.609348,-189.014493,1
sh.600397,江钨装备,2026-05-06,14.23,14.76,14.1,14.62,14.35,42134996.0,608881543.12,4.2562,1.8815,0,-83.91577,74.967594,8.280712,-52.406451,1
sh.600398,海澜之家,2026-05-06,6.66,6.66,6.56,6.63,6.61,39707778.0,262583195.36,0.8268,0.3026,0,14.605986,1.653353,1.440843,55.824955,1
sh.600399,抚顺特钢,2026-05-06,5.52,5.61,5.51,5.56,5.47,41343974.0,230559285.43,2.0964,1.6453,0,-13.271927,2.04283,1.383271,-14.320331,1
sh.600400,红豆股份,2026-05-06,2.71,2.75,2.58,2.73,2.76,164359781.0,440063729.04,7.173,-1.087,0,-15.719718,4.509761,2.892192,-19.581697,1
sh.600403,大有能源,2026-05-06,5.78,5.87,5.73,5.86,5.79,18203128.0,105529082.96,0.7614,1.209,0,-6.748149,4.191285,3.480301,-54.061569,1
sh.600405,动力源,2026-05-06,5.24,5.3,5.24,5.29,5.24,10905957.0,57559588.52,1.7875,0.9542,0,-10.679273,103.418366,7.699309,-24.029692,1
sh.600406,国电南瑞,2026-05-06,25.99,26.56,25.99,26.22,25.97,133987112.0,3513970321.41,1.6731,0.9626,0,25.311398,3.936801,3.147962,130.06741,1
sh.600408,安泰集团,2026-05-06,3.3,3.39,3.23,3.38,3.3,63051114.0,209834846.18,6.2625,2.4242,0,-11.654863,2.941477,0.6572,135.569338,1
sh.600409,三友化工,2026-05-06,7.86,7.86,7.56,7.7,7.76,39072576.0,299576431.2,1.8927,-0.7732,0,933.688687,1.153863,0.855786,348.41645,1
sh.600410,华胜天成,2026-05-06,22.36,23.16,22.36,22.84,21.92,117503591.0,2684262768.01,10.7163,4.1971,0,-117.718922,5.812053,5.225766,197.921391,1
sh.600415,小商品城,2026-05-06,13.35,13.43,13.15,13.26,13.25,108126288.0,1429880048.91,1.9718,0.0755,0,16.560587,3.04635,3.404281,-55.70133,1
sh.600416,湘电股份,2026-05-06,12.49,12.9,12.48,12.74,12.37,30522526.0,389097444.41,2.0682,2.9911,0,84.260649,1.931349,3.835436,73.921524,1
sh.600418,江淮汽车,2026-05-06,47.6,50.18,47.6,49.09,47.34,74979605.0,3692020133.69,3.4331,3.6967,0,-53.058886,8.793538,2.294486,36.941853,1
sh.600419,天润乳业,2026-05-06,9.59,9.74,9.54,9.7,9.62,6675019.0,64400793.8,2.1156,0.8316,0,21.174684,1.245475,1.09529,38.076052,1
sh.600420,国药现代,2026-05-06,9.59,9.64,9.57,9.63,9.59,7204705.0,69256559.17,0.5372,0.4171,0,17.973467,0.928021,1.464241,-8.545359,1
sh.600421,*ST华嵘,2026-05-06,4.08,4.08,4.08,4.08,4.08,,,,,1,117.767477,57.364369,4.062142,40.774736,0
sh.600422,昆药集团,2026-05-06,9.51,9.56,9.5,9.52,9.5,7173556.0,68366984.12,0.9477,0.2105,0,61.240174,1.380129,1.241859,-10.469288,1
sh.600423,*ST柳化,2026-05-06,3.1,3.17,3.02,3.07,3.09,18773906.0,57782861.42,2.3506,-0.6472,1,-101.417537,4.62296,18.728528,-391.512058,1
sh.600425,青松建化,2026-05-06,4.1,4.14,4.09,4.13,4.1,26074500.0,107118786.0,1.6249,0.7317,0,21.71742,1.027935,1.705061,-523.637915,1
sh.600426,华鲁恒升,2026-05-06,38.01,38.65,36.68,38.57,38.5,26094416.0,986494527.32,1.2337,0.1818,0,21.901677,2.387803,2.586761,90.543888,1
sh.600428,中远海特,2026-05-06,8.58,8.72,8.37,8.54,8.56,53560358.0,454565742.95,2.1904,-0.2336,0,12.731889,1.370198,0.954054,168.996968,1
sh.600429,三元股份,2026-05-06,6.0,6.09,5.76,5.96,6.09,28212090.0,166047244.0,1.8839,-2.1346,0,-42.022767,1.853744,1.395804,65.34753,1
sh.600433,冠豪高新,2026-05-06,4.95,5.16,4.8,4.8,4.84,263623045.0,1301457704.03,15.0618,-0.8264,0,-67.625424,1.904064,1.147897,-46.011458,1
sh.600435,北方导航,2026-05-06,14.49,15.28,14.48,14.96,14.45,33417378.0,500743204.13,2.2096,3.5294,0,185.990174,7.789448,5.296484,-149.844006,1
sh.600436,片仔癀,2026-05-06,142.5,142.54,140.62,141.3,143.55,4059101.0,573504399.47,0.6728,-1.5674,0,44.81272,5.603835,9.911301,158.966584,1
sh.600438,通威股份,2026-05-06,17.37,17.52,17.19,17.36,17.37,56652581.0,982816836.94,1.2584,-0.0576,0,-8.309814,2.235429,0.97304,-7.599901,1
sh.600439,瑞贝卡,2026-05-06,2.63,2.66,2.6,2.65,2.62,21802389.0,57476801.26,1.926,1.145,0,-35.530531,1.191364,2.300721,-15.276409,1
sh.600444,国机通用,2026-05-06,17.31,17.48,17.06,17.1,17.31,4381595.0,75481773.95,2.9924,-1.2132,0,44.888674,3.281158,2.869726,-123.800247,1
sh.600446,金证股份,2026-05-06,13.82,13.94,13.67,13.83,13.68,31425754.0,433657414.86,3.3387,1.0965,0,-106.604211,3.68085,5.516239,-323.015375,1
sh.600448,华纺股份,2026-05-06,3.59,3.66,3.52,3.58,3.59,30809442.0,110252326.49,4.8918,-0.2786,0,-7.795675,2.47279,0.767509,-74.204871,1
sh.600449,宁夏建材,2026-05-06,12.94,13.39,12.94,13.21,12.91,8310656.0,110100009.74,1.738,2.3238,0,33.962252,0.857179,1.327906,2.862293,1
sh.600452,涪陵电力,2026-05-06,11.67,11.95,11.67,11.88,11.61,39681590.0,470698147.46,2.5825,2.3256,0,42.281124,3.176927,6.22284,-61.606764,1
sh.600455,博通股份,2026-05-06,28.5,28.94,28.15,28.71,28.09,4554200.0,130034029.0,7.2916,2.2072,0,39.335155,5.240812,5.922702,47.551677,1
sh.600456,宝钛股份,2026-05-06,33.5,34.53,33.5,34.49,33.41,11379448.0,389306119.24,2.3817,3.2326,0,43.517955,2.275419,2.670495,58.996328,1
sh.600458,时代新材,2026-05-06,12.01,12.27,12.0,12.24,12.01,13533048.0,164980957.03,1.5696,1.9151,0,21.895775,1.414267,0.52326,28.694689,1
sh.600459,贵研铂业,2026-05-06,20.11,20.77,20.11,20.7,20.09,24541115.0,502778444.48,3.2303,3.0363,0,25.855593,2.174533,0.3067,-351.693264,1
sh.600460,士兰微,2026-05-06,29.6,30.1,29.4,29.66,28.9,76475563.0,2279775125.38,4.5957,2.6298,0,107.571894,4.046626,3.636923,43.883093,1
sh.600461,洪城环境,2026-05-06,10.28,10.29,9.86,10.02,10.28,18532856.0,185458268.25,1.4432,-2.5292,0,10.926423,1.257952,1.772806,-72.316254,1
sh.600463,空港股份,2026-05-06,10.8,10.92,10.71,10.81,10.79,4632334.0,50127350.9,1.5441,0.1854,0,-32.684679,3.653545,4.928933,-35.337262,1
sh.600467,好当家,2026-05-06,2.45,2.47,2.43,2.46,2.45,40492201.0,99058305.47,2.7716,0.4082,0,115.435203,1.048716,3.289466,7245.119324,1
sh.600468,百利电气,2026-05-06,7.58,7.7,7.55,7.65,7.44,30581991.0,233042118.01,2.8115,2.8226,0,100.725972,4.081276,3.636328,428.08666,1
sh.600469,风神股份,2026-05-06,6.44,6.54,6.35,6.51,6.39,14873892.0,95860576.42,2.0391,1.8779,0,22.432707,1.240261,0.765021,4.673648,1
sh.600470,六国化工,2026-05-06,6.96,6.98,6.79,6.94,6.98,26491697.0,182806559.59,5.0789,-0.5731,0,-7.54945,2.375473,0.571048,8.09347,1
sh.600475,华光环能,2026-05-06,16.92,17.64,16.92,17.27,16.89,14142643.0,244289475.26,1.4999,2.2499,0,44.066512,1.906396,1.831703,-38.884298,1
sh.600476,*ST湘邮,2026-05-06,11.67,11.94,11.28,11.47,11.56,11317113.0,130829608.37,7.0262,-0.7785,1,-3.973152,-4.180461,3.47733,-7757.082078,1
sh.600477,杭萧钢构,2026-05-06,3.01,3.05,3.0,3.04,3.02,33486293.0,101568014.97,1.4195,0.6623,0,80.685932,1.437259,1.057773,-69.425051,1
sh.600478,科力远,2026-05-06,7.63,7.77,7.45,7.72,7.59,77445601.0,589956807.83,4.6499,1.7128,0,90.435345,4.385403,2.229296,16.816902,1
sh.600479,千金药业,2026-05-06,11.01,11.07,10.81,10.86,11.01,15158776.0,165171258.61,3.6221,-1.3624,0,17.347234,1.722482,1.487277,-19.090773,1
sh.600480,凌云股份,2026-05-06,10.18,10.39,10.15,10.3,10.11,32983878.0,339480650.11,2.7194,1.8793,0,16.279149,1.525813,0.627444,32.731985,1
sh.600481,双良节能,2026-05-06,6.1,6.2,6.07,6.19,6.08,63958511.0,393614913.05,3.0985,1.8092,0,-9.472679,2.943289,1.877219,201.069704,1
sh.600482,中国动力,2026-05-06,39.3,40.66,38.7,39.66,38.57,50662048.0,2006771579.29,2.2335,2.826,0,60.241304,2.199341,1.541753,-10.453241,1
sh.600483,福能股份,2026-05-06,10.09,10.37,10.02,10.11,10.01,27379805.0,277489492.37,0.9848,0.999,0,9.844361,1.008906,2.068291,6.719302,1
sh.600486,扬农化工,2026-05-06,72.0,72.32,70.16,71.42,72.34,7365118.0,521603130.2,1.8231,-1.2718,0,23.010366,2.439412,2.393032,50.276094,1
sh.600487,亨通光电,2026-05-06,67.5,72.27,67.5,71.8,65.7,191574699.0,13541236055.65,7.8348,9.2846,0,54.845209,5.464169,2.480993,670.834915,1
sh.600488,津药药业,2026-05-06,5.7,5.94,5.61,5.9,5.7,89352930.0,520004800.17,8.1834,3.5088,0,243.968338,2.112764,2.359424,-224.344912,1
sh.600489,中金黄金,2026-05-06,26.22,27.1,26.07,27.04,25.96,78679499.0,2095701117.45,1.6232,4.1602,0,20.885745,3.996423,1.509988,26.620469,1
sh.600490,鹏欣资源,2026-05-06,8.22,8.44,8.17,8.33,8.19,54356323.0,451662133.35,2.7279,1.7094,0,80.844692,2.896198,4.783046,79.88622,1
sh.600491,ST龙元,2026-05-06,1.89,1.89,1.89,1.89,1.99,1342200.0,2536758.0,0.0877,-5.0251,1,-0.994528,0.416042,0.672362,-10.408584,1
sh.600493,凤竹纺织,2026-05-06,7.72,7.77,7.57,7.62,7.56,10565201.0,80896735.67,3.8843,0.7937,0,337.999839,1.858864,2.233044,-51.391775,1
sh.600495,晋西车轴,2026-05-06,4.28,4.32,4.25,4.27,4.29,14670121.0,62622739.45,1.2142,-0.4662,0,241.323656,1.572826,4.346544,-16.653033,1
sh.600496,精工钢构,2026-05-06,4.18,4.23,4.13,4.22,4.15,62748612.0,262644841.0,3.153,1.6867,0,13.284204,0.898297,0.402549,-27.513125,1
sh.600497,驰宏锌锗,2026-05-06,9.02,9.45,8.98,9.36,8.98,175596433.0,1618889761.0,3.4838,4.2316,0,39.223473,2.744388,1.866467,216.043437,1
sh.600498,烽火通信,2026-05-06,47.4,49.85,47.4,48.59,46.68,113586142.0,5562117723.61,8.9324,4.0917,0,157.490728,3.755554,2.600191,46.489008,1
sh.600499,科达制造,2026-05-06,19.48,19.84,19.25,19.66,19.25,47028195.0,920107072.39,2.4521,2.1299,0,24.348166,2.86638,2.054863,93.204537,1
sh.600500,中化国际,2026-05-06,4.65,4.88,4.59,4.78,4.6,74817815.0,356517750.15,2.085,3.913,0,-8.396587,1.68779,0.370979,31.153034,1
sh.600501,航天晨光,2026-05-06,23.9,24.11,23.66,23.79,23.61,9530938.0,227903200.59,2.2278,0.7624,0,-49.544297,6.962556,4.68825,51.198605,1
sh.600502,安徽建工,2026-05-06,5.41,5.44,5.3,5.32,5.39,44871581.0,240273043.11,2.6141,-1.2987,0,5.899868,0.748477,0.10787,4.117597,1
sh.600503,华丽家族,2026-05-06,2.58,2.59,2.53,2.55,2.57,34579101.0,88227258.55,2.1581,-0.7782,0,-51.143271,1.183993,10.400081,-36.262359,1
sh.600505,西昌电力,2026-05-06,13.91,13.98,13.71,13.87,13.78,13682866.0,189649888.9,3.7532,0.6531,0,369.890632,4.127032,3.379314,338.738418,1
sh.600506,统一股份,2026-05-06,17.41,17.88,17.26,17.72,17.39,8876830.0,156710773.7,3.5561,1.8976,0,127.152672,8.729941,1.739283,-885.405466,1
sh.600507,方大特钢,2026-05-06,5.86,5.87,5.66,5.72,5.82,32473735.0,186024980.42,1.4039,-1.7182,0,16.542353,1.289027,0.739704,23.70289,1
sh.600508,上海能源,2026-05-06,13.88,14.03,13.64,14.0,13.88,9210500.0,127617330.98,1.2744,0.8646,0,53.307374,0.793217,1.282468,-86.124939,1
sh.600509,天富能源,2026-05-06,8.11,8.41,8.11,8.31,8.1,38984767.0,324114432.74,2.8365,2.5926,0,50.836806,1.469519,1.375524,-62.666401,1
sh.600510,黑牡丹,2026-05-06,11.27,11.28,10.97,11.24,11.06,13178300.0,147172508.0,1.2769,1.6275,0,137.316671,1.098758,2.657877,-10.558614,1
sh.600511,国药股份,2026-05-06,28.65,28.66,28.38,28.52,28.66,6502060.0,185231370.53,1.175,-0.4885,0,10.695885,1.129805,0.403643,-20.331153,1
sh.600512,腾达建设,2026-05-06,2.41,2.42,2.39,2.41,2.4,35143401.0,84491163.4,2.2139,0.4167,0,326.267216,0.620694,0.77667,12.706592,1
sh.600513,联环药业,2026-05-06,22.65,24.2,22.61,23.36,22.78,29186793.0,689829699.68,10.2246,2.5461,0,-58.001361,5.214442,2.303547,-136.496337,1
sh.600515,海南机场,2026-05-06,3.61,3.61,3.49,3.51,3.61,147333393.0,519367558.85,1.6056,-2.7701,0,173.882223,1.65372,7.905497,-543.564611,1
sh.600516,方大炭素,2026-05-06,5.72,5.76,5.66,5.72,5.66,78402437.0,447770545.91,1.9474,1.0601,0,242.508172,1.409644,6.276535,410.93306,1
sh.600517,国网英大,2026-05-06,5.91,5.95,5.87,5.92,5.92,43624725.0,257831342.74,0.7629,0.0,0,14.613533,1.412704,2.774562,11.998048,1
sh.600518,康美药业,2026-05-06,1.7,1.71,1.7,1.7,1.71,110243085.0,187713540.5,0.7976,-0.5848,0,-1594.739842,3.232153,4.671271,90.749463,1
sh.600519,贵州茅台,2026-05-06,1365.1,1379.0,1360.05,1375.0,1384.79,4780604.0,6550750939.85,0.3818,-0.707,0,20.816893,6.356255,9.821664,1212.739265,1
sh.600520,三佳科技,2026-05-06,29.98,30.66,29.58,30.26,29.46,9985802.0,300739820.73,6.303,2.7155,0,357.806821,12.177462,11.651606,69.271576,1
sh.600521,华海药业,2026-05-06,16.32,16.36,16.0,16.1,16.29,33691261.0,545176652.34,2.2502,-1.1664,0,64.597096,2.509232,2.818078,-67.80723,1
sh.600522,中天科技,2026-05-06,33.67,35.25,33.67,34.89,33.12,234412095.0,8128161194.28,6.8683,5.3442,0,37.285985,3.132567,2.130718,-198.617634,1
sh.600523,贵航股份,2026-05-06,13.7,13.83,13.66,13.71,13.7,6163900.0,84618361.0,1.5255,0.073,0,28.226825,1.705039,2.193461,-61.606285,1
sh.600525,ST长园,2026-05-06,5.21,5.24,5.09,5.1,5.19,16498301.0,84613541.11,1.251,-1.7341,1,-6.475826,2.393433,0.82126,-7.495106,1
sh.600526,菲达环保,2026-05-06,5.46,5.46,5.34,5.36,5.43,25064100.0,134917568.0,2.871,-1.2891,0,15.39652,1.029667,0.977022,-5.406956,1
sh.600527,江南高纤,2026-05-06,3.01,3.25,2.97,3.25,2.95,126519611.0,399941049.31,7.3058,10.1695,0,257.068157,2.713904,10.473759,128.966886,1
sh.600528,中铁工业,2026-05-06,7.81,7.87,7.81,7.84,7.79,15571699.0,122094272.08,0.7009,0.6418,0,12.73266,0.682832,0.625825,12.627295,1
sh.600529,山东药玻,2026-05-06,18.64,18.74,18.61,18.65,18.64,5951755.0,111038611.23,0.8969,0.0536,0,18.549692,1.477542,2.736993,8.698416,1
sh.600530,交大昂立,2026-05-06,5.46,5.63,5.36,5.41,5.43,16463900.0,89673272.0,2.1246,-0.3683,0,1029.991496,13.337758,13.544001,99.337373,1
sh.600531,豫光金铅,2026-05-06,14.95,15.5,14.76,15.38,14.73,74635376.0,1127459985.68,6.172,4.4128,0,20.524235,2.618446,0.335032,34.606555,1
sh.600533,栖霞建设,2026-05-06,2.57,2.64,2.57,2.62,2.58,29437388.0,76792085.04,2.8036,1.5504,0,-1.445468,2.074575,0.54167,-11.772421,1
sh.600535,天士力,2026-05-06,15.15,15.18,14.94,15.12,15.13,13529240.0,203929788.6,0.9056,-0.0661,0,19.45787,1.769149,2.706383,-160.698058,1
sh.600536,中国软件,2026-05-06,38.36,39.58,38.2,38.83,37.78,22574136.0,880988691.14,2.6758,2.7792,0,-1050.837258,10.314308,7.011672,38.61707,1
sh.600537,*ST亿晶,2026-05-06,3.04,3.04,3.04,3.04,3.2,17229500.0,52377680.0,1.4555,-5.0,1,-6.662492,-24.759258,2.416187,-278.692686,1
sh.600538,国发股份,2026-05-06,6.71,6.74,6.46,6.5,6.72,23619805.0,154847211.9,4.5059,-3.2738,0,-34.656791,5.009049,10.254499,658.66231,1
sh.600539,狮头股份,2026-05-06,17.37,19.32,17.37,18.72,17.56,35488191.0,667765665.98,15.4296,6.6059,0,-196.582062,14.328951,9.839154,-108.190353,1
sh.600540,新赛股份,2026-05-06,5.59,5.79,5.52,5.68,5.58,77275452.0,435092762.39,13.2918,1.7921,0,-27.81344,8.581457,0.91706,29.157653,1
sh.600543,*ST莫高,2026-05-06,4.97,4.98,4.79,4.84,4.96,12661901.0,61476085.8,3.943,-2.4194,1,-14.617985,2.241401,6.370862,3690.954191,1
sh.600545,卓郎智能,2026-05-06,4.9,5.05,4.74,4.98,4.89,169343218.0,836760452.52,9.4716,1.8405,0,-16.239784,3.396666,2.404097,-76.94198,1
sh.600546,山煤国际,2026-05-06,13.9,14.34,13.45,14.3,14.06,40479699.0,570969401.7,2.0419,1.707,0,21.155481,1.697116,1.311287,-394.67975,1
sh.600547,山东黄金,2026-05-06,34.63,35.71,34.37,35.65,34.38,80521836.0,2826347670.87,2.2278,3.694,0,31.856758,5.134963,1.482341,16.730429,1
sh.600548,深高速,2026-05-06,9.05,9.08,9.01,9.07,9.07,2719269.0,24577408.14,0.1586,0.0,0,19.496626,0.980547,2.487925,-8.161182,1
sh.600549,厦门钨业,2026-05-06,57.6,60.1,56.1,59.71,57.78,79527341.0,4648495053.6,5.1178,3.3403,0,31.250447,5.179972,1.768937,70.312312,1
sh.600550,保变电气,2026-05-06,15.11,15.55,15.02,15.5,14.95,57694941.0,888096851.8,3.133,3.6789,0,125.043804,31.986335,4.867258,259.980052,1
sh.600551,时代出版,2026-05-06,8.1,8.19,8.08,8.11,8.12,6940757.0,56433591.9,1.0236,-0.1232,0,13.7159,0.920324,0.846623,13.479497,1
sh.600552,凯盛科技,2026-05-06,15.7,16.21,15.62,15.92,15.54,65081066.0,1035634155.53,6.8898,2.4453,0,113.290854,3.483983,2.477274,-728.679256,1
sh.600556,天下秀,2026-05-06,6.02,6.16,6.0,6.09,5.95,53340104.0,325659990.45,2.9506,2.3529,0,530.369241,2.872352,2.790219,-103.905983,1
sh.600557,康缘药业,2026-05-06,13.49,13.56,13.42,13.43,13.48,6094680.0,82058997.18,1.0765,-0.3709,0,25.362476,1.55244,2.341979,-130.648105,1
sh.600558,大西洋,2026-05-06,5.76,5.81,5.67,5.77,5.75,20986231.0,120613377.04,2.338,0.3478,0,26.295957,2.087793,1.369698,73.631738,1
sh.600559,老白干酒,2026-05-06,13.46,13.55,13.41,13.5,13.57,10822000.0,146011759.0,1.1899,-0.5158,0,27.887682,2.255103,2.958675,-17.805746,1
sh.600560,金自天正,2026-05-06,14.64,14.65,14.45,14.53,14.53,2691598.0,39160428.67,1.2035,0.0,0,64.308271,3.291763,3.996313,157.486692,1
sh.600561,江西长运,2026-05-06,7.07,7.1,6.9,6.99,6.94,8345200.0,58356378.0,2.9335,0.7205,0,137.620788,2.182547,1.437531,775.136174,1
sh.600562,国睿科技,2026-05-06,27.65,28.25,27.38,27.71,27.46,14765631.0,409477449.05,1.189,0.9104,0,54.588575,5.119639,9.825941,51.079907,1
sh.600563,法拉电子,2026-05-06,118.99,123.85,118.88,122.65,118.02,9519153.0,1166449433.14,4.2307,3.9231,0,23.081025,4.382044,5.102991,465.552349,1
sh.600566,济川药业,2026-05-06,27.6,28.15,27.19,27.86,27.69,9439577.0,263038544.65,1.0277,0.6139,0,14.777074,1.713111,4.351566,-7.364932,1
sh.600567,山鹰国际,2026-05-06,1.46,1.49,1.45,1.48,1.45,123364751.0,181354680.97,1.9559,2.069,0,-5.603857,0.631586,0.330716,-11.158946,1
sh.600568,ST中珠,2026-05-06,2.66,2.68,2.64,2.65,2.66,11198706.0,29713305.1,0.671,-0.3759,1,-45.347618,3.268244,9.694979,261.564116,1
sh.600569,安阳钢铁,2026-05-06,2.09,2.11,2.07,2.1,2.09,24095310.0,50405333.9,0.8389,0.4785,0,-5.015296,4.138613,0.203712,-74.087089,1
sh.600570,恒生电子,2026-05-06,26.98,27.65,26.9,27.39,26.79,48062786.0,1315945321.15,2.5381,2.2396,0,38.746666,5.200802,9.159955,1535.176621,1
sh.600571,信雅达,2026-05-06,12.7,13.07,12.7,12.97,12.68,8662746.0,112302089.1,1.8925,2.2871,0,171.955543,5.23175,2.914699,-187.798048,1
sh.600572,康恩贝,2026-05-06,4.47,4.49,4.43,4.45,4.48,62490094.0,277991782.25,2.4697,-0.6696,0,23.353786,1.55584,1.686496,128.93129,1
sh.600573,惠泉啤酒,2026-05-06,13.68,14.5,13.54,14.05,13.74,20711300.0,291947712.89,8.2845,2.2562,0,42.88874,2.571735,5.406867,-1147.213957,1
sh.600575,淮河能源,2026-05-06,3.6,3.69,3.6,3.68,3.61,67301700.0,246177295.0,1.7318,1.9391,0,16.955189,1.182008,0.65965,-10.135306,1
sh.600576,祥源文旅,2026-05-06,5.97,5.97,5.67,5.7,5.96,30061332.0,172789153.33,4.5521,-4.3624,0,58.505499,2.322779,5.025835,-35.201832,1
sh.600577,精达股份,2026-05-06,13.03,13.38,13.03,13.3,13.03,55890471.0,742780649.31,2.5982,2.0721,0,46.861934,4.593127,1.092689,617.918182,1
sh.600578,京能电力,2026-05-06,4.87,5.02,4.86,5.0,4.88,62304046.0,308942277.7,0.9307,2.459,0,9.440123,1.327527,0.939037,26.332211,1
sh.600579,中化装备,2026-05-06,7.81,7.9,7.6,7.66,7.84,10110300.0,77626961.0,2.0483,-2.2959,0,-29.277364,2.490984,2.444049,-44.293534,1
sh.600580,卧龙电驱,2026-05-06,38.02,38.85,38.02,38.51,37.85,35442940.0,1366714094.15,2.2754,1.7437,0,53.046826,5.389807,3.906191,336.471138,1
sh.600581,*ST八钢,2026-05-06,2.86,2.88,2.73,2.75,2.82,46819999.0,130588018.23,3.0543,-2.4823,1,-2.295955,-2.003477,0.227994,-6.019533,1
sh.600582,天地科技,2026-05-06,5.69,5.71,5.65,5.68,5.69,37238112.0,211248222.19,0.8998,-0.1757,0,16.286141,0.902399,0.826136,-8.030288,1
sh.600583,海油工程,2026-05-06,6.71,6.71,6.42,6.49,6.77,95798006.0,623377604.4,2.1667,-4.1359,0,14.477364,0.988932,1.060341,-83.09845,1
sh.600584,长电科技,2026-05-06,47.86,49.18,47.85,48.2,45.56,149998286.0,7269788006.08,8.3825,5.7946,0,52.204658,2.998321,2.22826,-71.909027,1
sh.600585,海螺水泥,2026-05-06,21.01,21.2,20.9,21.14,21.13,53925910.0,1133192566.03,1.3482,0.0473,0,14.419431,0.577968,1.390952,-19.597423,1
sh.600586,金晶科技,2026-05-06,5.87,5.9,5.7,5.73,5.86,63441514.0,366207884.88,4.4761,-2.2184,0,-10.837576,1.61153,1.925961,-12.997218,1
sh.600587,新华医疗,2026-05-06,13.75,13.85,13.65,13.69,13.75,8808017.0,120869879.76,1.4519,-0.4364,0,16.951089,1.057591,0.857731,-47.015935,1
sh.600588,用友网络,2026-05-06,11.8,12.11,11.78,11.9,11.68,58074025.0,695453535.48,1.6996,1.8836,0,-29.550678,5.896975,4.389783,-34.14128,1
sh.600589,大位科技,2026-05-06,10.66,11.08,10.61,11.08,10.07,234516704.0,2553596061.88,15.8621,10.0298,0,-161.11916,26.487052,35.923929,212.414419,1
sh.600590,泰豪科技,2026-05-06,15.94,17.23,15.88,16.83,15.69,63329652.0,1060651828.4,7.5073,7.2658,0,191.039582,4.420391,3.170992,-86.187041,1
sh.600592,龙溪股份,2026-05-06,19.08,19.54,19.08,19.35,19.09,7016900.0,135793497.0,1.7562,1.362,0,55.823524,2.99039,6.253764,20.503539,1
sh.600593,大连圣亚,2026-05-06,33.74,34.02,33.29,33.48,34.08,3584102.0,120154117.06,2.7827,-1.7606,0,85.453695,20.888287,8.479073,41.350387,1
sh.600594,益佰制药,2026-05-06,4.05,4.08,4.03,4.07,4.05,35677900.0,144836593.0,4.5052,0.4938,0,-9.216845,1.493398,1.873619,98.199267,1
sh.600595,中孚实业,2026-05-06,7.79,8.14,7.77,8.03,7.73,93562057.0,742270296.24,2.3344,3.881,0,14.573415,1.794414,1.303681,64.13539,1
sh.600596,新安股份,2026-05-06,12.47,12.59,12.21,12.45,12.49,27880197.0,344951855.93,2.0658,-0.3203,0,80.009756,1.338478,1.113891,28.731733,1
sh.600597,光明乳业,2026-05-06,7.4,7.49,7.39,7.46,7.4,6678936.0,49762197.19,0.4845,0.8108,0,-45.989659,1.118756,0.433211,54.615368,1
sh.600598,北大荒,2026-05-06,16.74,16.85,16.5,16.84,16.75,28745569.0,480438621.49,1.617,0.5373,0,24.772698,3.488747,5.626677,-35.480341,1
sh.600599,*ST熊猫,2026-05-06,3.95,3.95,3.95,3.95,3.95,,,,,1,42.009593,5.235316,2.449761,-171.576447,0
sh.600600,青岛啤酒,2026-05-06,63.59,63.64,62.65,62.89,63.41,9067634.0,571085701.39,1.2787,-0.8201,0,18.341785,2.644597,2.655093,88.047328,1
sh.600601,方正科技,2026-05-06,11.88,11.99,11.74,11.86,11.67,199996188.0,2375073844.19,4.7957,1.6281,0,81.052657,10.388666,9.130647,135.849714,1
sh.600602,云赛智联,2026-05-06,22.1,22.98,22.1,22.74,21.77,59180407.0,1342854400.7,5.5087,4.4557,0,158.552064,6.320286,4.869389,93.109866,1
sh.600603,广汇物流,2026-05-06,5.88,5.88,5.59,5.65,5.86,27489428.0,156204341.89,2.3377,-3.5836,0,37.831656,0.900036,2.614494,8497.305146,1
sh.600604,市北高新,2026-05-06,4.85,4.92,4.83,4.91,4.83,8967631.0,43787226.9,0.6372,1.6563,0,-26.098815,1.52969,9.488866,-20.257961,1
sh.600605,汇通能源,2026-05-06,31.51,32.68,31.33,32.28,31.6,5915229.0,189983829.72,2.8675,2.1519,0,286.955955,4.662629,57.978596,-111.604031,1
sh.600606,绿地控股,2026-05-06,1.54,1.61,1.54,1.59,1.57,264355820.0,417591505.11,1.881,1.2739,0,-0.86743,0.579635,0.129445,-8.985518,1
sh.600608,*ST沪科,2026-05-06,2.07,2.07,2.07,2.07,2.07,,,,,1,1568.374866,16.519337,70.55394,16.262568,0
sh.600609,金杯汽车,2026-05-06,4.03,4.23,3.99,4.17,4.02,42037855.0,173013748.43,3.2224,3.7313,0,25.88619,3.210775,1.173699,-100.749721,1
sh.600610,中毅达,2026-05-06,9.32,9.43,9.24,9.4,9.29,20319644.0,190016568.76,2.8671,1.1841,0,181.618864,72.418296,9.638934,61.165891,1
sh.600611,大众交通,2026-05-06,4.52,4.59,4.51,4.56,4.53,20982281.0,95465397.72,1.3422,0.6623,0,-186.673474,1.125837,5.012196,-221.633654,1
sh.600612,老凤祥,2026-05-06,39.4,39.64,39.3,39.3,39.41,1589929.0,62684600.99,0.5014,-0.2791,0,12.17222,1.497423,0.419183,-4.089776,1
sh.600613,神奇制药,2026-05-06,5.88,5.9,5.76,5.83,5.88,13680300.0,79518729.0,2.8541,-0.8503,0,86.169718,1.338025,1.642748,-10.632533,1
sh.600615,鑫源智造,2026-05-06,12.1,12.1,11.76,11.84,11.87,3484900.0,41471813.2,1.547,-0.2527,0,-192.255112,3.70208,4.44406,42.020185,1
sh.600616,金枫酒业,2026-05-06,4.99,5.01,4.91,4.95,5.0,10835635.0,53642972.63,1.6197,-1.0,0,8050.865306,1.711945,6.491814,-27.517441,1
sh.600617,国新能源,2026-05-06,3.61,3.62,3.47,3.6,3.59,61967110.0,220001276.0,3.49,0.2786,0,-25.226351,2.171175,0.473502,-5.901628,1
sh.600618,氯碱化工,2026-05-06,12.88,12.97,12.62,12.76,12.87,11507402.0,146662692.51,1.5346,-0.8547,0,17.631769,1.549147,1.823857,65.394788,1
sh.600619,海立股份,2026-05-06,17.89,18.48,17.88,18.25,17.9,39002043.0,711513342.18,4.9421,1.9553,0,151.856441,3.174568,0.953138,-50.253861,1
sh.600620,天宸股份,2026-05-06,5.52,5.7,5.4,5.46,5.52,16315029.0,90298563.84,2.3759,-1.087,0,614.306385,2.629047,12.270467,74.817184,1
sh.600621,华鑫股份,2026-05-06,14.17,14.46,14.15,14.41,14.14,13916730.0,199780951.27,1.3118,1.9095,0,23.390539,1.634394,5.906942,2.295538,1
sh.600622,光大嘉宝,2026-05-06,2.69,2.7,2.65,2.7,2.67,25838587.0,69330064.56,1.7229,1.1236,0,-2.924638,2.026182,3.207942,-11.270565,1
sh.600623,华谊集团,2026-05-06,10.98,11.03,10.64,10.99,10.88,37390378.0,404145505.89,1.9931,1.011,0,41.279648,1.034816,0.500757,20.828655,1
sh.600624,ST复华,2026-05-06,4.7,4.7,4.53,4.62,4.62,8325812.0,38372959.27,1.2256,0.0,1,-15.664838,7.385519,4.995162,-281.319155,1
sh.600626,申达股份,2026-05-06,3.93,3.95,3.9,3.93,3.92,15988801.0,62833848.98,1.4431,0.2551,0,116.840902,1.618216,0.486702,13.382724,1
sh.600628,新世界,2026-05-06,7.25,7.25,7.12,7.15,7.2,10982501.0,78678374.17,1.6978,-0.6944,0,64.239861,1.089197,4.209024,118.446089,1
sh.600629,华建集团,2026-05-06,20.3,21.77,20.25,21.31,20.4,36789255.0,775822091.35,3.8395,4.4608,0,1330.001086,3.925259,3.005257,-181.349322,1
sh.600630,龙头股份,2026-05-06,8.34,8.39,8.27,8.35,8.33,8574378.0,71357767.22,2.0182,0.2401,0,66.127195,4.360043,1.907468,-197.488493,1
sh.600633,浙数文化,2026-05-06,13.2,13.79,13.18,13.68,13.12,72642033.0,984655082.3,5.7285,4.2683,0,29.458023,1.666812,5.339886,-98.310236,1
sh.600635,大众公用,2026-05-06,5.27,5.32,5.26,5.31,5.29,34965685.0,185225502.8,1.4456,0.3781,0,57.663505,1.763894,2.560595,193.521156,1
sh.600636,*ST国化,2026-05-06,4.51,4.51,4.51,4.51,4.51,,,,,1,-7.506056,1.129987,6.97915,-934.855637,0
sh.600637,东方明珠,2026-05-06,10.02,10.38,10.0,10.27,9.98,81011848.0,828649493.75,2.4097,2.9058,0,61.844584,1.153146,4.70839,163.42508,1
sh.600638,新黄浦,2026-05-06,6.25,6.33,6.16,6.27,6.25,12567870.0,78561467.04,1.8663,0.32,0,32.900768,0.902878,1.702408,1.619031,1
sh.600639,浦东金桥,2026-05-06,10.39,10.39,10.26,10.31,10.32,15347128.0,158193886.25,1.805,-0.0969,0,11.09671,0.768333,1.914203,-6.95698,1
sh.600640,国脉文化,2026-05-06,12.45,12.65,12.43,12.53,12.4,7063027.0,88925346.17,0.8877,1.0484,0,422.896328,2.506696,5.471709,-21.403583,1
sh.600641,先导基电,2026-05-06,28.14,28.28,26.61,27.58,27.62,78040625.0,2148064309.35,8.3858,-0.1448,0,-212.291472,3.211656,11.89946,-25.30319,1
sh.600642,申能股份,2026-05-06,9.03,9.18,8.9,9.15,9.06,33264639.0,300277346.22,0.6797,0.9934,0,11.813853,1.175106,1.627799,23.163947,1
sh.600643,爱建集团,2026-05-06,4.8,4.93,4.79,4.88,4.82,25776612.0,125705154.82,1.6208,1.2448,0,-3.874023,0.791565,5.671094,39.003847,1
sh.600644,乐山电力,2026-05-06,11.68,11.96,11.67,11.95,11.58,25173193.0,298568571.73,4.3528,3.1952,0,303.741032,3.342087,2.077851,-132.832988,1
sh.600645,中源协和,2026-05-06,25.94,26.16,24.8,24.87,25.87,21075255.0,534529406.54,4.5055,-3.8655,0,105.754995,3.129177,8.187053,354.444026,1
sh.600648,外高桥,2026-05-06,10.05,10.09,9.94,9.99,10.03,4407900.0,44007215.01,0.3874,-0.3988,0,14.9389,0.851416,2.278181,4.531573,1
sh.600649,城投控股,2026-05-06,4.29,4.34,4.24,4.3,4.27,33711522.0,144831689.89,1.346,0.7026,0,39.451704,0.511524,0.830342,-27.008089,1
sh.600650,锦江在线,2026-05-06,12.48,12.68,12.43,12.6,12.49,3550705.0,44601454.1,0.9091,0.8807,0,48.741144,1.636402,4.755589,55.245912,1
sh.600651,飞乐音响,2026-05-06,6.83,6.94,6.83,6.87,6.89,24870140.0,171245756.33,0.992,-0.2903,0,286.331318,6.827007,9.979672,66.003437,1
sh.600653,申华控股,2026-05-06,1.84,1.87,1.82,1.83,1.84,31422287.0,57644301.67,1.6144,-0.5435,0,-18.883878,5.694453,1.015274,-73.091618,1
sh.600654,中安科,2026-05-06,3.96,4.08,3.95,4.03,3.92,202129639.0,813303761.52,8.7221,2.8061,0,159.40694,6.880816,3.897382,113.197376,1
sh.600655,豫园股份,2026-05-06,4.92,4.98,4.91,4.94,4.93,16188659.0,80108673.35,0.4162,0.2028,0,-4.013079,0.641532,0.51635,-28.934243,1
sh.600657,信达地产,2026-05-06,3.13,3.2,3.08,3.17,3.11,31302104.0,98816634.68,1.0976,1.9293,0,-1.110777,0.583592,2.008659,5.544161,1
sh.600658,电子城,2026-05-06,5.09,5.2,5.04,5.17,5.1,17220100.0,88656324.0,1.5395,1.3725,0,-3.045616,1.427224,5.339337,-29.724358,1
sh.600660,福耀玻璃,2026-05-06,60.22,61.0,59.21,59.31,58.87,35471793.0,2136395905.32,1.7709,0.7474,0,17.209485,3.954465,3.343754,549.54547,1
sh.600661,昂立教育,2026-05-06,10.2,10.29,10.09,10.22,10.2,5816800.0,59482668.0,2.03,0.1961,0,29.927442,11.494428,2.095119,-28.124732,1
sh.600662,外服控股,2026-05-06,5.07,5.12,5.01,5.04,5.07,28879600.0,146168321.0,1.2686,-0.5917,0,16.974368,2.122493,0.469803,-8.501195,1
sh.600663,陆家嘴,2026-05-06,8.22,8.52,8.15,8.5,8.23,23020525.0,193594892.02,0.7295,3.2807,0,53.876489,1.697047,2.645792,18.090672,1
sh.600664,哈药股份,2026-05-06,3.59,3.63,3.58,3.62,3.58,74703069.0,269833950.36,2.9662,1.1173,0,29.428601,1.555798,0.571069,25.543488,1
sh.600665,天地源,2026-05-06,3.6,3.61,3.53,3.57,3.6,15037449.0,53676522.65,1.7402,-0.8333,0,-2.209263,2.176587,0.518762,-1.366896,1
sh.600666,奥瑞德,2026-05-06,5.38,5.76,5.38,5.76,5.24,363067637.0,2044904935.42,14.5096,9.9237,0,113.177395,14.455064,32.513215,135.76534,1
sh.600667,太极实业,2026-05-06,10.15,10.48,10.12,10.16,9.59,197813533.0,2034039389.69,9.4578,5.9437,0,46.266734,2.430568,0.693981,58.973877,1
sh.600668,尖峰集团,2026-05-06,10.95,10.95,10.16,10.21,10.96,18911318.0,197281612.57,4.5801,-6.8431,0,-22.341013,0.769466,1.672609,-15.957724,1
sh.600671,天目药业,2026-05-06,20.39,20.6,19.53,19.7,19.91,3037126.0,60168838.64,2.4952,-1.0547,0,146.780671,32.497417,11.768739,240.392832,1
sh.600673,东阳光,2026-05-06,38.94,38.94,38.94,38.94,35.4,11516935.0,448469448.9,0.3837,10.0,0,1004.185435,11.803133,7.400137,99.236872,1
sh.600674,川投能源,2026-05-06,15.37,15.43,15.21,15.28,15.31,26389379.0,403732154.81,0.5414,-0.196,0,15.753444,1.605925,45.615883,-418.734666,1
sh.600675,中华企业,2026-05-06,2.6,2.64,2.58,2.63,2.58,33058908.0,86444656.1,0.5468,1.938,0,-36.655571,1.107985,1.969128,-2.809897,1
sh.600676,交运股份,2026-05-06,8.17,8.17,7.89,7.95,8.18,18713174.0,149364443.52,1.8195,-2.8117,0,-24.217218,1.714427,1.975212,58.103548,1
sh.600678,ST金顶,2026-05-06,9.86,9.86,9.86,9.86,10.38,213200.0,2102152.0,0.0611,-5.0096,1,-384.690645,13.343851,5.37088,75.791236,1
sh.600679,上海凤凰,2026-05-06,11.26,11.26,11.07,11.12,11.23,4445000.0,49543894.0,1.2933,-0.9795,0,65.019544,2.689446,2.675062,-501.354693,1
sh.600681,百川能源,2026-05-06,4.06,4.12,4.05,4.09,4.06,23838035.0,97374256.4,1.7792,0.7389,0,22.37826,1.490119,1.087428,-31.185256,1
sh.600682,南京新百,2026-05-06,6.76,6.82,6.71,6.8,6.77,14287670.0,96836795.06,1.2274,0.4431,0,-9.735757,0.556784,1.471168,-4.953092,1
sh.600683,京投发展,2026-05-06,15.23,15.45,14.26,14.97,14.5,40681410.0,605774745.52,5.4917,3.2414,0,-9.272035,-8.811208,1.76284,-19.206712,1
sh.600684,珠江股份,2026-05-06,4.45,4.47,4.32,4.34,4.47,23434822.0,102440355.78,2.7459,-2.9083,0,77.401201,3.809588,3.009887,13.131333,1
sh.600685,中船防务,2026-05-06,31.74,32.14,31.4,32.13,32.15,28675301.0,913889176.44,3.4909,-0.0622,0,37.227562,2.490623,2.010379,36.054248,1
sh.600686,金龙汽车,2026-05-06,15.53,15.87,15.38,15.57,15.54,36555079.0,569516052.56,5.098,0.1931,0,19.532954,3.072048,0.439799,-62.220824,1
sh.600688,上海石化,2026-05-06,3.13,3.15,3.05,3.09,3.11,107015133.0,330538264.8,1.4602,-0.6431,0,-35.119895,1.384149,0.441992,-6.21117,1
sh.600689,上海三毛,2026-05-06,13.7,13.7,13.31,13.41,13.54,4197302.0,56456343.92,2.7577,-0.9601,0,231.83425,5.686189,1.951559,-101.702572,1
sh.600690,海尔智家,2026-05-06,21.51,21.66,21.41,21.58,21.53,52650878.0,1133022076.27,0.842,0.2322,0,10.811596,1.616526,0.681572,-51.777894,1
sh.600691,潞化科技,2026-05-06,3.3,3.34,3.23,3.34,3.35,51222979.0,168620084.81,2.1562,-0.2985,0,-10.809206,2.551558,0.809593,-12.766787,1
sh.600692,亚通股份,2026-05-06,7.85,8.08,7.72,8.05,7.85,18265747.0,144762363.86,7.1627,2.5478,0,105.665711,2.912367,1.810612,27.744629,1
sh.600693,东百集团,2026-05-06,11.27,11.35,11.08,11.18,11.35,47808500.0,534222159.0,5.5019,-1.4978,0,189.978735,2.694948,5.226825,30.795387,1
sh.600694,大商股份,2026-05-06,18.14,18.34,18.08,18.29,18.2,3995738.0,72693348.76,1.1603,0.4945,0,12.594576,0.688678,1.00717,-67.212744,1
sh.600696,*ST岩石,2026-05-06,1.31,1.31,1.31,1.31,1.31,,,,,1,-1.564591,4.385913,12.206439,-145.520276,0
sh.600697,欧亚集团,2026-05-06,12.64,12.86,12.52,12.7,12.55,6684100.0,84973916.95,4.3019,1.1952,0,-39.145726,0.903527,0.304781,-24.348074,1
sh.600698,湖南天雁,2026-05-06,7.3,7.39,7.26,7.37,7.31,10347370.0,76018927.5,1.246,0.8208,0,-259.534418,10.65912,13.882263,-145.453809,1
sh.600699,均胜电子,2026-05-06,28.75,29.74,28.6,29.73,28.52,67169240.0,1962050374.84,4.9569,4.2426,0,32.991611,2.630632,0.763041,11.022945,1
sh.600702,舍得酒业,2026-05-06,43.55,43.88,43.1,43.85,44.25,5262367.0,228998072.3,1.5821,-0.904,0,134.565671,2.0404,3.374197,-93.916505,1
sh.600703,三安光电,2026-05-06,14.06,15.04,14.06,14.68,13.67,329183457.0,4840306130.36,6.5982,7.3884,0,-147.173602,2.098527,4.426886,-314.062118,1
sh.600704,物产中大,2026-05-06,5.11,5.16,5.1,5.13,5.12,67042844.0,343640818.24,1.2965,0.1953,0,7.347621,0.629383,0.044397,4.791388,1
sh.600706,曲江文旅,2026-05-06,9.57,9.58,9.38,9.43,9.54,8101945.0,76449340.7,3.1894,-1.153,0,-14.397779,5.359075,2.717769,-16.8962,1
sh.600707,彩虹股份,2026-05-06,8.23,8.46,8.12,8.22,8.09,120762869.0,997019963.98,3.3661,1.6069,0,513.320023,1.353173,2.663537,30.982859,1
sh.600708,光明地产,2026-05-06,3.82,3.84,3.71,3.82,3.8,34738402.0,131058353.7,1.5611,0.5263,0,-2.30859,1.427555,1.97308,24.395723,1
sh.600710,苏美达,2026-05-06,12.3,12.33,12.15,12.23,12.22,15359438.0,187762935.98,1.1754,0.0818,0,11.647868,1.865892,0.129758,-2.507357,1
sh.600711,盛屯矿业,2026-05-06,13.83,14.12,13.53,14.07,13.76,108621706.0,1505336761.63,3.5146,2.2529,0,16.162287,2.487972,1.290722,13.475791,1
sh.600712,南宁百货,2026-05-06,6.26,6.39,6.22,6.32,6.31,9767100.0,61727706.0,1.8133,0.1585,0,-107.661045,4.540556,7.282985,105.79232,1
sh.600713,南京医药,2026-05-06,5.28,5.31,5.25,5.3,5.28,17495030.0,92459524.2,1.3564,0.3788,0,11.152168,0.943712,0.127146,-15.683068,1
sh.600714,金瑞矿业,2026-05-06,22.1,22.7,21.23,21.66,22.1,36767801.0,796815462.05,12.7588,-1.991,0,439.540799,8.289928,20.770683,205.384667,1
sh.600715,文投控股,2026-05-06,2.03,2.06,2.02,2.06,2.04,46604200.0,95133800.0,1.6282,0.9804,0,-132.450773,7.736116,32.779669,-9.910242,1
sh.600716,凤凰股份,2026-05-06,4.45,4.45,4.3,4.35,4.43,11762502.0,51356275.7,1.2566,-1.8059,0,-9.769446,0.915364,8.547277,-18.273869,1
sh.600717,天津港,2026-05-06,4.74,4.78,4.7,4.74,4.74,33543413.0,158687102.07,1.1591,0.0,0,12.959043,0.671002,1.105403,-85.901777,1
sh.600718,东软集团,2026-05-06,8.89,9.09,8.88,9.05,8.84,16168958.0,146094945.91,1.3514,2.3756,0,-21.93757,1.223829,0.896098,328.234166,1
sh.600719,大连热电,2026-05-06,7.75,8.53,7.75,8.53,7.75,42006906.0,347254312.68,10.3823,10.0645,0,-57.894235,8.560085,5.725401,725.405352,1
sh.600720,中交设计,2026-05-06,6.67,6.69,6.64,6.66,6.66,8873631.0,59135467.65,0.8794,0.0,0,10.667471,0.955565,1.380281,-71.448074,1
sh.600721,百花医药,2026-05-06,8.47,8.54,8.43,8.49,8.43,10094500.0,85579657.0,2.625,0.7117,0,122.691985,4.038203,9.1047,-270.713141,1
sh.600722,金牛化工,2026-05-06,13.6,14.2,13.14,14.1,13.61,75492644.0,1041461864.72,11.0966,3.6003,0,201.672466,7.604743,21.151057,-248.242141,1
sh.600724,宁波富达,2026-05-06,7.0,7.18,6.95,7.09,6.97,10828300.0,76493504.0,0.7494,1.7217,0,55.253431,3.625417,7.126725,170.908221,1
sh.600725,云维股份,2026-05-06,4.23,4.25,4.15,4.22,4.23,17291075.0,72302240.8,1.403,-0.2364,0,-138.274458,20.266696,10.132805,86.261227,1
sh.600726,华电能源,2026-05-06,6.6,7.0,6.58,6.92,6.59,439137858.0,2965956820.44,5.8745,5.0076,0,168.52102,10.987851,3.31483,83.500033,1
sh.600727,鲁北化工,2026-05-06,8.06,8.23,7.85,8.23,8.07,38164520.0,309176169.59,7.2202,1.9827,0,73.957675,1.337007,0.85462,-18.150176,1
sh.600728,佳都科技,2026-05-06,5.38,5.58,5.37,5.49,5.34,46588870.0,256512727.78,2.1846,2.809,0,177.974555,1.48224,1.155261,39.179662,1
sh.600729,重庆百货,2026-05-06,21.35,21.49,21.25,21.4,21.35,3296241.0,70480126.58,1.7125,0.2342,0,11.097807,1.159866,0.649904,-73.221691,1
sh.600730,*ST高科,2026-05-06,9.42,9.42,9.42,9.42,8.97,1231495.0,11600682.9,0.2099,5.0167,1,-42.945781,3.294782,78.946876,113.189509,1
sh.600731,湖南海利,2026-05-06,6.92,6.96,6.86,6.94,6.84,11788950.0,81630304.8,2.1764,1.462,0,16.737938,1.204784,2.087219,21.48258,1
sh.600732,爱旭股份,2026-05-06,15.45,15.52,14.8,14.97,15.38,58194036.0,871788402.41,2.7719,-2.6658,0,-16.160602,6.684179,1.991444,115.332284,1
sh.600733,北汽蓝谷,2026-05-06,7.1,7.18,7.08,7.15,7.11,58297874.0,415606330.93,1.1918,0.5626,0,-10.161076,7.559508,1.610564,28.448369,1
sh.600734,*ST实达,2026-05-06,2.14,2.19,2.12,2.12,2.23,72865900.0,155493160.0,3.3458,-4.9327,1,-32.835677,20.149309,47.686168,-25.069896,1
sh.600735,ST新华锦,2026-05-06,7.1,7.25,7.03,7.03,7.4,14445000.0,102295107.08,3.3952,-5.0,1,-23.17707,2.82565,2.282412,-27.03758,1
sh.600736,苏州高新,2026-05-06,8.31,8.97,8.09,8.77,8.15,210209698.0,1814584207.38,18.2586,7.6074,0,46.773546,1.354498,1.908296,-12.063878,1
sh.600737,中粮糖业,2026-05-06,15.15,16.08,15.05,15.78,15.05,59096809.0,931846545.84,2.763,4.8505,0,34.084297,2.901625,1.309511,924.123654,1
sh.600738,丽尚国潮,2026-05-06,4.8,4.83,4.73,4.76,4.8,14153701.0,67459284.75,1.8607,-0.8333,0,21.762668,1.677596,5.730293,41.900458,1
sh.600739,辽宁成大,2026-05-06,11.93,12.14,11.9,12.08,11.9,16987103.0,204488889.38,1.1105,1.5126,0,19.655728,0.6269,1.959204,22.454031,1
sh.600740,山西焦化,2026-05-06,4.3,4.31,4.21,4.3,4.3,47419544.0,202157107.48,1.8508,0.0,0,81.49422,0.723528,1.848712,35.61843,1
sh.600741,华域汽车,2026-05-06,18.67,18.71,18.23,18.49,18.66,35484464.0,653186083.82,1.1255,-0.911,0,8.126047,0.855866,0.317497,30.96916,1
sh.600742,富维股份,2026-05-06,9.44,9.45,9.38,9.41,9.42,10360352.0,97500267.8,1.3943,-0.1062,0,15.604555,0.81981,0.367677,-5.439478,1
sh.600743,华远控股,2026-05-06,2.46,2.57,2.43,2.54,2.47,111061429.0,279431345.9,4.7339,2.834,0,-58.681335,10.760008,18.719734,-19.072801,1
sh.600744,华银电力,2026-05-06,8.78,9.09,8.59,9.0,8.54,276747753.0,2460290496.93,13.6253,5.3864,0,126.655462,14.181261,2.267328,-12.911574,1
sh.600745,*ST闻泰,2026-05-06,26.71,26.71,26.71,26.71,28.12,545500.0,14570305.0,0.0438,-5.0142,1,-3.614297,1.453976,1.7525,-6.89055,1
sh.600746,江苏索普,2026-05-06,8.26,8.38,8.0,8.37,8.28,21900011.0,179503462.52,1.8753,1.087,0,149.468463,1.793721,1.698338,40.298867,1
sh.600748,上实发展,2026-05-06,5.3,5.31,4.99,5.05,5.3,29969718.0,152812432.64,1.6248,-4.717,0,-14.259138,0.90165,2.865335,14.211395,1
sh.600749,西藏旅游,2026-05-06,16.01,16.12,15.81,16.02,16.24,12602750.0,201185638.0,5.5527,-1.3547,0,293.271343,3.495627,19.559452,275.565072,1
sh.600750,华润江中,2026-05-06,23.88,24.15,23.8,23.94,23.92,6987502.0,167184169.6,1.1114,0.0836,0,16.724901,3.525533,3.737274,117.637137,1
sh.600751,海航科技,2026-05-06,3.7,3.72,3.64,3.66,3.68,44559313.0,164143066.38,1.7317,-0.5435,0,145.527051,1.403608,6.023618,-71.200191,1
sh.600753,*ST海钦,2026-05-06,13.18,13.69,13.05,13.69,13.04,6181400.0,83152140.6,2.684,4.9847,1,52.550756,35.89122,1.540961,223.091461,1
sh.600754,锦江酒店,2026-05-06,25.31,25.31,23.95,24.31,25.56,27235081.0,662662139.07,3.0059,-4.8905,0,25.256787,1.608456,1.852886,-52.543652,1
sh.600755,厦门国贸,2026-05-06,6.18,6.25,6.15,6.24,6.19,21359898.0,132454570.46,1.0018,0.8078,0,39.021561,0.691416,0.037735,3.406384,1
sh.600756,浪潮软件,2026-05-06,16.52,16.8,16.52,16.62,16.51,10141730.0,169354172.4,3.1292,0.6663,0,-21.960679,2.599526,4.915794,38.511155,1
sh.600757,长江传媒,2026-05-06,8.64,8.68,8.58,8.63,8.61,11398400.0,98268788.0,0.9393,0.2323,0,11.043012,1.012418,1.549858,-39.272407,1
sh.600758,辽宁能源,2026-05-06,3.99,4.02,3.92,4.01,3.98,61541834.0,244681877.11,4.6596,0.7538,0,-10.955077,0.993483,1.237824,7.987968,1
sh.600759,ST洲际,2026-05-06,4.44,4.44,4.44,4.44,4.67,3774000.0,16756560.0,0.0911,-4.9251,1,86.679841,2.027662,8.195942,-120.590932,1
sh.600760,中航沈飞,2026-05-06,47.89,48.53,47.89,48.22,46.97,22678799.0,1093272787.71,0.8015,2.6613,0,42.03621,5.748746,3.29944,27.210457,1
sh.600761,安徽合力,2026-05-06,18.07,18.3,18.04,18.22,18.03,13972670.0,253863386.23,1.5687,1.0538,0,13.348488,1.455061,0.795823,-156.929403,1
sh.600763,通策医疗,2026-05-06,42.18,42.55,42.0,42.41,42.18,6223211.0,263246403.97,1.3913,0.5453,0,37.563951,4.290879,6.488018,97.156276,1
sh.600764,中国海防,2026-05-06,23.63,24.09,23.52,23.81,23.62,7011563.0,167636016.3,0.9867,0.8044,0,146.949801,2.062782,4.756656,136.350923,1
sh.600765,中航重机,2026-05-06,16.01,16.3,16.0,16.11,15.95,22870397.0,370352608.31,1.4731,1.0031,0,43.956307,1.743328,2.436832,-21.071555,1
sh.600768,宁波富邦,2026-05-06,18.95,19.36,18.65,18.86,18.88,11722244.0,220734587.91,8.7645,-0.1059,0,30.954871,5.511456,1.879079,-10667.12081,1
sh.600769,祥龙电业,2026-05-06,15.78,16.75,15.66,16.57,16.0,21448556.0,351460195.22,5.72,3.5625,0,322.968063,49.024464,76.149144,-438.40881,1
sh.600770,综艺股份,2026-05-06,8.2,8.38,7.87,8.38,7.62,162650049.0,1336511286.63,12.5115,9.9738,0,83.338238,3.204635,21.717518,84.16935,1
sh.600771,广誉远,2026-05-06,16.74,16.92,16.7,16.7,16.76,5133512.0,86118291.45,1.0487,-0.358,0,123.487023,4.81021,5.675245,62.921214,1
sh.600773,西藏城投,2026-05-06,27.7,28.25,26.65,27.49,27.2,45363972.0,1243754522.92,4.7672,1.0662,0,-45.783174,6.170717,58.283568,-57.219678,1
sh.600774,汉商集团,2026-05-06,8.81,8.85,8.7,8.72,8.78,4704264.0,41272267.28,1.5953,-0.6834,0,-14.054231,1.738035,2.567162,-72.098334,1
sh.600775,南京熊猫,2026-05-06,12.42,13.19,12.42,12.85,12.35,31586125.0,404283155.12,4.7014,4.0486,0,359.345865,3.774649,4.386911,314.310138,1
sh.600776,东方通信,2026-05-06,16.68,17.23,16.66,17.04,16.62,38034640.0,646525027.45,3.9785,2.5271,0,46.7974,5.603699,8.319156,75.951768,1
sh.600777,*ST新潮,2026-05-06,5.94,5.95,5.81,5.88,6.01,33246038.0,195042716.14,0.5222,-2.1631,1,52.649358,1.802682,6.032638,214.787731,1
sh.600778,友好集团,2026-05-06,6.85,6.95,6.8,6.9,6.83,10996560.0,75644744.59,3.5334,1.0249,0,156.077515,8.502746,1.560157,-25.424049,1
sh.600779,水井坊,2026-05-06,32.15,32.49,32.0,32.49,32.51,2679300.0,86465061.0,0.5496,-0.0615,0,40.966371,2.997205,5.471788,-16.653026,1
sh.600780,通宝能源,2026-05-06,6.86,6.99,6.82,6.97,6.82,27855201.0,192545064.85,2.4296,2.1994,0,12.258913,0.932537,0.711896,18.530258,1
sh.600782,新钢股份,2026-05-06,3.11,3.13,3.09,3.12,3.09,47259231.0,147059622.66,1.5024,0.9709,0,-14.220179,0.391088,0.288623,-434.108284,1
sh.600783,鲁信创投,2026-05-06,21.7,22.27,21.68,21.93,21.73,25118596.0,553442109.42,3.3745,0.9204,0,97.766041,3.708862,194.678059,-61.252636,1
sh.600784,鲁银投资,2026-05-06,7.52,7.57,7.24,7.32,7.5,24122168.0,177565184.7,3.5702,-2.4,0,33.913829,1.489317,1.480631,-64.163806,1
sh.600785,新华百货,2026-05-06,17.36,18.8,17.15,18.26,17.36,12371803.0,224779397.91,5.4832,5.1843,0,69.213255,1.784068,0.687138,37.483592,1
sh.600787,中储股份,2026-05-06,5.26,5.3,5.26,5.28,5.27,16415922.0,86766430.16,0.7565,0.1898,0,21.179115,0.819331,0.158826,34.279113,1
sh.600789,鲁抗医药,2026-05-06,8.15,8.37,8.15,8.33,8.14,20406878.0,168315831.99,2.2708,2.3342,0,100.119309,1.684822,1.525073,6.03176,1
sh.600790,轻纺城,2026-05-06,4.21,4.62,4.18,4.62,4.2,60603667.0,271990102.77,4.1345,10.0,0,22.31552,1.138449,7.643605,-37.973025,1
sh.600791,京能置业,2026-05-06,13.69,13.93,13.25,13.3,13.45,18258620.0,246503734.0,4.0367,-1.1152,0,-5.3068,-9.933697,2.648816,-11.49267,1
sh.600792,云煤能源,2026-05-06,4.5,4.53,4.35,4.52,4.51,30456605.0,135627864.71,2.744,0.2217,0,-10.208372,2.055873,0.881767,21.313214,1
sh.600793,宜宾纸业,2026-05-06,16.3,16.46,15.59,15.7,16.31,7555600.0,119055918.0,4.271,-3.74,0,-190.711671,12.258396,1.279726,-24.066881,1
sh.600794,保税科技,2026-05-06,3.58,3.61,3.57,3.59,3.58,10887800.0,39070727.0,0.9072,0.2793,0,-43.355139,1.723372,8.20953,-40.338757,1
sh.600795,国电电力,2026-05-06,4.73,4.82,4.73,4.81,4.74,173265566.0,825994426.62,0.9715,1.4768,0,12.711771,1.404483,0.505833,169.124429,1
sh.600796,钱江生化,2026-05-06,6.36,6.38,6.17,6.22,6.34,12935300.0,80556012.06,4.1529,-1.8927,0,31.259693,1.550472,3.297973,120.801187,1
sh.600797,浙大网新,2026-05-06,8.86,9.11,8.85,9.03,8.76,35643161.0,321367179.96,3.4688,3.0822,0,-128.249447,2.802792,2.725999,517.936831,1
sh.600798,宁波海运,2026-05-06,3.65,3.68,3.64,3.68,3.63,21642550.0,79235684.0,1.7938,1.3774,0,67.73355,1.124255,1.517194,15.051034,1
sh.600800,渤海化学,2026-05-06,4.58,5.05,4.56,4.91,4.59,110176541.0,543126154.98,9.9282,6.9717,0,-8.786701,5.569399,1.761645,-9.348933,1
sh.600801,华新建材,2026-05-06,21.52,21.68,21.01,21.41,21.51,25424392.0,541065520.02,1.8949,-0.4649,0,13.697702,1.354348,1.199901,30.649005,1
sh.600802,福建水泥,2026-05-06,5.68,5.84,5.66,5.75,5.66,9851780.0,56584804.6,2.1499,1.5901,0,-17.660367,2.879727,1.816036,-40.183316,1
sh.600803,新奥股份,2026-05-06,20.01,20.35,19.56,20.35,20.26,19503192.0,388579715.39,0.6349,0.4442,0,14.449795,2.60364,0.488644,26.824276,1
sh.600805,悦达投资,2026-05-06,5.29,5.32,5.24,5.29,5.3,13588559.0,71614435.87,1.5981,-0.1887,0,125.763175,1.054496,1.728892,15.44716,1
sh.600807,济高发展,2026-05-06,3.13,3.21,3.12,3.19,3.13,27858763.0,88176177.05,3.5398,1.9169,0,-13.782369,9.544836,8.90685,4.353117,1
sh.600808,马钢股份,2026-05-06,3.88,3.89,3.8,3.81,3.87,73804312.0,282289270.37,1.2367,-1.5504,0,-1312.186856,1.219039,0.386973,50.136232,1
sh.600809,山西汾酒,2026-05-06,140.82,142.45,139.72,140.92,143.35,8761997.0,1235186876.01,0.7182,-1.6952,0,15.655459,3.818427,4.631539,32.431148,1
sh.600810,神马股份,2026-05-06,7.6,7.81,7.6,7.77,7.64,19317250.0,148776040.64,1.7874,1.7016,0,-48.523936,1.187784,0.680057,-41.459949,1
sh.600812,华北制药,2026-05-06,5.21,5.25,5.2,5.22,5.21,9764384.0,51066724.32,0.5691,0.1919,0,55.615108,1.613766,1.015367,-21.612798,1
sh.600814,杭州解百,2026-05-06,7.83,7.83,7.67,7.69,7.77,10010000.0,77053852.0,1.3618,-1.0296,0,24.781484,1.477042,3.290534,27.550032,1
sh.600815,厦工股份,2026-05-06,4.41,4.53,4.36,4.48,4.41,79230701.0,352916950.38,4.466,1.5873,0,-97.113113,5.466869,10.650755,-115.824723,1
sh.600816,建元信托,2026-05-06,2.93,3.03,2.81,2.96,2.94,247010927.0,729812241.56,4.5165,0.6803,0,26.280482,1.905294,28.555979,58.274146,1
sh.600817,宇通重工,2026-05-06,11.79,11.88,11.63,11.8,11.85,6819258.0,80169129.76,1.2885,-0.4219,0,20.805803,2.414991,1.834187,-59.112568,1
sh.600818,ST中路,2026-05-06,7.38,7.38,7.38,7.38,7.77,200400.0,1478952.0,0.0842,-5.0193,1,-32.825993,4.749343,2.352309,-14.876321,1
sh.600819,耀皮玻璃,2026-05-06,6.82,6.92,6.8,6.82,6.83,7993800.0,54800658.0,1.0695,-0.1464,0,56.864438,1.719524,1.181468,15.658604,1
sh.600820,隧道股份,2026-05-06,5.97,5.99,5.92,5.93,5.94,23489139.0,139631948.08,0.7471,-0.1684,0,8.54949,0.580125,0.337105,4.001418,1
sh.600821,金开新能,2026-05-06,7.8,8.58,7.79,8.58,7.8,283596995.0,2373629762.06,14.4154,10.0,0,-440.575787,1.872236,5.044824,221.297554,1
sh.600822,上海物贸,2026-05-06,9.99,10.03,9.92,10.03,9.93,3873101.0,38640736.96,0.9777,1.007,0,175.860416,4.00892,3.174283,177.629343,1
sh.600824,益民集团,2026-05-06,4.08,4.13,4.08,4.12,4.1,12758401.0,52300581.92,1.2104,0.4878,0,34.241479,1.714255,6.764088,34.348878,1
sh.600825,新华传媒,2026-05-06,5.86,5.94,5.83,5.9,5.86,8082300.0,47686525.0,0.7735,0.6826,0,144.715732,2.469151,4.244784,71.188926,1
sh.600826,兰生股份,2026-05-06,9.57,9.61,9.41,9.54,9.57,13211784.0,125390885.76,1.7962,-0.3135,0,20.816666,1.618053,4.282228,8.37669,1
sh.600827,百联股份,2026-05-06,8.3,8.52,8.26,8.48,8.27,27644101.0,232671205.69,1.723,2.5393,0,12.299613,0.735197,0.627603,-1.199867,1
sh.600828,茂业商业,2026-05-06,5.04,5.05,4.95,5.05,5.0,20933300.0,104487744.68,1.2091,1.0,0,-31.396109,1.300328,3.914029,-345.993107,1
sh.600829,人民同泰,2026-05-06,9.73,9.85,9.68,9.85,9.72,8212550.0,80435141.0,1.4162,1.3374,0,41.856773,1.864508,0.542146,49.166559,1
sh.600830,香溢融通,2026-05-06,9.9,10.38,9.72,10.18,9.9,24402793.0,247263553.52,5.3712,2.8283,0,56.225044,2.041602,9.798362,-25.788835,1
sh.600831,广电网络,2026-05-06,3.89,3.93,3.83,3.89,3.86,12160100.0,47308784.0,1.7104,0.7772,0,-1.797682,7.803818,2.721645,-40.674641,1
sh.600833,第一医药,2026-05-06,12.5,12.61,12.24,12.45,12.35,7035439.0,87398224.27,3.1537,0.8097,0,36.41532,2.350498,1.315799,-40.077442,1
sh.600834,申通地铁,2026-05-06,8.04,8.09,7.98,8.08,8.02,3488923.0,28088408.44,0.7308,0.7481,0,78.466613,2.213178,6.382183,-240.972081,1
sh.600835,上海机电,2026-05-06,24.16,24.64,24.09,24.33,24.15,11466204.0,278467193.99,1.4217,0.7453,0,32.425683,1.759555,1.286491,-120.157529,1
sh.600838,上海九百,2026-05-06,9.59,9.63,9.51,9.56,9.59,7057250.0,67470428.5,1.7604,-0.3128,0,89.421256,2.482826,39.932362,72.450453,1
sh.600839,四川长虹,2026-05-06,8.86,8.98,8.8,8.89,8.74,89540684.0,796448340.59,1.9402,1.7162,0,55.316952,2.665898,0.375619,31.931994,1
sh.600841,动力新科,2026-05-06,8.5,8.99,8.41,8.82,8.3,33236924.0,290414700.6,3.1866,6.2651,0,3.925317,1.906715,2.075721,-25.025006,1
sh.600843,上工申贝,2026-05-06,8.75,8.99,8.67,8.97,8.72,13113840.0,116083994.6,2.7948,2.867,0,-55.141367,2.358243,1.484824,14.516425,1
sh.600844,金煤科技,2026-05-06,3.66,3.79,3.6,3.78,3.73,61809000.0,228962251.0,7.5127,1.3405,0,-26.662566,73.332798,4.715185,312.307575,1
sh.600845,宝信软件,2026-05-06,22.85,24.17,22.85,24.0,22.68,54177983.0,1289408577.03,2.5387,5.8201,0,55.490078,6.031988,6.219724,-206.014626,1
sh.600846,同济科技,2026-05-06,12.67,13.03,12.67,12.79,12.76,4467848.0,57499732.34,0.7151,0.2351,0,32.974744,1.83944,1.752994,8.167325,1
sh.600847,万里股份,2026-05-06,14.82,15.0,14.62,14.79,14.77,4931473.0,73345495.23,3.2171,0.1354,0,-38.858462,4.73106,4.684871,-898.268775,1
sh.600848,上海临港,2026-05-06,9.01,9.19,8.97,9.15,8.98,16171932.0,147178707.56,0.6755,1.8931,0,25.040832,1.375767,2.973139,22.538548,1
sh.600850,电科数字,2026-05-06,19.47,19.83,19.46,19.53,19.34,13438767.0,263415818.77,1.9757,0.9824,0,43.752965,2.705892,1.232286,131.599255,1
sh.600851,海欣股份,2026-05-06,8.39,8.52,8.3,8.41,8.33,9283102.0,78008596.38,1.2575,0.9604,0,59.050346,2.233216,14.388925,-2583.658347,1
sh.600853,龙建股份,2026-05-06,3.96,3.99,3.95,3.97,3.96,10604094.0,42034886.82,1.0461,0.2525,0,10.359706,1.127477,0.228486,4.538574,1
sh.600854,春兰股份,2026-05-06,5.46,5.48,5.37,5.43,5.42,12002700.0,64947842.0,2.3106,0.1845,0,22.362387,1.137746,27.516773,48.111819,1
sh.600855,航天长峰,2026-05-06,18.71,19.1,18.63,18.82,18.62,15558618.0,294026282.81,3.3271,1.0741,0,-53.119376,6.3067,7.184491,-93.947169,1
sh.600857,宁波中百,2026-05-06,12.72,12.85,12.52,12.65,12.71,3503700.0,44346810.0,1.5619,-0.4721,0,60.834899,3.208531,7.930815,81.210039,1
sh.600858,银座股份,2026-05-06,5.81,5.88,5.72,5.77,5.79,8938000.0,51662068.0,1.727,-0.3454,0,51.784667,1.088183,0.566685,11.841666,1
sh.600859,王府井,2026-05-06,12.28,12.33,12.13,12.17,12.37,21754905.0,265351659.3,1.9358,-1.6168,0,-311.772407,0.703782,1.371252,-11.610262,1
sh.600860,京城股份,2026-05-06,10.84,10.88,10.77,10.82,10.79,8267900.0,89457323.0,1.862,0.278,0,-80.123781,7.175866,3.912087,87.487264,1
sh.600861,北京人力,2026-05-06,15.9,15.98,15.83,15.86,15.9,3543000.0,56272328.0,0.9665,-0.2516,0,10.667341,1.186035,0.196335,-4.180556,1
sh.600862,中航高科,2026-05-06,20.02,20.7,20.02,20.51,20.0,24917176.0,510503897.48,1.7887,2.55,0,30.923181,3.60299,6.094986,34.672239,1
sh.600863,华能蒙电,2026-05-06,4.65,4.74,4.61,4.73,4.64,71541271.0,334104726.21,1.0961,1.9397,0,16.351358,1.772598,1.824771,-234.162952,1
sh.600864,哈投股份,2026-05-06,6.09,6.2,6.08,6.19,6.11,53378055.0,328777885.22,2.5655,1.3093,0,41.740035,0.998343,4.678049,4.710788,1
sh.600865,百大集团,2026-05-06,11.72,11.76,11.36,11.53,11.51,9911900.0,114004434.0,2.6345,0.1738,0,208.57815,1.877095,21.080833,1389.077023,1
sh.600866,星湖科技,2026-05-06,5.82,5.86,5.74,5.8,5.82,38601994.0,223387331.5,3.074,-0.3436,0,21.048446,1.17914,0.617692,-15.537977,1
sh.600867,通化东宝,2026-05-06,9.25,9.38,9.15,9.31,9.23,38764692.0,359198201.2,1.9793,0.8667,0,14.744244,2.518593,5.99138,17.647593,1
sh.600868,梅雁吉祥,2026-05-06,3.43,3.52,3.42,3.51,3.41,67855856.0,236347705.64,3.5748,2.9326,0,-69.933573,3.443635,16.497304,44.434365,1
sh.600869,远东股份,2026-05-06,17.31,18.66,17.31,18.24,16.99,111882238.0,2037695665.98,5.0412,7.3573,0,369.454592,9.410458,1.417465,967.196264,1
sh.600871,石化油服,2026-05-06,2.69,2.7,2.62,2.63,2.72,189136586.0,498547898.67,1.3961,-3.3088,0,77.268971,5.186662,0.614489,-67.095647,1
sh.600872,中炬高新,2026-05-06,20.8,21.13,20.42,20.95,20.78,20512775.0,428877762.03,2.6606,0.8181,0,26.358943,2.745439,3.690926,-209.990727,1
sh.600873,梅花生物,2026-05-06,9.92,9.92,9.7,9.72,9.92,50372309.0,491853355.07,1.7963,-2.0161,0,11.452162,1.660284,1.139243,-112.213972,1
sh.600874,创业环保,2026-05-06,6.22,6.3,6.2,6.3,6.21,11974441.0,74780695.47,0.9732,1.4493,0,11.192222,0.939058,2.058366,5.432535,1
sh.600875,东方电气,2026-05-06,39.65,41.2,39.54,40.64,39.01,106199265.0,4304166767.19,4.6921,4.1784,0,32.969706,2.997844,1.767071,238.186102,1
sh.600876,凯盛新能,2026-05-06,9.45,9.73,9.38,9.41,9.43,7613261.0,72412743.89,1.9241,-0.2121,0,-5.317992,2.209713,2.008696,-29.261735,1
sh.600877,电科芯片,2026-05-06,16.77,17.55,16.77,17.4,16.45,33142163.0,572462734.44,2.799,5.7751,0,689.976001,8.229743,20.993504,-215.789639,1
sh.600879,航天电子,2026-05-06,24.08,25.5,24.03,25.17,23.97,197316651.0,4936836012.87,5.9806,5.0063,0,363.370241,3.977064,5.909581,-84.204639,1
sh.600880,博瑞传播,2026-05-06,5.15,5.22,5.09,5.12,5.13,32764958.0,169011029.86,2.9976,-0.1949,0,-409.885769,1.864661,14.137589,-45.016957,1
sh.600881,亚泰集团,2026-05-06,1.58,1.63,1.58,1.61,1.56,67849271.0,109184369.11,2.0992,3.2051,0,-2.897331,12.101294,0.835314,47.653824,1
sh.600882,妙可蓝多,2026-05-06,20.7,21.09,20.18,20.38,20.68,9291500.0,190353610.0,1.8217,-1.4507,0,93.098277,2.236233,1.725205,-32.953303,1
sh.600883,博闻科技,2026-05-06,9.18,9.29,9.05,9.19,9.01,13166599.0,120971741.81,5.577,1.9978,0,77.111685,2.208701,36.286012,35.695388,1
sh.600884,杉杉股份,2026-05-06,16.81,18.07,16.8,17.69,16.65,232286686.0,4039349265.82,12.6579,6.2462,0,52.647557,1.767608,1.795444,104.997667,1
sh.600885,宏发股份,2026-05-06,31.4,33.58,31.08,33.43,31.14,59301769.0,1947099223.07,3.8319,7.3539,0,28.260056,3.951719,2.822885,75.965501,1
sh.600886,国投电力,2026-05-06,13.71,13.83,13.48,13.66,13.63,47401627.0,645634934.72,0.6359,0.2201,0,14.709948,1.584239,2.08641,-82.67829,1
sh.600887,伊利股份,2026-05-06,27.45,27.49,27.01,27.45,27.46,105134290.0,2869648527.63,1.6704,-0.0364,0,14.366645,2.913855,1.474727,-18.93725,1
sh.600888,新疆众和,2026-05-06,8.66,8.76,8.62,8.74,8.62,31074149.0,269902589.5,2.0008,1.3921,0,19.249303,1.060329,1.739515,110.110711,1
sh.600889,*ST京化,2026-05-06,15.33,15.63,15.15,15.19,15.39,4125902.0,63186199.67,1.1262,-1.2995,1,-150.102566,7.574677,23.182444,170.119587,1
sh.600892,*ST大晟,2026-05-06,3.66,3.83,3.66,3.83,3.65,10002400.0,37652149.0,1.7883,4.9315,1,-24.329462,244.319365,6.06166,-97.277604,1
sh.600893,航发动力,2026-05-06,46.5,47.75,46.5,46.84,46.25,35472255.0,1673369243.81,1.331,1.2757,0,198.381289,3.105106,2.642807,-15896.516293,1
sh.600894,广日股份,2026-05-06,9.42,9.57,9.31,9.55,9.48,13995377.0,131752197.12,1.6599,0.7384,0,11.433448,0.914261,1.105914,27.573048,1
sh.600895,张江高科,2026-05-06,36.98,38.37,36.81,37.68,36.62,41169655.0,1552961263.37,2.6584,2.8946,0,75.279415,4.269652,15.355143,92.04348,1
sh.600897,厦门空港,2026-05-06,16.05,16.14,16.0,16.02,16.12,2323945.0,37293611.35,0.5574,-0.6203,0,13.109544,1.344209,3.217896,212.209046,1
sh.600900,长江电力,2026-05-06,27.34,27.34,27.04,27.2,27.32,123774954.0,3359761259.49,0.5059,-0.4392,0,18.444557,2.920249,7.620211,353.066478,1
sh.600901,江苏金租,2026-05-06,6.85,6.85,6.68,6.69,6.9,57114571.0,384754621.05,0.9864,-3.0435,0,11.775155,1.498121,6.089152,28.228585,1
sh.600903,贵州燃气,2026-05-06,6.48,6.52,6.46,6.48,6.47,9055560.0,58721062.2,0.7874,0.1546,0,96.794265,2.434854,1.178079,-28.687658,1
sh.600905,三峡能源,2026-05-06,4.09,4.11,4.09,4.11,4.09,118950055.0,488018878.5,0.4161,0.489,0,50.914313,1.309615,4.238776,397.573697,1
sh.600906,财达证券,2026-05-06,6.41,6.53,6.37,6.52,6.42,71234146.0,460031575.66,3.3534,1.5576,0,23.978205,1.691157,7.175923,3.987927,1
sh.600908,无锡银行,2026-05-06,5.72,5.74,5.67,5.7,5.73,21446700.0,122266087.0,1.0727,-0.5236,0,5.378157,0.540733,2.576951,2.71275,1
sh.600909,华安证券,2026-05-06,5.57,5.72,5.57,5.69,5.56,65079504.0,368679463.73,1.2953,2.3381,0,14.173115,1.083696,5.955274,2.616707,1
sh.600916,中国黄金,2026-05-06,8.9,9.04,8.87,9.03,8.94,30351193.0,272339433.59,1.8066,1.0067,0,49.801007,2.077586,0.204553,-4.827548,1
sh.600917,重庆燃气,2026-05-06,5.28,5.32,5.24,5.31,5.27,7274038.0,38463383.57,0.466,0.759,0,36.791167,1.437162,0.814199,-115.018151,1
sh.600918,中泰证券,2026-05-06,6.02,6.07,6.01,6.06,6.02,31592608.0,190982610.48,0.8047,0.6645,0,31.284117,1.073733,3.99324,1.376,1
sh.600919,江苏银行,2026-05-06,11.29,11.3,11.06,11.25,11.3,129215903.0,1443450208.74,0.7041,-0.4425,0,5.848003,0.7814,2.29855,0.876599,1
sh.600925,苏能股份,2026-05-06,4.69,4.71,4.64,4.71,4.69,11787700.0,55110939.0,0.734,0.4264,0,148.057933,2.082175,2.488561,-61.303809,1
sh.600926,杭州银行,2026-05-06,17.4,17.4,17.1,17.19,17.4,32137064.0,553251209.24,0.4433,-1.2069,0,6.345684,0.889898,3.176685,-28.758673,1
sh.600927,永安期货,2026-05-06,14.97,14.97,14.64,14.87,14.82,8047900.0,119414162.0,0.5529,0.3374,0,26.596111,1.615417,10.283035,7.477689,1
sh.600928,西安银行,2026-05-06,3.7,3.7,3.66,3.68,3.69,28595996.0,105207055.12,0.6465,-0.271,0,6.07151,0.455735,1.512638,6.722365,1
sh.600929,雪天盐业,2026-05-06,6.98,7.02,6.83,6.86,6.93,25316310.0,174942101.2,1.5436,-1.0101,0,192.329453,1.487566,2.086284,24.107064,1
sh.600930,华电新能,2026-05-06,6.17,6.27,6.16,6.27,6.17,159373662.0,991704889.23,4.9345,1.6207,0,40.850277,2.368099,6.548574,-44.126954,1
sh.600933,爱柯迪,2026-05-06,17.1,17.36,16.9,17.13,16.97,23077844.0,394620632.67,2.3612,0.9428,0,15.572406,1.794372,2.300754,29.330252,1
sh.600935,华塑股份,2026-05-06,2.66,2.68,2.62,2.68,2.67,30549600.0,80815046.0,0.871,0.3745,0,-84.662495,1.621902,2.105407,-365.467587,1
sh.600936,北投科技,2026-05-06,4.15,4.3,4.13,4.27,4.13,37708700.0,159480127.0,2.2566,3.3898,0,-35.337912,7.177687,1.972534,-5.582858,1
sh.600938,中国海油,2026-05-06,39.0,39.11,38.16,38.28,39.99,68355900.0,2624982867.53,2.2862,-4.2761,0,14.594921,2.173506,4.465502,205.959547,1
sh.600939,重庆建工,2026-05-06,3.06,3.13,3.02,3.09,3.05,26396674.0,81295644.4,1.3875,1.3115,0,-4.939803,0.838739,0.275421,21.904063,1
sh.600941,中国移动,2026-05-06,96.61,96.8,95.2,96.79,96.63,10383932.0,996024001.62,1.1502,0.1656,0,15.443819,1.474143,1.991978,69.428424,1
sh.600955,维远股份,2026-05-06,19.42,19.56,19.04,19.25,19.41,8815305.0,169342851.45,1.6028,-0.8243,0,-13.974577,1.380097,1.170752,140.609675,1
sh.600956,新天绿能,2026-05-06,8.21,8.5,8.2,8.48,8.2,20715271.0,173971837.85,0.8822,3.4146,0,24.106303,1.547463,2.064127,129.268883,1
sh.600958,东方证券,2026-05-06,9.34,9.34,9.34,9.34,9.34,,,,,0,13.717944,0.969884,5.098978,1.398174,0
sh.600959,江苏有线,2026-05-06,3.87,3.95,3.87,3.93,3.88,44082798.0,173006130.44,0.8815,1.2887,0,90.385571,0.864196,2.508692,-7.141204,1
sh.600960,渤海汽车,2026-05-06,4.98,5.04,4.95,4.98,4.97,17185317.0,85846587.66,1.808,0.2012,0,29.573741,1.344076,1.693456,-30.382622,1
sh.600961,株冶集团,2026-05-06,26.74,27.74,26.74,27.51,26.49,64175829.0,1749084858.69,8.5361,3.8505,0,14.81671,5.84057,1.207094,91.54115,1
sh.600962,国投中鲁,2026-05-06,22.0,22.19,21.75,21.94,21.75,5194900.0,114048158.0,1.9812,0.8736,0,316.625287,6.074851,3.243876,85.027617,1
sh.600963,岳阳林纸,2026-05-06,4.62,4.7,4.57,4.66,4.64,28072200.0,129915186.0,1.5972,0.431,0,-30.231396,1.07697,0.961763,-45.392421,1
sh.600965,*ST福成,2026-05-06,3.62,3.62,3.62,3.62,3.81,1555400.0,5630548.0,0.19,-4.9869,1,54.406098,1.347021,2.541889,29.85718,1
sh.600966,博汇纸业,2026-05-06,6.33,6.36,6.22,6.33,6.35,16689168.0,104751940.68,1.2484,-0.315,0,53.731867,1.131308,0.44412,71.968431,1
sh.600967,内蒙一机,2026-05-06,14.1,14.35,14.08,14.22,14.1,16358489.0,232549850.79,0.9612,0.8511,0,84.364101,2.025479,2.445714,9.30517,1
sh.600968,海油发展,2026-05-06,4.38,4.38,4.24,4.27,4.43,92481900.0,394942728.01,0.9098,-3.6117,0,11.050854,1.438998,0.867469,-671.733211,1
sh.600969,郴电国际,2026-05-06,10.03,10.14,9.98,10.05,9.93,8521006.0,85679645.32,2.3027,1.2085,0,48.419752,1.021619,0.885859,-10.545613,1
sh.600970,中材国际,2026-05-06,9.34,9.38,9.26,9.35,9.33,37399309.0,348433877.88,1.4265,0.2144,0,9.237473,1.047777,0.500734,39.754454,1
sh.600971,恒源煤电,2026-05-06,8.28,8.42,8.19,8.38,8.29,22575574.0,188090405.65,1.8813,1.0856,0,-53.371713,0.846925,1.680268,-9.052917,1
sh.600973,宝胜股份,2026-05-06,7.3,7.47,7.3,7.42,7.28,29981819.0,221741006.11,2.1863,1.9231,0,-602.808891,3.005357,0.194122,25.845634,1
sh.600975,新五丰,2026-05-06,5.6,5.68,5.58,5.67,5.62,13171100.0,74173143.0,1.054,0.8897,0,-5.566001,3.966102,1.018167,-13.293617,1
sh.600976,健民集团,2026-05-06,31.69,31.84,31.2,31.66,31.69,2121300.0,66685187.0,1.3838,-0.0947,0,14.394338,1.769817,1.449344,-45.376823,1
sh.600977,中国电影,2026-05-06,13.7,13.75,13.4,13.54,13.78,42076445.0,571714216.61,2.2537,-1.7417,0,176.402336,2.300763,5.388915,51.949388,1
sh.600979,广安爱众,2026-05-06,5.05,5.13,5.03,5.13,4.99,71064875.0,362016255.17,5.767,2.8056,0,-17.811995,1.558915,2.156728,44.950864,1
sh.600980,北矿科技,2026-05-06,23.45,23.95,23.23,23.75,23.06,5023401.0,119179182.84,2.6542,2.9922,0,35.463736,2.973683,3.374933,-141.088372,1
sh.600981,苏豪汇鸿,2026-05-06,2.86,2.87,2.81,2.83,2.85,21805299.0,61879533.16,0.9724,-0.7018,0,-1838.912425,1.274088,0.111061,12.736675,1
sh.600982,宁波能源,2026-05-06,6.12,6.31,6.12,6.28,6.06,94889200.0,592047756.0,8.4902,3.6304,0,18.560314,1.538239,1.807648,13323.196855,1
sh.600983,惠而浦,2026-05-06,9.4,9.44,9.29,9.31,9.4,5379801.0,50159365.29,0.7019,-0.9574,0,14.299507,2.321983,1.67948,321.458128,1
sh.600984,建设机械,2026-05-06,4.19,4.29,4.15,4.22,4.16,30084206.0,126442720.77,2.3933,1.4423,0,-2.374471,2.965391,2.073937,157.576605,1
sh.600985,淮北矿业,2026-05-06,14.86,14.86,14.4,14.71,14.81,21221254.0,311000892.13,0.7879,-0.6752,0,30.347962,0.943174,0.970191,295.209499,1
sh.600986,浙文互联,2026-05-06,10.19,10.75,10.19,10.57,9.99,164346349.0,1735549061.91,11.0494,5.8058,0,-333.306822,3.047038,1.950359,15.81806,1
sh.600987,航民股份,2026-05-06,7.13,7.14,6.98,7.07,7.12,15354773.0,108219064.65,1.5042,-0.7022,0,9.782815,1.055672,0.734953,43.385083,1
sh.600988,赤峰黄金,2026-05-06,38.56,41.28,37.68,41.11,38.0,88368086.0,3496093301.91,5.3109,8.1842,0,21.779111,5.46754,5.667202,47.770914,1
sh.600989,宝丰能源,2026-05-06,29.78,30.23,28.86,30.16,30.7,136634459.0,4052942417.94,1.8632,-1.759,0,17.589446,4.243823,4.379371,414.759734,1
sh.600990,四创电子,2026-05-06,23.25,23.55,23.09,23.19,23.12,3965868.0,92710513.74,1.4742,0.3028,0,-19.384708,4.063,3.873345,118.024945,1
sh.600992,贵绳股份,2026-05-06,11.41,11.57,11.3,11.36,11.4,9599800.0,109658797.0,3.9168,-0.3509,0,-946.174656,1.947867,1.348272,-20.820903,1
sh.600993,马应龙,2026-05-06,26.0,26.18,25.72,25.8,26.03,4355297.0,112853547.16,1.0121,-0.8836,0,18.833314,2.421737,2.844421,-18.081908,1
sh.600995,南网储能,2026-05-06,14.38,14.75,14.37,14.73,14.38,31718316.0,463275502.1,0.9924,2.4339,0,26.622431,2.038196,6.137851,-825.498405,1
sh.600996,贵广网络,2026-05-06,8.52,8.88,8.52,8.75,8.45,33304321.0,291096293.15,2.6712,3.5503,0,-8.27234,6.953033,8.870106,-816.620842,1
sh.600997,开滦股份,2026-05-06,5.88,5.95,5.83,5.92,5.89,12069980.0,71057696.6,0.7602,0.5093,0,-44.990721,0.694276,0.543275,-13.253418,1
sh.600998,九州通,2026-05-06,5.17,5.2,5.1,5.11,5.17,50508415.0,259189555.94,1.0017,-1.1605,0,12.767525,0.936654,0.156966,22.713591,1
sh.600999,招商证券,2026-05-06,15.73,16.04,15.73,15.99,15.72,65368766.0,1041923927.25,0.8807,1.7176,0,10.445663,1.118554,5.106401,2.039271,1
sh.601000,唐山港,2026-05-06,4.65,4.71,4.59,4.65,4.65,55815856.0,259667261.32,0.9419,0.0,0,13.198205,1.257073,4.622062,-36.725691,1
sh.601001,晋控煤业,2026-05-06,19.03,19.37,18.75,19.32,19.33,23071615.0,439088810.96,1.3785,-0.0517,0,19.505154,1.654156,2.354935,16.052543,1
sh.601002,晋亿实业,2026-05-06,6.28,6.5,6.17,6.23,6.22,42500902.0,267934542.46,4.453,0.1608,0,23.16696,1.353922,2.57595,23.923945,1
sh.601003,柳钢股份,2026-05-06,4.57,4.57,4.57,4.57,4.57,,,,,0,27.729827,1.281805,0.177586,-7.523784,0
sh.601005,重庆钢铁,2026-05-06,1.4,1.42,1.4,1.41,1.4,63184454.0,88898088.6,0.76,0.7143,0,-4.451818,0.909516,0.56025,-8.007934,1
sh.601006,大秦铁路,2026-05-06,5.26,5.29,5.23,5.27,5.27,114547112.0,602170653.83,0.5686,0.0,0,18.583623,0.638764,1.354038,-3.159959,1
sh.601007,金陵饭店,2026-05-06,7.66,7.67,7.51,7.65,7.67,15204440.0,115734900.3,3.8986,-0.2608,0,45.67988,1.846551,1.668011,-10.884716,1
sh.601008,连云港,2026-05-06,4.81,4.87,4.79,4.87,4.79,12114057.0,58551570.41,0.9764,1.6701,0,33.821116,1.42887,2.337197,9.652626,1
sh.601009,南京银行,2026-05-06,11.71,11.73,11.42,11.48,11.75,57662249.0,663510795.15,0.4664,-2.2979,0,6.36514,0.754377,2.469992,60.688102,1
sh.601010,ST文峰,2026-05-06,2.1,2.1,2.1,2.1,2.21,1815400.0,3812340.0,0.0982,-4.9774,1,-36.448068,0.939765,2.694638,-25.738307,1
sh.601011,宝泰隆,2026-05-06,3.14,3.16,3.1,3.16,3.14,33860150.0,106006984.57,1.7675,0.6369,0,-19.562724,1.11762,8.42645,499.313858,1
sh.601012,隆基绿能,2026-05-06,16.53,16.65,16.39,16.55,16.46,145902230.0,2408376085.53,1.9253,0.5468,0,-18.153209,2.484881,1.847461,1178.915995,1
sh.601015,陕西黑猫,2026-05-06,4.0,4.08,3.95,4.08,4.02,54430765.0,218713785.02,2.6649,1.4925,0,-6.783208,1.732224,0.842422,-21.680514,1
sh.601016,节能风电,2026-05-06,4.24,4.69,4.24,4.69,4.26,590512424.0,2687656865.89,9.7796,10.0939,0,61.645253,1.723522,7.121773,22.793033,1
sh.601018,宁波港,2026-05-06,3.7,3.72,3.68,3.72,3.7,73932924.0,273875494.8,0.38,0.5405,0,14.016374,0.882995,2.252515,-11.431136,1
sh.601019,山东出版,2026-05-06,7.46,7.55,7.44,7.54,7.46,16148880.0,120814667.06,0.7738,1.0724,0,13.345786,1.001417,1.403637,-8.823218,1
sh.601020,华钰矿业,2026-05-06,28.67,30.58,28.62,30.31,28.66,41993222.0,1237248236.25,5.1213,5.7572,0,29.046514,5.77964,12.236291,82.205788,1
sh.601021,春秋航空,2026-05-06,47.68,47.93,46.92,47.17,47.18,7550762.0,356820455.21,0.7718,-0.0212,0,17.592947,2.475576,2.077583,-207.540577,1
sh.601022,宁波远洋,2026-05-06,8.7,8.74,8.66,8.73,8.66,5852881.0,50980049.08,0.4473,0.8083,0,18.468224,1.819512,1.812012,-22.254525,1
sh.601026,道生天合,2026-05-06,17.72,17.95,17.58,17.82,17.57,4061545.0,72242156.81,3.6562,1.4229,0,58.031972,4.45632,3.521355,48.96276,1
sh.601033,永兴股份,2026-05-06,15.49,15.72,15.4,15.65,15.43,6584405.0,102788861.2,2.7435,1.4258,0,15.62759,1.273937,3.138189,-98.72645,1
sh.601038,一拖股份,2026-05-06,13.88,14.02,13.68,13.89,13.84,9904831.0,137765363.97,1.3537,0.3613,0,18.471055,1.898022,1.427245,-19.658976,1
sh.601058,赛轮轮胎,2026-05-06,13.97,14.03,13.55,13.78,13.92,70668701.0,968595585.36,2.1492,-1.0057,0,12.798285,2.021371,1.197354,377.112795,1
sh.601059,信达证券,2026-05-06,16.97,17.06,16.93,17.05,16.91,11226027.0,190903775.24,0.3462,0.8279,0,25.82286,2.4904,13.261073,5.07208,1
sh.601061,中信金属,2026-05-06,13.93,14.34,13.9,14.25,13.86,25980273.0,368608557.08,0.5302,2.8139,0,19.978014,2.881862,0.445409,35.268718,1
sh.601065,江盐集团,2026-05-06,8.29,8.35,8.28,8.33,8.29,4294600.0,35704898.0,0.6681,0.4825,0,26.457296,1.188943,2.418256,59.619924,1
sh.601066,中信建投,2026-05-06,23.15,23.35,22.87,23.32,23.0,26291300.0,609350696.06,0.4048,1.3913,0,16.058519,2.096549,6.884425,1.754376,1
sh.601068,中铝国际,2026-05-06,6.23,6.32,6.19,6.26,6.22,16931485.0,105875408.57,0.6615,0.6431,0,69.917033,6.077718,0.828602,-26.813256,1
sh.601069,西部黄金,2026-05-06,32.5,34.35,32.21,34.17,32.59,29932970.0,998437128.46,3.3739,4.8481,0,32.067563,5.921731,1.579467,33.850151,1
sh.601077,渝农商行,2026-05-06,7.3,7.35,7.17,7.26,7.28,57043527.0,413583151.61,0.6454,-0.2747,0,6.693416,0.606403,2.818415,-6.567351,1
sh.601083,锦江航运,2026-05-06,12.19,12.39,12.15,12.27,12.11,11169076.0,137265362.48,5.7537,1.3212,0,10.737364,1.63994,2.243864,24.442317,1
sh.601086,国芳集团,2026-05-06,8.91,8.92,8.68,8.76,8.93,25718204.0,225355984.56,3.8616,-1.9037,0,60.335928,3.579929,7.026534,181.670821,1
sh.601088,中国神华,2026-05-06,47.6,47.99,46.67,47.73,48.0,30823063.0,1459057427.68,0.1869,-0.5625,0,20.075566,2.152698,3.500638,-30.407892,1
sh.601089,福元医药,2026-05-06,20.63,21.15,20.37,20.85,20.59,3439300.0,71597326.0,0.7165,1.2627,0,23.052308,2.582902,2.871618,-24.468608,1
sh.601096,宏盛华源,2026-05-06,5.55,5.65,5.54,5.63,5.56,30607371.0,171734401.31,1.8629,1.259,0,39.209203,3.158745,1.553256,-394.79081,1
sh.601098,中南传媒,2026-05-06,11.42,11.8,11.32,11.53,11.37,26929597.0,311779789.92,1.4994,1.4072,0,12.896995,1.25121,1.639193,-74.866824,1
sh.601099,太平洋,2026-05-06,3.7,3.78,3.69,3.75,3.68,130206605.0,487509301.41,1.9102,1.9022,0,153.082329,2.573057,20.128865,9.926422,1
sh.601100,恒立液压,2026-05-06,104.65,105.64,102.45,105.05,104.98,12124288.0,1263290094.34,0.9042,0.0667,0,50.874611,7.87507,12.009227,91.275189,1
sh.601101,昊华能源,2026-05-06,11.16,11.88,11.02,11.79,11.69,73013436.0,839266388.97,5.0704,0.8554,0,30.554257,1.378771,2.097252,45.214116,1
sh.601106,中国一重,2026-05-06,4.69,4.69,4.46,4.54,4.54,231218911.0,1051590873.24,3.3716,0.0,0,-137.794155,6.027686,3.119763,33.169737,1
sh.601107,四川成渝,2026-05-06,6.12,6.13,5.95,6.08,6.13,18360101.0,110682395.08,0.8489,-0.8157,0,12.531742,1.071005,2.025251,-9.613658,1
sh.601108,财通证券,2026-05-06,8.29,8.41,8.28,8.33,8.27,59336088.0,495108223.44,1.2778,0.7255,0,13.069869,1.014357,5.154837,5.851963,1
sh.601111,中国国航,2026-05-06,6.85,6.89,6.74,6.84,6.73,106087852.0,724678191.66,0.9116,1.6345,0,60.042954,2.713187,0.678118,-14.653559,1
sh.601112,振石股份,2026-05-06,20.2,20.76,20.2,20.71,20.1,19801766.0,407638257.19,11.1717,3.0348,0,47.885862,5.484068,4.820035,-114.380974,1
sh.601113,华鼎股份,2026-05-06,4.61,4.62,4.55,4.59,4.6,17465300.0,80098259.0,1.5818,-0.2174,0,36.796427,1.252752,1.076331,-24.203195,1
sh.601116,三江购物,2026-05-06,13.72,13.83,13.55,13.67,13.64,8973734.0,122907397.22,1.6385,0.2199,0,42.350955,2.235786,1.910588,-28.251211,1
sh.601117,中国化学,2026-05-06,8.63,8.64,8.44,8.54,8.6,118127749.0,1005666647.91,1.9403,-0.6977,0,7.951839,0.757528,0.27222,12.329722,1
sh.601118,海南橡胶,2026-05-06,7.33,7.57,7.28,7.39,7.19,73468880.0,544146885.88,1.7168,2.7816,0,-248.6031,3.306037,0.780387,-24.596181,1
sh.601121,宝地矿业,2026-05-06,7.86,7.99,7.84,7.91,7.78,12343200.0,97530536.0,1.5429,1.671,0,49.508353,1.778909,4.860917,6.321785,1
sh.601126,四方股份,2026-05-06,56.99,61.66,56.63,59.85,56.05,43094914.0,2590416500.39,5.2231,6.7797,0,58.108406,9.64443,5.850448,-129.766659,1
sh.601127,赛力斯,2026-05-06,87.0,88.48,87.0,88.07,88.75,22271608.0,1954814887.02,1.4302,-0.7662,0,25.726116,3.713773,0.893764,12.442451,1
sh.601128,常熟银行,2026-05-06,7.32,7.32,7.18,7.22,7.32,64361324.0,464369552.17,1.9406,-1.3661,0,5.517733,0.747383,2.025877,-4.030242,1
sh.601133,柏诚股份,2026-05-06,23.13,23.92,23.0,23.76,22.78,34746528.0,821468488.32,6.6261,4.302,0,65.325771,4.144157,3.171357,-46.002778,1
sh.601136,首创证券,2026-05-06,16.67,16.92,16.6,16.83,16.62,15442392.0,259144226.74,0.565,1.2635,0,41.743968,3.251921,17.283904,28.895341,1
sh.601137,博威合金,2026-05-06,17.57,18.19,17.55,18.01,17.51,17414156.0,312342612.56,1.8974,2.8555,0,-58.400953,1.762895,0.771201,26.071773,1
sh.601138,工业富联,2026-05-06,63.28,63.88,61.74,63.08,62.88,265283791.0,16736719748.63,1.3368,0.3181,0,30.794006,7.1035,1.259891,-159.568246,1
sh.601139,深圳燃气,2026-05-06,6.91,6.92,6.77,6.89,6.93,36209500.0,247009839.0,1.2587,-0.5772,0,13.746251,1.201149,0.681158,16.078069,1
sh.601155,新城控股,2026-05-06,14.82,15.4,14.66,15.29,14.78,21421861.0,322655499.22,0.9497,3.4506,0,50.177124,0.55709,0.681711,233.645247,1
sh.601156,东航物流,2026-05-06,16.1,16.36,15.98,16.34,16.0,11271100.0,182433703.0,1.1932,2.125,0,9.533402,1.283209,1.025478,25.164842,1
sh.601158,重庆水务,2026-05-06,4.44,4.46,4.41,4.46,4.43,10489153.0,46530816.15,0.2185,0.6772,0,25.647972,1.222811,2.841603,16.595187,1
sh.601162,天风证券,2026-05-06,3.6,3.9,3.59,3.78,3.58,359337361.0,1355645471.78,4.1793,5.5866,0,288.708725,1.389813,14.332769,13.923401,1
sh.601163,三角轮胎,2026-05-06,14.76,14.87,14.54,14.66,14.68,7261300.0,106426628.3,0.9077,-0.1362,0,12.032876,0.828036,1.167397,19.362743,1
sh.601166,兴业银行,2026-05-06,17.94,17.97,17.74,17.79,17.93,135142601.0,2406410705.22,0.6386,-0.7808,0,4.857586,0.453631,1.774644,0.589865,1
sh.601168,西部矿业,2026-05-06,29.92,31.04,29.46,30.91,29.59,79096674.0,2395749061.13,3.3192,4.461,0,16.661317,3.691146,1.153277,180.579867,1
sh.601169,北京银行,2026-05-06,5.31,5.31,5.28,5.28,5.3,141798494.0,749773021.47,0.6707,-0.3774,0,5.442422,0.393927,1.583295,0.473372,1
sh.601177,杭齿前进,2026-05-06,16.0,16.99,15.73,16.73,15.93,25341723.0,414642213.85,6.3345,5.022,0,25.971093,2.342218,2.76785,358.199617,1
sh.601179,中国西电,2026-05-06,16.92,17.47,16.92,17.43,16.92,190880381.0,3303423578.28,3.7239,3.0142,0,67.613621,3.825784,3.710966,-37.429088,1
sh.601186,中国铁建,2026-05-06,6.75,6.76,6.71,6.72,6.75,80206468.0,539663624.78,0.6973,-0.4444,0,5.183672,0.328339,0.090836,6.033416,1
sh.601187,厦门银行,2026-05-06,7.74,7.75,7.59,7.69,7.72,17525625.0,134153804.09,0.6655,-0.3886,0,7.565215,0.74428,3.292464,-284.118848,1
sh.601188,龙江交通,2026-05-06,3.37,3.39,3.33,3.35,3.36,14349000.0,48071570.0,1.0991,-0.2976,0,28.396857,0.965964,5.615464,85.097987,1
sh.601198,东兴证券,2026-05-06,13.24,13.41,13.18,13.39,13.2,23550688.0,313555886.81,0.7286,1.4394,0,20.85809,1.405637,9.426635,5.274037,1
sh.601199,江南水务,2026-05-06,5.32,5.74,5.31,5.63,5.31,31824147.0,177456545.73,3.4029,6.0264,0,14.596657,1.119828,3.590218,14.09404,1
sh.601200,上海环境,2026-05-06,8.18,8.23,8.16,8.2,8.19,10146856.0,83097100.54,0.7537,0.1221,0,18.299198,0.933976,1.784929,221.000283,1
sh.601208,东材科技,2026-05-06,40.0,41.97,39.15,41.05,39.14,87230381.0,3591243975.72,8.6351,4.8799,0,109.013097,6.811601,7.552964,-191.823996,1
sh.601211,国泰海通,2026-05-06,16.17,16.45,16.14,16.27,16.12,197192918.0,3207492736.98,1.461,0.9305,0,13.063747,0.878613,4.149351,2.010499,1
sh.601212,白银有色,2026-05-06,7.67,8.05,7.67,7.99,7.63,153527940.0,1209275997.32,2.0734,4.7182,0,-105.422215,3.72218,0.680479,11.8362,1
sh.601216,君正集团,2026-05-06,5.59,5.7,5.57,5.67,5.59,102807627.0,579496738.79,1.2184,1.4311,0,15.802807,1.602466,1.904384,36.961419,1
sh.601218,吉鑫科技,2026-05-06,6.47,6.64,6.37,6.55,6.47,71994804.0,468521226.42,7.4295,1.2365,0,40.084265,2.093472,4.118364,-63.02161,1
sh.601222,林洋能源,2026-05-06,6.07,6.2,6.06,6.18,6.08,28910031.0,178174595.58,1.4163,1.6447,0,69.750685,0.832553,2.399227,222.371283,1
sh.601225,陕西煤业,2026-05-06,25.87,26.0,24.99,25.9,26.13,57416059.0,1460974507.4,0.5922,-0.8802,0,15.528805,2.459373,1.599678,47.062797,1
sh.601226,华电科工,2026-05-06,8.9,9.07,8.89,8.97,8.86,19631750.0,176496667.5,1.6892,1.2415,0,55.782973,2.397725,0.98784,-18.12807,1
sh.601228,广州港,2026-05-06,3.24,3.28,3.23,3.26,3.24,29823734.0,97270807.84,0.3953,0.6173,0,31.191215,1.142099,1.825621,32.158319,1
sh.601229,上海银行,2026-05-06,9.38,9.38,9.28,9.3,9.38,54140259.0,504248738.96,0.381,-0.8529,0,5.452611,0.523014,2.3879,9.039596,1
sh.601231,环旭电子,2026-05-06,38.5,39.49,38.01,38.98,37.8,44615871.0,1734928972.34,1.8675,3.1217,0,48.109537,4.027436,1.581221,-48.804663,1
sh.601233,桐昆股份,2026-05-06,24.1,24.3,23.5,23.9,24.21,66272519.0,1582890742.89,2.7908,-1.2805,0,17.126522,1.413638,0.581176,-31.883109,1
sh.601236,红塔证券,2026-05-06,7.51,7.58,7.49,7.54,7.5,19584167.0,147408580.77,0.4152,0.5333,0,31.928405,1.390716,15.386331,17.617207,1
sh.601238,广汽集团,2026-05-06,7.04,7.06,6.98,7.03,7.03,20106480.0,141096803.34,0.2723,0.0,0,-8.231822,0.687683,0.739848,9.655989,1
sh.601279,英利汽车,2026-05-06,3.99,4.04,3.98,4.0,3.98,10732200.0,42995017.0,0.6768,0.5025,0,-84.789162,1.52957,1.507922,-47.579733,1
sh.601288,农业银行,2026-05-06,6.91,6.91,6.78,6.86,6.92,375837419.0,2563241043.24,0.1177,-0.8671,0,8.158085,0.849393,3.223151,2.767334,1
sh.601298,青岛港,2026-05-06,8.89,8.95,8.77,8.94,8.85,12408727.0,110200161.76,0.2301,1.0169,0,11.067164,1.232278,3.029822,-45.172317,1
sh.601311,骆驼股份,2026-05-06,10.0,10.05,9.89,9.95,9.95,40723560.0,405186274.9,3.4713,0.0,0,15.35047,1.140215,0.728699,28.74499,1
sh.601318,中国平安,2026-05-06,59.38,59.84,59.05,59.36,59.37,90508315.0,5373455216.42,0.849,-0.0168,0,8.094873,1.055543,1.037409,10.388626,1
sh.601319,中国人保,2026-05-06,7.17,7.21,7.12,7.15,7.18,73795346.0,528090076.9,0.2079,-0.4178,0,7.420655,0.990122,0.478375,-95.934931,1
sh.601326,秦港股份,2026-05-06,3.51,3.52,3.48,3.5,3.5,21455648.0,75127658.92,0.451,0.0,0,12.121362,0.94321,2.774337,-34.46456,1
sh.601328,交通银行,2026-05-06,6.8,6.8,6.67,6.73,6.8,253914445.0,1705549600.4,0.9739,-1.0294,0,6.168198,0.510802,2.216381,-38.638702,1
sh.601330,绿色动力,2026-05-06,8.52,8.75,8.51,8.7,8.57,35916220.0,310379730.4,3.6312,1.5169,0,19.475472,1.504221,3.456789,20.92547,1
sh.601333,广深铁路,2026-05-06,3.2,3.22,3.15,3.16,3.22,122014397.0,387090032.27,2.1587,-1.8634,0,14.561305,0.773556,0.767072,14.78997,1
sh.601336,新华保险,2026-05-06,64.4,65.33,63.55,64.68,64.4,24924376.0,1607925355.54,1.1952,0.4348,0,5.467639,1.63303,1.377511,-36.632584,1
sh.601339,百隆东方,2026-05-06,9.48,9.49,9.06,9.12,9.29,18155769.0,166845034.34,1.2107,-1.8299,0,18.857682,1.462774,1.684738,86.237174,1
sh.601360,三六零,2026-05-06,11.28,11.55,11.25,11.45,11.17,134789462.0,1544523928.7,1.9257,2.5067,0,124.17005,2.744709,9.066457,-26.397497,1
sh.601366,利群股份,2026-05-06,4.03,4.05,4.0,4.03,4.04,11056553.0,44397287.46,1.152,-0.2475,0,-12.074616,0.885023,0.614246,13.932004,1
sh.601368,绿城水务,2026-05-06,4.99,5.12,4.99,5.07,4.97,12065700.0,61142475.0,1.3665,2.0121,0,37.830619,0.925807,1.785208,7.718101,1
sh.601369,陕鼓动力,2026-05-06,9.18,9.26,9.14,9.19,9.18,15133650.0,139259571.5,0.887,0.1089,0,22.889986,1.741389,1.675978,30.341639,1
sh.601375,中原证券,2026-05-06,4.06,4.13,4.05,4.1,4.06,45924402.0,188422549.2,1.3321,0.9852,0,36.501606,1.308123,9.066985,2.681804,1
sh.601377,兴业证券,2026-05-06,6.08,6.19,6.07,6.17,6.07,128814121.0,791601955.19,1.4916,1.6474,0,16.970983,0.940787,4.382983,1.42807,1
sh.601388,怡球资源,2026-05-06,4.12,4.13,4.01,4.1,4.08,97577760.0,396554578.94,4.4329,0.4902,0,43.314197,1.924429,1.175354,250.147881,1
sh.601390,中国中铁,2026-05-06,5.08,5.08,5.05,5.07,5.08,138384366.0,701067275.13,0.6757,-0.1969,0,5.89664,0.389305,0.115897,-100.823563,1
sh.601398,工商银行,2026-05-06,7.45,7.45,7.31,7.36,7.45,382681585.0,2810776900.01,0.1419,-1.2081,0,7.063878,0.665312,3.064907,-3.256221,1
sh.601399,国机重装,2026-05-06,4.29,4.33,4.24,4.3,4.29,112654370.0,482844300.6,1.5617,0.2331,0,64.689807,2.084918,2.218576,-67.851914,1
sh.601456,国联民生,2026-05-06,9.6,9.7,9.55,9.67,9.63,35062571.0,338226760.97,0.8011,0.4154,0,25.795079,1.02691,6.894662,2.97471,1
sh.601500,通用股份,2026-05-06,4.61,4.68,4.59,4.66,4.66,34737040.0,160664316.6,2.1944,0.0,0,32.879868,1.206715,0.870129,-23.977436,1
sh.601512,中新集团,2026-05-06,10.06,10.54,10.03,10.33,10.06,18772700.0,193980442.0,1.2524,2.6839,0,16.902797,1.003808,5.39216,-99.593787,1
sh.601515,衢州东峰,2026-05-06,4.6,4.62,4.51,4.54,4.54,33093842.0,150292381.88,1.7196,0.0,0,-19.537864,1.783194,6.572726,-44.336197,1
sh.601518,吉林高速,2026-05-06,2.93,2.94,2.91,2.93,2.93,17405765.0,50844758.05,0.9207,0.0,0,11.267034,0.950211,4.012698,8.936018,1
sh.601519,大智慧,2026-05-06,10.25,11.15,10.24,10.81,10.24,62216500.0,668014645.44,3.1278,5.5664,0,-282.971631,16.575996,25.511276,-203.207164,1
sh.601528,瑞丰银行,2026-05-06,5.23,5.25,5.21,5.22,5.23,16780090.0,87745107.2,0.9675,-0.1912,0,5.215905,0.507263,2.345272,5.155798,1
sh.601555,东吴证券,2026-05-06,8.1,8.23,8.06,8.18,8.04,62298766.0,508138647.97,1.2538,1.7413,0,12.047393,0.929085,4.609965,1.870874,1
sh.601566,九牧王,2026-05-06,10.88,10.93,10.75,10.85,10.86,6343600.0,68716296.0,1.1039,-0.0921,0,36.224655,1.525734,2.060056,-121.356476,1
sh.601567,三星电气,2026-05-06,20.29,20.52,20.11,20.18,20.06,24042957.0,487355239.39,1.711,0.5982,0,29.787592,2.425104,2.030272,-67.855449,1
sh.601568,北元集团,2026-05-06,3.91,3.93,3.83,3.85,3.91,36062570.0,139028411.72,0.9079,-1.5345,0,373.072796,1.344355,1.750202,22.048112,1
sh.601577,长沙银行,2026-05-06,9.93,9.94,9.78,9.81,9.97,25779556.0,253701618.36,0.6412,-1.6048,0,4.79183,0.534672,1.525898,1.744954,1
sh.601579,会稽山,2026-05-06,17.83,18.05,17.61,17.8,17.85,9697009.0,173057489.66,2.0225,-0.2801,0,31.509809,2.195983,4.635782,-23.700246,1
sh.601588,北辰实业,2026-05-06,1.98,2.02,1.93,1.99,2.0,117214409.0,231598836.85,4.4066,-0.5,0,-2.355898,1.022712,1.089973,15.543383,1
sh.601595,上海电影,2026-05-06,24.2,24.37,23.63,23.7,24.25,6184215.0,147796687.92,1.3798,-2.268,0,175.197455,6.277943,12.55396,28.803207,1
sh.601598,中国外运,2026-05-06,6.0,6.01,5.85,5.96,6.0,24099943.0,142391582.46,0.4673,-0.6667,0,10.535472,1.024195,0.452027,13.732776,1
sh.601599,浙文影业,2026-05-06,3.71,3.73,3.68,3.69,3.71,22509000.0,83361594.0,1.9395,-0.5391,0,38.432279,2.79653,1.321094,101.815556,1
sh.601600,中国铝业,2026-05-06,11.77,12.15,11.66,12.14,11.65,337775378.0,4031412354.42,2.5641,4.206,0,14.200371,2.58244,0.854124,34.315952,1
sh.601601,中国太保,2026-05-06,37.23,37.6,36.93,37.1,37.23,42744129.0,1587793954.83,0.6245,-0.3492,0,6.61946,1.116747,0.822411,9.503533,1
sh.601606,长城军工,2026-05-06,37.62,38.16,37.58,37.87,37.62,10403834.0,394689807.65,1.4365,0.6645,0,3960.027628,12.568454,17.425187,-325.08152,1
sh.601607,上海医药,2026-05-06,17.11,17.18,17.0,17.16,17.09,11602635.0,198766402.27,0.416,0.4096,0,10.954177,0.823216,0.220896,-11.946265,1
sh.601608,中信重工,2026-05-06,6.06,6.14,6.0,6.03,6.05,41381300.0,250648273.0,0.9036,-0.3306,0,72.742945,2.929895,3.400981,-247.105706,1
sh.601609,金田股份,2026-05-06,10.14,10.36,10.14,10.33,10.14,24903592.0,255445820.93,1.4406,1.8738,0,23.133145,1.764515,0.133007,225.632829,1
sh.601611,中国核建,2026-05-06,13.34,13.5,13.33,13.43,13.34,32383077.0,434778666.46,1.0745,0.6747,0,34.578314,1.797441,0.424394,-69.68872,1
sh.601615,明阳智能,2026-05-06,15.84,15.94,15.58,15.84,15.84,76667745.0,1209643732.35,3.3901,0.0,0,93.659514,1.357943,0.917246,-8.005097,1
sh.601616,广电电气,2026-05-06,4.64,4.7,4.63,4.68,4.64,21451101.0,99928995.45,2.5128,0.8621,0,-68.131598,1.676337,4.929953,87.396691,1
sh.601618,中国中冶,2026-05-06,2.94,2.96,2.93,2.95,2.93,100090158.0,294978126.52,0.5606,0.6826,0,45.376573,0.592495,0.143741,1.765606,1
sh.601619,嘉泽新能,2026-05-06,5.67,5.95,5.64,5.92,5.64,78427298.0,455979845.2,3.2212,4.9645,0,28.456732,2.164333,7.08797,65.58471,1
sh.601628,中国人寿,2026-05-06,36.99,37.3,36.5,36.66,36.67,49733199.0,1828587798.88,0.2388,-0.0273,0,7.156907,1.731996,1.730457,28.967155,1
sh.601633,长城汽车,2026-05-06,19.9,20.0,19.68,19.91,19.89,22889198.0,454264371.51,0.3686,0.1006,0,18.807452,1.93176,0.747593,-59.831778,1
sh.601636,旗滨集团,2026-05-06,6.38,6.47,6.25,6.42,6.33,89728404.0,571623628.33,3.0327,1.4218,0,117.195889,1.271301,1.200568,-18.316115,1
sh.601658,邮储银行,2026-05-06,5.07,5.08,5.02,5.06,5.07,147373521.0,742314473.19,0.2032,-0.1972,0,6.91458,0.588597,1.676236,11.051357,1
sh.601665,齐鲁银行,2026-05-06,6.42,6.46,6.31,6.42,6.39,67264175.0,430956813.47,1.093,0.4695,0,6.689878,0.781041,2.916314,3.556101,1
sh.601666,平煤股份,2026-05-06,8.61,8.84,8.57,8.79,8.62,43601050.0,381692724.8,1.7657,1.9722,0,108.707563,0.993045,1.010982,17.194677,1
sh.601668,中国建筑,2026-05-06,4.92,4.93,4.89,4.92,4.91,189731089.0,930766199.99,0.4592,0.2037,0,5.3586,0.409811,0.099725,15.636063,1
sh.601669,中国电建,2026-05-06,5.6,5.63,5.6,5.63,5.59,161847221.0,908607610.67,1.2382,0.7156,0,10.386666,0.658948,0.149501,27.220967,1
sh.601677,明泰铝业,2026-05-06,17.92,18.02,17.64,17.83,17.75,40551837.0,720598586.85,3.3294,0.4507,0,9.97682,1.119046,0.602865,-77.070775,1
sh.601678,滨化股份,2026-05-06,5.35,5.37,5.25,5.34,5.35,63437419.0,336506854.1,3.1046,-0.1869,0,39.834939,0.939626,0.733381,-40.727385,1
sh.601686,友发集团,2026-05-06,5.56,5.62,5.56,5.59,5.57,5733509.0,32058393.13,0.3896,0.3591,0,12.163266,1.231554,0.164804,-26.106497,1
sh.601688,华泰证券,2026-05-06,19.29,19.59,19.22,19.33,19.15,128599913.0,2493419755.73,1.76,0.9399,0,9.947179,0.979689,4.489569,1.232174,1
sh.601689,拓普集团,2026-05-06,60.68,62.87,60.5,62.04,60.14,43690835.0,2707961131.53,2.5141,3.1593,0,38.987198,4.384825,3.541658,686.275735,1
sh.601696,中银证券,2026-05-06,12.48,12.65,12.43,12.56,12.42,39854716.0,500768855.13,1.4347,1.1272,0,30.975012,1.802824,9.801798,1.607751,1
sh.601698,中国卫通,2026-05-06,36.67,38.16,36.61,37.83,36.67,79235335.0,2993170136.21,1.8757,3.1633,0,401.898811,10.003974,60.337218,-107.338597,1
sh.601699,潞安环能,2026-05-06,16.08,16.45,15.71,16.37,16.16,48061654.0,774345200.39,1.6067,1.2995,0,41.606213,1.056434,1.741745,5.569279,1
sh.601700,风范股份,2026-05-06,5.53,5.66,5.51,5.57,5.43,29614525.0,164426115.23,2.6006,2.5783,0,-20.066001,2.94877,1.945683,-20.65667,1
sh.601702,华峰铝业,2026-05-06,18.52,18.75,18.39,18.5,18.52,9667648.0,179304300.4,0.9682,-0.108,0,15.675054,2.765435,1.470889,-82.535964,1
sh.601717,中创智领,2026-05-06,18.45,18.45,17.98,18.26,18.67,43566633.0,791110179.68,2.825,-2.196,0,7.957886,1.301433,0.791982,25.98628,1
sh.601718,ST际华,2026-05-06,2.78,2.78,2.78,2.78,2.93,3713900.0,10324642.0,0.0852,-5.1195,1,-28.647714,1.002189,1.825296,-5.280228,1
sh.601727,上海电气,2026-05-06,8.1,8.17,8.06,8.15,8.08,158315528.0,1285361433.31,1.2549,0.8663,0,97.84935,2.307293,0.983691,67.885673,1
sh.601728,中国电信,2026-05-06,6.03,6.05,5.92,5.95,6.03,142429380.0,848818910.49,0.1835,-1.3267,0,17.191569,1.162577,1.045425,-76.167581,1
sh.601766,中国中车,2026-05-06,5.97,5.99,5.91,5.94,5.97,214075873.0,1270832446.62,0.88,-0.5025,0,12.621583,0.970498,0.612743,22.749878,1
sh.601777,千里科技,2026-05-06,11.26,11.36,11.01,11.03,11.23,55991152.0,622805755.63,1.2384,-1.7809,0,442.34971,4.818853,4.725214,47.546593,1
sh.601778,晶科科技,2026-05-06,6.72,7.15,6.71,7.15,6.5,506886133.0,3503440017.37,13.5951,10.0,0,113.006909,1.696788,7.909109,-39.421542,1
sh.601788,光大证券,2026-05-06,15.2,15.38,15.15,15.34,15.19,43073208.0,658525777.25,1.1025,0.9875,0,17.37353,1.137296,6.187793,1.898086,1
sh.601789,宁波建工,2026-05-06,5.97,6.19,5.93,6.15,5.89,187294210.0,1143156882.7,17.2336,4.4143,0,29.638185,1.491835,0.461897,14.864997,1
sh.601798,蓝科高新,2026-05-06,9.14,9.32,9.07,9.24,9.11,9469101.0,87128335.21,2.6709,1.427,0,60.158333,2.531318,3.339869,32.42115,1
sh.601799,星宇股份,2026-05-06,124.1,126.33,123.12,124.99,124.08,3108901.0,387192493.33,1.0882,0.7334,0,21.547556,3.086172,2.290085,-13101.069956,1
sh.601800,中国交建,2026-05-06,7.01,7.04,6.92,6.95,7.01,60281309.0,419856909.14,0.5116,-0.8559,0,8.449054,0.388353,0.154434,4.090477,1
sh.601801,皖新传媒,2026-05-06,6.05,6.1,6.04,6.09,6.04,9518702.0,57866762.16,0.4862,0.8278,0,15.901782,0.981076,1.53259,-21.281773,1
sh.601808,中海油服,2026-05-06,14.95,14.95,14.55,14.86,15.1,26387066.0,388774081.36,0.8913,-1.5894,0,18.609275,1.492428,1.3963,51.425041,1
sh.601811,新华文轩,2026-05-06,13.6,13.67,13.57,13.67,13.59,3747198.0,51060630.74,0.4732,0.5887,0,10.772095,1.084199,1.438199,-10.390351,1
sh.601816,京沪高铁,2026-05-06,4.91,4.91,4.86,4.87,4.9,168756213.0,823227317.31,0.3449,-0.6122,0,17.846961,1.132432,5.490298,259.216187,1
sh.601818,光大银行,2026-05-06,3.12,3.13,3.1,3.11,3.12,168677076.0,524461203.6,0.3635,-0.3205,0,4.858572,0.364251,1.469625,5.208062,1
sh.601825,沪农商行,2026-05-06,8.96,8.97,8.51,8.75,8.98,50104300.0,434917399.11,0.5345,-2.5612,0,6.839381,0.640837,3.251821,52.383541,1
sh.601827,三峰环境,2026-05-06,8.24,8.25,8.12,8.21,8.24,10542100.0,86113863.0,0.6305,-0.3641,0,10.967999,1.100538,2.484233,18.172777,1
sh.601828,美凯龙,2026-05-06,2.65,2.67,2.52,2.64,2.67,59175014.0,155484691.32,1.6381,-1.1236,0,-0.49625,0.50974,1.764205,-11.860525,1
sh.601838,成都银行,2026-05-06,19.1,19.2,18.78,19.18,19.15,25614624.0,485734991.5,0.6043,0.1567,0,6.053862,0.883746,3.389587,3.492617,1
sh.601857,中国石油,2026-05-06,11.99,12.0,11.83,11.89,12.22,175440055.0,2087379425.37,0.1083,-2.7005,0,13.756887,1.339536,0.764142,-58.185011,1
sh.601858,中国科传,2026-05-06,25.39,26.5,25.0,25.53,25.38,15041413.0,387286322.91,1.9028,0.591,0,41.468939,3.536417,6.902006,78.162863,1
sh.601860,紫金银行,2026-05-06,2.69,2.7,2.68,2.69,2.69,38081709.0,102458643.44,1.0722,0.0,0,7.870412,0.481695,2.37672,0.667857,1
sh.601865,福莱特,2026-05-06,13.51,13.64,13.36,13.54,13.52,26450147.0,356466441.89,1.3914,0.1479,0,34.760969,1.439869,2.092368,-46.503322,1
sh.601866,中远海发,2026-05-06,2.66,2.69,2.65,2.68,2.66,76579602.0,204653751.43,0.7853,0.7519,0,22.935977,1.136409,1.372576,11.710059,1
sh.601868,中国能建,2026-05-06,2.83,2.85,2.83,2.84,2.83,470508774.0,1336510158.65,1.4509,0.3534,0,22.107983,1.05254,0.276393,-22.576742,1
sh.601869,长飞光纤,2026-05-06,362.0,370.0,353.5,361.05,353.9,17378892.0,6286263257.49,4.277,2.0203,0,258.315128,21.003103,19.856572,133.999948,1
sh.601872,招商轮船,2026-05-06,18.13,18.72,17.1,18.64,17.6,217357088.0,3925260126.44,2.6919,5.9091,0,19.027571,3.340108,4.833617,463.553569,1
sh.601877,正泰电器,2026-05-06,32.78,33.32,32.61,33.14,32.73,36162770.0,1195831276.54,1.6828,1.2527,0,15.464596,1.565408,1.080854,86.95413,1
sh.601878,浙商证券,2026-05-06,9.83,9.93,9.81,9.88,9.85,46893606.0,462808139.36,1.0253,0.3046,0,17.327124,1.198708,4.744444,1.487604,1
sh.601880,辽港股份,2026-05-06,1.64,1.65,1.63,1.64,1.64,121663524.0,199626524.92,0.6607,0.0,0,26.446277,0.949467,3.379956,40.482542,1
sh.601881,中国银河,2026-05-06,12.83,12.97,12.77,12.95,12.78,53481905.0,689454558.87,0.7384,1.3302,0,11.041767,1.168225,4.833086,1.231326,1
sh.601882,海天精工,2026-05-06,20.16,21.2,19.91,20.67,20.08,8517595.0,175395278.75,1.6317,2.9382,0,24.442998,3.52592,3.133817,333.732889,1
sh.601886,江河集团,2026-05-06,9.6,9.61,9.07,9.24,9.58,16763187.0,155316543.06,1.4795,-3.5491,0,16.925084,1.413129,0.472191,-27.634751,1
sh.601888,中国中免,2026-05-06,63.7,63.73,62.29,63.03,65.62,49419841.0,3113357698.21,2.5311,-3.947,0,32.768564,2.259717,2.431846,-30.053542,1
sh.601890,亚星锚链,2026-05-06,10.95,11.08,10.82,10.99,10.93,49385097.0,542655449.39,5.1475,0.5489,0,30.18374,2.708126,5.123784,-36.931532,1
sh.601898,中煤能源,2026-05-06,18.43,18.65,18.1,18.55,18.72,43268622.0,796995451.79,0.4728,-0.9081,0,13.850742,1.499564,1.709709,89.848623,1
sh.601899,紫金矿业,2026-05-06,33.5,34.38,33.21,34.21,33.3,399072032.0,13470799257.77,1.9371,2.7327,0,14.745813,4.611175,2.467577,17.180499,1
sh.601900,南方传媒,2026-05-06,12.55,12.59,12.46,12.53,12.5,10239000.0,128328908.0,1.1609,0.24,0,10.802243,1.209897,1.301443,-7.638296,1
sh.601901,方正证券,2026-05-06,7.2,7.28,7.18,7.26,7.18,72323559.0,523060641.9,0.8786,1.1142,0,14.026007,1.140185,5.463406,2.283521,1
sh.601908,京运通,2026-05-06,3.94,4.1,3.94,4.04,3.93,69180632.0,278037689.92,2.8651,2.799,0,-6.340604,1.317599,3.418982,-1191.444024,1
sh.601916,浙商银行,2026-05-06,2.97,2.99,2.97,2.98,2.97,105320582.0,313990589.21,0.4889,0.3367,0,6.308356,0.445845,1.307443,0.860291,1
sh.601918,新集能源,2026-05-06,8.89,8.91,8.7,8.8,8.95,90403858.0,795139414.93,3.4898,-1.676,0,10.591,1.305165,1.756636,39.276102,1
sh.601919,中远海控,2026-05-06,14.2,14.23,14.04,14.14,14.12,116847858.0,1649853554.97,0.9306,0.1416,0,8.64338,0.918672,1.014911,-5.852451,1
sh.601921,浙版传媒,2026-05-06,7.62,7.69,7.6,7.63,7.6,9725940.0,74267167.4,0.4377,0.3947,0,13.513746,1.168222,1.639574,-13.96802,1
sh.601928,凤凰传媒,2026-05-06,9.42,9.51,9.4,9.5,9.43,7492101.0,71050065.78,0.2944,0.7423,0,14.12682,1.186916,2.013865,-267.078215,1
sh.601929,吉视传媒,2026-05-06,2.92,3.0,2.91,2.97,2.91,106016931.0,315248688.69,3.0379,2.0619,0,-22.693327,2.214838,5.152357,12.363209,1
sh.601933,永辉超市,2026-05-06,3.82,3.84,3.78,3.8,3.84,131595161.0,499327055.17,1.4501,-1.0417,0,-14.291161,16.113264,0.698146,-12.406628,1
sh.601939,建设银行,2026-05-06,9.94,9.94,9.71,9.8,9.95,97785037.0,956687203.16,1.0193,-1.5075,0,7.499528,0.722708,3.277383,25.639401,1
sh.601949,中国出版,2026-05-06,5.9,5.95,5.86,5.87,5.87,9871899.0,58299992.87,0.5185,0.0,0,19.422056,1.123366,2.146263,116.964497,1
sh.601952,苏垦农发,2026-05-06,9.96,10.08,9.87,10.06,9.96,24525728.0,245122748.73,1.7798,1.004,0,26.940731,1.957606,1.382334,-26.108827,1
sh.601956,东贝集团,2026-05-06,5.93,5.99,5.91,5.94,5.93,7431740.0,44154758.4,1.1956,0.1686,0,264.557626,1.497935,0.583609,-17.641026,1
sh.601958,金钼股份,2026-05-06,19.65,20.66,19.6,20.57,19.58,48798953.0,985384331.71,1.5124,5.0562,0,19.645321,3.350854,4.512102,121.043337,1
sh.601963,重庆银行,2026-05-06,10.47,10.55,10.39,10.47,10.5,14455668.0,151530140.73,0.7107,-0.2857,0,6.519081,0.649093,2.444755,0.960601,1
sh.601965,中国汽研,2026-05-06,16.11,16.28,15.94,15.99,16.1,8923755.0,143474483.6,0.8938,-0.6832,0,15.274715,2.003981,3.281319,18.624902,1
sh.601966,玲珑轮胎,2026-05-06,13.25,13.28,13.17,13.21,13.22,11082618.0,146504224.51,0.7573,-0.0756,0,18.497023,0.846698,0.77323,-63.577918,1
sh.601968,宝钢包装,2026-05-06,5.15,5.29,5.15,5.2,5.15,16438284.0,85940394.8,1.2885,0.9709,0,33.892685,1.458178,0.719637,-10.335786,1
sh.601969,海南矿业,2026-05-06,12.24,12.47,12.0,12.4,12.23,36108807.0,441996708.34,1.8306,1.39,0,52.406509,3.534197,5.589041,52.693072,1
sh.601975,招商南油,2026-05-06,4.58,4.7,4.35,4.68,4.48,336606996.0,1530015120.05,7.1919,4.4643,0,15.015913,1.828105,3.641928,46.005839,1
sh.601985,中国核电,2026-05-06,8.99,8.99,8.85,8.92,8.99,141850334.0,1263052293.7,0.7512,-0.7786,0,22.287994,1.52919,2.272661,-197.300193,1
sh.601988,中国银行,2026-05-06,5.75,5.75,5.64,5.71,5.75,267950874.0,1519897391.55,0.1271,-0.6957,0,7.500705,0.673092,2.736922,24.904338,1
sh.601990,南京证券,2026-05-06,7.34,7.43,7.34,7.38,7.35,22240026.0,164352193.0,0.6033,0.4082,0,29.678164,1.375068,11.713054,3.219615,1
sh.601991,大唐发电,2026-05-06,4.58,4.58,4.51,4.58,4.16,329810220.0,1509568364.7,2.6606,10.0962,0,10.540647,2.301674,0.69865,-70.098393,1
sh.601992,金隅集团,2026-05-06,1.66,1.69,1.65,1.69,1.66,88033024.0,147307841.3,1.0563,1.8072,0,-12.424152,0.46456,0.201482,3.500579,1
sh.601995,中金公司,2026-05-06,34.37,34.83,34.3,34.66,34.23,24489565.0,847635051.84,0.8377,1.2562,0,14.772452,1.629641,5.297162,2.879299,1
sh.601996,丰林集团,2026-05-06,2.73,2.82,2.69,2.8,2.72,60956202.0,167645777.44,5.4381,2.9412,0,-25.885394,1.279518,1.842715,21.046769,1
sh.601997,贵阳银行,2026-05-06,6.01,6.02,5.96,5.98,6.01,63753149.0,381546513.33,1.7437,-0.4992,0,4.138235,0.331253,1.626669,6.255696,1
sh.601998,中信银行,2026-05-06,8.41,8.41,8.1,8.33,8.41,80440755.0,662137146.28,0.1973,-0.9512,0,6.509531,0.624042,2.153993,433.605427,1
sh.601999,出版传媒,2026-05-06,7.31,7.38,7.22,7.26,7.31,9394060.0,68511902.38,1.7052,-0.684,0,38.201045,1.489554,1.975458,17.279632,1
sh.603000,人民网,2026-05-06,19.1,19.79,19.08,19.53,18.98,28455956.0,554929761.46,2.5736,2.8978,0,113.31389,5.612148,10.444779,-138.123124,1
sh.603001,奥康国际,2026-05-06,8.31,9.05,8.28,9.05,8.23,16896873.0,150166019.17,4.2139,9.9635,0,-21.150802,1.53138,2.061179,18.760623,1
sh.603002,宏昌电子,2026-05-06,14.0,14.44,13.83,13.93,13.82,75848850.0,1068429606.12,6.6881,0.7959,0,537.619323,4.571451,4.505803,-82.238837,1
sh.603004,鼎龙科技,2026-05-06,20.77,21.15,20.75,21.06,20.73,2355200.0,49461009.0,4.0,1.5919,0,34.946785,2.386812,6.747751,-105.65662,1
sh.603005,晶方科技,2026-05-06,31.8,32.5,31.51,31.57,31.1,53546289.0,1714140302.65,8.2105,1.5113,0,55.691639,4.417967,13.57126,-135.22366,1
sh.603006,联明股份,2026-05-06,13.46,13.79,13.38,13.75,13.46,4793700.0,65191138.0,1.8854,2.1545,0,33.653734,2.570631,3.774324,-8.917847,1
sh.603007,花王股份,2026-05-06,5.81,6.07,5.6,5.97,5.86,32251185.0,190053030.15,4.6399,1.8771,0,-23.613333,22.531905,9.59891,-20.463734,1
sh.603008,ST喜临门,2026-05-06,9.8,9.8,9.8,9.8,10.32,524100.0,5136180.0,0.1423,-5.0388,1,26.846819,1.026573,0.411519,-24.393359,1
sh.603009,北特科技,2026-05-06,45.95,46.65,45.46,45.48,45.94,8246990.0,379923508.4,2.437,-1.0013,0,127.389137,7.662565,6.657347,79.584108,1
sh.603010,万盛股份,2026-05-06,13.34,13.34,12.75,13.04,13.02,11744858.0,151914533.58,2.0076,0.1536,0,-7.980455,2.944673,2.129592,113.948899,1
sh.603011,合锻智能,2026-05-06,20.77,21.44,20.75,21.18,20.58,15160011.0,320243756.39,3.0663,2.9155,0,-36.7765,5.617552,4.971689,-98.531322,1
sh.603012,创力集团,2026-05-06,8.66,8.95,8.66,8.75,8.66,18486633.0,162696853.82,2.8595,1.0393,0,61.717155,1.472357,2.091833,-30.253993,1
sh.603013,亚普股份,2026-05-06,20.41,20.85,20.36,20.74,20.41,11270400.0,232914665.0,2.2176,1.6169,0,18.788798,2.274815,1.12673,56.950269,1
sh.603014,威高血净,2026-05-06,35.95,36.66,35.95,36.29,35.95,1328930.0,48347786.95,3.3757,0.9458,0,31.050661,2.09006,4.013852,32.744389,1
sh.603015,弘讯科技,2026-05-06,11.88,12.08,11.84,11.96,11.79,5821314.0,69684482.0,1.4401,1.4419,0,182.772315,3.474807,6.007107,-99.083635,1
sh.603016,新宏泰,2026-05-06,56.04,56.04,52.18,53.04,54.94,6996527.0,372959000.07,4.7223,-3.4583,0,143.04929,9.285948,13.025879,28.773112,1
sh.603017,中衡设计,2026-05-06,15.54,15.95,15.13,15.74,15.4,38710902.0,605609541.27,14.016,2.2078,0,89.387346,2.911815,3.74848,-207.985845,1
sh.603018,华设集团,2026-05-06,7.57,7.78,7.57,7.62,7.52,12468596.0,95428776.32,1.8234,1.3298,0,18.316199,0.960656,1.274403,27.374846,1
sh.603019,中科曙光,2026-05-06,96.0,102.26,96.0,99.8,92.96,133799016.0,13421765665.4,9.1474,7.358,0,65.84359,6.473697,9.374105,-121.691138,1
sh.603020,爱普股份,2026-05-06,10.93,11.2,10.88,10.95,10.87,5122100.0,56561522.0,1.3365,0.736,0,47.944215,1.266402,1.686067,-373.654124,1
sh.603021,*ST华鹏,2026-05-06,7.43,7.5,7.13,7.13,7.5,11194960.0,80998299.6,3.499,-4.9333,1,-9.73543,-11.041574,6.307897,-107.73887,1
sh.603022,新通联,2026-05-06,11.53,11.73,11.34,11.46,11.3,9749800.0,112508258.0,4.8749,1.4159,0,38.592667,2.684261,2.321566,-488.42077,1
sh.603023,威帝股份,2026-05-06,4.59,4.7,4.53,4.66,4.55,19042000.0,88182231.88,3.4118,2.4176,0,24510.48679,3.377379,13.946439,-63.824117,1
sh.603025,大豪科技,2026-05-06,16.4,16.9,16.4,16.78,16.36,19937782.0,333324010.11,1.7975,2.5672,0,24.032638,6.319641,6.015748,-62.929873,1
sh.603026,石大胜华,2026-05-06,115.66,121.92,115.66,120.4,114.92,26843620.0,3213207751.35,11.5357,4.7685,0,85.930555,5.388918,3.760324,-216.185465,1
sh.603027,千禾味业,2026-05-06,9.11,9.23,9.04,9.09,9.15,28690927.0,260949922.49,2.296,-0.6557,0,36.159113,3.448808,4.735784,-28.397222,1
sh.603028,赛福天,2026-05-06,8.72,8.75,8.57,8.61,8.68,5908494.0,51134712.24,2.0791,-0.8065,0,-48.64821,5.321762,1.515623,291.720763,1
sh.603029,天鹅股份,2026-05-06,19.95,20.26,19.82,20.05,19.95,3618097.0,72488086.0,2.9817,0.5013,0,32.581106,2.535293,2.406547,75.396755,1
sh.603030,全筑股份,2026-05-06,2.77,2.88,2.7,2.81,2.65,134327975.0,375713439.75,10.2001,6.0377,0,-13.771523,5.292934,3.59485,68.705993,1
sh.603031,安孚科技,2026-05-06,42.19,43.34,41.5,42.39,41.5,18255109.0,775382811.96,5.8065,2.1446,0,54.935496,5.564553,3.352157,-19.550687,1
sh.603032,德新科技,2026-05-06,23.2,23.79,22.9,23.65,23.31,16616240.0,389225810.97,7.1726,1.4586,0,80.241635,4.71601,9.052793,-154.511307,1
sh.603033,三维股份,2026-05-06,11.09,11.38,11.03,11.2,11.24,7400231.0,82667712.34,0.7309,-0.3559,0,-22.205613,4.571877,2.422348,-114.493868,1
sh.603035,常熟汽饰,2026-05-06,13.47,13.54,13.41,13.46,13.47,4831768.0,65031325.24,1.3189,-0.0742,0,14.937066,0.915987,0.662406,21.684564,1
sh.603036,如通股份,2026-05-06,17.28,17.69,16.73,17.07,17.28,6754600.0,116173131.0,3.2788,-1.2153,0,35.278494,2.495922,8.125322,28.2348,1
sh.603037,凯众股份,2026-05-06,13.88,13.93,13.33,13.4,13.76,7430388.0,100860192.56,2.7919,-2.6163,0,50.671669,3.60032,4.317452,28.391319,1
sh.603038,华立股份,2026-05-06,16.79,17.3,16.79,16.92,16.84,6282860.0,106959770.7,2.3384,0.4751,0,54.611719,3.169919,3.295975,-35.929535,1
sh.603039,泛微网络,2026-05-06,46.17,46.64,45.65,45.8,45.55,11060672.0,510446296.25,4.3144,0.5488,0,36.160487,4.434416,5.124914,314.39989,1
sh.603040,新坐标,2026-05-06,79.8,80.44,78.0,78.86,79.62,1814290.0,143120068.1,1.3366,-0.9545,0,40.429252,6.919371,13.029228,798.216265,1
sh.603041,美思德,2026-05-06,14.12,14.4,13.92,14.06,14.12,6382500.0,90252092.58,3.4849,-0.4249,0,43.779915,1.684164,4.010817,-46.102051,1
sh.603042,华脉科技,2026-05-06,19.56,20.07,19.5,20.07,19.3,10077785.0,200110273.8,6.2755,3.9896,0,-57.770247,3.864646,3.890159,24.26088,1
sh.603043,广州酒家,2026-05-06,15.5,15.54,15.27,15.37,15.52,5168280.0,79408118.15,0.9164,-0.9665,0,17.85087,2.189903,1.596879,229.983928,1
sh.603045,福达合金,2026-05-06,51.35,51.35,50.52,51.35,46.68,9438521.0,483752534.07,6.9685,10.0043,0,23.637087,5.551342,1.164498,33.472929,1
sh.603048,浙江黎明,2026-05-06,23.56,23.56,22.9,23.15,23.41,3288400.0,76089815.55,2.2388,-1.1106,0,101.221074,2.659063,4.576459,-139.184084,1
sh.603049,中策橡胶,2026-05-06,49.0,49.21,48.31,48.54,48.94,2698869.0,130995667.07,3.0862,-0.8173,0,10.069315,1.660871,0.932787,22.933073,1
sh.603050,科林电气,2026-05-06,22.18,23.87,22.0,23.62,21.7,22492850.0,527806179.7,5.5769,8.8479,0,41.844823,4.964194,2.193753,-389.498715,1
sh.603051,鹿山新材,2026-05-06,23.58,23.8,23.4,23.69,23.42,7803310.0,184459933.49,4.8278,1.1529,0,-56.785293,2.249426,2.543011,-19.173779,1
sh.603052,可川科技,2026-05-06,83.48,87.46,83.48,84.86,81.44,6519793.0,553812584.01,3.4699,4.1994,0,-2416.533492,14.968758,16.878185,-110.144441,1
sh.603053,成都燃气,2026-05-06,9.68,9.75,9.62,9.68,9.69,2872979.0,27820056.51,0.3232,-0.1032,0,18.352936,1.703243,1.626858,-79.720744,1
sh.603055,台华新材,2026-05-06,9.09,9.35,9.09,9.19,9.07,9580232.0,87899705.44,1.08,1.323,0,16.369015,1.514909,1.28546,60.398263,1
sh.603057,紫燕食品,2026-05-06,27.8,28.59,27.6,28.45,27.78,4535774.0,127692598.98,1.1009,2.4118,0,38.530112,5.496444,3.470772,49.133672,1
sh.603058,永吉股份,2026-05-06,11.06,11.76,11.04,11.65,11.05,14031700.0,162291228.0,3.3923,5.4299,0,154.321366,4.082969,5.764923,156.785529,1
sh.603059,倍加洁,2026-05-06,34.73,35.63,33.51,34.93,34.58,2032200.0,70879892.0,2.0231,1.0121,0,28.763378,3.139451,2.15197,159.713348,1
sh.603060,国检集团,2026-05-06,6.72,6.87,6.71,6.78,6.68,25637011.0,174100837.93,3.1888,1.497,0,44.17272,2.697919,2.075301,45.042675,1
sh.603061,金海通,2026-05-06,259.44,265.5,249.88,258.02,254.85,3661550.0,948763540.53,4.2087,1.2439,0,96.189837,13.143624,26.30111,-258.56861,1
sh.603062,麦加芯彩,2026-05-06,53.89,55.26,53.75,54.5,53.75,1350782.0,73640332.19,3.6436,1.3953,0,34.596877,2.797949,3.574952,-109.881146,1
sh.603063,禾望电气,2026-05-06,44.1,48.27,43.92,48.27,43.88,39967126.0,1851154238.63,8.7112,10.0046,0,46.449442,4.242638,5.580976,53.684003,1
sh.603065,宿迁联盛,2026-05-06,8.26,8.32,8.2,8.3,8.27,4975200.0,41140777.0,1.1875,0.3628,0,-227.830912,1.74099,2.645884,-135.663343,1
sh.603066,音飞储存,2026-05-06,11.53,11.78,11.45,11.72,11.6,15122359.0,176250298.71,5.1405,1.0345,0,27.51067,2.259553,2.571675,-36.86609,1
sh.603067,振华股份,2026-05-06,35.68,37.66,35.11,37.0,34.98,45611702.0,1660523169.84,6.0371,5.7747,0,42.146223,7.256988,5.934805,-249.870098,1
sh.603068,博通集成,2026-05-06,35.78,36.99,35.78,36.38,35.48,6611638.0,240854888.42,4.3559,2.5366,0,251.248089,3.14567,5.194718,-48.290408,1
sh.603069,海汽集团,2026-05-06,16.93,17.07,16.64,17.07,17.02,4937788.0,83134843.4,1.5626,0.2938,0,-86.820005,6.981618,9.189667,158.118983,1
sh.603070,万控智造,2026-05-06,13.9,13.95,13.63,13.74,13.85,5464404.0,75007535.12,1.3627,-0.7942,0,90.669868,2.547516,3.006497,30.024718,1
sh.603071,物产环能,2026-05-06,14.06,14.28,14.04,14.26,14.03,4522565.0,64202888.3,0.8106,1.6393,0,12.120874,1.336661,0.226388,23.765883,1
sh.603072,天和磁材,2026-05-06,37.6,38.19,37.35,38.02,37.54,4610680.0,174459798.38,3.6526,1.2786,0,58.030112,4.506424,4.163263,-67.234052,1
sh.603073,彩蝶实业,2026-05-06,21.01,21.3,20.56,20.61,21.0,2942957.0,61150985.98,5.7827,-1.8571,0,39.87824,1.723174,2.95659,-10.276363,1
sh.603075,热威股份,2026-05-06,23.54,24.36,23.54,24.2,23.54,2751535.0,66283298.71,6.6712,2.8037,0,29.895369,4.350166,4.432033,117.544754,1
sh.603076,乐惠国际,2026-05-06,31.62,32.79,31.2,32.46,32.2,7181355.0,229465854.81,5.9497,0.8075,0,152.338223,3.03241,2.31644,-31.35742,1
sh.603077,和邦生物,2026-05-06,2.96,2.98,2.9,2.97,2.96,246466896.0,725866849.1,2.7907,0.3378,0,-69.884633,1.47873,3.829441,-101.862219,1
sh.603078,江化微,2026-05-06,25.75,26.54,25.38,26.25,24.81,35336579.0,919699259.24,9.1632,5.8041,0,94.808106,5.073877,7.90657,-41.057278,1
sh.603079,圣达生物,2026-05-06,15.96,16.3,15.71,16.25,15.96,5005805.0,80032476.58,2.6482,1.817,0,57.286067,1.922051,3.69853,9.968141,1
sh.603080,新疆火炬,2026-05-06,21.95,21.99,21.63,21.73,21.94,2657168.0,57881994.76,1.8779,-0.9572,0,14.609488,1.892568,1.872657,124.579219,1
sh.603081,大丰实业,2026-05-06,12.4,12.51,12.13,12.19,12.46,9013600.0,110222448.0,2.1334,-2.1669,0,87.522794,1.610862,2.093971,-1489.38639,1
sh.603082,北自科技,2026-05-06,33.96,34.65,33.93,34.17,33.96,1196079.0,40932954.46,2.9491,0.6184,0,37.173523,3.322148,2.651489,-40.139141,1
sh.603083,剑桥科技,2026-05-06,185.8,185.9,176.35,179.22,174.97,33073889.0,5954578013.52,12.0012,2.429,0,180.381016,8.357119,12.116012,21.146651,1
sh.603085,天成自控,2026-05-06,12.39,12.83,12.3,12.67,12.28,17768232.0,224722743.88,4.4745,3.1759,0,56.47327,5.200257,1.543362,-1119.174448,1
sh.603086,先达股份,2026-05-06,7.38,7.43,7.34,7.37,7.35,5962847.0,43868164.5,1.3714,0.2721,0,23.390101,1.509315,1.306867,13.729797,1
sh.603087,甘李药业,2026-05-06,59.0,59.36,58.7,59.16,58.85,6870307.0,405586351.45,1.2315,0.5268,0,34.503282,2.988001,8.956421,-315.83596,1
sh.603088,宁波精达,2026-05-06,12.0,12.74,12.0,12.4,11.94,19886546.0,244870828.07,4.5416,3.8526,0,67.888651,5.421206,7.245972,59.847201,1
sh.603089,正裕工业,2026-05-06,11.63,11.76,11.53,11.57,11.59,3481430.0,40349342.65,1.4504,-0.1726,0,55.631509,1.690007,1.131337,18.507161,1
sh.603090,宏盛股份,2026-05-06,64.15,65.83,63.4,64.19,64.15,5465700.0,352689782.0,5.4657,0.0624,0,84.290893,9.848643,7.950663,-120.40934,1
sh.603091,众鑫股份,2026-05-06,81.83,85.67,81.18,83.25,81.06,858600.0,71713879.89,2.7308,2.7017,0,29.567756,3.728015,5.486702,-23.785787,1
sh.603092,德力佳,2026-05-06,73.48,75.8,73.01,75.5,73.0,2764308.0,206879670.64,8.2634,3.4247,0,33.661243,5.265173,5.307767,57.901188,1
sh.603093,南华期货,2026-05-06,21.08,21.28,20.62,21.08,20.95,9462500.0,198883193.0,1.5511,0.6205,0,24.99578,2.627991,9.754553,0.696812,1
sh.603095,越剑智能,2026-05-06,27.77,27.77,23.69,24.18,25.37,29626310.0,730470782.78,11.4711,-4.6906,0,94.275002,2.671731,6.437642,-23.180829,1
sh.603096,新经典,2026-05-06,18.57,18.6,18.25,18.36,18.44,2075800.0,38224113.0,1.3459,-0.4338,0,38.714907,1.503166,4.505902,-181.757118,1
sh.603097,江苏华辰,2026-05-06,27.38,27.69,27.08,27.45,27.08,3679600.0,100784430.0,2.2996,1.3663,0,90.943599,4.202698,2.044172,150.812824,1
sh.603098,森特股份,2026-05-06,14.1,14.19,13.79,13.9,14.19,9340860.0,129871115.41,1.7336,-2.0437,0,82.886624,2.625111,2.654132,216.102949,1
sh.603099,长白山,2026-05-06,34.7,34.85,34.3,34.5,34.95,4752600.0,164176446.0,1.7822,-1.2876,0,70.622454,6.238829,11.524672,60.755386,1
sh.603100,川仪股份,2026-05-06,19.56,19.92,19.35,19.72,19.49,8427755.0,166366535.33,1.6475,1.1801,0,15.778613,2.112459,1.485725,-55.284842,1
sh.603101,汇嘉时代,2026-05-06,11.24,11.38,10.48,10.49,11.06,43431666.0,467610606.88,9.2329,-5.1537,0,58.424497,3.442982,1.987135,64.268215,1
sh.603102,百合股份,2026-05-06,41.09,41.9,41.05,41.85,41.08,1003010.0,41773505.0,1.5672,1.8744,0,21.930839,1.591733,2.802035,-90.28945,1
sh.603103,横店影视,2026-05-06,20.6,21.15,20.51,20.94,20.66,8289028.0,172637139.22,1.307,1.3553,0,-92.552766,10.389492,7.778496,3661.125733,1
sh.603105,芯能科技,2026-05-06,9.8,9.93,9.79,9.88,9.73,16848963.0,166140635.11,3.3697,1.5416,0,28.153835,2.298694,6.874526,-30.289467,1
sh.603106,恒银科技,2026-05-06,8.96,9.16,8.9,9.07,8.9,7474990.0,67651629.4,1.4361,1.9101,0,164.711791,3.565317,14.487646,-18.211207,1
sh.603107,上海汽配,2026-05-06,14.41,14.41,14.23,14.32,14.31,2591600.0,37110336.0,1.1879,0.0699,0,31.07981,2.215884,2.17443,-51.711937,1
sh.603108,润达医疗,2026-05-06,13.53,13.82,13.5,13.67,13.43,14912567.0,204011915.94,2.4702,1.787,0,-15.492171,2.244239,1.205257,-42.786805,1
sh.603109,神驰机电,2026-05-06,22.43,22.8,22.21,22.58,22.4,3877900.0,87228767.0,1.8568,0.8036,0,53.941001,2.392135,1.59978,-44.575106,1
sh.603110,东方材料,2026-05-06,22.06,22.8,21.8,22.04,22.13,20210436.0,448912318.52,10.0436,-0.4067,0,3989.882546,6.364097,10.85521,-179.584923,1
sh.603111,康尼机电,2026-05-06,6.94,6.95,6.81,6.87,6.92,10943900.0,75124012.0,1.2832,-0.7225,0,16.622039,1.439553,1.403005,-223.725598,1
sh.603112,华翔股份,2026-05-06,21.5,22.66,20.89,22.31,20.75,19332640.0,423528182.92,3.6162,7.5181,0,21.071075,2.664239,2.863952,-155.368545,1
sh.603113,金能科技,2026-05-06,6.25,6.4,6.04,6.05,6.71,48270800.0,292959407.0,5.689,-9.8361,0,-7.965532,0.704317,0.325404,-95.041493,1
sh.603115,海星股份,2026-05-06,56.67,62.58,56.46,62.58,56.89,11030400.0,667543295.6,4.5601,10.0018,0,67.821999,6.99201,6.250516,85.207487,1
sh.603116,红蜻蜓,2026-05-06,6.52,6.93,6.44,6.86,6.52,25579940.0,171972540.4,4.4394,5.2147,0,-29.266925,1.563048,1.96028,-20.587867,1
sh.603117,万林物流,2026-05-06,4.7,4.71,4.56,4.64,4.68,15787740.0,73121976.6,2.6348,-0.8547,0,378.254052,2.711433,12.030868,386.994226,1
sh.603118,共进股份,2026-05-06,14.71,15.29,14.71,15.04,14.64,68726316.0,1036783801.73,8.7296,2.7322,0,148.13083,2.33366,1.26963,-127.661636,1
sh.603119,浙江荣泰,2026-05-06,82.75,84.9,81.5,84.08,82.51,27683359.0,2316193282.67,13.5783,1.9028,0,105.222245,14.500958,20.586371,-2370.322046,1
sh.603120,肯特催化,2026-05-06,39.31,41.68,39.3,41.47,39.12,2861080.0,116886260.35,7.549,6.0072,0,44.501131,3.146767,5.935598,45.417141,1
sh.603121,华培动力,2026-05-06,20.09,20.32,19.91,20.29,20.09,5824851.0,117086771.93,1.7206,0.9955,0,-112.442599,6.260188,5.817066,-172.78865,1
sh.603122,合富中国,2026-05-06,15.16,15.64,15.06,15.54,15.05,21102626.0,325211495.96,5.3015,3.2558,0,-172.175662,5.926178,9.424027,-66.637485,1
sh.603123,翠微股份,2026-05-06,11.66,12.06,11.58,11.93,11.6,33173335.0,394862335.68,5.0858,2.8448,0,-22.205549,5.849751,4.14784,169.107417,1
sh.603124,江南新材,2026-05-06,127.45,130.21,126.49,127.91,127.1,2786100.0,357964998.4,3.5899,0.6373,0,71.498308,9.668109,1.660273,411.681637,1
sh.603125,常青科技,2026-05-06,22.05,23.1,22.0,22.84,22.07,13033099.0,295502216.63,3.2193,3.4889,0,45.314233,3.655415,7.843392,-23.688893,1
sh.603126,中材节能,2026-05-06,8.22,8.75,8.22,8.53,8.18,22563907.0,191066007.07,3.696,4.2787,0,158.936059,2.53813,1.235123,102.380914,1
sh.603127,昭衍新药,2026-05-06,38.41,39.75,37.56,39.7,38.87,42907857.0,1672007065.95,6.807,2.1353,0,60.089747,3.476682,17.640379,97.057053,1
sh.603128,华贸物流,2026-05-06,5.59,5.64,5.58,5.62,5.58,10223489.0,57481424.27,0.781,0.7168,0,15.893574,1.165483,0.401891,26.6934,1
sh.603129,春风动力,2026-05-06,274.8,276.72,268.01,271.82,274.73,1895643.0,514625564.55,1.2351,-1.0592,0,24.790699,5.212272,2.000575,42.085991,1
sh.603130,云中马,2026-05-06,46.08,47.1,45.08,46.81,45.66,1806600.0,83697961.0,1.3138,2.5186,0,59.274331,4.486446,2.425333,123.543425,1
sh.603131,上海沪工,2026-05-06,23.67,24.62,23.33,23.87,22.52,39942927.0,956922073.78,11.8558,5.9947,0,-541.324161,4.870493,8.797333,-28.968963,1
sh.603132,金徽股份,2026-05-06,19.2,19.75,19.1,19.52,19.24,7099500.0,137987688.0,0.7259,1.4553,0,29.218743,5.597229,10.000805,-71.159162,1
sh.603135,中重科技,2026-05-06,12.19,12.24,11.97,12.11,11.96,5641088.0,68139478.16,0.8961,1.2542,0,-445.369811,2.599778,21.075584,15.448113,1
sh.603136,天目湖,2026-05-06,11.0,11.04,10.47,10.53,11.04,15049340.0,159954537.89,5.5712,-4.6196,0,30.939315,2.058868,5.65097,-16.197372,1
sh.603137,恒尚节能,2026-05-06,13.85,14.07,13.85,13.95,13.84,3029617.0,42321765.6,1.6561,0.7948,0,-55.029539,2.132165,1.96796,11.595891,1
sh.603138,海量数据,2026-05-06,18.21,19.9,18.21,19.23,18.21,16987600.0,325921765.08,5.8915,5.6013,0,-79.241469,6.986007,10.663304,-87.545065,1
sh.603139,康惠股份,2026-05-06,35.95,38.22,35.95,37.1,36.3,5492400.0,203783861.0,5.499,2.2039,0,-12.547017,6.789197,8.35918,-62.895123,1
sh.603150,万朗磁塑,2026-05-06,61.79,62.58,60.6,60.94,60.63,1779700.0,109305684.0,2.0819,0.5113,0,51.778228,2.992948,0.994663,19.252468,1
sh.603151,邦基科技,2026-05-06,15.89,16.1,15.7,15.88,15.79,3395319.0,54031718.96,1.9843,0.57,0,31.272256,1.963965,0.447773,8.954093,1
sh.603153,上海建科,2026-05-06,17.01,17.26,16.9,17.18,17.43,8837363.0,151188829.82,2.1887,-1.4343,0,18.9669,1.812057,1.407319,16.165425,1
sh.603155,新亚强,2026-05-06,17.84,18.63,17.83,18.39,17.68,10667597.0,194485832.75,3.3781,4.0158,0,68.318185,2.625064,9.313646,-257.496343,1
sh.603156,养元饮品,2026-05-06,38.97,41.31,38.22,41.31,37.55,14653930.0,595004677.98,1.1628,10.0133,0,36.522641,5.2531,8.629017,-323.76774,1
sh.603158,腾龙股份,2026-05-06,12.8,14.04,12.79,14.04,12.76,42093498.0,572852397.6,8.577,10.0313,0,115.387714,3.032779,1.672112,55.88507,1
sh.603159,上海亚虹,2026-05-06,25.8,26.19,25.1,25.18,25.8,2559217.0,64895043.74,1.828,-2.4031,0,-345.935744,7.109322,9.045747,171.259139,1
sh.603160,汇顶科技,2026-05-06,65.71,67.2,65.63,65.83,64.89,7334130.0,487221356.8,1.5746,1.4486,0,40.401054,3.269682,6.607687,109.289434,1
sh.603161,科华控股,2026-05-06,14.81,14.98,14.66,14.77,14.81,3744823.0,55361550.42,1.9632,-0.2701,0,32.781522,1.878333,1.297455,-207.483683,1
sh.603162,海通发展,2026-05-06,15.05,16.36,15.02,16.36,14.87,18784415.0,300670792.53,6.7214,10.0202,0,24.976354,3.269701,3.047834,-280.837294,1
sh.603163,圣晖集成,2026-05-06,99.36,104.26,99.0,101.0,98.0,2996350.0,305661943.25,2.9964,3.0612,0,61.476501,8.450355,3.418062,24.463019,1
sh.603165,荣晟环保,2026-05-06,17.4,18.21,17.28,17.74,17.4,12040936.0,213568436.36,3.7576,1.954,0,24.824991,2.114404,2.492045,110.01325,1
sh.603166,福达股份,2026-05-06,13.7,13.79,13.58,13.71,13.66,7142085.0,97679792.01,1.1147,0.366,0,27.104156,3.23788,4.380522,232.040821,1
sh.603167,渤海轮渡,2026-05-06,9.01,9.05,8.96,8.97,9.07,11999464.0,107921514.48,2.5577,-1.1025,0,16.909266,1.188291,2.283052,3696.683103,1
sh.603168,莎普爱思,2026-05-06,6.77,6.8,6.61,6.68,6.74,8517315.0,57077645.63,2.2864,-0.8902,0,-9.131787,1.886054,5.437993,-69.042099,1
sh.603169,兰石重装,2026-05-06,8.49,8.61,8.45,8.58,8.43,20531326.0,175862696.56,1.5717,1.7794,0,-18.520778,4.214908,1.789353,-23.209074,1
sh.603170,宝立食品,2026-05-06,13.68,13.79,13.46,13.55,13.65,3624634.0,49253987.0,0.9061,-0.7326,0,20.080009,3.501788,1.782485,531.955999,1
sh.603171,税友股份,2026-05-06,55.06,58.98,55.06,57.94,55.29,8359094.0,480412258.53,2.0594,4.7929,0,164.90306,9.138685,11.250603,203.882513,1
sh.603172,万丰股份,2026-05-06,21.58,21.98,21.5,21.87,21.58,3241326.0,70629676.24,6.4723,1.3438,0,56.260121,2.622795,4.876578,-85.548949,1
sh.603173,福斯达,2026-05-06,38.86,39.18,38.71,38.87,38.9,1852480.0,72018813.0,1.1578,-0.0771,0,15.623805,2.99354,2.060767,8.411796,1
sh.603175,超颖电子,2026-05-06,98.11,100.99,94.88,98.8,96.18,5156423.0,510161533.31,11.3392,2.7241,0,673.015242,15.765235,8.560302,73.295414,1
sh.603176,汇通集团,2026-05-06,5.73,5.78,5.63,5.67,5.71,6842800.0,38974479.0,1.4817,-0.7005,0,128.511321,2.521089,1.129085,-37.24722,1
sh.603177,德创环保,2026-05-06,12.1,12.12,11.83,11.9,12.09,7002200.0,83585193.0,3.4292,-1.5715,0,-45.886983,7.524676,2.30414,359.045768,1
sh.603178,圣龙股份,2026-05-06,20.23,20.98,19.5,19.5,19.46,40389543.0,808266964.56,17.0844,0.2055,0,-28.528701,4.027373,2.802979,93.945515,1
sh.603179,新泉股份,2026-05-06,61.42,64.43,61.41,62.71,61.4,29604886.0,1868606985.94,5.8033,2.1336,0,39.724094,4.232104,2.044869,251.047951,1
sh.603180,金牌家居,2026-05-06,18.53,18.77,18.5,18.55,18.52,1851347.0,34482654.65,1.2002,0.162,0,-105.258907,1.060431,0.886092,-363.006406,1
sh.603181,皇马科技,2026-05-06,15.2,15.4,15.14,15.26,15.18,7687075.0,117169743.14,1.3058,0.527,0,20.085969,2.485901,3.654823,-258.744361,1
sh.603182,嘉华股份,2026-05-06,15.35,15.41,14.88,14.98,15.05,4174600.0,62760369.0,2.537,-0.4651,0,28.563272,2.176377,1.693422,-79.989578,1
sh.603183,建研院,2026-05-06,4.88,4.97,4.83,4.87,4.9,19422122.0,95132339.36,3.9067,-0.6122,0,211.796735,1.515568,3.072494,220.555727,1
sh.603185,弘元绿能,2026-05-06,21.86,22.35,21.18,22.0,21.71,26805377.0,581196764.81,3.9476,1.3358,0,-356.79461,1.273427,1.949585,-24.632845,1
sh.603186,华正新材,2026-05-06,81.0,83.99,81.0,81.83,79.18,17758042.0,1465021277.64,11.326,3.3468,0,44.359152,5.478816,2.805314,-178.283378,1
sh.603187,海容冷链,2026-05-06,14.1,14.29,13.93,14.22,13.98,10286220.0,145233878.76,2.6902,1.7167,0,14.126787,1.275945,1.675912,-17.064881,1
sh.603188,亚邦股份,2026-05-06,5.31,5.4,5.28,5.37,5.32,23001802.0,123076092.74,4.0342,0.9398,0,-68.3796,4.342828,3.615154,29.111272,1
sh.603189,*ST网达,2026-05-06,11.83,12.12,11.65,11.65,12.26,23674900.0,279052568.8,8.7832,-4.9755,1,-1123.85402,2.127986,10.387767,-28.896943,1
sh.603190,亚通精工,2026-05-06,28.86,28.86,27.72,27.94,28.33,11484891.0,323475107.14,27.9332,-1.3766,0,27.772721,1.545736,1.809791,138.541513,1
sh.603191,望变电气,2026-05-06,19.9,20.68,19.86,20.41,19.6,13697114.0,278349786.25,4.1511,4.1327,0,100.464778,2.690522,1.675481,-20.84946,1
sh.603192,汇得科技,2026-05-06,22.72,23.1,22.54,22.85,22.72,1420139.0,32476471.26,1.0187,0.5722,0,49.599289,1.7418,1.536426,4.850028,1
sh.603193,润本股份,2026-05-06,26.0,26.78,25.88,26.62,25.97,6978747.0,183645732.07,6.7534,2.5029,0,33.350728,4.737069,6.851966,101.434207,1
sh.603194,中力股份,2026-05-06,35.06,35.18,34.88,35.12,34.87,1263361.0,44232615.0,0.7995,0.7169,0,16.584408,2.551758,1.889925,-15.538833,1
sh.603195,公牛集团,2026-05-06,44.85,44.91,43.06,43.51,44.85,13939539.0,608556703.03,0.7741,-2.9877,0,18.936662,4.415184,4.86643,460.682171,1
sh.603196,璞源材料,2026-05-06,28.68,29.45,28.2,28.96,28.69,7233800.0,208227993.0,3.0524,0.9411,0,355.129629,6.082933,12.114679,46.755697,1
sh.603197,保隆科技,2026-05-06,33.84,34.7,33.84,34.4,33.84,2885189.0,99245929.86,1.3664,1.6548,0,38.933646,2.29181,0.810209,-49.154648,1
sh.603198,迎驾贡酒,2026-05-06,37.24,38.15,37.07,37.97,38.0,7620200.0,287383058.84,0.9525,-0.0789,0,15.251254,2.648335,4.898429,-20.499086,1
sh.603199,九华旅游,2026-05-06,36.4,36.4,35.61,35.79,36.48,3270600.0,117138578.0,2.955,-1.8914,0,18.534404,2.300735,4.50675,-334.960355,1
sh.603200,上海洗霸,2026-05-06,61.8,63.51,61.66,63.16,62.03,7525693.0,472552460.27,4.2886,1.8217,0,135.171972,10.07839,21.65716,85.239245,1
sh.603201,常润股份,2026-05-06,16.36,16.36,15.92,16.0,16.05,2490220.0,40085890.72,1.3221,-0.3115,0,15.458928,1.699562,0.993328,22.908828,1
sh.603202,天有为,2026-05-06,79.54,79.73,79.31,79.56,79.48,957501.0,76104997.36,1.9069,0.1007,0,15.743633,1.85178,3.38682,-100.649095,1
sh.603203,快克智能,2026-05-06,48.2,49.12,47.45,47.67,46.88,8066741.0,389549273.37,3.2377,1.6852,0,81.096549,8.067586,10.394481,53.047966,1
sh.603205,健尔康,2026-05-06,25.89,26.57,25.85,26.05,26.03,1283952.0,33502865.16,3.1058,0.0768,0,36.90692,2.668841,3.978054,-16.309036,1
sh.603206,嘉环科技,2026-05-06,16.8,17.24,16.7,17.22,16.6,6592100.0,112791176.0,2.1599,3.7349,0,110.563669,2.30385,1.121403,-115.505797,1
sh.603207,小方制药,2026-05-06,26.25,26.66,26.15,26.28,26.25,1385824.0,36407497.86,2.5475,0.1143,0,20.752604,3.673392,7.799081,-15.291201,1
sh.603208,江山欧派,2026-05-06,13.8,13.9,13.64,13.79,13.66,2200669.0,30332297.46,1.2421,0.9517,0,-10.406753,2.410182,1.68424,-15.339306,1
sh.603209,兴通股份,2026-05-06,14.84,14.95,14.75,14.92,14.88,4341320.0,64489480.0,1.3504,0.2688,0,15.759312,1.397905,2.829728,16.010219,1
sh.603210,泰鸿万立,2026-05-06,16.6,16.66,16.46,16.53,16.52,3580220.0,59157501.4,1.5387,0.0605,0,26.442517,2.903256,2.36131,49.163508,1
sh.603211,晋拓股份,2026-05-06,27.5,29.0,27.0,27.71,26.8,13833202.0,388237012.0,5.0893,3.3955,0,120.427833,6.012031,5.707938,-210.313124,1
sh.603212,赛伍技术,2026-05-06,14.1,14.11,13.78,13.98,13.7,17796050.0,249178001.43,4.0678,2.0438,0,-24.830523,2.55826,2.368867,-126.451252,1
sh.603213,镇洋发展,2026-05-06,13.75,13.82,13.54,13.63,13.85,3335900.0,45500861.0,0.7548,-1.5884,0,80.090787,3.139834,2.27895,-73.356985,1
sh.603214,爱婴室,2026-05-06,16.82,16.98,16.66,16.79,16.69,4008500.0,67497578.08,2.8934,0.5992,0,27.915602,1.95647,0.610119,68.925655,1
sh.603215,比依股份,2026-05-06,18.13,18.66,17.79,18.4,18.29,6554669.0,119363028.31,3.5009,0.6014,0,69.230337,2.8134,1.459786,-11.491515,1
sh.603216,梦天家居,2026-05-06,29.63,30.09,29.35,29.9,29.6,2399800.0,71395526.0,1.0776,1.0135,0,104.144837,3.681749,6.358323,36.333621,1
sh.603217,元利科技,2026-05-06,30.83,31.19,30.38,30.85,30.71,4544880.0,139665151.84,2.1841,0.4559,0,30.976231,1.853891,2.879705,-19.26569,1
sh.603218,日月股份,2026-05-06,12.8,12.89,12.58,12.64,12.75,16750192.0,212301810.05,1.6293,-0.8627,0,25.168382,1.248533,2.1359,-53.94956,1
sh.603219,富佳股份,2026-05-06,16.54,17.1,16.54,16.95,16.63,7945716.0,134381306.92,1.4153,1.9242,0,173.178733,5.88726,3.002687,-92.54492,1
sh.603220,中贝通信,2026-05-06,29.22,30.5,29.22,29.64,28.26,52992399.0,1584533613.01,12.2029,4.8832,0,254.152825,4.127573,4.998873,87.060542,1
sh.603221,爱丽家居,2026-05-06,12.58,12.76,12.43,12.58,12.55,4612300.0,58116847.0,1.9038,0.239,0,-155.202734,1.958226,2.801811,-10.094844,1
sh.603222,济民健康,2026-05-06,9.73,10.27,9.71,10.11,9.8,17712833.0,178840388.89,3.3733,3.1633,0,-20.5868,4.770092,7.94664,-16.866244,1
sh.603223,恒通股份,2026-05-06,9.12,9.35,9.03,9.23,9.03,12565830.0,115987746.33,1.7803,2.2148,0,20.563153,1.593709,4.704169,-19.379331,1
sh.603225,新凤鸣,2026-05-06,18.59,19.28,18.48,19.04,18.52,29852257.0,565337108.32,1.7891,2.8078,0,29.569458,1.518592,0.428546,37.863643,1
sh.603226,菲林格尔,2026-05-06,39.22,40.8,38.85,40.64,39.22,4135138.0,164655017.45,1.1632,3.6206,0,-184.77268,16.96498,40.522382,105.953788,1
sh.603227,雪峰科技,2026-05-06,8.64,8.7,8.59,8.67,8.61,12140347.0,104999395.97,1.1328,0.6969,0,19.135817,1.778504,1.695709,-12.95718,1
sh.603228,景旺电子,2026-05-06,71.5,72.17,69.7,70.17,70.17,43917074.0,3109472458.88,4.5008,0.0,0,60.680286,5.194228,4.358077,-1747.107549,1
sh.603229,奥翔药业,2026-05-06,9.82,10.57,9.81,10.25,9.83,20756525.0,213351819.36,2.4999,4.2726,0,78.776963,3.595216,10.707836,83.957079,1
sh.603230,内蒙新华,2026-05-06,10.75,10.84,10.74,10.84,10.76,2785000.0,30035087.0,0.7878,0.7435,0,46.484829,1.353664,2.989504,26.15844,1
sh.603231,索宝蛋白,2026-05-06,17.16,17.3,17.0,17.17,17.09,3751757.0,64364514.21,3.5305,0.4681,0,18.570381,1.623321,1.782825,22.663432,1
sh.603232,格尔软件,2026-05-06,18.82,19.48,18.82,19.3,18.65,9178969.0,176705831.3,3.9684,3.4853,0,-71.577347,3.473451,11.957774,-1964.534665,1
sh.603233,大参林,2026-05-06,18.7,19.01,18.47,18.67,18.72,10008728.0,187093119.5,0.8788,-0.2671,0,16.528643,2.767999,0.772628,55.113075,1
sh.603235,天新药业,2026-05-06,25.89,25.95,25.5,25.94,25.8,872091.0,22432683.35,0.1992,0.5426,0,21.83784,2.242711,4.799894,-34.148246,1
sh.603236,移远通信,2026-05-06,72.0,74.28,72.0,73.2,72.3,7098112.0,523063542.95,2.7127,1.2448,0,27.486721,3.011681,0.8149,20.378603,1
sh.603237,五芳斋,2026-05-06,17.1,17.19,16.95,17.1,17.08,1796037.0,30695365.83,0.9163,0.1171,0,30.757429,2.080403,1.531601,-19.716478,1
sh.603238,诺邦股份,2026-05-06,15.96,16.16,15.59,15.77,15.94,3807315.0,60176367.1,2.1449,-1.0665,0,23.738358,1.871584,0.94171,-55.598032,1
sh.603239,浙江仙通,2026-05-06,23.91,24.06,23.23,23.38,23.81,6422800.0,151385077.0,2.3725,-1.806,0,30.980515,4.599579,4.192776,272.394434,1
sh.603248,锡华科技,2026-05-06,26.12,28.17,26.12,28.17,25.61,12828552.0,356039689.27,18.5092,9.9961,0,66.203913,5.547122,9.898034,84.128773,1
sh.603255,鼎际得,2026-05-06,31.17,31.23,30.71,31.1,31.19,2164925.0,67069019.5,3.5681,-0.2886,0,161.178292,2.641343,4.423129,-38.037199,1
sh.603256,宏和科技,2026-05-06,122.5,131.01,122.26,131.01,119.1,13111900.0,1700424195.0,1.4905,10.0,0,380.729016,42.758918,86.684577,169.213143,1
sh.603257,中国瑞林,2026-05-06,60.0,62.0,59.9,61.4,60.01,2024656.0,124628973.16,8.1311,2.3163,0,37.031322,2.870226,3.698311,13.620668,1
sh.603258,电魂网络,2026-05-06,17.06,17.25,16.6,16.66,17.05,3250098.0,54619695.7,1.3467,-2.2874,0,-17.051479,2.084819,10.896987,-14.228823,1
sh.603259,药明康德,2026-05-06,111.63,111.74,108.0,109.0,109.55,54092239.0,5903886889.4,2.1871,-0.5021,0,16.156348,3.861586,6.742276,43.863026,1
sh.603260,合盛硅业,2026-05-06,44.57,45.75,44.2,45.7,44.6,10380264.0,467846118.27,0.878,2.4664,0,-17.02614,1.836358,2.664519,-55.108038,1
sh.603261,*ST立航,2026-05-06,33.85,35.48,33.48,35.14,33.79,1247000.0,43367274.0,1.6089,3.9953,1,-12.649115,5.448718,7.619016,-1535.175952,1
sh.603262,技源集团,2026-05-06,26.14,26.18,25.84,26.0,25.91,762834.0,19802486.38,1.9067,0.3474,0,91.217272,6.623049,9.73695,71.462334,1
sh.603266,天龙股份,2026-05-06,20.49,20.49,20.17,20.3,20.23,2909487.0,59203450.75,1.4629,0.346,0,36.597488,2.488037,3.011618,55.092787,1
sh.603267,鸿远电子,2026-05-06,53.88,54.81,53.65,53.79,52.87,9532651.0,517599680.32,4.1252,1.7401,0,43.458386,2.751254,7.150067,-24.935515,1
sh.603268,松发股份,2026-05-06,150.0,152.44,145.22,151.3,149.5,8745552.0,1299403196.4,3.7494,1.204,0,42.038063,13.928276,5.330292,21.724418,1
sh.603269,海鸥股份,2026-05-06,14.93,16.41,14.9,16.41,14.92,20512992.0,329522167.32,6.6438,9.9866,0,42.527126,4.908476,2.627234,136.000044,1
sh.603270,金帝股份,2026-05-06,28.13,28.48,27.85,28.4,28.13,5643209.0,159207532.72,7.98,0.9598,0,41.388387,2.708535,2.872876,-58.068047,1
sh.603271,永杰新材,2026-05-06,51.85,53.8,51.6,53.2,52.0,5982824.0,316808148.91,6.3259,2.3077,0,22.807386,3.439087,1.039412,-20.882436,1
sh.603272,*ST联翔,2026-05-06,28.14,28.14,26.1,28.14,26.8,16560986.0,459634090.85,15.9813,5.0,1,-168.446642,5.411984,24.010121,-337.997441,1
sh.603273,天元智能,2026-05-06,17.92,18.1,17.8,17.95,17.91,1883878.0,33814318.0,3.3606,0.2233,0,138.845365,4.335834,8.19953,-1591.1247,1
sh.603275,众辰科技,2026-05-06,47.38,47.98,46.9,47.48,46.32,3713901.0,176022937.04,8.9414,2.5043,0,38.971007,2.340969,9.187458,-134.260817,1
sh.603276,恒兴新材,2026-05-06,18.15,18.41,17.9,18.3,18.01,4826314.0,87881409.0,6.3804,1.6102,0,52.005717,2.114367,4.099417,63.747943,1
sh.603277,银都股份,2026-05-06,13.1,13.19,13.03,13.18,13.03,1904600.0,24976337.85,0.3124,1.1512,0,24.631365,2.836339,2.949778,-10.44595,1
sh.603278,大业股份,2026-05-06,11.34,12.32,11.29,12.32,11.2,18742549.0,227060640.58,5.4841,10.0,0,-98.014918,2.174614,0.850279,-3041.89801,1
sh.603279,景津装备,2026-05-06,19.1,19.1,18.38,18.76,18.75,12887318.0,239647187.66,2.2359,0.0533,0,22.659712,2.329472,1.874509,1023.405733,1
sh.603280,南方路机,2026-05-06,34.05,34.2,33.65,34.08,34.08,1794760.0,60865706.2,6.4232,0.0,0,38.834852,2.663525,3.38109,-14.183485,1
sh.603281,江瀚新材,2026-05-06,33.9,34.89,33.75,34.71,33.82,3197228.0,109929040.47,0.8564,2.6316,0,30.488855,2.645509,6.88328,-28.232799,1
sh.603282,亚光股份,2026-05-06,18.21,18.95,18.21,18.58,17.85,8523958.0,158546933.64,6.3697,4.0896,0,37.590428,1.888062,3.188415,52.991909,1
sh.603283,赛腾股份,2026-05-06,56.48,57.3,54.76,54.85,53.83,21588933.0,1207831795.01,7.9613,1.8949,0,29.294511,4.175278,4.33597,-412.800535,1
sh.603284,林平发展,2026-05-06,47.1,47.6,46.63,47.2,47.02,2592213.0,121928361.55,14.0321,0.3828,0,19.751357,1.608005,1.283115,6.656756,1
sh.603285,键邦股份,2026-05-06,44.09,46.61,43.2,44.5,43.59,4763735.0,214632215.17,7.6468,2.0876,0,54.355794,4.134409,11.382163,74.507977,1
sh.603286,日盈电子,2026-05-06,64.32,67.48,64.31,65.36,64.52,3524500.0,233067978.5,3.0481,1.3019,0,-151.961598,9.491361,7.441924,-119.933793,1
sh.603288,海天味业,2026-05-06,38.64,39.06,38.34,38.74,38.64,23228761.0,897997259.93,0.4177,0.2588,0,31.140046,5.394728,7.66246,-7456.689041,1
sh.603289,泰瑞机器,2026-05-06,11.65,11.76,11.15,11.2,11.66,8933100.0,101372377.0,3.0448,-3.9451,0,41.898615,2.209435,2.696806,-26.855579,1
sh.603290,斯达半导,2026-05-06,105.79,108.19,104.69,105.14,103.92,9028685.0,958272549.39,3.7702,1.174,0,76.726483,3.615459,6.362515,-224.327638,1
sh.603291,联合水务,2026-05-06,11.47,11.49,11.03,11.33,11.46,7854151.0,88312537.79,1.8558,-1.1344,0,46.239977,2.625831,4.502502,-54.843924,1
sh.603293,埃泰克,2026-05-06,49.7,51.55,49.7,51.23,49.73,5369379.0,274217060.64,15.2989,3.0163,0,36.356331,5.900454,2.496075,-69.441209,1
sh.603296,华勤技术,2026-05-06,106.23,113.97,106.14,109.8,103.61,24508280.0,2716514646.05,4.296,5.9743,0,27.605699,4.405921,0.665723,125.612288,1
sh.603297,永新光学,2026-05-06,115.99,125.5,114.63,121.52,114.76,3506500.0,419988167.95,3.1667,5.8906,0,64.091129,6.407127,13.353421,-1653.030856,1
sh.603298,杭叉集团,2026-05-06,27.16,27.55,26.82,26.97,27.17,8752699.0,236894138.97,0.6682,-0.7361,0,15.834365,2.934828,1.941007,388.417904,1
sh.603299,苏盐井神,2026-05-06,10.85,10.97,10.7,10.75,10.87,10006595.0,107751752.53,1.2821,-1.104,0,21.849042,1.252432,2.337173,6.947446,1
sh.603300,海南华铁,2026-05-06,6.65,6.82,6.62,6.73,6.58,69357192.0,468195769.86,3.4773,2.2796,0,30.133908,2.011966,2.159661,-315.588403,1
sh.603301,振德医疗,2026-05-06,93.0,93.91,91.69,93.28,92.3,1843340.0,171616734.0,0.6986,1.0618,0,93.227988,4.299481,5.673541,-75.137619,1
sh.603303,得邦照明,2026-05-06,18.2,18.28,17.71,18.09,18.08,3205409.0,57797723.54,0.6721,0.0553,0,34.966633,2.678802,1.997587,-24.249652,1
sh.603305,旭升集团,2026-05-06,15.55,15.74,15.47,15.53,15.41,30764378.0,480230873.66,2.6619,0.7787,0,45.478638,1.918392,3.883411,-14.302975,1
sh.603306,华懋科技,2026-05-06,101.3,101.44,95.0,98.81,101.45,20566175.0,2028726197.6,6.2417,-2.6023,0,227.61197,10.12961,13.135414,1920.776911,1
sh.603307,扬州金泉,2026-05-06,42.82,44.36,42.59,43.72,42.32,1483468.0,64566666.64,2.2141,3.3081,0,26.634166,2.058969,3.388145,-63.718702,1
sh.603308,应流股份,2026-05-06,77.09,82.76,77.09,81.39,75.58,22749330.0,1820953105.73,3.3502,7.6872,0,146.689284,10.870696,17.573164,159.397925,1
sh.603309,维力医疗,2026-05-06,13.67,13.95,13.63,13.89,13.67,4551030.0,62716755.1,1.5593,1.6094,0,52.412677,2.223809,2.472011,-54.830099,1
sh.603310,巍华新材,2026-05-06,16.57,16.8,16.51,16.62,16.59,2494286.0,41428749.46,1.2856,0.1808,0,32.449959,1.410804,5.303282,-43.020944,1
sh.603311,金海高科,2026-05-06,19.75,20.55,19.36,20.0,19.75,9302500.0,185983025.0,3.9437,1.2658,0,67.207473,3.498832,5.552887,-33.006141,1
sh.603312,西典新能,2026-05-06,39.81,41.27,39.7,41.0,39.49,2440307.0,99180880.69,4.7925,3.8238,0,26.370197,3.557845,2.513312,25.345787,1
sh.603313,梦百合,2026-05-06,6.47,6.49,6.16,6.24,6.42,24657326.0,155020273.33,4.3214,-2.8037,0,-33.383046,1.04814,0.390396,-16.690264,1
sh.603315,福鞍股份,2026-05-06,17.15,17.34,16.76,17.18,16.81,16660800.0,284603711.0,5.2005,2.2011,0,133.27008,3.165335,4.263078,235.554846,1
sh.603316,诚邦股份,2026-05-06,16.27,17.15,16.01,17.15,15.59,25410530.0,423460845.8,9.6156,10.0064,0,-45.748884,8.200759,7.540582,-161.635147,1
sh.603317,天味食品,2026-05-06,17.13,17.3,16.51,17.11,17.13,35963565.0,613575920.02,3.3778,-0.1168,0,24.449837,3.829921,4.626588,41.713572,1
sh.603318,水发燃气,2026-05-06,14.36,14.62,13.63,14.5,14.26,117062068.0,1669042637.34,25.4998,1.683,0,-86.921717,4.279022,3.296656,33.393201,1
sh.603319,美湖股份,2026-05-06,38.88,38.95,37.71,38.2,38.21,18336265.0,702848967.75,5.4065,-0.0262,0,180.83432,5.260892,5.721275,-76.917155,1
sh.603320,迪贝电气,2026-05-06,24.25,24.58,23.4,23.81,24.24,4857700.0,115494713.0,3.257,-1.7739,0,47.423951,2.968842,3.641642,14.848306,1
sh.603321,梅轮电梯,2026-05-06,7.74,7.87,7.6,7.68,7.74,7447638.0,57635856.6,2.1615,-0.7752,0,77.550965,1.85136,4.010203,-5.728216,1
sh.603322,超讯通信,2026-05-06,32.91,34.13,32.91,33.7,32.5,8369900.0,282123779.47,5.3113,3.6923,0,-120.486186,20.184218,2.318607,-1480.560832,1
sh.603323,苏农银行,2026-05-06,4.98,4.99,4.92,4.93,4.97,37823156.0,186832258.28,1.8738,-0.8048,0,4.817913,0.513856,2.354552,7.489065,1
sh.603324,盛剑科技,2026-05-06,26.06,26.5,25.66,25.9,26.02,2780540.0,72401121.4,1.8828,-0.4612,0,-59.910086,2.345734,4.14418,-27.974357,1
sh.603325,博隆技术,2026-05-06,64.62,64.63,63.09,63.29,64.65,1256119.0,79669258.42,3.6747,-2.1036,0,14.94947,1.827662,3.885181,-27.042074,1
sh.603326,我乐家居,2026-05-06,8.7,8.72,8.41,8.5,8.7,10861360.0,92306958.0,3.4029,-2.2989,0,18.94121,2.275774,1.985726,-321.321258,1
sh.603327,福蓉科技,2026-05-06,10.89,10.99,10.77,10.94,10.8,41060057.0,447763732.11,3.9275,1.2963,0,78.335808,4.56818,4.008428,93.210984,1
sh.603328,依顿电子,2026-05-06,11.61,12.34,11.6,11.95,11.45,51989909.0,617512759.54,5.2071,4.3668,0,30.823119,2.756661,2.971969,-35.140558,1
sh.603329,上海雅仕,2026-05-06,11.48,11.68,11.19,11.38,11.25,9772493.0,111835266.88,4.7351,1.1556,0,41.53479,1.930358,0.905099,105.774657,1
sh.603330,天洋新材,2026-05-06,7.42,7.48,7.32,7.39,7.4,8529127.0,62960599.96,2.0971,-0.1351,0,-13.421564,2.45344,4.006132,-42.453815,1
sh.603331,百达精工,2026-05-06,14.15,14.2,13.89,13.98,14.08,7510068.0,105408957.76,3.7146,-0.7102,0,-11.465928,2.7129,2.091366,-335.596159,1
sh.603332,苏州龙杰,2026-05-06,14.48,14.6,14.2,14.37,14.34,6276800.0,89886395.0,2.9013,0.2092,0,37.523018,2.35325,1.848052,35.242111,1
sh.603333,尚纬股份,2026-05-06,8.44,8.56,8.31,8.55,8.44,29631200.0,250391784.99,4.7675,1.3033,0,-164.771862,2.60298,3.356484,20.357724,1
sh.603334,丰倍生物,2026-05-06,47.8,48.23,46.99,47.55,48.55,2832816.0,134045759.37,8.9035,-2.0597,0,47.135983,3.923121,1.888142,12.596084,1
sh.603335,迪生力,2026-05-06,7.15,7.18,6.97,7.05,7.07,28511961.0,200956902.51,6.6594,-0.2829,0,58.85461,10.692007,3.360042,-228.64168,1
sh.603336,宏辉果蔬,2026-05-06,11.75,12.05,11.28,11.35,11.75,31682420.0,366548765.07,5.2048,-3.4043,0,423.416471,4.808174,6.853033,17.262058,1
sh.603337,杰克科技,2026-05-06,39.58,40.69,39.58,39.9,39.54,3644462.0,145979910.02,0.7693,0.9105,0,21.927076,3.537672,2.788225,186.55796,1
sh.603338,浙江鼎力,2026-05-06,55.69,56.58,55.18,55.9,55.12,7654215.0,428570401.8,1.5117,1.4151,0,14.7155,2.389834,3.098527,313.520974,1
sh.603339,四方科技,2026-05-06,13.75,14.1,13.65,13.9,13.67,5852179.0,81272351.34,1.8912,1.6825,0,29.093235,1.593589,2.622308,79.247036,1
sh.603341,龙旗科技,2026-05-06,37.38,37.98,36.8,36.8,36.81,11015747.0,412220581.78,4.1379,-0.0272,0,43.081865,2.662635,0.477084,-11.832332,1
sh.603344,星德胜,2026-05-06,28.03,28.7,27.92,28.49,27.92,2221700.0,63021889.88,4.1119,2.0415,0,33.465839,2.554483,2.111811,-90.642586,1
sh.603345,安井食品,2026-05-06,108.5,109.85,105.57,109.46,109.39,8641833.0,937412324.66,2.9465,0.064,0,23.877529,2.272364,2.108419,12.4713,1
sh.603348,文灿股份,2026-05-06,18.68,18.8,18.41,18.45,18.62,2532200.0,46920514.0,0.8052,-0.913,0,-13.443643,1.490283,0.97512,-12.892642,1
sh.603350,安乃达,2026-05-06,34.9,35.64,34.8,35.64,34.91,1723828.0,60770830.0,3.9067,2.0911,0,37.525162,3.040951,2.099912,-15.915128,1
sh.603351,威尔药业,2026-05-06,27.29,27.64,26.89,27.58,27.14,1423188.0,38763591.2,1.0508,1.6212,0,24.572577,2.03643,2.784263,19.652533,1
sh.603352,至信股份,2026-05-06,36.05,36.41,35.9,36.28,35.72,1459920.0,52878723.69,3.2865,1.5677,0,40.100697,2.781816,2.085247,10.749854,1
sh.603353,和顺石油,2026-05-06,43.61,47.4,43.16,47.4,43.09,16149980.0,741951855.5,9.4767,10.0023,0,-671.371705,5.07015,3.240916,216.753242,1
sh.603355,莱克电气,2026-05-06,29.98,32.88,29.98,31.45,32.04,3835746.0,122600154.58,0.669,-1.8414,0,30.629467,3.190629,1.841415,-11.16691,1
sh.603356,华菱精工,2026-05-06,19.1,19.35,18.63,19.08,19.1,5813000.0,110513583.0,4.3595,-0.1047,0,-18.438391,8.423042,2.72755,-42.523631,1
sh.603357,设计总院,2026-05-06,7.69,7.74,7.58,7.6,7.72,11168864.0,85274667.32,2.0102,-1.5544,0,14.19251,1.067446,1.792519,248.12744,1
sh.603358,华达科技,2026-05-06,32.0,33.27,32.0,32.6,31.32,14263140.0,466575179.71,3.1335,4.0868,0,117.069578,4.319209,2.99949,-44.758829,1
sh.603359,*ST东珠,2026-05-06,4.1,4.1,4.1,4.1,4.32,177800.0,728980.0,0.0399,-5.0926,1,-1.673428,1.30344,8.58001,-48.529439,1
sh.603360,百傲化学,2026-05-06,22.66,22.8,21.22,21.92,22.66,31140012.0,683123523.72,4.4094,-3.2657,0,89.74769,10.978585,10.331943,45.869893,1
sh.603363,傲农生物,2026-05-06,3.39,3.41,3.33,3.37,3.39,46419197.0,155832162.47,2.166,-0.59,0,-56.955921,2.831729,0.985897,-41.846072,1
sh.603365,水星家纺,2026-05-06,22.37,22.85,21.49,22.18,22.37,6125100.0,134094660.0,2.3576,-0.8494,0,13.791037,1.797123,1.270779,-22.171892,1
sh.603366,日出东方,2026-05-06,8.36,8.53,8.36,8.53,8.36,13172183.0,111686658.03,1.6201,2.0335,0,38.157716,1.618981,1.648685,14.4871,1
sh.603367,辰欣药业,2026-05-06,15.57,15.71,15.51,15.7,15.55,5017780.0,78398668.2,1.1083,0.9646,0,17.402959,1.124374,2.10623,133.00954,1
sh.603368,柳药集团,2026-05-06,16.72,16.79,16.69,16.73,16.74,3691157.0,61728916.5,0.9293,-0.0597,0,10.119069,0.846171,0.316648,-20.484804,1
sh.603369,今世缘,2026-05-06,27.05,27.59,26.95,27.57,27.44,11234484.0,306156603.34,0.9011,0.4738,0,14.66127,1.915264,3.654709,31.723547,1
sh.603370,华新精科,2026-05-06,41.78,42.58,41.69,42.41,41.78,648610.0,27453617.94,1.8537,1.5079,0,49.619952,3.768796,4.87627,86.881671,1
sh.603373,安邦护卫,2026-05-06,39.35,40.08,39.23,39.67,39.45,1004791.0,39928748.23,2.2117,0.5577,0,33.145692,2.279679,1.562277,-11.0016,1
sh.603375,盛景微,2026-05-06,46.77,47.3,45.31,45.31,45.25,10374435.0,476319731.86,16.2657,0.1326,0,541.741903,2.945101,9.568837,-51.662593,1
sh.603376,大明电子,2026-05-06,30.0,30.38,29.83,30.34,30.27,1640796.0,49547822.22,5.1274,0.2313,0,60.467636,6.923414,3.970493,241.734289,1
sh.603377,ST东时,2026-05-06,3.67,3.7,3.65,3.66,3.67,4049158.0,14829356.7,0.566,-0.2725,1,-3.425681,-1807.586365,4.361632,39.612838,1
sh.603378,*ST亚士,2026-05-06,4.95,4.95,4.95,4.95,5.21,232500.0,1150875.0,0.0542,-4.9904,1,-1.530926,-12.755532,5.381177,-36.185224,1
sh.603379,三美股份,2026-05-06,65.0,65.0,63.82,64.92,65.27,13270149.0,851949482.34,2.1737,-0.5362,0,18.293733,4.597305,6.566364,-109.915131,1
sh.603380,易德龙,2026-05-06,37.0,37.8,36.72,36.81,36.88,2174200.0,80812391.0,1.3551,-0.1898,0,27.996534,3.660538,2.600988,45.108663,1
sh.603381,永臻股份,2026-05-06,24.08,24.1,23.51,23.7,24.14,5849373.0,139101077.7,4.1153,-1.8227,0,-25.161868,1.681406,0.534237,-16.897175,1
sh.603382,海阳科技,2026-05-06,26.12,26.6,26.12,26.35,26.11,851600.0,22500521.0,2.3492,0.9192,0,48.268393,2.696729,1.190859,-319.193392,1
sh.603383,顶点软件,2026-05-06,32.7,33.5,32.51,32.53,32.46,9126173.0,301045564.0,4.4436,0.2157,0,32.859211,4.313525,11.340623,-64.998063,1
sh.603385,惠达卫浴,2026-05-06,6.81,6.85,6.56,6.67,6.76,7423360.0,49759170.9,1.9501,-1.3314,0,-10.986145,0.7217,0.887955,-173.666593,1
sh.603386,骏亚科技,2026-05-06,13.41,14.39,13.41,14.03,13.37,11055400.0,155539302.4,3.3879,4.9364,0,-107.901525,3.497523,1.794819,223.681545,1
sh.603387,基蛋生物,2026-05-06,9.63,9.71,9.58,9.65,9.65,16736412.0,161578717.26,3.3001,0.0,0,21.035375,1.729596,4.552303,-216.814663,1
sh.603389,*ST亚振,2026-05-06,63.5,64.91,63.02,64.91,61.82,1117094.0,72154143.86,0.4252,4.9984,1,-323.016951,85.057057,27.024167,248.420206,1
sh.603390,通达电气,2026-05-06,13.49,13.69,13.4,13.65,13.35,25043320.0,339908934.4,7.1447,2.2472,0,36.82785,2.805366,4.624396,-32.287449,1
sh.603391,力聚热能,2026-05-06,59.68,63.77,59.52,63.46,60.59,2417420.0,150256931.8,10.626,4.7368,0,29.458777,2.545134,5.558283,388.953835,1
sh.603392,万泰生物,2026-05-06,39.48,40.2,39.16,39.84,39.3,4151817.0,164878010.55,0.3284,1.374,0,-129.669779,4.261124,25.943113,-543.487235,1
sh.603393,新天然气,2026-05-06,31.1,31.38,30.41,31.01,31.54,11740681.0,362352521.05,2.7741,-1.6804,0,22.877946,1.395433,3.484524,14.105805,1
sh.603395,红四方,2026-05-06,27.7,27.92,27.6,27.82,27.64,2032540.0,56542424.0,3.127,0.6512,0,142.141191,5.07052,2.089498,284.111499,1
sh.603396,金辰股份,2026-05-06,35.16,36.09,35.16,35.73,35.28,3575980.0,127857639.95,2.5814,1.2755,0,91.313643,1.889802,1.813699,18.360099,1
sh.603398,*ST沐邦,2026-05-06,13.07,13.07,13.07,13.07,12.45,1585480.0,20722223.6,0.3656,4.9799,1,-7.159285,79.233756,13.099836,12.204186,1
sh.603399,永杉锂业,2026-05-06,21.33,21.33,21.33,21.33,19.39,7637760.0,162913420.8,1.4909,10.0052,0,-63.773642,6.747612,1.705188,-43.379181,1
sh.603400,华之杰,2026-05-06,68.5,73.55,68.19,72.02,67.69,2647433.0,189584471.12,13.2372,6.3968,0,64.771759,5.872855,4.929802,-100.047424,1
sh.603402,陕西旅游,2026-05-06,110.55,111.0,108.44,109.83,111.17,1249449.0,136782862.65,6.4627,-1.2054,0,24.188946,2.891329,8.6253,6.170596,1
sh.603406,天富龙,2026-05-06,33.75,34.14,33.72,34.0,33.83,955277.0,32473260.12,2.6056,0.5025,0,31.55882,2.907005,3.975286,-39.887747,1
sh.603408,建霖家居,2026-05-06,11.91,11.98,11.77,11.85,11.83,2757800.0,32681037.0,0.6162,0.1691,0,12.88411,1.51304,1.003316,147.808609,1
sh.603409,汇通控股,2026-05-06,43.68,44.45,43.05,43.78,43.34,3441400.0,150657166.0,9.516,1.0152,0,34.501364,3.555134,4.265515,66.570796,1
sh.603416,信捷电气,2026-05-06,54.3,57.18,54.02,55.43,54.36,3645330.0,201883449.4,2.6179,1.9684,0,33.178576,3.16078,4.168369,-51.251199,1
sh.603418,友升股份,2026-05-06,51.6,56.82,51.5,56.82,51.65,6311196.0,348120620.1,15.2575,10.0097,0,21.722853,2.370236,2.165381,93.169886,1
sh.603421,鼎信通讯,2026-05-06,8.28,8.45,8.19,8.37,8.19,14927420.0,124791308.4,2.2888,2.1978,0,-9.226061,2.268159,3.707785,16.906826,1
sh.603429,*ST集友,2026-05-06,10.28,10.39,9.94,9.95,10.3,6456460.0,65188381.4,1.231,-3.3981,1,-218.806339,4.136293,43.454766,82.632056,1
sh.603439,三力制药,2026-05-06,11.27,11.3,11.09,11.14,11.25,3233300.0,36115523.0,0.8006,-0.9778,0,93.505259,3.050793,2.718095,-27.853595,1
sh.603444,吉比特,2026-05-06,405.0,405.0,397.62,402.56,406.61,2605592.0,1042614030.28,3.6168,-0.996,0,14.300923,4.829038,4.193089,15.537683,1
sh.603456,九洲药业,2026-05-06,13.79,13.84,13.55,13.6,13.79,24256543.0,331386613.35,2.7272,-1.3778,0,18.554154,1.360607,2.31778,-10.619866,1
sh.603458,勘设股份,2026-05-06,12.1,12.38,11.94,12.08,11.96,16576051.0,200749084.03,5.4148,1.0033,0,-9.668492,1.43446,2.89016,26.785032,1
sh.603459,红板科技,2026-05-06,64.98,67.77,63.51,66.98,61.73,27737635.0,1835665172.64,35.0879,8.5048,0,90.902554,20.683833,13.09837,701.187973,1
sh.603466,风语筑,2026-05-06,9.72,9.9,9.72,9.84,9.72,22021011.0,216703438.01,3.7021,1.2346,0,-364.867868,2.813822,3.706234,-23.359726,1
sh.603477,巨星农牧,2026-05-06,18.61,19.23,18.56,19.18,18.81,18266260.0,346564601.19,3.5811,1.967,0,-22.010817,3.962102,1.211324,347.330575,1
sh.603486,科沃斯,2026-05-06,65.36,66.28,64.32,64.87,65.16,12081329.0,787524740.18,2.1071,-0.4451,0,22.242667,4.047443,1.869912,109.707753,1
sh.603488,展鹏科技,2026-05-06,11.75,12.08,11.48,11.98,11.65,19700885.0,231648540.15,6.7471,2.8326,0,-20.349187,4.516218,6.552219,-952.720338,1
sh.603489,八方股份,2026-05-06,37.86,38.87,37.45,37.7,37.15,7292850.0,277162169.44,3.1084,1.4805,0,70.35162,3.192911,6.270381,-18.506963,1
sh.603496,恒为科技,2026-05-06,30.71,31.57,30.71,31.36,30.51,28962117.0,903825482.53,9.0447,2.786,0,206.393148,7.201227,9.126955,-314.947473,1
sh.603499,翔港科技,2026-05-06,20.71,21.16,20.38,20.63,20.81,5935868.0,123414545.88,1.9617,-0.865,0,59.057001,6.744046,6.003808,102.035713,1
sh.603500,祥和实业,2026-05-06,10.71,10.79,10.42,10.48,10.71,9547572.0,100365923.1,2.8772,-2.1475,0,25.216902,3.23347,4.222158,12.771155,1
sh.603501,豪威集团,2026-05-06,99.69,103.8,99.5,100.9,98.3,45813994.0,4672467365.58,3.785,2.645,0,34.55626,3.873889,4.418897,22.741447,1
sh.603505,金石资源,2026-05-06,18.61,19.09,18.58,18.86,18.34,22843301.0,431047251.79,2.714,2.8353,0,49.581642,8.370081,4.02016,141.724944,1
sh.603506,南都物业,2026-05-06,13.59,13.66,13.2,13.41,13.53,5408380.0,72697024.6,2.8802,-0.8869,0,21.435264,2.0332,1.341967,-50.565783,1
sh.603507,振江股份,2026-05-06,47.01,47.5,46.0,46.96,47.78,13669096.0,636626074.52,7.5199,-1.7162,0,42.999874,3.328369,1.913462,-20.283769,1
sh.603508,思维列控,2026-05-06,26.26,26.98,26.02,26.7,26.16,10646702.0,283679778.83,2.7924,2.0642,0,17.255436,2.443226,6.446485,131.014832,1
sh.603511,爱慕股份,2026-05-06,14.84,14.9,14.67,14.75,14.78,2224400.0,32855397.0,0.5535,-0.203,0,37.18743,1.331435,1.929459,-26.744723,1
sh.603515,欧普照明,2026-05-06,20.26,21.82,20.26,21.56,20.26,4852211.0,104106400.35,0.659,6.4166,0,17.601314,2.242709,2.298422,-24.705475,1
sh.603516,淳中科技,2026-05-06,140.0,144.84,133.2,134.0,142.25,16858040.0,2319531066.13,8.2935,-5.7996,0,92.068302,15.98845,81.394345,-72.110526,1
sh.603517,ST绝味,2026-05-06,12.6,12.78,12.25,12.28,12.68,7630700.0,95136018.0,1.2592,-3.1546,1,-31.051299,1.237313,1.422596,47.737832,1
sh.603518,锦泓集团,2026-05-06,9.94,10.13,9.81,9.89,9.95,10436360.0,103159038.4,3.0332,-0.603,0,13.761777,0.888832,0.819934,-18.82101,1
sh.603519,立霸股份,2026-05-06,14.44,14.8,14.3,14.6,14.44,7021023.0,102199908.72,2.6362,1.108,0,24.974087,3.082358,2.335906,-76.437071,1
sh.603520,司太立,2026-05-06,12.25,12.46,12.07,12.33,12.08,43678972.0,534519153.78,9.963,2.0695,0,321.040015,2.099183,2.187485,-85.647045,1
sh.603527,众源新材,2026-05-06,12.95,13.6,12.79,13.56,12.96,27999261.0,371771211.01,8.8334,4.6296,0,146.075296,2.026139,0.339937,81.142078,1
sh.603528,多伦科技,2026-05-06,7.82,7.93,7.77,7.83,7.72,12932189.0,101723840.46,1.8319,1.4249,0,-104.686965,2.941058,14.809466,-91.251343,1
sh.603529,爱玛科技,2026-05-06,23.45,23.55,23.2,23.26,23.41,9385220.0,219468760.71,1.1073,-0.6408,0,12.415908,2.041865,0.843086,185.764427,1
sh.603530,神马电力,2026-05-06,61.2,62.95,61.11,62.55,60.95,5686756.0,354308578.56,1.3303,2.6251,0,58.478418,14.196358,14.865766,-145.991635,1
sh.603533,掌阅科技,2026-05-06,25.5,27.14,25.5,26.52,25.02,26095497.0,691304217.24,5.9457,5.9952,0,-85.644912,5.070808,3.429441,-15.02684,1
sh.603535,嘉诚国际,2026-05-06,8.0,8.16,7.97,8.07,7.93,5299664.0,42832605.55,1.0373,1.7654,0,374.435332,1.662061,3.830652,31.299229,1
sh.603536,惠发食品,2026-05-06,10.55,10.8,10.55,10.63,10.53,7077504.0,75478141.72,2.9424,0.9497,0,-50.704012,7.36039,1.797051,-44.171577,1
sh.603538,美诺华,2026-05-06,64.65,68.71,62.66,68.5,62.46,56179604.0,3769046578.7,24.1755,9.6702,0,144.509995,7.01775,10.362295,-1255.244785,1
sh.603551,奥普科技,2026-05-06,12.24,12.38,12.02,12.26,12.2,4354902.0,53309070.48,1.1464,0.4918,0,16.399681,3.251253,2.478362,128.728581,1
sh.603556,海兴电力,2026-05-06,28.98,30.07,28.9,29.79,28.72,7334400.0,216935800.7,1.5083,3.7256,0,21.332578,1.941827,2.834499,-95.077579,1
sh.603557,*ST起步,2026-05-06,4.05,4.47,4.05,4.47,4.26,20439238.0,87906158.12,3.2785,4.9296,1,-16.992329,49.799411,7.852294,-19.90727,1
sh.603558,健盛集团,2026-05-06,13.1,13.43,12.76,13.29,13.02,9334700.0,122853454.0,2.7244,2.0737,0,10.440894,1.940868,1.748478,-783.554628,1
sh.603559,ST通脉,2026-05-06,7.8,8.02,7.75,8.02,7.64,4464679.0,35593756.72,1.1126,4.9738,1,-21.649891,4.111041,7.260715,-28.264343,1
sh.603565,中谷物流,2026-05-06,10.86,11.08,10.8,11.0,10.85,17384230.0,189851601.74,0.8278,1.3825,0,11.660027,2.107212,2.173822,-486.615335,1
sh.603566,普莱柯,2026-05-06,12.05,12.05,11.65,11.69,11.97,8325430.0,97970250.3,2.4058,-2.3392,0,23.408553,1.528514,3.814685,-28.788613,1
sh.603567,珍宝岛,2026-05-06,7.15,7.25,7.01,7.21,7.08,20203118.0,144824194.45,2.1506,1.8362,0,-4.182826,1.111837,13.289556,-9.346874,1
sh.603568,伟明环保,2026-05-06,21.5,21.97,21.28,21.76,21.47,9554903.0,206773082.74,0.5597,1.3507,0,19.211897,2.428592,6.549559,130.727541,1
sh.603569,长久物流,2026-05-06,6.72,6.78,6.53,6.58,6.69,6734772.0,44443205.16,1.1159,-1.6442,0,-43.926089,1.496846,1.123471,20.523671,1
sh.603577,汇金通,2026-05-06,11.04,11.22,11.03,11.18,11.03,5640070.0,62783435.2,1.6631,1.3599,0,37.285879,1.92054,0.914463,-1422.133531,1
sh.603578,三星新材,2026-05-06,13.71,13.85,13.57,13.71,13.71,3305772.0,45257827.78,1.8329,0.0,0,-17.539675,2.264158,2.016352,4.912782,1
sh.603579,荣泰健康,2026-05-06,22.19,22.58,22.01,22.45,22.3,7931320.0,177609547.6,3.9449,0.6726,0,25.572589,1.575644,2.785978,-30.662482,1
sh.603580,*ST艾艾,2026-05-06,22.27,22.27,21.25,22.27,21.21,4088260.0,90160672.4,3.1286,4.9976,1,70.599681,6.394776,7.565203,-178.610732,1
sh.603583,捷昌驱动,2026-05-06,28.86,29.14,28.0,28.02,28.88,13814938.0,391114196.0,3.6141,-2.9778,0,32.251714,2.297348,2.687319,-38.440528,1
sh.603585,苏利股份,2026-05-06,19.4,19.46,18.99,19.12,19.33,7003768.0,133873829.41,3.6575,-1.0864,0,20.768748,1.430307,1.366181,23.210225,1
sh.603586,金麒麟,2026-05-06,16.42,16.92,16.28,16.65,16.36,3594300.0,59918889.0,1.8333,1.7726,0,46.754615,1.40607,1.985122,23.206307,1
sh.603587,地素时尚,2026-05-06,13.48,13.5,13.1,13.19,13.34,3795600.0,50108179.0,0.8006,-1.1244,0,22.456457,1.674987,2.887206,-25.318666,1
sh.603588,高能环境,2026-05-06,14.87,14.93,14.44,14.79,14.58,62758996.0,920198720.89,4.1201,1.4403,0,18.522778,2.198354,1.372326,37.123003,1
sh.603589,口子窖,2026-05-06,23.37,23.79,23.37,23.54,23.86,4539591.0,106704720.15,0.759,-1.3412,0,35.959136,1.31212,3.959777,-34.074254,1
sh.603590,康辰药业,2026-05-06,35.0,35.6,34.8,35.06,35.4,3579700.0,125436165.0,2.2624,-0.9605,0,33.049587,1.730661,6.072939,38.386588,1
sh.603595,ST东尼,2026-05-06,18.1,18.22,17.78,18.11,18.08,6198342.0,111655863.56,2.6666,0.1659,1,-82.728787,2.768581,1.840177,128.518756,1
sh.603596,伯特利,2026-05-06,46.04,47.48,46.04,47.12,45.88,13057807.0,613107022.3,2.1529,2.7027,0,21.854014,3.545265,2.371591,-115.665136,1
sh.603598,引力传媒,2026-05-06,21.09,22.03,21.09,21.84,20.8,18083603.0,391900786.41,6.713,5.0,0,294.92942,26.357097,0.691711,266.836246,1
sh.603599,广信股份,2026-05-06,14.22,14.65,14.01,14.13,14.85,33918800.0,483644892.9,3.7262,-4.8485,0,19.689489,1.258364,3.71493,-59.063939,1
sh.603600,永艺股份,2026-05-06,12.16,12.32,11.81,12.11,12.0,8202900.0,98963859.0,2.734,0.9167,0,16.183112,1.704392,0.798177,-30.898025,1
sh.603601,再升科技,2026-05-06,16.0,17.44,16.0,16.73,15.85,297505790.0,5035012568.17,26.0435,5.5521,0,518.412796,7.062758,15.278386,160.978423,1
sh.603602,纵横通信,2026-05-06,13.25,13.42,13.23,13.37,13.18,6277751.0,83727069.92,2.717,1.4416,0,-19.130553,3.466742,1.592617,24.971399,1
sh.603605,珀莱雅,2026-05-06,61.01,62.0,61.0,61.53,61.88,3171249.0,195387795.67,0.8009,-0.5656,0,16.527692,3.833723,2.310859,105.489165,1
sh.603606,东方电缆,2026-05-06,62.85,63.33,62.08,62.4,62.13,16166185.0,1013789276.11,2.3507,0.4346,0,31.506672,5.045277,3.706003,1096.897773,1
sh.603607,京华激光,2026-05-06,23.43,23.93,23.41,23.57,23.58,3994996.0,94473491.8,2.2379,-0.0424,0,39.307867,3.933632,5.177537,-2576.925762,1
sh.603608,天创时尚,2026-05-06,13.13,13.3,12.52,12.79,13.17,23028773.0,296223596.54,5.4865,-2.8853,0,188.471863,4.904556,4.735585,-72.28731,1
sh.603609,禾丰股份,2026-05-06,7.01,7.1,7.0,7.06,7.01,5244172.0,37027583.38,0.5774,0.7133,0,-112.965766,1.004475,0.173384,-36.267621,1
sh.603610,麒盛科技,2026-05-06,17.13,17.28,16.31,16.47,16.9,10079482.0,167402676.18,2.8554,-2.5444,0,61.730704,1.868276,1.868582,-91.736982,1
sh.603611,诺力股份,2026-05-06,20.17,20.27,19.98,20.18,19.98,4269986.0,85863684.48,1.6576,1.001,0,13.637872,1.604291,0.778551,66.00021,1
sh.603612,索通发展,2026-05-06,25.12,25.59,24.92,25.41,24.91,11993989.0,303541576.2,2.4079,2.0072,0,17.861787,2.142161,0.677794,-90.197433,1
sh.603613,国联股份,2026-05-06,27.31,28.75,27.28,28.01,27.13,13439700.0,378143930.91,1.8652,3.2436,0,15.21521,2.15289,0.405417,25.202707,1
sh.603615,茶花股份,2026-05-06,20.56,20.97,20.2,20.87,20.55,4662400.0,95976493.69,1.928,1.5572,0,391.299671,4.390217,3.032835,49.310902,1
sh.603616,韩建河山,2026-05-06,6.19,6.29,6.18,6.25,6.17,17094443.0,106771530.61,4.4483,1.2966,0,-102.887749,11.491486,3.063639,101.803522,1
sh.603617,君禾股份,2026-05-06,7.66,7.81,7.62,7.7,7.59,7882298.0,60926677.7,2.0546,1.4493,0,63.110601,1.92649,2.669843,-10.621653,1
sh.603618,杭电股份,2026-05-06,29.26,31.09,29.0,31.09,28.26,26452595.0,810396086.95,3.8261,10.0142,0,-89.888333,7.945114,2.222455,-138.868562,1
sh.603619,中曼石油,2026-05-06,32.53,32.53,30.91,31.03,33.66,33037676.0,1036645825.99,7.1458,-7.8134,0,46.067146,3.286647,3.821696,-16.364513,1
sh.603626,科森科技,2026-05-06,25.47,25.88,25.0,25.44,25.16,47362637.0,1202858858.4,8.5357,1.1129,0,110.466118,6.198585,4.602174,128.567854,1
sh.603628,清源股份,2026-05-06,12.43,12.55,12.41,12.48,12.4,5720733.0,71480526.86,2.1019,0.6452,0,113.816869,2.6005,1.626141,42.68847,1
sh.603629,利通电子,2026-05-06,149.95,158.85,144.11,158.85,144.41,33417208.0,5110494180.68,12.9509,9.9993,0,77.972886,18.563042,11.573275,48.829281,1
sh.603630,拉芳家化,2026-05-06,16.63,16.74,16.33,16.6,16.62,4665580.0,77108403.6,2.0717,-0.1203,0,-164.385671,1.979889,4.496683,-18.02791,1
sh.603633,徕木股份,2026-05-06,8.36,8.77,8.36,8.43,8.28,14209232.0,121477940.74,3.3292,1.8116,0,-17.708409,2.067161,2.395433,-30.553135,1
sh.603636,南威软件,2026-05-06,9.02,9.28,8.99,9.18,8.96,14341957.0,131895979.11,2.4712,2.4554,0,-11.540245,2.879337,6.810826,-121.384999,1
sh.603637,镇海股份,2026-05-06,17.91,17.96,16.77,16.82,16.88,16744565.0,288837724.89,7.0153,-0.3555,0,68.850853,3.846063,8.649201,43.874636,1
sh.603638,艾迪精密,2026-05-06,23.33,23.98,23.33,23.65,23.24,11496066.0,271657796.93,1.3833,1.7642,0,44.362751,5.396056,5.469808,-686.704203,1
sh.603639,海利尔,2026-05-06,12.8,12.8,12.4,12.6,12.75,5929664.0,74170460.4,1.7446,-1.1765,0,28.918719,1.254012,1.074408,75.874473,1
sh.603648,畅联股份,2026-05-06,10.21,10.24,10.09,10.19,10.16,3757400.0,38234070.0,1.0368,0.2953,0,29.598847,1.949572,2.373881,323.232275,1
sh.603650,彤程新材,2026-05-06,54.93,56.88,54.93,56.14,53.96,17920813.0,1005773755.79,2.9165,4.04,0,59.152998,8.005002,9.550356,372.136385,1
sh.603655,朗博科技,2026-05-06,44.8,44.8,42.5,43.06,43.74,3325500.0,143481246.0,3.1373,-1.5546,0,105.723948,7.926485,17.085872,-170.188362,1
sh.603656,泰禾智能,2026-05-06,20.02,20.25,19.91,20.03,19.96,2203000.0,44256157.48,1.2042,0.3507,0,112.231812,2.76073,5.671203,169.703266,1
sh.603657,春光科技,2026-05-06,28.78,30.58,28.26,30.22,29.33,6230840.0,185879129.0,4.6089,3.0344,0,-83.755005,4.683377,1.591261,40.140094,1
sh.603658,安图生物,2026-05-06,33.5,33.85,33.45,33.58,33.5,1890830.0,63617328.5,0.3309,0.2388,0,18.547021,2.09425,4.544137,33.694399,1
sh.603659,璞泰来,2026-05-06,36.7,37.43,36.0,37.17,36.27,70218463.0,2584156155.35,3.2868,2.4814,0,30.833729,3.783066,4.713592,947.798739,1
sh.603660,苏州科达,2026-05-06,13.15,13.28,12.66,13.02,12.16,59758039.0,778473097.7,10.4565,7.0724,0,-12.713698,10.496747,8.033755,-115.690507,1
sh.603661,恒林股份,2026-05-06,30.43,30.76,29.96,30.13,30.53,2727460.0,82649765.59,1.9613,-1.3102,0,24.509266,1.133976,0.342281,18.405042,1
sh.603662,柯力传感,2026-05-06,56.35,57.57,56.35,57.13,56.2,4692506.0,268447038.5,1.6709,1.6548,0,52.427959,5.751086,10.023945,1585.316138,1
sh.603663,三祥新材,2026-05-06,47.0,47.25,45.6,45.9,46.35,10452415.0,482123080.01,2.4721,-0.9709,0,137.864955,13.979188,16.212033,610.967593,1
sh.603665,康隆达,2026-05-06,28.12,29.3,28.12,28.73,28.4,4021967.0,115647596.77,2.5111,1.162,0,-249.572391,6.974545,3.353867,-38.249228,1
sh.603666,亿嘉和,2026-05-06,28.29,29.15,28.14,28.68,28.3,4623100.0,132508940.0,2.2494,1.3428,0,-59.04317,2.782289,11.976993,178.860011,1
sh.603667,五洲新春,2026-05-06,66.41,68.17,66.41,67.19,66.38,15882731.0,1069061761.33,4.3371,1.2202,0,305.231053,8.580403,8.106131,-219.085902,1
sh.603668,天马科技,2026-05-06,13.53,13.55,13.22,13.48,13.52,8165670.0,109247757.54,1.6144,-0.2959,0,-35.880094,3.216449,1.126358,-123.094941,1
sh.603669,灵康药业,2026-05-06,4.52,4.54,4.45,4.52,4.48,10138802.0,45643970.96,1.4233,0.8929,0,-18.756212,5.721317,8.971148,-29.102551,1
sh.603676,卫信康,2026-05-06,10.65,10.74,10.6,10.64,10.6,2454500.0,26184214.44,0.564,0.3774,0,21.371166,2.998165,3.984324,-499.516422,1
sh.603677,奇精机械,2026-05-06,15.81,16.06,15.81,15.97,15.74,1893438.0,30241943.72,0.9831,1.4612,0,74.272535,2.641004,1.506053,-57.443514,1
sh.603678,火炬电子,2026-05-06,32.9,33.98,32.9,33.0,32.51,10823443.0,360924811.16,2.2759,1.5072,0,62.088204,2.550263,3.33292,53.763708,1
sh.603679,华体科技,2026-05-06,15.07,15.25,14.96,15.17,14.95,5450091.0,82600783.66,3.0673,1.4716,0,-19.594081,3.06146,5.127489,-75.043693,1
sh.603680,今创集团,2026-05-06,14.49,14.62,14.28,14.51,14.36,9496060.0,137496215.42,1.2117,1.0446,0,18.30041,1.935995,2.589044,71.031264,1
sh.603681,永冠新材,2026-05-06,18.21,18.48,18.15,18.39,18.15,8296111.0,151959367.32,3.4895,1.3223,0,31.745699,1.460714,0.64787,79.911143,1
sh.603682,锦和商管,2026-05-06,8.65,8.89,8.24,8.64,8.65,19806300.0,171150301.0,4.1918,-0.1156,0,-24.947153,6.277942,4.377232,-17.553348,1
sh.603683,晶华新材,2026-05-06,29.19,30.2,29.03,29.64,28.87,14066368.0,416918293.2,4.8813,2.6671,0,89.810025,5.103324,3.813939,138.116504,1
sh.603685,晨丰科技,2026-05-06,33.03,33.3,31.46,31.87,32.82,5084384.0,162756871.67,2.5237,-2.8946,0,216.857847,4.007957,7.187202,62.303208,1
sh.603686,福龙马,2026-05-06,19.0,19.25,18.96,19.19,18.96,12168538.0,233006408.2,2.9291,1.2131,0,50.786655,2.277321,1.570095,-3257.276476,1
sh.603687,大胜达,2026-05-06,17.09,17.84,16.85,17.58,17.18,76527087.0,1336946197.56,13.9132,2.3283,0,139.354684,2.954944,4.335763,-56.303843,1
sh.603688,石英股份,2026-05-06,56.0,58.5,55.4,57.56,55.18,27677030.0,1582619462.48,5.1095,4.3132,0,226.996532,5.326416,30.850306,-78.911524,1
sh.603689,皖天然气,2026-05-06,8.42,8.48,8.34,8.46,8.43,6505034.0,54864177.1,1.2427,0.3559,0,13.151956,1.178751,0.891491,-18.827755,1
sh.603690,至纯科技,2026-05-06,25.31,26.0,25.16,25.32,24.87,14992899.0,383628227.96,3.915,1.8094,0,-11.654937,2.791086,3.529189,259.859218,1
sh.603693,江苏新能,2026-05-06,14.66,15.43,14.64,15.43,14.73,20943529.0,317853164.55,2.3493,4.7522,0,30.347756,1.914915,6.808663,358.468492,1
sh.603696,安记食品,2026-05-06,15.92,16.04,15.51,16.0,15.92,6725618.0,106676953.84,2.8595,0.5025,0,113.581624,6.505721,6.297078,-74.423042,1
sh.603697,有友食品,2026-05-06,10.54,10.7,10.31,10.44,10.56,8899821.0,93305319.11,2.0809,-1.1364,0,22.213411,2.430011,2.565172,134.65194,1
sh.603698,航天工程,2026-05-06,43.8,45.11,43.2,44.03,43.97,52213759.0,2308134253.45,9.7416,0.1365,0,105.53998,6.704828,5.454899,-14.943232,1
sh.603699,纽威股份,2026-05-06,63.49,66.6,62.01,66.2,62.74,12503752.0,820660323.63,1.6493,5.5148,0,30.488218,10.262131,6.39556,49.008683,1
sh.603700,宁水集团,2026-05-06,12.94,13.13,12.71,12.84,12.94,6450700.0,83198269.5,3.226,-0.7728,0,33.821232,1.563105,1.39776,-46.613077,1
sh.603701,德宏股份,2026-05-06,25.0,25.39,23.95,24.23,24.99,7813242.0,190624374.64,2.9894,-3.0412,0,417.440296,7.803359,6.207031,156.900409,1
sh.603703,盛洋科技,2026-05-06,13.88,14.01,13.75,13.82,13.68,11083220.0,153987632.6,2.6708,1.0234,0,-243.810879,6.939361,5.922469,-44.690013,1
sh.603706,东方环宇,2026-05-06,21.64,21.88,21.36,21.84,21.63,2411392.0,52249673.76,1.2733,0.9709,0,17.412099,2.242081,3.064112,-85.794007,1
sh.603707,健友股份,2026-05-06,9.12,9.2,9.12,9.16,9.18,13497289.0,123616875.84,0.8354,-0.2179,0,25.261923,2.131722,3.668529,9.211399,1
sh.603708,家家悦,2026-05-06,10.82,10.9,10.64,10.66,10.82,6422770.0,68807962.2,1.0062,-1.4787,0,32.316101,2.829502,0.376692,126.378312,1
sh.603709,中源家居,2026-05-06,19.86,19.86,19.1,19.42,19.52,5396322.0,104680404.66,4.3133,-0.5123,0,-85.804922,4.811756,1.396948,611.598077,1
sh.603711,香飘飘,2026-05-06,14.28,14.76,13.93,14.44,14.28,24778536.0,358531416.43,6.0015,1.1204,0,28.745104,1.665104,1.849213,-26.503697,1
sh.603712,七一二,2026-05-06,16.16,16.39,16.05,16.16,16.1,9863304.0,160143529.9,1.2776,0.3727,0,-24.787299,3.261862,5.728532,181.924067,1
sh.603713,密尔克卫,2026-05-06,56.9,57.74,56.63,56.88,56.87,1539800.0,87799310.0,0.9738,0.0176,0,14.0817,1.830077,0.654755,-24.034052,1
sh.603716,塞力医疗,2026-05-06,21.27,21.56,21.14,21.43,21.26,7224040.0,154641962.0,3.1994,0.7996,0,-22.988627,4.790008,4.981567,-126.398134,1
sh.603717,天域生物,2026-05-06,7.64,7.73,7.33,7.45,7.54,25429880.0,189324989.2,8.7645,-1.1936,0,-16.476688,5.651825,3.30408,-149.394331,1
sh.603718,*ST海利,2026-05-06,3.71,3.75,3.71,3.71,3.9,18341420.0,68064476.2,2.8262,-4.8718,1,-7.653637,2.72871,13.942591,-10.17839,1
sh.603719,良品铺子,2026-05-06,11.1,11.36,11.02,11.23,11.09,7916900.0,88693471.0,1.9743,1.2624,0,-70.581392,2.203907,0.777301,-12.6827,1
sh.603721,*ST天择,2026-05-06,24.7,25.3,24.37,24.88,24.63,3282730.0,81588175.4,2.5252,1.015,1,118.86887,6.595565,8.673527,-79.953623,1
sh.603722,阿科力,2026-05-06,39.25,39.5,38.44,38.8,39.08,1176200.0,45839863.04,1.229,-0.7165,0,-87.419852,4.274395,7.169009,-254.175212,1
sh.603725,天安新材,2026-05-06,9.82,10.29,9.82,10.01,9.81,11800590.0,119056472.51,4.1166,2.0387,0,26.360089,3.545201,1.007019,87.897132,1
sh.603726,朗迪集团,2026-05-06,25.55,25.98,25.03,25.38,24.85,13925778.0,355489160.66,7.5394,2.1328,0,20.723926,3.149741,2.6993,52.916403,1
sh.603727,博迈科,2026-05-06,18.73,18.84,17.9,18.08,18.85,6036707.0,109204563.18,2.1428,-4.0849,0,-563.45958,1.621001,3.153834,-73.436188,1
sh.603728,鸣志电器,2026-05-06,59.35,60.8,59.34,60.03,59.35,7048720.0,424423137.44,1.6827,1.1457,0,371.119553,8.456402,8.770461,-414.085931,1
sh.603729,ST龙韵,2026-05-06,15.55,15.55,15.55,15.55,16.37,114900.0,1786695.0,0.1247,-5.0092,1,-13.936665,5.186871,4.495751,170.461209,1
sh.603730,岱美股份,2026-05-06,11.26,11.3,10.93,10.93,10.94,32159431.0,356102912.76,1.4968,-0.0914,0,36.856252,4.72126,3.68773,144.689122,1
sh.603733,仙鹤股份,2026-05-06,22.05,22.34,21.81,22.1,22.03,4536362.0,100162752.14,0.641,0.3177,0,15.225736,1.785206,1.249379,80.350454,1
sh.603737,三棵树,2026-05-06,42.62,45.14,42.4,44.85,42.67,8641018.0,381441741.96,1.1712,5.109,0,42.619175,11.029592,2.578649,-96.969309,1
sh.603738,泰晶科技,2026-05-06,38.38,40.15,37.89,38.85,38.32,51135430.0,2005342854.5,13.2514,1.3831,0,225.168887,8.244412,15.105338,-353.925238,1
sh.603739,蔚蓝生物,2026-05-06,15.03,15.21,14.92,15.2,15.05,5119740.0,77315428.0,2.0234,0.9967,0,49.244687,2.136981,2.745257,-529.905295,1
sh.603755,日辰股份,2026-05-06,29.09,29.3,28.38,28.93,29.09,2173100.0,62557953.0,2.2036,-0.55,0,33.664747,3.757685,5.794377,-39.808299,1
sh.603757,大元泵业,2026-05-06,50.9,51.93,50.74,51.24,50.58,11722600.0,602462771.6,6.284,1.3049,0,81.727306,4.504329,5.000025,50.706227,1
sh.603758,秦安股份,2026-05-06,12.28,12.43,12.09,12.12,12.24,5204704.0,63434770.4,1.1861,-0.9804,0,37.970137,2.049865,3.742045,23.800218,1
sh.603759,海天股份,2026-05-06,9.03,9.21,9.02,9.21,9.03,5275816.0,48238432.52,1.1425,1.9934,0,32.526006,1.454933,0.964769,566.625542,1
sh.603766,隆鑫通用,2026-05-06,15.37,15.57,15.23,15.32,15.36,19752112.0,304118422.86,0.9619,-0.2604,0,19.513819,3.259192,1.654829,21.984308,1
sh.603767,中马传动,2026-05-06,19.58,20.84,19.34,20.35,19.41,17713387.0,355359369.41,5.7393,4.8429,0,-1086.866627,4.595672,6.847152,115.768804,1
sh.603768,常青股份,2026-05-06,12.05,12.14,11.91,12.0,11.87,4393400.0,52750269.0,1.8463,1.0952,0,-13.974621,1.304045,0.785808,1983.717607,1
sh.603773,沃格光电,2026-05-06,72.0,72.0,65.36,66.8,69.35,35110345.0,2370328274.59,15.6283,-3.677,0,-80.970367,14.215621,5.779095,-71.293089,1
sh.603776,永安行,2026-05-06,20.05,20.36,19.76,19.86,19.83,3890215.0,77686521.17,1.3856,0.1513,0,-26.799262,1.628765,12.400508,16.958548,1
sh.603777,来伊份,2026-05-06,16.64,18.07,16.4,18.07,16.43,16458780.0,285374729.88,4.9215,9.9817,0,-32.235813,3.877589,1.587255,-44.72614,1
sh.603778,国晟科技,2026-05-06,26.51,28.0,26.5,27.91,26.6,58277886.0,1596230369.79,9.0654,4.9248,0,-32.543364,65.258419,22.458023,-2514.79346,1
sh.603779,威龙股份,2026-05-06,7.45,7.45,7.45,7.45,7.45,,,,,0,-31.208389,5.049881,7.342865,-5315.311948,0
sh.603786,科博达,2026-05-06,54.0,54.7,53.5,53.96,53.75,3725699.0,201396445.15,0.9225,0.3907,0,27.734933,3.77778,3.120747,104.598168,1
sh.603787,新日股份,2026-05-06,12.06,12.09,11.94,12.03,11.96,5165800.0,62125298.0,2.2446,0.5853,0,60.381512,1.79323,0.692317,26.3766,1
sh.603788,宁波高发,2026-05-06,16.88,17.04,16.83,17.0,16.88,5273800.0,89317173.2,2.3642,0.7109,0,17.484195,1.744797,2.430509,64.668789,1
sh.603789,*ST星农,2026-05-06,5.7,5.95,5.62,5.95,5.67,5588840.0,32131304.0,2.1496,4.9383,1,-15.569487,15.078496,3.565099,180.041254,1
sh.603790,雅运股份,2026-05-06,24.54,25.56,24.28,25.41,24.54,4356250.0,108900042.5,2.2765,3.5452,0,59.96656,3.726336,5.547447,574.636204,1
sh.603797,联泰环保,2026-05-06,4.93,4.99,4.86,4.87,4.91,7975256.0,39215831.76,1.3831,-0.8147,0,22.822761,0.838041,2.74279,-36.017231,1
sh.603798,康普顿,2026-05-06,18.12,18.16,17.31,17.38,18.21,12015800.0,211449993.2,4.6854,-4.5579,0,103.192096,3.58921,4.935221,26.736787,1
sh.603799,华友钴业,2026-05-06,66.59,68.05,65.31,67.97,66.59,96413616.0,6426213473.07,5.1077,2.0724,0,17.526984,2.552395,1.448864,65.593511,1
sh.603800,洪田股份,2026-05-06,51.91,53.8,51.11,52.38,51.92,8953293.0,470228027.86,4.3045,0.886,0,458.683301,13.773933,10.263732,-50.108647,1
sh.603801,志邦家居,2026-05-06,8.74,8.74,8.6,8.61,8.74,3596093.0,31134877.02,0.8279,-1.4874,0,54.762725,1.187097,0.908907,-5.972998,1
sh.603803,瑞斯康达,2026-05-06,14.3,15.0,14.01,14.79,14.3,49963164.0,731388130.93,11.7593,3.4266,0,-341.410799,4.089652,4.92955,-25.315703,1
sh.603806,福斯特,2026-05-06,19.03,19.32,18.6,19.05,18.74,58832408.0,1115337471.94,2.2552,1.6542,0,73.04655,3.070963,3.261158,2231.649941,1
sh.603808,歌力思,2026-05-06,11.06,11.09,10.58,10.82,11.1,15105153.0,162648226.86,4.1528,-2.5225,0,23.860859,1.501265,1.352346,6.727147,1
sh.603809,豪能股份,2026-05-06,11.03,11.27,11.03,11.18,11.03,12954348.0,144866654.6,1.4076,1.3599,0,37.18708,2.727579,3.731438,-102.129069,1
sh.603810,丰山集团,2026-05-06,16.17,16.24,15.7,15.97,16.07,3651375.0,58430085.7,2.2084,-0.6223,0,73.31241,1.708738,2.017171,56.475444,1
sh.603811,诚意药业,2026-05-06,11.93,12.05,11.83,11.87,11.86,6307130.0,75213287.4,1.927,0.0843,0,20.066299,2.67789,4.693549,40.342016,1
sh.603813,*ST原尚,2026-05-06,36.75,38.43,36.75,37.37,37.0,878600.0,33094459.0,0.8366,1.0,1,-51.783878,7.909593,11.610096,820.579168,1
sh.603815,交建股份,2026-05-06,7.28,7.42,7.2,7.4,7.28,33075400.0,241857598.0,5.344,1.6484,0,-6.035045,2.908748,1.239999,-30.174056,1
sh.603816,顾家家居,2026-05-06,28.9,29.76,28.52,29.57,29.04,10881162.0,317693476.13,1.3398,1.8251,0,13.744812,2.191337,1.20396,-94.318289,1
sh.603817,海峡环保,2026-05-06,7.38,7.5,7.32,7.5,7.36,18263445.0,135887006.6,3.2036,1.9022,0,18.244435,1.307704,3.073641,-505.470242,1
sh.603818,曲美家居,2026-05-06,3.73,3.81,3.72,3.75,3.7,22241545.0,83757281.65,3.2396,1.3514,0,-17.981694,1.247181,0.761935,-4.296773,1
sh.603819,神力股份,2026-05-06,15.0,15.15,14.65,15.01,14.8,11031476.0,164891660.4,5.0666,1.4189,0,124.983547,4.023859,2.165125,48.167917,1
sh.603822,ST嘉澳,2026-05-06,76.64,77.66,73.13,76.25,76.98,3063774.0,228577203.62,3.9879,-0.9483,1,172.275838,17.586278,1.191734,18.181596,1
sh.603823,百合花,2026-05-06,16.94,17.13,16.61,17.1,16.7,8671124.0,146142184.0,2.0826,2.3952,0,43.392223,2.843011,3.30439,548.474723,1
sh.603825,ST华扬,2026-05-06,8.71,8.76,8.61,8.61,8.77,2783100.0,24101888.0,1.0986,-1.8244,1,-3.510872,70.030931,1.373215,-7.37319,1
sh.603826,坤彩科技,2026-05-06,34.47,34.59,33.09,33.31,33.79,10508183.0,351494176.04,1.6038,-1.4205,0,-524.446371,11.66669,15.433296,676.290993,1
sh.603828,*ST利达,2026-05-06,4.62,5.03,4.6,5.03,4.79,10824359.0,52330387.09,1.8164,5.0104,1,-12.291169,5.854215,2.317158,310.491634,1
sh.603829,洛凯股份,2026-05-06,28.41,29.11,27.81,28.82,28.65,8452987.0,242062782.74,4.5381,0.5934,0,97.586537,3.593958,2.448107,-55.254801,1
sh.603833,欧派家居,2026-05-06,46.46,48.12,46.39,46.92,47.0,3366375.0,159076363.79,0.5526,-0.1702,0,15.502945,1.544985,1.738736,-79.498632,1
sh.603836,海程邦达,2026-05-06,14.36,14.37,14.1,14.27,14.3,3251443.0,46206659.45,1.5843,-0.2098,0,61.372205,1.683197,0.339176,-8.858969,1
sh.603838,*ST四通,2026-05-06,8.9,9.02,8.81,8.89,8.97,1030700.0,9178686.0,0.3221,-0.8919,1,-33.687152,3.237771,7.383102,-40.969419,1
sh.603839,安正时尚,2026-05-06,8.08,8.14,7.92,8.01,8.09,6655680.0,53383235.68,1.7197,-0.9889,0,-17.102152,1.843418,1.286008,88.940668,1
sh.603843,*ST正平,2026-05-06,9.42,9.42,9.23,9.42,8.97,21303400.0,200307634.0,3.045,5.0167,1,-36.142521,255.834769,4.92614,-128.58907,1
sh.603848,好太太,2026-05-06,16.12,16.43,16.12,16.38,16.1,3476087.0,56540172.23,0.8638,1.7391,0,31.331497,2.530342,4.120468,148.312415,1
sh.603855,华荣股份,2026-05-06,18.79,19.12,18.39,18.57,18.68,4209552.0,78239962.7,1.2546,-0.5889,0,18.002008,2.789972,2.022782,-60.558608,1
sh.603856,东宏股份,2026-05-06,13.26,13.27,12.9,13.0,13.09,7957400.0,103925348.0,2.8212,-0.6875,0,14.599249,1.311921,1.66242,-27.120294,1
sh.603858,步长制药,2026-05-06,16.35,16.55,16.27,16.29,16.28,6280633.0,102765246.17,0.5956,0.0614,0,45.94091,1.680807,1.472174,108.332412,1
sh.603859,能科科技,2026-05-06,39.7,42.09,39.5,41.14,39.2,8406120.0,344401599.76,3.4353,4.949,0,44.604166,3.182518,6.616965,-79.397416,1
sh.603860,中公高科,2026-05-06,32.91,33.38,32.58,32.75,32.8,2193900.0,72321285.0,3.2902,-0.1524,0,46.804897,2.597451,7.970072,39.592524,1
sh.603861,白云电器,2026-05-06,15.99,16.32,15.92,16.22,15.92,11673060.0,188678292.4,2.2084,1.8844,0,43.493084,2.187679,1.779705,58.763942,1
sh.603863,松炀资源,2026-05-06,18.24,19.75,18.24,19.15,18.1,10679700.0,206265591.0,5.2185,5.8011,0,-20.547423,16.183296,8.487677,-109.437839,1
sh.603866,桃李面包,2026-05-06,4.98,5.01,4.96,5.0,4.98,10880415.0,54249484.97,0.6801,0.4016,0,31.784086,1.520584,1.476723,-47.072491,1
sh.603867,新化股份,2026-05-06,34.8,35.5,34.26,35.25,34.28,7827234.0,273005266.02,3.629,2.8296,0,28.37938,2.442793,2.555309,-35.165654,1
sh.603868,飞科电器,2026-05-06,34.41,36.0,34.06,35.5,34.5,2800500.0,98985786.0,0.6429,2.8986,0,29.754209,4.399076,4.174965,-3465.629869,1
sh.603869,ST智知,2026-05-06,10.26,10.38,10.1,10.21,10.44,2405335.0,24532871.6,0.4868,-2.2031,1,145.198703,1.346021,7.554994,-9.333645,1
sh.603871,嘉友国际,2026-05-06,12.74,12.84,12.48,12.71,12.74,17452452.0,220736543.68,1.2758,-0.2355,0,14.405677,2.764092,2.169516,15.449254,1
sh.603876,鼎胜新材,2026-05-06,30.2,32.68,29.88,32.55,29.76,56066732.0,1748005159.45,6.0334,9.375,0,48.67583,3.958928,1.11582,64.820526,1
sh.603877,太平鸟,2026-05-06,14.26,14.38,13.94,14.01,14.23,2693600.0,38035192.0,0.5739,-1.546,0,35.287107,1.446871,1.043952,-72.914938,1
sh.603878,武进不锈,2026-05-06,7.99,8.03,7.87,7.97,7.95,13682099.0,108599421.02,2.4383,0.2516,0,140.892481,1.72683,2.070105,88.53182,1
sh.603879,永悦科技,2026-05-06,5.98,6.05,5.89,5.95,5.9,14287074.0,85475847.26,3.9759,0.8475,0,-39.900708,9.22714,6.354382,-212.432052,1
sh.603880,南卫股份,2026-05-06,7.45,7.65,7.35,7.53,7.45,13060731.0,98087361.75,4.5186,1.0738,0,-22.010737,12.646632,3.722525,307.441294,1
sh.603881,数据港,2026-05-06,37.55,39.0,37.54,38.5,36.91,51550214.0,1975010729.31,7.1759,4.3078,0,198.319043,8.219104,16.212191,-293.556981,1
sh.603882,金域医学,2026-05-06,27.52,27.95,27.35,27.49,27.3,6513072.0,179787129.04,1.4155,0.696,0,-124.040606,2.005901,2.153023,33.824304,1
sh.603883,老百姓,2026-05-06,14.0,14.06,13.86,13.9,14.0,8114430.0,113086329.55,1.0692,-0.7143,0,26.700794,1.551433,0.473398,17.235217,1
sh.603885,吉祥航空,2026-05-06,11.54,11.62,11.24,11.48,11.44,20283484.0,232637727.65,0.9287,0.3497,0,22.086982,2.423181,1.101727,19.826299,1
sh.603886,元祖股份,2026-05-06,12.78,12.8,12.28,12.39,12.77,7273300.0,90307420.12,3.0305,-2.9757,0,31.508249,2.005815,1.43256,-27.623171,1
sh.603887,城地香江,2026-05-06,15.35,15.94,15.35,15.67,15.19,29351552.0,461752047.39,4.9307,3.16,0,-95.57766,2.707985,2.401579,-136.304132,1
sh.603888,新华网,2026-05-06,20.21,20.8,20.21,20.59,20.09,12319496.0,253584544.58,1.8258,2.4888,0,42.10757,3.651024,6.163588,-53.232869,1
sh.603889,新澳股份,2026-05-06,8.59,8.59,8.18,8.42,8.71,24590062.0,206096577.02,3.393,-3.3295,0,12.321377,1.613089,1.174489,31.969393,1
sh.603890,春秋电子,2026-05-06,19.22,19.34,18.79,18.95,18.87,24912993.0,473670776.92,5.5758,0.424,0,27.731332,2.56531,1.827804,7.280016,1
sh.603893,瑞芯微,2026-05-06,185.31,188.88,181.05,181.45,182.9,14028512.0,2599290596.68,3.3332,-0.7928,0,65.871882,16.184612,16.175362,-82.960455,1
sh.603895,天永智能,2026-05-06,28.67,29.34,27.91,28.83,28.67,2787800.0,79611807.0,2.5794,0.5581,0,183.273547,15.182507,5.959796,48.862641,1
sh.603896,寿仙谷,2026-05-06,17.5,17.56,17.33,17.36,17.48,1977069.0,34443072.9,0.9973,-0.6865,0,-297.78165,1.550703,5.503772,-33.87711,1
sh.603897,长城科技,2026-05-06,54.83,55.5,52.25,52.5,52.36,14543346.0,776976702.17,7.045,0.2674,0,35.516471,4.274055,0.828641,239.718493,1
sh.603898,好莱客,2026-05-06,13.81,13.82,13.19,13.24,13.81,5303300.0,71303795.0,1.7034,-4.1274,0,-427.685161,1.344129,2.656488,-27.082747,1
sh.603899,晨光股份,2026-05-06,24.62,24.92,24.45,24.72,24.54,4134093.0,102275801.64,0.4489,0.7335,0,17.12641,2.363536,0.898102,-32.79961,1
sh.603900,莱绅通灵,2026-05-06,8.14,8.16,7.89,7.97,7.98,15150629.0,120882450.14,4.4207,-0.1253,0,32.189906,1.370188,1.797025,-585.663737,1
sh.603901,永创智能,2026-05-06,12.25,12.76,12.25,12.58,12.22,17694324.0,221304358.05,3.4749,2.946,0,40.895148,2.330935,1.677395,14.2485,1
sh.603903,中持股份,2026-05-06,12.4,12.7,12.28,12.4,12.24,11379840.0,141601897.2,4.4571,1.3072,0,-34.538629,2.21534,3.135268,-23.670983,1
sh.603906,龙蟠科技,2026-05-06,33.79,34.28,32.71,33.6,33.17,70396796.0,2360393526.08,12.4579,1.2964,0,340.108264,7.562965,2.123038,-31.821819,1
sh.603908,牧高笛,2026-05-06,24.26,24.8,23.81,24.14,24.18,2782960.0,67651828.8,2.9883,-0.1654,0,-50.623764,4.627785,2.376853,103.706133,1
sh.603909,建发合诚,2026-05-06,12.2,12.49,12.05,12.16,12.15,5518600.0,67701649.36,2.1171,0.0823,0,27.744185,2.676954,0.401843,5.901872,1
sh.603912,佳力图,2026-05-06,10.96,11.25,10.85,11.13,10.58,46049187.0,510571202.12,8.4982,5.1985,0,-97.417455,3.505025,8.086318,-38.248768,1
sh.603915,国茂股份,2026-05-06,15.89,16.2,15.78,15.94,15.71,9154625.0,146072881.5,1.3942,1.464,0,42.372555,2.759815,3.874441,143.123674,1
sh.603916,苏博特,2026-05-06,12.1,12.55,11.93,12.33,12.07,20846174.0,257320262.75,4.9595,2.1541,0,41.436031,1.233536,1.4724,-125.996259,1
sh.603917,合力科技,2026-05-06,12.51,12.69,12.42,12.46,12.51,10598988.0,132935840.96,5.1997,-0.3997,0,123.4357,1.512895,3.3648,23.246562,1
sh.603918,金桥信息,2026-05-06,13.5,13.76,13.48,13.6,13.4,8462058.0,115570391.42,2.3177,1.4925,0,-77.027439,5.073891,6.972382,-44.776566,1
sh.603919,金徽酒,2026-05-06,17.49,17.65,17.4,17.54,17.76,4674900.0,81974679.4,0.9216,-1.2387,0,27.364025,2.516508,3.065627,-1114.463363,1
sh.603920,世运电路,2026-05-06,53.5,56.48,53.5,54.88,52.65,30749943.0,1684607255.96,4.2673,4.2355,0,73.13264,6.073519,6.959955,-60.256753,1
sh.603922,ST金鸿顺,2026-05-06,18.91,18.91,18.91,18.91,19.91,390000.0,7374900.0,0.2176,-5.0226,1,-35.054924,3.642091,5.301124,-7.658787,1
sh.603926,铁流股份,2026-05-06,21.88,22.73,21.51,21.76,21.75,13151973.0,290743705.34,5.6975,0.046,0,63.409957,2.918961,2.130208,74.704028,1
sh.603927,中科软,2026-05-06,16.43,16.95,16.43,16.8,16.44,15011628.0,252168181.96,1.8064,2.1898,0,62.233803,4.396763,2.348877,60.700439,1
sh.603928,兴业股份,2026-05-06,16.01,16.29,15.97,16.23,15.95,5637830.0,91001500.7,2.1512,1.7555,0,35.348316,2.634658,2.583215,196.470216,1
sh.603929,亚翔集成,2026-05-06,191.88,207.13,188.97,201.81,188.3,7856084.0,1582332856.11,3.6821,7.1747,0,40.692847,17.046358,8.277284,298.672283,1
sh.603931,格林达,2026-05-06,39.3,40.73,38.88,40.06,38.82,13306456.0,531577623.36,6.668,3.1942,0,66.614902,4.005993,13.074105,-43.372712,1
sh.603933,睿能科技,2026-05-06,24.45,26.49,24.42,25.76,24.44,25869335.0,653476058.82,12.4645,5.401,0,94.884583,3.993036,2.229922,150.831907,1
sh.603936,博敏电子,2026-05-06,16.38,17.05,16.28,17.05,15.5,12177005.0,206556100.41,1.9316,10.0,0,-340.463417,2.499548,2.979733,-37.547118,1
sh.603937,丽岛新材,2026-05-06,15.77,16.78,15.77,16.78,15.25,10390400.0,170764208.96,4.9741,10.0328,0,1504.810665,2.265132,1.67702,74.546447,1
sh.603938,三孚股份,2026-05-06,28.8,30.17,28.53,29.66,28.22,16249732.0,481318069.4,4.2469,5.1028,0,123.157696,4.467441,5.04431,297.575605,1
sh.603939,益丰药房,2026-05-06,23.2,23.32,22.85,22.89,23.2,11028735.0,254453590.59,0.9097,-1.3362,0,16.054989,2.329666,1.132299,-45.842903,1
sh.603948,建业股份,2026-05-06,27.65,27.79,27.03,27.44,27.6,2169791.0,59203451.76,1.3353,-0.5797,0,19.11381,2.016854,2.175518,12.882359,1
sh.603949,雪龙集团,2026-05-06,17.95,18.2,17.81,17.95,17.81,3675782.0,66184364.2,1.7487,0.7861,0,39.541608,3.423025,8.41985,-147.507914,1
sh.603950,长源东谷,2026-05-06,56.68,58.19,54.72,58.0,55.65,10808080.0,614489310.16,3.3399,4.2228,0,47.696157,6.072208,8.336375,202.975599,1
sh.603955,大千生态,2026-05-06,26.05,26.6,25.96,26.15,25.99,2150330.0,56387809.7,1.5844,0.6156,0,-25.772817,2.483729,8.101928,-127.605337,1
sh.603956,威派格,2026-05-06,5.93,5.96,5.85,5.9,5.9,7668300.0,45217721.0,1.3455,0.0,0,-23.210903,1.824282,3.062271,42.709197,1
sh.603958,哈森股份,2026-05-06,24.3,24.66,23.0,23.37,24.26,14160562.0,332056442.82,6.4554,-3.6686,0,-132.348441,7.873424,3.443505,339.577204,1
sh.603959,ST百利,2026-05-06,4.32,4.78,4.32,4.7,4.55,90975025.0,412268501.36,18.555,3.2967,1,-13.46154,5893.960572,4.507326,-43.745805,1
sh.603960,克来机电,2026-05-06,22.23,23.52,21.8,22.15,22.29,15441900.0,344327835.29,5.8894,-0.6281,0,274.037909,5.158493,11.86989,104.368434,1
sh.603966,法兰泰克,2026-05-06,13.61,13.92,13.55,13.84,13.57,10470921.0,144036325.27,2.6327,1.9897,0,21.681852,2.600136,2.071268,-41.881476,1
sh.603967,中创物流,2026-05-06,13.88,14.24,13.7,14.24,13.93,9828240.0,137962545.6,2.8351,2.2254,0,16.992034,1.988865,0.551238,136.732635,1
sh.603968,醋化股份,2026-05-06,12.1,12.2,12.02,12.1,11.93,5770500.0,69950770.0,2.822,1.425,0,-35.315513,1.413265,0.956464,-27.001045,1
sh.603969,银龙股份,2026-05-06,8.91,9.16,8.87,9.01,8.91,20696404.0,186777828.48,2.436,1.1223,0,21.714014,2.773326,2.467592,234.617904,1
sh.603970,中农立华,2026-05-06,13.23,13.37,13.01,13.02,13.21,2964410.0,38910784.9,1.1028,-1.4383,0,20.169073,2.151323,0.308008,-42.286412,1
sh.603976,正川股份,2026-05-06,21.15,21.45,20.92,21.3,21.15,2018400.0,42823329.0,1.3349,0.7092,0,217.360392,2.711732,4.527004,42.817975,1
sh.603977,国泰集团,2026-05-06,13.95,14.35,13.87,14.08,13.87,19236582.0,270278809.18,3.0965,1.5141,0,35.118906,2.529115,3.680549,133.231219,1
sh.603978,深圳新星,2026-05-06,27.41,29.63,27.41,29.63,26.94,18328898.0,532291838.19,8.6828,9.9852,0,-98.177712,3.771018,1.825846,149.391445,1
sh.603979,金诚信,2026-05-06,62.88,64.49,61.06,64.12,62.3,10851441.0,682582139.03,1.7396,2.9213,0,15.882984,3.493864,2.75904,16.615707,1
sh.603980,吉华集团,2026-05-06,6.33,6.4,6.29,6.38,6.35,18076400.0,114601825.2,2.6707,0.4724,0,46.271703,1.095653,2.707394,27.31243,1
sh.603982,泉峰汽车,2026-05-06,7.66,7.72,7.52,7.6,7.6,8143688.0,61950535.53,2.3984,0.0,0,-8.109624,1.308037,1.086266,-8.982425,1
sh.603983,丸美生物,2026-05-06,25.17,25.6,24.91,25.41,25.17,2829113.0,71533161.97,0.7055,0.9535,0,47.789588,2.96881,2.916294,-22.568915,1
sh.603985,恒润股份,2026-05-06,26.62,28.73,26.55,28.73,26.12,59262216.0,1632826894.43,13.4425,9.9923,0,106.679929,3.791526,2.835693,57.925115,1
sh.603986,兆易创新,2026-05-06,330.0,344.29,330.0,344.29,312.99,42342550.0,14465204492.38,6.3402,10.0003,0,83.96964,9.55089,21.021821,47.76532,1
sh.603987,康德莱,2026-05-06,8.39,8.46,8.37,8.43,8.4,4679500.0,39368023.0,1.0713,0.3571,0,15.754984,1.293327,1.610045,34.839929,1
sh.603988,中电电机,2026-05-06,25.1,25.85,24.98,25.49,24.91,5966968.0,151240134.44,2.537,2.3284,0,193.719712,8.995521,9.1144,375.894223,1
sh.603989,艾华集团,2026-05-06,20.08,20.58,20.05,20.28,19.86,10796724.0,219551070.8,2.7074,2.1148,0,30.585433,2.046313,2.013522,-917.927407,1
sh.603990,麦迪科技,2026-05-06,16.13,16.17,15.46,15.58,15.82,22280299.0,350717822.52,7.2744,-1.5171,0,245.862574,5.689037,15.915414,41.183922,1
sh.603991,至正股份,2026-05-06,113.1,119.88,113.1,117.8,112.63,3325500.0,384677885.0,4.4617,4.5903,0,967.408804,5.117557,12.896419,27.961268,1
sh.603992,松霖科技,2026-05-06,31.9,32.89,31.59,32.5,31.9,4480644.0,145370280.76,1.0113,1.8809,0,56.386081,3.928158,5.005002,49.235934,1
sh.603993,洛阳钼业,2026-05-06,18.9,19.54,18.6,19.48,18.62,312371082.0,5965432001.21,1.789,4.6187,0,17.255205,4.689765,1.835298,31.055416,1
sh.603995,甬金股份,2026-05-06,19.36,19.82,19.23,19.68,19.38,7312520.0,142658135.15,2.0,1.548,0,12.620458,1.217654,0.166919,30.356731,1
sh.603997,继峰股份,2026-05-06,12.25,12.39,11.9,12.15,12.17,21877494.0,265533775.92,1.7196,-0.1643,0,32.151786,2.857947,0.644423,-55.378621,1
sh.603998,方盛制药,2026-05-06,11.04,11.1,10.9,11.01,10.99,10814800.0,118948216.0,2.4631,0.182,0,15.771476,2.787903,2.69901,126.495202,1
sh.603999,读者传媒,2026-05-06,6.72,6.84,6.7,6.77,6.71,8493682.0,57516666.84,1.4746,0.8942,0,45.536604,1.878749,4.579006,-88.408872,1
sh.605001,威奥股份,2026-05-06,7.61,7.66,7.47,7.57,7.51,7901170.0,59761078.3,2.0111,0.7989,0,36.431656,1.086869,1.618815,21.002256,1
sh.605003,众望布艺,2026-05-06,29.75,29.75,28.71,29.34,29.75,2266200.0,66343411.0,2.0602,-1.3782,0,51.063041,2.194609,5.955466,-45.340627,1
sh.605005,合兴股份,2026-05-06,19.14,19.29,18.96,19.15,19.14,3815200.0,72887531.0,0.9514,0.0522,0,38.506509,3.609597,4.064986,331.413045,1
sh.605006,山东玻纤,2026-05-06,11.92,12.58,11.76,12.29,11.69,72229240.0,880940453.2,12.0372,5.1326,0,-610.269879,2.942748,2.709233,-108.189069,1
sh.605007,五洲特纸,2026-05-06,15.86,15.87,15.46,15.73,15.86,5879100.0,92043457.0,1.4641,-0.8197,0,26.770602,2.082279,0.815602,-133.883632,1
sh.605008,长鸿高科,2026-05-06,12.07,12.2,12.0,12.2,12.05,2702280.0,32767043.6,0.4183,1.2448,0,-386.055003,4.035161,1.969036,-154.473677,1
sh.605009,豪悦护理,2026-05-06,28.82,29.03,28.61,28.69,28.82,1250964.0,36115958.73,0.5817,-0.4511,0,27.434714,1.770762,1.615234,-7.788007,1
sh.605011,杭州热电,2026-05-06,20.82,21.49,20.74,21.21,20.74,6863403.0,144936851.52,1.7154,2.2662,0,44.629066,3.433533,2.538349,-116.392771,1
sh.605016,百龙创园,2026-05-06,27.4,27.95,26.49,27.58,27.19,7671449.0,210147015.11,1.8265,1.4344,0,28.411757,5.563714,7.943094,66.36972,1
sh.605018,长华集团,2026-05-06,12.75,12.86,12.54,12.82,12.82,5743800.0,72772120.0,1.2219,0.0,0,58.015176,2.128552,2.762857,16.398677,1
sh.605020,永和股份,2026-05-06,27.1,27.15,26.87,26.99,26.9,13225270.0,356851697.11,2.6297,0.3346,0,21.391085,2.323766,2.556759,-15.791746,1
sh.605028,世茂能源,2026-05-06,27.48,27.93,27.12,27.3,27.55,2695200.0,74339377.0,1.6845,-0.9074,0,30.76999,3.177514,13.582512,82.812322,1
sh.605033,美邦股份,2026-05-06,23.44,23.46,22.92,23.09,23.24,4458100.0,102991913.0,3.2974,-0.6454,0,57.456773,2.626279,3.25565,39.293561,1
sh.605050,福然德,2026-05-06,12.7,12.79,12.57,12.64,12.66,5306500.0,67258892.0,1.0767,-0.158,0,16.78205,1.394726,0.524887,-236.80045,1
sh.605055,迎丰股份,2026-05-06,11.23,12.23,11.23,11.9,11.21,10540827.0,124734314.81,2.3956,6.1552,0,-82.58006,5.330437,3.222332,300.971807,1
sh.605056,咸亨国际,2026-05-06,25.1,26.15,25.0,25.65,25.04,8643868.0,220455511.66,2.1428,2.4361,0,39.773218,5.71505,2.187973,130.312801,1
sh.605058,澳弘电子,2026-05-06,34.7,36.21,34.41,35.52,34.48,3632700.0,128326662.0,2.5417,3.0162,0,34.088732,2.793597,3.708922,-10.654589,1
sh.605060,联德股份,2026-05-06,60.1,64.39,60.05,64.39,58.54,15209276.0,959972553.61,6.3653,9.9932,0,63.521202,6.129077,11.772291,-406.295595,1
sh.605066,天正电气,2026-05-06,8.16,8.24,7.95,8.01,8.06,14948636.0,119644065.78,2.9752,-0.6203,0,52.19619,2.257426,1.443825,633.524465,1
sh.605068,明新旭腾,2026-05-06,25.71,25.96,25.14,25.34,25.71,4035300.0,102879469.0,2.4879,-1.4391,0,-370.264732,2.660411,2.732793,74.795335,1
sh.605069,正和生态,2026-05-06,14.33,14.62,14.0,14.32,14.19,8670400.0,124420560.0,4.0956,0.9161,0,-14.286604,4.41106,8.509004,-2621.764748,1
sh.605077,华康股份,2026-05-06,17.1,17.71,16.72,17.71,17.04,17848486.0,306960725.54,5.9608,3.9319,0,37.947336,1.749188,1.17723,-12.342598,1
sh.605080,浙江自然,2026-05-06,25.58,26.87,25.25,26.0,25.39,4548452.0,118679938.96,3.2408,2.4025,0,22.019504,1.616897,3.524933,20.817728,1
sh.605081,*ST太和,2026-05-06,5.03,5.03,5.03,5.03,5.03,,,,,1,-1.839716,0.864227,6.524173,-9.788029,0
sh.605086,龙高股份,2026-05-06,32.78,32.82,31.98,32.33,32.52,1684000.0,54404480.0,0.9397,-0.5843,0,50.528256,3.55604,21.469206,140.118479,1
sh.605088,冠盛股份,2026-05-06,35.46,35.97,35.29,35.73,35.46,4450700.0,158595505.0,2.2285,0.7614,0,25.065448,2.449703,1.5533,6.064027,1
sh.605089,味知香,2026-05-06,26.53,27.0,26.11,26.17,26.77,2548197.0,66939037.27,1.8465,-2.2413,0,50.180693,2.851453,5.124015,21.630913,1
sh.605090,九丰能源,2026-05-06,45.67,46.4,44.7,44.84,45.56,35333986.0,1600035587.85,5.0183,-1.5803,0,22.464564,2.692458,1.640499,-35.785276,1
sh.605098,行动教育,2026-05-06,61.73,62.6,60.16,61.98,61.75,2769980.0,169291314.4,2.3228,0.3725,0,22.347662,7.21246,8.655235,21.21278,1
sh.605099,共创草坪,2026-05-06,48.42,51.0,47.2,49.54,48.42,12302383.0,608568571.94,3.0645,2.3131,0,27.991705,5.977746,5.844918,-69.427927,1
sh.605100,华丰股份,2026-05-06,48.97,49.77,48.21,49.07,48.97,2880940.0,141053974.08,1.6953,0.2042,0,348.548949,4.649486,9.790642,588.584955,1
sh.605108,同庆楼,2026-05-06,15.88,15.88,15.44,15.51,15.92,5181330.0,80377733.5,1.9928,-2.5754,0,60.124727,1.728405,1.490364,-147.257682,1
sh.605111,新洁能,2026-05-06,41.58,42.8,41.29,41.34,40.68,29128316.0,1223201474.03,7.0133,1.6224,0,45.195105,3.954596,8.827357,-35.418766,1
sh.605116,奥锐特,2026-05-06,22.95,23.04,22.6,22.85,22.6,2962100.0,67648726.0,0.7293,1.1062,0,23.573359,3.438257,5.509016,-196.221539,1
sh.605117,德业股份,2026-05-06,152.26,159.93,147.55,159.25,150.63,15663025.0,2437214602.47,1.7225,5.7226,0,39.640416,12.523454,10.258034,67.356302,1
sh.605118,力鼎光电,2026-05-06,48.5,48.5,47.02,48.21,48.32,6047386.0,289053504.4,1.4791,-0.2276,0,72.465359,12.25694,21.925843,518.920892,1
sh.605122,四方新材,2026-05-06,14.8,15.05,14.56,14.65,14.72,8297115.0,122765021.4,4.814,-0.4755,0,-8.31563,1.452486,2.591212,-35.865063,1
sh.605123,派克新材,2026-05-06,109.3,112.46,109.1,110.5,106.77,8301215.0,922072680.16,6.8508,3.4935,0,51.215542,2.873463,3.5059,21.502346,1
sh.605128,上海沿浦,2026-05-06,34.25,34.5,32.47,32.9,34.2,6915837.0,228903384.35,3.2755,-3.8012,0,34.537842,3.167707,2.852262,106.289809,1
sh.605133,嵘泰股份,2026-05-06,33.6,35.22,33.2,34.95,32.63,16521476.0,569542049.6,5.8562,7.11,0,52.775428,2.586788,2.851945,-15.350406,1
sh.605136,丽人丽妆,2026-05-06,11.0,11.16,10.94,11.02,10.94,8120500.0,89843254.0,2.0278,0.7313,0,-85.971544,1.828163,2.526721,-31.680701,1
sh.605138,盛泰集团,2026-05-06,7.7,7.98,7.59,7.79,7.7,21201293.0,165168224.04,3.8161,1.1688,0,24.676927,1.725029,1.263898,221.85535,1
sh.605151,西上海,2026-05-06,21.54,22.5,21.16,21.91,21.76,4336800.0,94977841.0,3.2231,0.6893,0,145.717654,2.141142,1.551122,26.967201,1
sh.605155,西大门,2026-05-06,15.84,16.09,15.81,15.98,15.81,2858116.0,45652208.32,1.5298,1.0753,0,28.124312,2.230818,3.432633,14.153775,1
sh.605158,华达新材,2026-05-06,8.05,8.29,7.83,8.22,8.01,14143470.0,114141031.53,2.7655,2.6217,0,-1637.799835,1.734581,0.596497,-2.738764,1
sh.605162,新中港,2026-05-06,11.18,11.47,11.18,11.41,11.16,12187238.0,138707306.72,2.9663,2.2401,0,39.125868,3.630118,6.922398,-16.245867,1
sh.605166,聚合顺,2026-05-06,11.73,11.87,11.46,11.7,11.7,11548467.0,134635924.24,3.6693,0.0,0,37.529914,1.852341,0.715386,-4.715608,1
sh.605167,利柏特,2026-05-06,17.52,18.29,17.43,18.02,17.49,5718634.0,102670433.17,1.2734,3.0303,0,37.435648,3.929332,3.32508,-31.872829,1
sh.605168,三人行,2026-05-06,47.5,48.17,46.2,47.52,47.06,16394072.0,775993365.16,7.7764,0.9775,0,78.589352,3.663502,2.562062,-125.221054,1
sh.605169,洪通燃气,2026-05-06,12.14,12.18,11.88,12.11,12.14,3317368.0,39900525.8,1.1727,-0.2471,0,33.116411,1.6988,1.135185,-6.578996,1
sh.605177,东亚药业,2026-05-06,20.72,21.29,20.5,20.66,20.92,3943780.0,82200573.2,3.47,-1.2428,0,-21.415338,1.426554,2.337782,35.243819,1
sh.605178,时空科技,2026-05-06,70.4,73.5,66.85,66.86,68.84,5126800.0,354029352.0,5.1744,-2.8762,0,-30.731824,6.000926,19.802808,123.30983,1
sh.605179,一鸣食品,2026-05-06,17.06,17.37,17.03,17.05,17.25,2864021.0,48976316.84,0.7142,-1.1594,0,127.313734,5.939881,2.364957,449.549498,1
sh.605180,华生科技,2026-05-06,16.0,16.09,15.51,15.71,15.85,2107911.0,33200338.58,1.2473,-0.8833,0,122.95255,2.311702,6.979541,-15.572899,1
sh.605183,确成股份,2026-05-06,17.14,17.22,16.94,17.06,16.97,2458198.0,41881586.96,0.596,0.5303,0,16.187312,1.873713,3.173189,-115.047863,1
sh.605186,健麾信息,2026-05-06,20.15,20.37,19.97,20.14,19.95,3003454.0,60535133.28,2.2084,0.9524,0,89.018455,2.475751,7.952404,80.729902,1
sh.605188,国光连锁,2026-05-06,15.9,16.09,15.8,16.01,16.12,5512400.0,87977581.0,1.0973,-0.6824,0,392.986559,6.569695,2.845833,80.818949,1
sh.605189,富春染织,2026-05-06,16.78,16.81,16.32,16.41,16.95,17845570.0,294535248.84,9.1951,-3.1858,0,21.9361,1.669435,0.881688,138.727436,1
sh.605196,华通线缆,2026-05-06,42.9,43.9,41.86,42.75,42.7,11816400.0,501914159.0,2.3401,0.1171,0,70.799724,6.45174,2.687982,-295.601401,1
sh.605198,安德利,2026-05-06,46.08,48.5,45.89,46.1,45.84,2424993.0,113133676.53,0.8964,0.5672,0,48.601667,5.401028,9.767705,-333.132742,1
sh.605199,ST葫芦娃,2026-05-06,6.78,6.78,6.55,6.55,6.79,3900000.0,25730982.0,0.9747,-3.5346,1,-7.692612,6.829868,3.690397,-36.864242,1
sh.605208,永茂泰,2026-05-06,14.75,14.85,13.99,14.12,14.73,16938227.0,241300969.47,5.1337,-4.1412,0,65.763665,2.096181,0.774905,26.644202,1
sh.605218,伟时电子,2026-05-06,17.2,17.36,16.43,16.56,17.03,7057025.0,118219666.5,3.3157,-2.7598,0,-235.453491,2.26696,1.640148,31.647871,1
sh.605222,起帆电缆,2026-05-06,36.86,37.1,34.36,34.78,36.37,34075247.0,1192161498.24,8.2526,-4.3717,0,73.21222,3.051129,0.633731,33.437259,1
sh.605228,神通科技,2026-05-06,14.69,15.24,14.56,15.1,14.39,15046763.0,225829900.97,3.1536,4.934,0,42.437711,3.154498,3.702482,59.416286,1
sh.605255,天普股份,2026-05-06,103.8,106.8,103.04,103.39,102.04,1854452.0,193556756.6,1.3831,1.323,0,921.631972,17.05491,44.830265,15.402795,1
sh.605258,协和电子,2026-05-06,35.0,35.87,34.9,35.39,34.73,2879600.0,101813452.0,3.2723,1.9004,0,52.001187,2.556181,3.171553,-85.062329,1
sh.605259,绿田机械,2026-05-06,19.9,20.08,19.43,19.51,19.95,3560040.0,69934395.0,2.064,-2.2055,0,14.438023,1.785652,1.335779,-8.068867,1
sh.605266,健之佳,2026-05-06,20.04,20.35,19.99,20.24,20.06,2608837.0,52679037.05,1.6881,0.8973,0,20.77358,1.154842,0.358808,-109.232369,1
sh.605268,王力安防,2026-05-06,12.9,13.2,12.5,13.2,12.98,15512935.0,199820871.06,3.5213,1.6949,0,45.068053,3.415978,1.797888,-93.115108,1
sh.605277,新亚电子,2026-05-06,22.86,23.6,22.86,23.28,22.83,6427535.0,149861793.95,2.0204,1.9711,0,34.631609,4.322185,1.866961,834.571395,1
sh.605286,同力天启,2026-05-06,40.88,42.1,40.76,41.68,40.68,2523500.0,105333502.0,1.5021,2.4582,0,51.797824,3.24319,3.516947,7.074498,1
sh.605287,德才股份,2026-05-06,56.68,58.6,55.61,57.47,55.32,8879121.0,507950165.46,6.3422,3.8865,0,134.214834,5.088089,2.359627,-339.772687,1
sh.605288,凯迪股份,2026-05-06,82.8,83.7,81.63,82.16,83.0,1006179.0,83114723.9,1.4333,-1.012,0,166.550476,2.593368,4.254461,29.173726,1
sh.605289,罗曼股份,2026-05-06,150.0,150.5,144.67,148.02,150.05,5641839.0,832591672.6,5.2077,-1.3529,0,186.546282,11.845213,7.719903,48.668418,1
sh.605296,神农集团,2026-05-06,29.85,30.2,29.64,30.17,29.96,3273486.0,97912135.26,0.632,0.7009,0,-29.428304,3.699645,3.043609,-22.820231,1
sh.605298,必得科技,2026-05-06,58.98,58.98,57.2,57.99,58.67,2310999.0,133453506.73,1.2408,-1.159,0,190.168459,10.178075,19.545683,103.964664,1
sh.605299,舒华体育,2026-05-06,25.99,26.96,25.11,26.01,25.98,65410899.0,1714435862.89,15.984,0.1155,0,100.643706,8.287997,6.473015,319.999815,1
sh.605300,佳禾食品,2026-05-06,11.12,11.28,11.05,11.19,11.1,5212195.0,58254176.06,1.1471,0.8108,0,113.716099,1.76237,2.271145,-8.698603,1
sh.605303,园林股份,2026-05-06,23.59,25.45,23.05,25.45,23.14,4179940.0,103505020.0,2.5924,9.9827,0,-24.765238,4.849526,8.854316,408.189242,1
sh.605305,中际联合,2026-05-06,47.12,47.39,45.46,47.26,47.8,9786184.0,455017176.52,4.6048,-1.1297,0,17.915025,3.278073,5.021387,84.717055,1
sh.605318,法狮龙,2026-05-06,101.4,103.27,98.59,99.21,101.18,3667245.0,370046569.0,2.9168,-1.947,0,40299.08944,19.506935,24.07622,40.861086,1
sh.605319,无锡振华,2026-05-06,26.82,27.2,26.3,26.65,26.82,6761465.0,180410983.65,1.9421,-0.6339,0,19.790548,3.264023,3.078692,111.477911,1
sh.605333,沪光股份,2026-05-06,22.96,23.95,22.96,23.44,22.75,3432232.0,80874072.76,0.7396,3.033,0,25.998772,3.154468,1.267561,416.604131,1
sh.605336,*ST帅电,2026-05-06,16.55,17.08,16.41,16.9,16.68,3876710.0,64895920.5,2.1137,1.3189,1,-49.726642,1.718262,15.397303,27.202382,1
sh.605337,李子园,2026-05-06,10.88,10.91,10.79,10.85,10.84,2819668.0,30559509.46,0.7228,0.0923,0,23.049304,2.533712,3.319212,-12.205948,1
sh.605338,巴比食品,2026-05-06,23.19,23.25,22.79,22.95,23.2,2659400.0,60969936.72,1.1101,-1.0776,0,19.423955,2.305578,2.940949,-7.234743,1
sh.605339,南侨食品,2026-05-06,16.07,16.25,15.97,16.18,16.1,1484250.0,23959097.0,0.3498,0.4969,0,466.219123,2.00621,2.256812,-21.896843,1
sh.605358,立昂微,2026-05-06,42.29,44.69,41.52,43.32,41.06,47898719.0,2066005002.78,7.1344,5.5041,0,-536.767149,4.167107,7.714897,-57.825728,1
sh.605365,立达信,2026-05-06,29.52,30.8,28.41,28.55,29.47,13357040.0,393647023.0,2.6607,-3.1218,0,89.773095,3.769051,2.105695,-47.22506,1
sh.605366,宏柏新材,2026-05-06,13.42,13.8,13.18,13.54,13.34,25770332.0,347385452.34,3.3206,1.4993,0,-62.478476,3.92614,7.374052,-216.337164,1
sh.605368,蓝天燃气,2026-05-06,7.77,7.77,7.7,7.72,7.77,4030960.0,31122195.2,0.5641,-0.6435,0,23.396666,1.661476,1.4204,-8.401753,1
sh.605369,拱东医疗,2026-05-06,19.8,20.65,19.8,20.26,19.7,4759074.0,96328023.2,2.1584,2.8426,0,79.647667,2.600758,3.851651,20.959793,1
sh.605376,博迁新材,2026-05-06,138.0,139.0,127.2,130.0,131.58,16250717.0,2148860179.91,6.212,-1.2008,0,139.980702,19.319389,25.926673,-2554.670443,1
sh.605377,华旺科技,2026-05-06,9.77,9.96,9.7,9.8,9.83,8799629.0,86039356.09,1.5808,-0.3052,0,21.37113,1.373696,1.771311,-5.969899,1
sh.605378,野马电池,2026-05-06,20.3,20.49,20.28,20.36,20.3,1763719.0,35894437.38,0.6749,0.2956,0,136.699973,4.275339,4.214751,-39.777817,1
sh.605388,均瑶健康,2026-05-06,7.0,7.25,6.96,7.19,7.01,22313596.0,159227340.6,3.7159,2.5678,0,-22.434665,2.809984,3.172136,157.894257,1
sh.605389,长龄液压,2026-05-06,119.95,125.0,105.32,122.34,116.98,5558633.0,645832354.01,4.0792,4.582,0,132.438854,8.172343,15.760089,137.956183,1
sh.605398,新炬网络,2026-05-06,26.99,27.43,26.81,27.32,26.61,2419172.0,65988952.98,1.4867,2.6682,0,322.018039,4.278555,8.107963,77.981426,1
sh.605399,晨光新材,2026-05-06,14.75,14.85,14.22,14.36,14.68,5819820.0,83954028.55,1.8682,-2.1798,0,-41.07424,2.177259,3.717077,-27.081159,1
sh.605488,福莱新材,2026-05-06,33.5,34.88,33.3,34.12,33.19,8278108.0,281998632.66,2.9971,2.802,0,168.209986,4.551342,3.353679,15.845306,1
sh.605499,东鹏饮料,2026-05-06,203.0,203.0,197.19,200.65,203.84,6742848.0,1344095085.32,1.2967,-1.565,0,24.148446,5.536919,5.17082,17.620495,1
sh.605500,森林包装,2026-05-06,9.2,9.28,9.15,9.27,9.18,4064943.0,37418732.98,0.9809,0.9804,0,157.372845,1.487643,1.209978,-38.390297,1
sh.605507,国邦医药,2026-05-06,23.89,24.13,23.49,23.54,23.92,5389700.0,128000945.74,0.9645,-1.5886,0,17.162646,1.509649,2.159262,-363.582658,1
sh.605555,德昌股份,2026-05-06,15.47,15.62,15.29,15.45,15.37,6744052.0,104240832.52,1.3932,0.5205,0,79.312793,2.497308,1.653363,-15.092041,1
sh.605566,福莱蒽特,2026-05-06,32.91,33.32,31.25,31.47,32.9,4155066.0,133376190.59,3.1161,-4.3465,0,74.686213,2.064582,4.894557,-793.423224,1
sh.605567,春雪食品,2026-05-06,11.34,11.48,11.02,11.17,11.34,8541900.0,95939817.0,4.271,-1.4991,0,60.455896,2.010753,0.831838,-89.019189,1
sh.605577,龙版传媒,2026-05-06,11.78,11.95,11.69,11.78,11.7,5582931.0,65875859.94,1.2562,0.6838,0,21.935313,1.299734,3.368559,-87.342981,1
sh.605580,恒盛能源,2026-05-06,21.39,21.83,21.38,21.7,21.47,3637520.0,78710020.4,1.2991,1.0713,0,37.456247,5.660744,5.474101,-137.07284,1
sh.605588,冠石科技,2026-05-06,57.19,58.74,57.19,57.4,56.84,2052027.0,118530838.19,2.8072,0.9852,0,-50.76077,4.446849,3.126219,-42.409765,1
sh.605589,圣泉集团,2026-05-06,39.7,41.2,39.32,40.79,39.08,54839493.0,2202044445.31,6.5007,4.3756,0,35.330495,3.164646,3.096949,113.522838,1
sh.605598,上海港湾,2026-05-06,47.7,50.22,47.55,49.27,48.3,6868066.0,339016597.58,2.8262,2.0083,0,353.125877,6.987977,7.711568,-153.861082,1
sh.605599,菜百股份,2026-05-06,19.23,19.79,18.71,19.7,19.19,16150108.0,310288645.46,2.0764,2.6576,0,12.644579,3.028895,0.43941,-344.827437,1
sz.000001,平安银行,2026-05-06,11.5,11.5,11.3,11.36,11.49,121638755.0,1380730921.13,0.6268,-1.1314,0,5.119629,0.475025,1.657403,53.339277,1
sz.000002,万科A,2026-05-06,3.94,4.03,3.89,4.01,3.91,182828692.0,726387514.5,1.8815,2.5575,0,-0.542044,0.432823,0.213233,-2.99774,1
sz.000004,*ST国华,2026-05-06,2.76,2.76,2.76,2.76,2.76,,,,,1,30.994919,4.208207,2.084911,8.153178,0
sz.000006,深振业A,2026-05-06,9.59,9.62,9.3,9.47,9.7,42610058.0,401899192.16,3.1563,-2.3711,0,-1453.764534,2.381141,8.38238,310.676823,1
sz.000007,全新好,2026-05-06,16.41,16.41,15.2,15.97,15.51,17763976.0,285196282.76,5.1275,2.9658,0,-2744.651501,30.893404,13.046171,-1100.306557,1
sz.000008,神州高铁,2026-05-06,2.7,2.71,2.68,2.7,2.69,48025281.0,129522281.36,1.768,0.3717,0,-8.911686,3.39825,3.429798,-16.532865,1
sz.000009,中国宝安,2026-05-06,8.65,8.83,8.61,8.74,8.65,42868938.0,373947374.49,1.6642,1.0405,0,434.123673,2.247423,0.939447,-22.482382,1
sz.000010,*ST美丽,2026-05-06,2.75,2.75,2.75,2.75,2.89,1531200.0,4210800.0,0.1764,-4.8443,1,-1862.031948,10.741796,4.891697,237.830899,1
sz.000011,深物业A,2026-05-06,8.07,8.12,7.99,8.0,8.07,7224835.0,58088267.43,1.3723,-0.8674,0,2899.877985,1.416399,1.949143,-6.852739,1
sz.000012,南玻A,2026-05-06,4.04,4.08,3.99,4.03,4.03,29735780.0,119698797.23,1.5177,0.0,0,1099.128938,0.940697,0.898886,-24.915648,1
sz.000014,沙河股份,2026-05-06,13.17,13.27,13.08,13.1,13.2,7842061.0,103195359.3,3.2399,-0.7576,0,-20.81483,2.296077,9.459866,-13.512734,1
sz.000016,*ST康佳A,2026-05-06,3.15,3.23,3.08,3.08,3.24,49581356.0,154751301.4,3.1054,-4.9383,1,-0.576662,-0.658885,0.804157,6.095172,1
sz.000017,深中华A,2026-05-06,6.46,6.46,6.38,6.41,6.41,7137431.0,45741895.79,1.6191,0.0,0,106.862488,11.31737,6.242891,361.913226,1
sz.000019,深粮控股,2026-05-06,7.67,7.91,7.64,7.82,7.69,18608520.0,144647562.56,4.471,1.6905,0,41.564885,1.783446,1.657344,-39.849579,1
sz.000020,深华发A,2026-05-06,16.01,16.15,15.78,15.95,15.96,7281860.0,116048014.26,4.0195,-0.0627,0,130.080091,10.165184,5.657205,87.868515,1
sz.000021,深科技,2026-05-06,30.2,31.38,30.2,30.72,29.22,126080481.0,3896584980.05,8.01,5.1335,0,40.337409,3.619792,3.002612,3246.369047,1
sz.000025,特力A,2026-05-06,16.66,16.68,16.23,16.31,16.6,7521422.0,122801887.13,1.9149,-1.747,0,49.540824,3.780031,5.352144,130.125508,1
sz.000026,飞亚达,2026-05-06,18.2,18.24,17.77,17.85,18.13,15015557.0,270210220.29,4.1188,-1.5444,0,67.634321,2.131549,2.02676,28.183175,1
sz.000027,深圳能源,2026-05-06,6.88,7.04,6.8,7.04,6.84,51869585.0,360474660.58,1.0903,2.924,0,16.73681,1.001112,0.768181,-66.836427,1
sz.000028,国药一致,2026-05-06,24.52,24.6,24.4,24.57,24.54,4286464.0,105130128.06,0.8967,0.1222,0,12.483949,0.723633,0.187465,-20.482314,1
sz.000029,深深房A,2026-05-06,21.38,21.74,21.04,21.14,21.26,9627300.0,204899532.99,1.0797,-0.5644,0,905.901579,5.918606,17.526996,-101.759824,1
sz.000030,富奥股份,2026-05-06,5.1,5.12,5.07,5.1,5.09,16654550.0,84876239.0,0.9967,0.1965,0,13.209019,1.027686,0.500197,14.911045,1
sz.000031,大悦城,2026-05-06,3.08,3.11,3.01,3.09,3.06,26304068.0,80521262.3,0.6137,0.9804,0,-5.724361,1.295054,0.397971,-1.682388,1
sz.000032,深桑达A,2026-05-06,17.42,18.18,17.42,17.84,17.34,28832509.0,516429244.36,2.5337,2.8835,0,-123.582822,2.934889,0.4385,7.200008,1
sz.000034,神州数码,2026-05-06,38.12,40.28,38.12,39.43,37.67,45415713.0,1780574959.71,7.4904,4.6722,0,52.775321,2.546286,0.187415,-52.513179,1
sz.000035,中国天楹,2026-05-06,6.53,6.64,6.49,6.59,6.53,45067109.0,295541158.95,1.9484,0.9188,0,54.365599,1.462695,3.014913,26.656204,1
sz.000036,华联控股,2026-05-06,5.59,5.63,5.47,5.59,5.59,47785926.0,265204527.01,3.406,0.0,0,86.759588,1.525823,10.503879,26.748368,1
sz.000037,深南电A,2026-05-06,10.98,11.21,10.88,11.18,10.8,36327301.0,401787872.89,10.7189,3.5185,0,36.353923,3.987703,15.551333,427.671647,1
sz.000039,中集集团,2026-05-06,12.5,13.63,12.23,13.36,12.39,119455666.0,1567366204.25,5.1905,7.8289,0,-631.865779,1.542043,0.470111,-28.7018,1
sz.000042,中洲控股,2026-05-06,9.78,10.26,9.75,9.76,9.63,27471483.0,272003033.03,4.1366,1.3499,0,-5.859506,2.863086,3.421183,3.581525,1
sz.000045,深纺织A,2026-05-06,12.07,12.22,12.01,12.14,12.01,8041100.0,97699313.0,1.7595,1.0824,0,88.143925,2.048409,1.89037,520.999807,1
sz.000048,京基智农,2026-05-06,14.75,14.98,14.5,14.67,14.74,12433659.0,182866074.53,2.3468,-0.4749,0,-40.876385,2.071332,1.572181,-313.466148,1
sz.000049,德赛电池,2026-05-06,29.2,29.46,29.05,29.39,29.04,18360656.0,537244111.64,4.7748,1.2052,0,34.94176,1.66239,0.490679,-717.588572,1
sz.000050,深天马A,2026-05-06,7.64,7.77,7.58,7.6,7.62,33333728.0,255632823.2,1.3563,-0.2625,0,-273.767823,0.690207,0.52404,-129.848074,1
sz.000055,方大集团,2026-05-06,3.68,3.75,3.66,3.71,3.65,15066127.0,55993740.76,2.2292,1.6438,0,-7.657378,0.712769,1.188576,136.888728,1
sz.000056,*ST皇庭,2026-05-06,1.74,1.82,1.66,1.79,1.74,114593099.0,199640951.72,12.68,2.8736,1,-0.789834,-0.879964,0.632069,55.378038,1
sz.000058,深赛格,2026-05-06,8.22,8.26,8.17,8.23,8.2,7554300.0,62086971.35,0.7671,0.3659,0,144.932893,4.972829,6.10359,-29.204497,1
sz.000059,华锦股份,2026-05-06,5.69,5.69,5.41,5.48,5.69,57047336.0,312368069.84,3.5668,-3.6907,0,-6.365443,0.899352,0.213966,-78.094453,1
sz.000060,中金岭南,2026-05-06,6.78,7.43,6.75,7.43,6.75,270420020.0,1929277106.94,6.089,10.0741,0,31.964267,1.651993,0.516375,36.981421,1
sz.000061,农产品,2026-05-06,7.38,7.61,7.34,7.53,7.38,23774637.0,178675910.9,1.325,2.0325,0,34.530976,1.729301,2.396628,-20.67101,1
sz.000062,深圳华强,2026-05-06,37.99,40.13,36.22,36.88,36.92,128488990.0,4882508904.8,12.2968,-0.1083,0,69.096039,5.61717,1.408753,-33.202683,1
sz.000063,中兴通讯,2026-05-06,37.51,39.1,37.45,38.25,36.7,216711363.0,8321464030.26,5.3806,4.2234,0,40.887042,2.38593,1.346207,-14.134551,1
sz.000065,北方国际,2026-05-06,12.9,13.45,12.83,13.21,12.79,36337517.0,478873754.83,3.7271,3.2838,0,23.355875,1.370704,1.251854,33.352583,1
sz.000066,中国长城,2026-05-06,21.8,21.8,21.8,21.8,19.82,38866966.0,847299858.8,1.205,9.9899,0,3485.817978,6.432707,4.348754,-153.475713,1
sz.000068,华控赛格,2026-05-06,3.3,3.31,3.23,3.27,3.28,13490900.0,44045499.0,1.3401,-0.3049,0,-31.258979,5.623532,4.419366,-20.581182,1
sz.000069,华侨城A,2026-05-06,2.27,2.3,2.23,2.27,2.26,61580592.0,139449494.52,0.8927,0.4425,0,-1.263013,0.534045,0.606893,-1.212764,1
sz.000070,特发信息,2026-05-06,18.45,18.74,18.2,18.28,18.08,84304755.0,1551911706.77,9.4865,1.1062,0,-33.583595,16.448471,3.6931,140.591132,1
sz.000078,ST海王,2026-05-06,3.02,3.02,3.02,3.02,3.18,1132900.0,3421358.0,0.0432,-5.0314,1,-13.884706,6.399692,0.314852,-22.781909,1
sz.000088,盐田港,2026-05-06,4.53,4.54,4.52,4.53,4.53,22193618.0,100575967.09,0.7017,0.0,0,15.966248,1.279468,26.735673,-4.807331,1
sz.000089,深圳机场,2026-05-06,7.13,7.14,7.03,7.05,7.13,15115200.0,106987989.0,0.7371,-1.122,0,23.300767,1.216177,2.771227,15.090787,1
sz.000090,天健集团,2026-05-06,3.52,3.57,3.51,3.54,3.52,20792023.0,73601444.9,1.1128,0.5682,0,41.397077,0.588263,0.28382,8.618828,1
sz.000096,广聚能源,2026-05-06,9.73,9.77,9.55,9.61,9.73,8036144.0,77099603.52,1.5731,-1.2333,0,45.094097,1.841216,3.6335,-14.54903,1
sz.000099,中信海直,2026-05-06,17.69,17.92,17.69,17.84,17.67,8096240.0,144549593.21,1.0436,0.9621,0,44.559016,2.47733,6.172209,181.762266,1
sz.000100,TCL科技,2026-05-06,4.29,4.32,4.24,4.29,4.27,599708815.0,2565471274.44,3.1346,0.4684,0,17.633222,1.423518,0.475748,-24.867723,1
sz.000151,中成股份,2026-05-06,11.83,12.0,11.72,11.94,11.84,8589472.0,101878827.9,2.7894,0.8446,0,10.582274,4.785086,3.367918,-61.937977,1
sz.000153,丰原药业,2026-05-06,6.52,6.56,6.44,6.5,6.45,9936974.0,64512480.66,2.1655,0.7752,0,30.695098,1.383926,0.80473,25.24935,1
sz.000155,川能动力,2026-05-06,17.5,17.97,16.66,17.85,17.42,131482830.0,2268545202.83,7.1219,2.4684,0,61.890559,3.067116,8.271404,-44.773461,1
sz.000156,华数传媒,2026-05-06,7.43,7.57,7.43,7.51,7.41,13020999.0,97937545.2,0.766,1.3495,0,31.027729,0.916692,1.533551,39.573347,1
sz.000157,中联重科,2026-05-06,8.02,8.04,7.83,8.02,7.95,110629591.0,876452114.81,1.5648,0.8805,0,16.009695,1.189298,1.310126,18.060326,1
sz.000158,常山北明,2026-05-06,17.27,17.93,17.27,17.75,17.2,37059182.0,656821078.68,2.3338,3.1977,0,897.223366,5.351803,3.725996,351.66185,1
sz.000159,国际实业,2026-05-06,6.5,6.57,6.37,6.56,6.5,16216391.0,104987116.08,3.3737,0.9231,0,85.925801,1.529669,1.517453,31.477102,1
sz.000166,申万宏源,2026-05-06,4.75,4.8,4.74,4.78,4.74,87355687.0,417176523.23,0.3876,0.8439,0,12.107158,1.044101,4.811143,2.079735,1
sz.000301,东方盛虹,2026-05-06,13.29,13.43,13.13,13.35,13.27,33463669.0,444974475.59,0.5064,0.6029,0,72.048363,2.540962,0.69332,115.303985,1
sz.000333,美的集团,2026-05-06,79.7,80.88,79.15,80.44,81.1,36041863.0,2885237850.33,0.5258,-0.8138,0,13.843741,2.633843,1.325367,27.071454,1
sz.000338,潍柴动力,2026-05-06,34.18,34.32,34.01,34.32,31.2,123050812.0,4219620855.25,2.4593,10.0,0,26.448364,3.135384,1.26213,50.492541,1
sz.000400,许继电气,2026-05-06,25.25,25.91,25.25,25.88,25.19,27723317.0,712699100.88,2.7403,2.7392,0,24.621774,2.14799,1.754947,15.493456,1
sz.000401,金隅冀东,2026-05-06,4.28,4.29,4.23,4.24,4.28,22457166.0,95510072.89,0.8534,-0.9346,0,115.752503,0.429426,0.477325,-16.231979,1
sz.000402,金融街,2026-05-06,3.17,3.49,3.08,3.49,3.17,215803708.0,725159307.31,7.2208,10.0946,0,-2.239669,0.525396,1.275796,-1.802208,1
sz.000403,派林生物,2026-05-06,11.95,11.99,11.68,11.71,11.95,13531262.0,160301412.3,1.4384,-2.0084,0,31.514313,1.372109,4.279,-48.188119,1
sz.000404,长虹华意,2026-05-06,8.36,8.73,8.29,8.66,8.28,44865357.0,385612055.75,6.4756,4.5894,0,11.823375,1.3648,0.532165,19.268658,1
sz.000407,胜利股份,2026-05-06,4.82,4.84,4.7,4.75,4.84,34345376.0,162562896.64,3.9217,-1.8595,0,25.440259,1.351584,1.033927,-43.679085,1
sz.000408,藏格矿业,2026-05-06,89.89,90.5,87.33,90.18,89.26,15785172.0,1407604962.95,1.0053,1.0307,0,30.264533,8.025739,37.859371,66.585477,1
sz.000409,云鼎科技,2026-05-06,10.2,10.27,10.13,10.18,10.16,7426600.0,75808347.83,1.2577,0.1969,0,97.592407,4.202546,4.74992,-773.793552,1
sz.000410,沈阳机床,2026-05-06,6.2,6.25,6.11,6.13,6.16,23323784.0,143485779.43,1.1833,-0.487,0,-306.248137,3.887809,4.517802,18.436027,1
sz.000411,英特集团,2026-05-06,10.59,10.82,10.59,10.73,10.6,3609445.0,38682200.8,0.6403,1.2264,0,12.611211,1.121405,0.179118,14.141842,1
sz.000415,渤海租赁,2026-05-06,4.7,4.71,4.56,4.61,4.68,138420135.0,638921341.39,2.5667,-1.4957,0,-169.899368,0.954864,0.637014,16.158475,1
sz.000417,合百集团,2026-05-06,6.68,6.86,6.67,6.76,6.69,14867801.0,100404902.77,1.9085,1.0463,0,35.325201,1.106495,0.832078,16.754253,1
sz.000419,通程控股,2026-05-06,5.84,5.92,5.8,5.85,5.83,11891072.0,69476162.32,2.1875,0.3431,0,22.307464,0.930595,1.717567,-12.541138,1
sz.000420,吉林化纤,2026-05-06,5.17,5.35,5.15,5.34,5.11,135421236.0,715572832.39,5.5093,4.501,0,314.799061,2.956999,2.379863,126.250657,1
sz.000421,南京公用,2026-05-06,6.36,6.4,6.26,6.34,6.33,10317700.0,65003475.0,1.7966,0.158,0,41.595187,1.292236,0.48688,-3.907335,1
sz.000422,湖北宜化,2026-05-06,16.93,17.1,16.39,16.75,16.9,53286453.0,886865593.95,5.0372,-0.8876,0,21.263682,2.92737,0.686517,-24.559313,1
sz.000423,东阿阿胶,2026-05-06,54.45,54.95,52.11,53.15,55.0,12012773.0,638290601.85,1.8687,-3.3636,0,19.347975,3.171319,5.03686,22.783162,1
sz.000425,徐工机械,2026-05-06,9.95,10.17,9.88,10.12,9.95,125620657.0,1260226130.88,1.3944,1.7085,0,18.042416,1.89741,1.150451,26.027163,1
sz.000426,兴业银锡,2026-05-06,43.18,45.69,43.03,45.18,42.38,88421659.0,3912314350.59,4.9809,6.6069,0,30.073705,7.410602,12.274359,22.173318,1
sz.000428,华天酒店,2026-05-06,3.88,3.88,3.77,3.79,3.86,14443800.0,55044304.0,1.4176,-1.8135,0,-18.448038,3.025001,7.30194,-53.219459,1
sz.000429,粤高速A,2026-05-06,12.51,12.64,12.42,12.53,12.58,7836241.0,98009502.8,0.6012,-0.3975,0,16.417328,2.273443,5.824493,12.682936,1
sz.000430,ST张家界,2026-05-06,7.77,7.83,7.57,7.6,7.73,7497561.0,57084231.69,2.0233,-1.6818,1,-29.004057,3.38596,13.190485,6.707701,1
sz.000488,ST晨鸣,2026-05-06,2.54,2.55,2.46,2.49,2.57,30014350.0,74898676.0,1.7716,-3.1128,1,-0.995576,17.583823,0.875005,99.464019,1
sz.000498,山东路桥,2026-05-06,5.52,5.58,5.51,5.53,5.54,17718363.0,97995560.31,1.2225,-0.1805,0,4.001378,0.514189,0.126849,-85.075407,1
sz.000501,武商集团,2026-05-06,8.38,8.4,8.3,8.31,8.38,6690210.0,55749943.48,0.8709,-0.8353,0,39.634389,0.579057,1.054392,16.658476,1
sz.000503,国新健康,2026-05-06,7.91,8.03,7.86,7.9,7.91,15040239.0,119268938.63,1.536,-0.1264,0,-19.005292,8.065418,22.071782,-125.510883,1
sz.000504,*ST生物,2026-05-06,9.2,9.43,9.1,9.21,9.18,4954493.0,45903737.9,1.5054,0.3268,1,72.11523,10.978842,5.927431,72.371906,1
sz.000505,京粮控股,2026-05-06,6.62,6.7,6.59,6.69,6.61,12459804.0,82897264.13,1.9703,1.2103,0,-17.956962,1.693917,0.654989,13.392616,1
sz.000506,招金黄金,2026-05-06,15.99,16.72,15.98,16.55,16.0,43936752.0,716840905.51,4.731,3.4375,0,44.008696,17.293161,25.291468,-302.585025,1
sz.000507,珠海港,2026-05-06,5.2,5.26,5.19,5.26,5.19,13383003.0,70028672.64,1.4831,1.3487,0,20.929358,0.809247,1.136702,-9.90274,1
sz.000509,华塑控股,2026-05-06,3.61,3.62,3.56,3.57,3.59,18662830.0,66817542.4,1.7391,-0.5571,0,-272.813453,31.684882,5.359198,466.803617,1
sz.000510,新金路,2026-05-06,14.11,15.52,13.99,15.45,14.14,61558486.0,912335844.09,10.1479,9.2645,0,-40.986006,9.715726,5.993906,-305.228993,1
sz.000513,丽珠集团,2026-05-06,32.62,32.73,32.5,32.58,32.65,6593789.0,214843160.67,1.1606,-0.2144,0,14.733256,1.99378,2.470213,-7.410771,1
sz.000514,渝开发,2026-05-06,4.95,5.25,4.91,5.16,4.93,36282257.0,185988564.27,4.3,4.6653,0,-30.953756,1.186325,5.339185,41.324228,1
sz.000516,国际医学,2026-05-06,4.59,4.62,4.58,4.6,4.6,23630500.0,108658922.5,1.0769,0.0,0,-40.377952,3.149692,2.544942,-384.670202,1
sz.000517,荣安地产,2026-05-06,2.03,2.1,2.02,2.08,2.02,35280883.0,72781218.84,1.4158,2.9703,0,-5.548962,1.426042,1.905549,58.898668,1
sz.000518,*ST四环,2026-05-06,2.93,2.95,2.9,2.95,2.91,8942048.0,26230394.64,0.8686,1.3746,1,-93.477021,9.394132,7.95676,62.537783,1
sz.000519,中兵红箭,2026-05-06,17.8,18.03,17.77,17.92,17.74,29251495.0,524613933.34,2.1006,1.0147,0,110.768334,2.397841,2.400167,88.12579,1
sz.000520,凤凰航运,2026-05-06,3.97,4.0,3.95,3.98,3.95,12549253.0,49787601.89,1.2399,0.7595,0,-105.614966,9.565223,4.833588,53.885176,1
sz.000521,长虹美菱,2026-05-06,5.66,5.72,5.65,5.69,5.66,8827376.0,50172130.69,1.0082,0.53,0,19.600408,0.95983,0.192958,36.643976,1
sz.000523,红棉股份,2026-05-06,3.46,3.46,3.4,3.42,3.45,26202860.0,89515729.6,1.9773,-0.8696,0,54.623032,3.203047,2.970512,-33.668054,1
sz.000524,岭南控股,2026-05-06,10.15,10.17,9.99,10.07,10.16,8462440.0,85070728.3,1.2631,-0.8858,0,88.402673,2.917569,1.467051,44.985525,1
sz.000525,红太阳,2026-05-06,5.53,5.55,5.36,5.4,5.55,35420481.0,191375917.35,3.186,-2.7027,0,-17.382454,2.834242,2.422052,-381.176457,1
sz.000526,学大教育,2026-05-06,35.3,35.58,34.78,35.4,34.76,3510800.0,123662128.1,2.9389,1.8412,0,20.348959,4.144586,1.301729,-89.570135,1
sz.000528,柳工,2026-05-06,9.71,9.98,9.65,9.93,9.66,58679973.0,576231892.93,2.8849,2.795,0,12.981227,1.063035,0.593906,-39.431601,1
sz.000529,广弘控股,2026-05-06,5.72,5.72,5.64,5.68,5.66,4928076.0,28016887.44,0.8648,0.3534,0,31.059211,1.029976,1.604851,30.360807,1
sz.000530,冰山冷热,2026-05-06,5.96,6.04,5.92,6.03,5.91,16691074.0,100247060.26,2.7813,2.0305,0,94.393499,1.601389,1.187783,-25.507964,1
sz.000531,穗恒运A,2026-05-06,7.07,7.18,7.05,7.18,7.05,23773142.0,169474415.84,2.6132,1.844,0,18.760366,1.076005,1.879108,48.969491,1
sz.000532,华金资本,2026-05-06,12.72,12.88,12.56,12.61,12.66,8603700.0,109466740.0,2.5044,-0.3949,0,35.899439,2.679359,8.71419,-48.502314,1
sz.000533,顺钠股份,2026-05-06,12.8,13.4,12.73,13.34,12.63,67545348.0,891543823.76,9.862,5.6215,0,92.748942,9.348155,4.105777,-3147.367514,1
sz.000534,万泽股份,2026-05-06,39.58,41.4,38.63,40.8,39.53,27059117.0,1086712950.32,5.4121,3.2127,0,103.021804,12.103781,15.806607,35.80575,1
sz.000536,华映科技,2026-05-06,3.94,4.02,3.94,4.0,3.94,41045495.0,163366063.58,1.4855,1.5228,0,-10.837205,13.170908,8.337058,160.95358,1
sz.000537,绿发电力,2026-05-06,10.0,10.55,10.0,10.49,9.89,76721518.0,794348129.08,3.7321,6.0667,0,33.935814,1.083529,4.274993,39.32773,1
sz.000538,云南白药,2026-05-06,53.06,53.07,52.61,52.65,53.05,12335981.0,651142616.79,0.6958,-0.754,0,17.872654,2.231574,2.239454,-51.906797,1
sz.000539,粤电力A,2026-05-06,6.74,7.16,6.66,7.03,6.53,182571635.0,1256392221.09,7.1446,7.657,0,44.405826,1.583281,0.705444,14.078845,1
sz.000541,佛山照明,2026-05-06,5.67,5.72,5.67,5.71,5.66,6606919.0,37621614.28,0.5369,0.8834,0,49.760041,1.275778,1.002415,40.212535,1
sz.000543,皖能电力,2026-05-06,8.09,8.2,8.06,8.2,8.08,36742823.0,299229579.06,1.6209,1.4851,0,8.646584,1.058698,0.691451,46.463872,1
sz.000544,中原环保,2026-05-06,8.45,8.53,8.43,8.49,8.45,8888430.0,75348303.5,0.9119,0.4734,0,7.780424,0.879543,1.488326,20.35003,1
sz.000545,金浦钛业,2026-05-06,3.02,3.05,3.0,3.04,3.02,36986456.0,111918405.68,3.7534,0.6623,0,-5.911882,4.809104,2.269326,-41.671806,1
sz.000546,金圆股份,2026-05-06,7.8,7.95,7.57,7.82,7.72,102885808.0,798052472.4,14.7675,1.2953,0,-18.650725,1.583726,0.53716,47.194819,1
sz.000547,航天发展,2026-05-06,24.58,25.34,24.58,24.95,24.58,105065775.0,2633017878.86,6.6116,1.5053,0,-32.221743,10.571879,14.023844,-631.363803,1
sz.000548,湖南投资,2026-05-06,5.38,5.39,5.25,5.3,5.33,9907801.0,52582148.25,1.9847,-0.5629,0,70.14353,1.278733,5.369531,-20.357232,1
sz.000550,江铃汽车,2026-05-06,18.85,19.1,18.77,19.1,18.75,6077412.0,115267523.72,1.1722,1.8667,0,13.492816,1.369447,0.409742,30.365135,1
sz.000551,创元科技,2026-05-06,16.35,16.64,16.27,16.42,16.28,44508411.0,730914331.07,9.1856,0.86,0,23.430989,2.613855,1.868612,24.454964,1
sz.000552,甘肃能化,2026-05-06,2.87,2.9,2.84,2.89,2.88,100118115.0,287441422.23,2.6871,0.3472,0,-80.460668,0.946413,1.844937,-18.886558,1
sz.000553,安道麦A,2026-05-06,7.15,7.5,7.03,7.5,6.82,54130231.0,394756465.83,2.4864,9.9707,0,-27.840943,0.975346,0.603005,-34.637517,1
sz.000554,泰山石油,2026-05-06,8.03,8.08,7.87,8.04,8.19,24882093.0,198304073.03,6.8611,-1.8315,0,22.879334,3.24749,1.249171,-67.952931,1
sz.000555,神州信息,2026-05-06,13.85,14.55,13.84,14.28,13.71,34898868.0,496183832.0,3.5807,4.1575,0,244.898874,2.449969,1.091313,-26.831214,1
sz.000557,西部创业,2026-05-06,4.7,4.77,4.68,4.7,4.7,9490206.0,44865430.96,0.6509,0.0,0,24.583155,1.072926,5.018759,-21.281978,1
sz.000558,天府文旅,2026-05-06,4.21,4.24,4.1,4.12,4.25,43867129.0,180928434.34,3.404,-3.0588,0,-119.485612,5.056137,11.260983,-120.016848,1
sz.000559,万向钱潮,2026-05-06,16.09,16.79,16.09,16.62,16.09,80516239.0,1330446384.11,2.4293,3.294,0,55.706676,6.276628,4.339755,94.830234,1
sz.000560,我爱我家,2026-05-06,3.03,3.14,2.98,3.09,2.97,181920727.0,560598509.19,7.7796,4.0404,0,-74.68894,0.784199,0.741361,-23.173468,1
sz.000561,烽火电子,2026-05-06,9.55,9.67,9.51,9.64,9.51,10018276.0,96375019.64,1.2906,1.367,0,-28.308588,2.866318,4.914802,50.741867,1
sz.000563,陕国投A,2026-05-06,3.27,3.29,3.25,3.27,3.26,51827453.0,169326152.78,1.0134,0.3067,0,12.520278,0.899477,6.250209,-38.003827,1
sz.000564,供销大集,2026-05-06,1.78,1.85,1.77,1.81,1.75,371710843.0,675613422.02,2.4625,3.4286,0,-18.112736,2.256396,18.120755,-41.091408,1
sz.000565,渝三峡A,2026-05-06,7.85,8.03,7.84,8.01,7.87,16151102.0,128652966.9,3.725,1.7789,0,125.42024,2.70602,8.397883,2245.120191,1
sz.000566,海南海药,2026-05-06,5.01,5.03,4.97,4.99,5.0,25321200.0,126518318.0,1.9527,-0.2,0,-14.777868,1455.635338,8.16618,35.885221,1
sz.000567,海德股份,2026-05-06,6.61,6.74,6.49,6.64,6.67,127262999.0,840847596.4,6.5312,-0.4498,0,18.338678,2.154559,12.602741,161.57547,1
sz.000568,泸州老窖,2026-05-06,97.0,98.4,95.5,98.33,100.1,19221474.0,1858175908.08,1.3065,-1.7682,0,14.551626,2.805037,5.930828,-40.106108,1
sz.000570,苏常柴A,2026-05-06,6.48,6.55,6.35,6.54,6.42,22724401.0,146618652.51,4.0894,1.8692,0,56.631871,1.306725,1.831193,20.898271,1
sz.000571,新大洲A,2026-05-06,5.51,5.69,5.48,5.54,5.56,19307669.0,107677691.57,2.372,-0.3597,0,-30.39519,308.307428,8.636609,-36.592728,1
sz.000572,海马汽车,2026-05-06,5.59,5.65,5.57,5.61,5.59,31055901.0,174183057.59,1.8911,0.3578,0,-61.421418,5.856598,5.110478,-12.574218,1
sz.000573,粤宏远A,2026-05-06,5.04,5.1,4.92,4.98,5.03,36483951.0,182040046.19,5.764,-0.994,0,-1241.567576,1.938608,5.281219,-67.66155,1
sz.000576,甘化科工,2026-05-06,8.85,9.06,8.76,8.8,8.82,13940302.0,124204615.96,3.2134,-0.2268,0,54.551167,2.32512,6.637098,366.258866,1
sz.000581,威孚高科,2026-05-06,19.56,19.95,19.51,19.82,19.54,16186170.0,319506073.27,2.0388,1.433,0,17.610437,0.945865,1.572467,442.595246,1
sz.000582,北部湾港,2026-05-06,11.62,12.2,11.34,12.14,11.56,78382943.0,934731223.05,3.6341,5.0173,0,28.525377,1.496819,3.970266,-95.817766,1
sz.000586,汇源通信,2026-05-06,17.95,18.48,17.93,18.28,17.71,14994200.0,273373354.99,7.8426,3.2185,0,-354.503052,11.103295,6.777927,10239.786943,1
sz.000589,贵州轮胎,2026-05-06,5.03,5.06,4.93,5.01,5.03,55030433.0,274214998.19,3.5623,-0.3976,0,10.609603,0.847385,0.701332,-496.086326,1
sz.000590,古汉医药,2026-05-06,11.29,11.41,11.03,11.12,11.16,5484900.0,61038365.22,2.2915,-0.3584,0,-64.832063,4.924046,7.738329,-73.536639,1
sz.000591,太阳能,2026-05-06,5.01,5.18,5.01,5.17,4.99,99684699.0,511071153.68,2.5401,3.6072,0,28.300845,0.844892,4.301754,15.735088,1
sz.000592,平潭发展,2026-05-06,10.76,11.04,10.7,10.91,10.76,152501110.0,1659449466.8,7.9631,1.3941,0,-176.938682,11.893721,16.638947,-216.800942,1
sz.000593,德龙汇能,2026-05-06,25.11,27.32,24.81,27.0,25.3,57476157.0,1496225058.72,16.0332,6.7194,0,305.924623,10.950215,6.707711,745.292519,1
sz.000595,*ST宝实,2026-05-06,6.39,6.52,6.38,6.51,6.36,12271670.0,79389955.5,1.0777,2.3585,1,77.969953,15.314254,10.371202,11.938447,1
sz.000596,古井贡酒,2026-05-06,105.38,106.15,104.68,106.03,107.23,2296943.0,241951073.0,0.5621,-1.1191,0,19.831819,2.145435,3.271565,-23.333643,1
sz.000597,东北制药,2026-05-06,4.92,4.96,4.91,4.92,4.93,14284200.0,70428903.0,1.0137,-0.2028,0,28.042478,1.263808,0.98423,8.085088,1
sz.000598,兴蓉环境,2026-05-06,6.91,6.92,6.74,6.78,6.9,49567014.0,337001962.26,1.6638,-1.7391,0,9.992788,0.998968,2.2156,-356.75257,1
sz.000599,青岛双星,2026-05-06,6.0,6.08,5.9,6.01,5.96,28790150.0,173086066.45,3.525,0.8389,0,-38.493216,2.579235,3.275629,53.047398,1
sz.000600,建投能源,2026-05-06,9.65,9.7,9.49,9.65,9.52,54279851.0,519714262.96,4.9796,1.3655,0,8.554336,1.394461,0.774263,16.197813,1
sz.000601,韶能股份,2026-05-06,6.66,6.97,6.66,6.96,6.57,96637736.0,666492537.88,9.2069,5.9361,0,74.40862,1.792105,1.515535,25.040602,1
sz.000603,盛达资源,2026-05-06,36.85,37.95,36.38,37.79,36.48,24352599.0,907469950.95,3.6526,3.591,0,43.199066,7.293507,10.45784,-416.562383,1
sz.000605,渤海股份,2026-05-06,7.2,7.3,7.15,7.23,7.2,8123660.0,58622169.22,2.3035,0.4167,0,280.296533,1.189077,1.285944,40.866538,1
sz.000607,华媒控股,2026-05-06,4.19,4.2,4.13,4.15,4.14,14050099.0,58340075.85,1.5875,0.2415,0,-12.168251,3.553093,3.390206,57.337932,1
sz.000608,*ST阳光,2026-05-06,3.73,3.74,3.59,3.69,3.78,17607826.0,64323935.8,2.3621,-2.381,1,-12.273589,1.347536,8.368496,-172.896189,1
sz.000609,*ST中迪,2026-05-06,15.14,15.14,13.7,15.14,14.42,64459853.0,952956529.4,22.1467,4.9931,1,-10.492143,-14.247378,14.311138,-178.958202,1
sz.000610,*ST西旅,2026-05-06,7.73,7.76,7.36,7.39,7.75,14383455.0,107743094.86,6.1076,-4.6452,1,-6.127322,-21.553885,3.21229,-17.492143,1
sz.000612,焦作万方,2026-05-06,13.46,13.79,13.3,13.69,13.29,66421854.0,899553628.96,5.5714,3.0098,0,11.48999,2.117937,2.411157,17.441922,1
sz.000615,*ST美谷,2026-05-06,3.36,3.36,3.23,3.27,3.33,13814157.0,45288535.35,1.493,-1.8018,1,-9.448418,3.575426,6.596443,13.686497,1
sz.000617,中油资本,2026-05-06,9.49,9.51,9.26,9.48,9.44,154544944.0,1454006695.3,1.2225,0.4237,0,26.093922,1.126099,3.715073,11.824159,1
sz.000619,海螺新材,2026-05-06,6.18,6.25,6.12,6.19,6.18,10054100.0,62253130.66,2.7928,0.1618,0,-31.366837,1.099923,0.601799,-30.05964,1
sz.000620,盈新发展,2026-05-06,3.08,3.08,3.08,3.08,2.8,164586963.0,506927846.04,3.523,10.0,0,-15.196752,4.935086,10.610899,-79.556338,1
sz.000623,吉林敖东,2026-05-06,18.85,19.15,18.83,19.0,18.87,15616571.0,296943533.73,1.311,0.6889,0,8.27941,0.721487,10.204517,331.819852,1
sz.000625,长安汽车,2026-05-06,9.55,9.59,9.43,9.45,9.53,91065079.0,864211261.49,1.1015,-0.8395,0,30.483512,1.213421,0.576313,-4.650153,1
sz.000626,远大控股,2026-05-06,9.38,9.48,9.12,9.2,9.35,23976040.0,221558718.4,4.7599,-1.6043,0,-52.875248,2.122514,0.058164,512.330658,1
sz.000628,高新发展,2026-05-06,65.83,68.11,64.8,66.11,66.18,31288994.0,2081885591.09,16.2761,-0.1058,0,215.168701,10.589698,4.835958,-35.148068,1
sz.000629,钒钛股份,2026-05-06,3.7,3.92,3.7,3.87,3.64,272680060.0,1044012236.32,2.9351,6.3187,0,469.663425,2.907919,3.889463,85.126383,1
sz.000630,铜陵有色,2026-05-06,6.2,6.51,6.15,6.5,6.15,429694621.0,2730591288.18,3.8562,5.6911,0,33.143599,2.325217,0.430889,45.47822,1
sz.000631,顺发恒能,2026-05-06,3.2,3.23,3.19,3.22,3.21,18771692.0,60327085.24,0.8162,0.3115,0,159.911415,1.344187,16.147531,58.605229,1
sz.000632,ST三木,2026-05-06,3.71,3.71,3.71,3.71,3.9,12792200.0,47459062.0,2.7482,-4.8718,1,-1.866633,27.53201,0.386539,-17.567598,1
sz.000633,合金投资,2026-05-06,6.9,6.94,6.76,6.83,6.83,9447300.0,64363368.0,2.4532,0.0,0,355.792102,13.19759,9.358799,-460.645261,1
sz.000635,英力特,2026-05-06,8.23,8.26,8.11,8.19,8.16,5717700.0,46670476.0,1.5587,0.3676,0,-5.37638,2.927348,1.907416,36.459523,1
sz.000636,风华高科,2026-05-06,25.5,25.58,24.71,24.81,25.09,86329054.0,2156135385.58,7.4614,-1.116,0,93.411529,2.299574,4.786503,-26.853863,1
sz.000637,茂化实华,2026-05-06,4.82,4.85,4.7,4.77,4.82,14237300.0,67702810.1,3.905,-1.0373,0,-18.387141,5.181578,0.786277,61.627538,1
sz.000638,*ST万方,2026-05-06,0.89,0.89,0.89,0.89,0.89,,,,,1,-5.274108,3.262271,1.829373,-17.864488,0
sz.000639,ST西王,2026-05-06,1.93,1.93,1.93,1.93,2.03,49915500.0,96336915.0,4.6243,-4.9261,1,-1.654707,1.261596,0.459015,62.390654,1
sz.000650,仁和药业,2026-05-06,5.7,5.74,5.68,5.69,5.69,14518289.0,82753772.3,1.0905,0.0,0,21.571029,1.233851,2.164578,15.991043,1
sz.000651,格力电器,2026-05-06,40.0,40.15,39.51,39.95,40.05,61780035.0,2456659973.45,1.1188,-0.2497,0,7.668609,1.471977,1.296806,-467.241475,1
sz.000652,泰达股份,2026-05-06,4.29,4.35,4.28,4.35,4.29,18977332.0,82065864.82,1.2871,1.3986,0,-22.653573,1.182584,0.435921,382.381803,1
sz.000655,金岭矿业,2026-05-06,8.37,8.44,8.31,8.44,8.3,8708500.0,73000390.52,1.4628,1.6867,0,19.773325,1.422479,2.962714,-2.589764,1
sz.000656,*ST金科,2026-05-06,1.41,1.41,1.39,1.41,1.4,72224749.0,101103363.11,0.9481,0.7143,1,0.485247,3.644591,2.35344,131.256395,1
sz.000657,中钨高新,2026-05-06,58.47,62.83,55.68,61.99,58.19,143311628.0,8482498686.2,9.8637,6.5303,0,72.47269,13.220637,6.646547,-140.416101,1
sz.000659,珠海中富,2026-05-06,4.07,4.23,4.02,4.04,4.03,37297903.0,152271919.4,2.901,0.2481,0,-51.323858,56.475804,5.363273,-5551.132004,1
sz.000661,长春高新,2026-05-06,84.92,85.6,84.92,85.39,84.93,3184609.0,271708745.38,0.7969,0.5416,0,-829.558427,1.563354,2.984153,-27.147433,1
sz.000663,永安林业,2026-05-06,6.88,6.95,6.8,6.84,6.88,9159103.0,62612571.84,2.9902,-0.5814,0,-25.986646,2.529718,7.016597,-32.550145,1
sz.000665,湖北广电,2026-05-06,4.8,4.9,4.8,4.87,4.79,24193269.0,117543798.07,2.1276,1.6701,0,-5.039159,1.735123,3.838873,-8.802549,1
sz.000668,*ST荣控,2026-05-06,15.98,16.64,15.5,16.64,15.85,3666359.0,59824144.45,2.4968,4.9842,1,87.06519,3.269977,6.441631,17.580204,1
sz.000669,ST金鸿,2026-05-06,4.18,4.2,4.02,4.08,4.19,17512240.0,71396520.6,2.5738,-2.6253,1,63.039818,45.656078,2.201262,266.96761,1
sz.000670,盈方微,2026-05-06,7.8,7.94,7.76,7.79,7.57,49812176.0,390584985.86,6.0609,2.9062,0,-81.232376,213.909879,1.334669,192.423922,1
sz.000672,上峰水泥,2026-05-06,13.98,14.85,13.63,14.43,14.0,39540386.0,564524921.03,4.0789,3.0714,0,23.724537,1.539314,3.134704,44.07182,1
sz.000676,智度股份,2026-05-06,7.31,7.54,7.3,7.47,7.38,29264257.0,218003195.93,2.3244,1.2195,0,65.681373,2.198024,2.320791,-44.156049,1
sz.000677,ST海龙,2026-05-06,3.63,3.63,3.63,3.63,3.82,391500.0,1421145.0,0.0453,-4.9738,1,-690.917727,6.106801,2.70426,-42.840788,1
sz.000678,襄阳轴承,2026-05-06,11.64,11.83,11.63,11.8,11.64,8492159.0,99897293.2,1.8477,1.3746,0,-99.52205,6.96105,3.617828,-125.650942,1
sz.000679,大连友谊,2026-05-06,7.28,7.29,7.0,7.11,7.24,7063700.0,50363896.0,1.982,-1.7956,0,-26.151018,17.521492,5.75699,-239.600136,1
sz.000680,山推股份,2026-05-06,12.07,12.35,11.92,12.3,11.91,31389327.0,381950560.54,2.3876,3.2746,0,14.54303,2.850332,1.207273,420.889128,1
sz.000681,视觉中国,2026-05-06,22.11,22.69,21.91,22.55,21.82,66808365.0,1494299269.96,9.8809,3.3456,0,51.959652,4.120996,20.400631,-120.006955,1
sz.000682,东方电子,2026-05-06,13.11,13.29,13.1,13.17,13.05,29212836.0,385637802.74,2.1791,0.9195,0,17.194564,2.870195,2.079623,45.480122,1
sz.000683,博源化工,2026-05-06,8.97,8.99,8.73,8.95,8.96,54735963.0,485016629.26,1.6378,-0.1116,0,32.515603,2.554222,2.789781,-18.254528,1
sz.000685,中山公用,2026-05-06,11.74,11.89,11.7,11.84,11.73,21066325.0,248850530.25,1.68,0.9378,0,8.092985,0.907815,3.76345,-214.477618,1
sz.000686,东北证券,2026-05-06,8.69,8.81,8.64,8.79,8.67,36513004.0,319239455.95,1.5601,1.3841,0,12.397291,0.99572,3.801795,1.204264,1
sz.000688,国城矿业,2026-05-06,51.5,52.66,50.02,50.79,51.48,21973277.0,1120941260.16,1.8542,-1.3403,0,87.663031,20.059299,11.113714,380.721093,1
sz.000690,宝新能源,2026-05-06,5.29,5.48,5.29,5.46,5.28,148790981.0,802411106.44,6.8426,3.4091,0,11.481153,0.907625,1.357454,26.539771,1
sz.000691,*ST亚太,2026-05-06,7.63,7.73,7.51,7.71,7.65,5621350.0,42886225.0,1.7389,0.7843,1,-161.459975,8.220528,6.503759,-30.607332,1
sz.000692,惠天热电,2026-05-06,4.96,5.11,4.88,5.1,5.0,44680344.0,225189003.82,8.3854,2.0,0,82.852899,14.653091,1.285894,3.711867,1
sz.000695,滨海能源,2026-05-06,15.51,15.92,15.3,15.89,15.5,14410481.0,225014289.47,6.4967,2.5161,0,-41.4611,12.314253,5.34519,7.571792,1
sz.000697,炼石航空,2026-05-06,10.18,11.05,10.15,10.69,10.17,36312345.0,382444169.84,5.5599,5.1131,0,-32.239328,4.428546,7.384384,12.897672,1
sz.000698,ST沈化,2026-05-06,3.86,3.88,3.85,3.85,3.86,5594400.0,21602704.0,0.712,-0.2591,1,-90.079547,2.269648,0.535763,468.522936,1
sz.000700,模塑科技,2026-05-06,12.01,12.46,11.91,12.33,12.04,46230478.0,565828777.94,5.0359,2.4086,0,22.766626,2.855069,1.637457,-39.846371,1
sz.000701,厦门信达,2026-05-06,5.96,6.23,5.95,6.1,5.93,23650000.0,144930640.0,3.5418,2.8668,0,227.260382,-6.647347,0.123522,59.775445,1
sz.000702,正虹科技,2026-05-06,7.1,7.11,6.97,7.08,7.13,10696543.0,75264289.82,4.0117,-0.7013,0,-137.478368,7.400934,2.258432,-14.358135,1
sz.000703,恒逸石化,2026-05-06,16.99,18.35,16.96,18.23,17.65,67887279.0,1204787116.82,1.7856,3.2861,0,31.639459,2.634682,0.598914,-380.144391,1
sz.000705,浙江震元,2026-05-06,8.34,8.34,8.16,8.24,8.26,9636568.0,79158780.99,3.4176,-0.2421,0,-78.663013,1.415504,1.401492,-31.485374,1
sz.000707,双环科技,2026-05-06,5.96,5.98,5.87,5.92,5.95,17532701.0,103531911.36,3.1837,-0.5042,0,-31.38967,1.251791,1.71185,-9.560416,1
sz.000708,中信特钢,2026-05-06,15.16,15.58,15.15,15.49,15.25,24696844.0,379687524.65,0.4893,1.5738,0,12.908816,1.752708,0.730468,36.05302,1
sz.000709,河钢股份,2026-05-06,2.34,2.4,2.33,2.39,2.33,173481543.0,410605921.97,1.6785,2.5751,0,22.60954,0.474709,0.211347,-10.104962,1
sz.000710,贝瑞基因,2026-05-06,9.99,10.13,9.93,10.0,9.99,6484171.0,65047808.26,1.9677,0.1001,0,-16.825154,2.433001,3.833148,-130.715041,1
sz.000711,ST京蓝,2026-05-06,5.06,5.17,5.05,5.17,4.92,31116243.0,160043849.31,1.3067,5.0813,1,-80.854597,23.056361,31.408596,337.01691,1
sz.000712,锦龙股份,2026-05-06,10.42,10.57,10.35,10.51,10.42,20033346.0,209763987.35,2.2365,0.8637,0,25.904585,3.525877,8.971019,4.267249,1
sz.000713,国投丰乐,2026-05-06,6.49,6.5,6.42,6.45,6.5,9809234.0,63249352.62,1.5976,-0.7692,0,86.01167,1.64599,1.812116,3.640796,1
sz.000715,中兴商业,2026-05-06,6.01,6.02,5.83,5.88,5.99,37068765.0,218810090.9,7.6218,-1.8364,0,27.76622,1.561699,4.360096,20.495187,1
sz.000716,黑芝麻,2026-05-06,5.17,5.17,5.07,5.17,5.14,23987076.0,123154102.72,3.2472,0.5837,0,-226.733522,1.539077,1.581881,42.182705,1
sz.000717,中南股份,2026-05-06,2.48,2.5,2.47,2.49,2.48,18297300.0,45485303.0,0.755,0.4032,0,-5.594174,0.902217,0.230711,-110.065545,1
sz.000718,苏宁环球,2026-05-06,2.19,2.2,2.14,2.17,2.19,40539026.0,87595038.46,1.7766,-0.9132,0,-281.829978,0.719491,4.96353,75.97401,1
sz.000719,中原传媒,2026-05-06,13.41,13.59,13.29,13.49,13.42,9201283.0,123795288.13,1.3792,0.5216,0,10.025218,1.115242,1.482304,-549.862509,1
sz.000720,新能泰山,2026-05-06,4.6,4.71,4.57,4.7,4.54,66355701.0,308434369.61,5.2809,3.5242,0,-11.871152,3.1394,4.0873,-24.955796,1
sz.000721,西安饮食,2026-05-06,7.61,7.63,7.45,7.48,7.59,8541812.0,63910779.8,1.6671,-1.4493,0,-29.341098,33.838766,8.037632,-162.193207,1
sz.000722,湖南发展,2026-05-06,14.2,14.51,14.2,14.45,14.24,24451980.0,351832892.53,5.268,1.4747,0,82.825573,2.116975,19.183762,11101.376971,1
sz.000723,美锦能源,2026-05-06,4.46,4.49,4.43,4.46,4.46,57125538.0,254773811.15,1.2998,0.0,0,-17.841647,1.590149,1.084969,-25.104734,1
sz.000725,京东方A,2026-05-06,4.11,4.22,4.09,4.18,4.08,828038480.0,3436739693.51,2.2785,2.451,0,26.023599,1.137757,0.75537,42.221474,1
sz.000726,鲁泰A,2026-05-06,6.56,6.6,6.53,6.56,6.55,9538283.0,62570289.65,1.6185,0.1527,0,9.951826,0.547326,0.923507,3.511902,1
sz.000727,冠捷科技,2026-05-06,2.68,2.76,2.68,2.74,2.65,129826670.0,354904205.7,2.8662,3.3962,0,-13.828829,6.885178,0.227318,-32.898631,1
sz.000728,国元证券,2026-05-06,7.35,7.45,7.35,7.42,7.35,27816471.0,206066490.48,0.6374,0.9524,0,13.910672,0.832861,5.345214,1.948821,1
sz.000729,燕京啤酒,2026-05-06,13.29,13.43,13.0,13.4,13.3,47076492.0,624757824.13,1.8759,0.7519,0,21.235019,2.398679,2.420548,198.027594,1
sz.000731,四川美丰,2026-05-06,7.26,7.26,7.02,7.13,7.24,15514117.0,109913410.5,2.8268,-1.5193,0,-27.624719,1.024872,1.061776,-9.577646,1
sz.000733,振华科技,2026-05-06,43.15,44.24,43.15,43.5,42.61,17687979.0,772489978.0,3.1922,2.0887,0,24.528006,1.529517,4.241396,38.097262,1
sz.000735,罗牛山,2026-05-06,6.58,6.65,6.54,6.59,6.58,23100146.0,151894838.15,2.0071,0.152,0,-374.088008,1.820318,2.160825,-45.820976,1
sz.000736,*ST中地,2026-05-06,5.48,5.55,5.39,5.42,5.5,7285192.0,39716066.8,0.9751,-1.4545,1,-3.337833,3.341497,1.232451,-0.517,1
sz.000737,北方铜业,2026-05-06,14.5,14.9,14.38,14.88,14.34,65046914.0,952990661.56,3.4154,3.7657,0,27.395932,3.811718,0.91067,-120.154132,1
sz.000738,航发控制,2026-05-06,20.9,21.63,20.9,21.4,20.73,26508741.0,566022113.41,2.0156,3.232,0,89.572156,2.234529,5.441895,-65.744233,1
sz.000739,普洛药业,2026-05-06,18.3,18.7,17.71,17.9,18.27,14589183.0,262868841.28,1.2599,-2.0252,0,23.268935,3.160503,2.182563,61.504873,1
sz.000750,国海证券,2026-05-06,3.91,4.0,3.9,3.97,3.91,67204331.0,266389752.01,1.1595,1.5345,0,30.699753,1.110095,6.887272,2.390559,1
sz.000751,锌业股份,2026-05-06,6.13,6.35,6.0,6.35,6.11,132482533.0,819908042.31,9.3968,3.928,0,90.484351,2.77648,0.523322,34.523985,1
sz.000752,*ST西发,2026-05-06,10.0,10.02,9.5,9.63,10.0,7753020.0,74261594.05,2.9394,-3.7,1,17.562069,4.089313,5.932934,-17.088781,1
sz.000753,漳州发展,2026-05-06,6.54,6.92,6.54,6.77,6.67,42679756.0,286715695.72,4.3046,1.4993,0,99.432859,2.440116,2.495074,9.802577,1
sz.000755,山西高速,2026-05-06,5.03,5.08,5.03,5.07,5.03,5680901.0,28702437.06,0.3872,0.7952,0,15.817846,1.320961,4.561457,-19.833539,1
sz.000756,新华制药,2026-05-06,14.08,14.18,14.08,14.13,14.08,4134895.0,58445186.29,0.8288,0.3551,0,37.616596,1.840099,1.125308,-353.481642,1
sz.000757,浩物股份,2026-05-06,4.92,5.0,4.86,4.9,4.89,12926300.0,63678709.0,2.4265,0.2045,0,54.561101,1.625159,0.998067,-23.174012,1
sz.000758,中色股份,2026-05-06,7.03,7.31,7.03,7.27,7.01,60401453.0,434219502.48,3.0565,3.709,0,29.66752,2.321256,1.341807,-15.565937,1
sz.000759,中百集团,2026-05-06,5.5,5.52,5.45,5.5,5.49,12997367.0,71323863.14,1.9822,0.1821,0,-3.814924,5.033995,0.470225,-28.266998,1
sz.000761,本钢板材,2026-05-06,2.95,2.98,2.91,2.92,2.95,16859178.0,49558458.1,0.4546,-1.0169,0,-2.824504,2.025028,0.269983,15.473601,1
sz.000762,西藏矿业,2026-05-06,39.0,40.19,37.9,39.6,38.7,54450110.0,2127559934.72,10.4551,2.3256,0,9313.93412,7.009424,42.919259,63.335849,1
sz.000766,通化金马,2026-05-06,26.84,27.14,25.3,25.4,24.67,57026204.0,1514733638.96,5.9033,2.9591,0,771.179305,10.583003,20.968072,148.983209,1
sz.000767,晋控电力,2026-05-06,3.82,4.07,3.82,4.06,3.78,238510740.0,947940377.83,8.1899,7.4074,0,62.989845,2.068133,0.809016,34.515467,1
sz.000768,中航西飞,2026-05-06,23.86,23.86,23.43,23.51,23.5,38043112.0,897603705.43,1.3702,0.0426,0,58.962234,2.90137,1.651748,-12.885341,1
sz.000776,广发证券,2026-05-06,21.12,21.49,21.08,21.18,21.23,82430562.0,1748674176.66,1.3962,-0.2355,0,10.588577,1.202972,4.136419,1.678452,1
sz.000777,中核科技,2026-05-06,19.85,20.0,19.8,19.82,19.86,10130543.0,201204185.42,2.6422,-0.2014,0,48.287059,3.093448,4.707687,60.248038,1
sz.000778,新兴铸管,2026-05-06,4.62,4.65,4.57,4.63,4.6,67859757.0,312619006.64,1.7429,0.6522,0,18.215235,0.688483,0.476318,-7.530711,1
sz.000779,甘咨询,2026-05-06,8.88,9.07,8.87,8.96,8.86,7333000.0,65671724.0,1.5778,1.1287,0,27.360784,1.044491,2.001686,-10.948084,1
sz.000782,恒申新材,2026-05-06,7.46,7.67,7.26,7.51,7.38,38105140.0,285483703.4,7.215,1.7615,0,-32.224383,3.188999,2.096018,1852.787116,1
sz.000783,长江证券,2026-05-06,8.11,8.79,8.11,8.79,7.99,274685119.0,2325479691.34,4.9671,10.0125,0,11.565082,1.319693,4.258681,2.041841,1
sz.000785,居然智家,2026-05-06,2.58,2.6,2.57,2.59,2.58,42204100.0,109231335.88,0.7271,0.3876,0,-14.042944,0.843715,1.557479,-20.552556,1
sz.000786,北新建材,2026-05-06,25.93,26.69,25.71,26.54,25.94,18893339.0,497268461.59,1.1183,2.313,0,15.752291,1.617047,1.792923,40.69732,1
sz.000788,北大医药,2026-05-06,6.12,6.2,6.03,6.16,6.12,26466100.0,162368507.0,4.4407,0.6536,0,57.150638,2.466018,3.071725,65.241306,1
sz.000789,万年青,2026-05-06,4.96,4.99,4.95,4.96,4.96,4187157.0,20794654.45,0.5251,0.0,0,-149.148194,0.612957,0.919655,-7.984198,1
sz.000790,华神科技,2026-05-06,4.57,4.57,4.38,4.48,4.57,89320045.0,399167900.84,14.346,-1.9694,0,-9.209614,3.890305,5.293558,-51.852064,1
sz.000791,甘肃能源,2026-05-06,8.28,8.6,8.28,8.48,8.06,79090923.0,668643464.19,4.0861,5.2109,0,13.359717,1.768653,2.983227,25.892551,1
sz.000792,盐湖股份,2026-05-06,40.07,40.5,38.61,40.4,39.29,156809001.0,6197302570.93,2.9634,2.8251,0,20.726581,4.783081,11.473209,18.680384,1
sz.000793,*ST华闻,2026-05-06,2.69,2.73,2.65,2.67,2.73,29972511.0,80091019.26,1.5284,-2.1978,1,-34.69251,174.19007,14.699591,34.994015,1
sz.000795,英洛华,2026-05-06,9.23,9.45,9.23,9.38,9.23,17584604.0,164405515.3,1.5511,1.6251,0,42.455009,3.910913,2.641362,-45.626982,1
sz.000796,凯撒旅业,2026-05-06,5.15,5.17,5.0,5.04,5.21,62402820.0,314639724.97,4.6893,-3.263,0,228.687799,8.898977,9.456058,-25.807037,1
sz.000797,中国武夷,2026-05-06,2.9,2.91,2.84,2.89,2.9,28232200.0,81245669.0,1.7976,-0.3448,0,-9.046496,0.980448,0.642718,-6.142019,1
sz.000798,中水渔业,2026-05-06,9.29,9.37,9.25,9.33,9.31,8590527.0,80013286.71,2.3482,0.2148,0,46.342969,8.427747,0.787331,-9.037372,1
sz.000799,酒鬼酒,2026-05-06,42.3,42.95,41.85,42.83,42.7,6933510.0,293651761.92,2.1341,0.3044,0,-428.413083,3.690188,12.87291,-29.584309,1
sz.000800,一汽解放,2026-05-06,6.75,6.77,6.58,6.61,6.73,28428878.0,188340758.21,0.5777,-1.7831,0,40.928034,1.228206,0.484702,-51.675843,1
sz.000801,四川九洲,2026-05-06,12.88,13.6,12.87,13.36,12.78,24409440.0,326872875.46,2.4026,4.5383,0,78.89031,4.358726,3.153479,133.458232,1
sz.000802,北京文化,2026-05-06,4.31,4.74,4.29,4.74,4.31,93470645.0,433397093.38,13.0629,9.9768,0,-16.164205,5.558814,11.955697,-116.141014,1
sz.000803,山高环能,2026-05-06,8.83,8.9,8.43,8.86,8.79,28553547.0,246342061.74,6.2102,0.7964,0,90.258909,2.773639,2.876616,-156.823277,1
sz.000807,云铝股份,2026-05-06,32.45,32.78,31.69,32.66,31.8,71319571.0,2298722255.24,2.0566,2.7044,0,13.048502,3.176889,1.82639,358.30725,1
sz.000809,和展能源,2026-05-06,3.79,3.83,3.72,3.82,3.77,21042150.0,79712794.0,2.5512,1.3263,0,-71.65454,1.18565,7.265365,-3.049807,1
sz.000810,创维数字,2026-05-06,12.7,13.0,12.7,12.86,12.69,21625523.0,278780100.55,1.9472,1.3396,0,57.460812,2.245185,1.556272,-33.894318,1
sz.000811,冰轮环境,2026-05-06,25.45,27.45,25.2,27.04,24.95,54700177.0,1461506347.11,5.5908,8.3768,0,45.650225,4.108003,3.674621,646.890889,1
sz.000812,陕西金叶,2026-05-06,4.11,4.12,4.04,4.08,4.1,12843278.0,52511962.28,1.6986,-0.4878,0,-13.19233,2.067678,2.203282,-75.32129,1
sz.000813,德展健康,2026-05-06,3.64,3.77,3.61,3.72,3.64,46458420.0,172002820.68,2.2157,2.1978,0,-21.807713,1.695436,19.69235,-7.169692,1
sz.000815,美利云,2026-05-06,20.51,20.92,20.51,20.92,19.02,81985458.0,1709642840.38,11.792,9.9895,0,186.782008,10.33806,42.516631,1070.607203,1
sz.000816,智慧农业,2026-05-06,3.22,3.23,3.15,3.15,3.23,39140201.0,124101424.15,2.719,-2.4768,0,-61.157495,2.338339,3.591615,-49.733445,1
sz.000818,航锦科技,2026-05-06,15.65,16.85,15.65,16.85,15.32,53502838.0,870292976.99,8.1285,9.9869,0,-78.269543,5.088922,2.931275,-18.320598,1
sz.000819,岳阳兴长,2026-05-06,16.27,16.3,16.03,16.25,16.34,6190791.0,99965348.12,1.6936,-0.5508,0,-95.49356,2.888315,1.608067,-202.646799,1
sz.000820,*ST节能,2026-05-06,3.75,3.89,3.65,3.74,3.75,19042901.0,72310402.11,6.4125,-0.2667,1,-38.193518,28.115509,6.968893,50.602212,1
sz.000821,ST京机,2026-05-06,10.36,10.43,10.26,10.29,10.3,11523050.0,119016263.0,1.9057,-0.0971,1,50.861273,1.536158,1.022759,-189.068331,1
sz.000822,山东海化,2026-05-06,5.91,5.95,5.75,5.84,5.95,29888101.0,173521827.02,3.3391,-1.8487,0,-3.730522,1.396998,1.083414,-5.000629,1
sz.000823,超声电子,2026-05-06,15.15,15.98,15.15,15.74,14.88,27692614.0,434705061.32,5.1571,5.7796,0,39.5579,1.764033,1.314239,-112.267287,1
sz.000825,太钢不锈,2026-05-06,4.27,4.34,4.26,4.33,4.25,38407698.0,165133402.94,0.6743,1.8824,0,-212.19391,0.754718,0.276267,-7.892154,1
sz.000826,*ST启环,2026-05-06,1.92,1.97,1.86,1.89,1.96,65701351.0,125025771.19,4.6101,-3.5714,1,-0.876103,-1.076971,0.596924,17.290266,1
sz.000828,东莞控股,2026-05-06,10.39,10.41,10.31,10.34,10.38,5342710.0,55346413.7,0.514,-0.3854,0,12.092558,1.026396,6.97332,-8.813027,1
sz.000829,天音控股,2026-05-06,11.67,12.03,11.51,11.79,11.7,41340853.0,485436993.79,4.0367,0.7692,0,-657.193179,4.170691,0.124107,12.799499,1
sz.000830,鲁西化工,2026-05-06,17.01,17.01,16.37,16.89,17.06,49619126.0,823614543.13,2.6058,-0.9965,0,34.51966,1.658919,1.110364,223.75235,1
sz.000831,中国稀土,2026-05-06,54.39,55.79,53.4,55.61,54.44,53319905.0,2934053131.51,5.0244,2.1492,0,247.427422,11.929007,18.018967,-265.686658,1
sz.000833,粤桂股份,2026-05-06,31.25,31.39,29.65,30.0,31.72,92310085.0,2794619274.71,20.346,-5.4224,0,41.574769,5.790419,7.176051,-379.104305,1
sz.000837,秦川机床,2026-05-06,11.15,11.23,11.08,11.15,11.11,16303402.0,181781419.32,1.6184,0.36,0,229.656676,2.316112,2.722369,-58.142772,1
sz.000838,*ST发展,2026-05-06,2.05,2.05,1.89,1.94,1.95,85380116.0,169483017.27,8.1024,-0.5128,1,-3.330738,-9.950885,10.394839,141.925314,1
sz.000839,国安股份,2026-05-06,2.99,3.02,2.96,2.99,2.97,62729855.0,187519862.38,1.6003,0.6734,0,133.908063,7.546679,3.500555,-114.425347,1
sz.000848,承德露露,2026-05-06,8.89,9.03,8.84,8.98,8.9,25452483.0,227760681.88,2.5172,0.8989,0,13.876322,2.46817,2.766357,17.274657,1
sz.000850,华茂股份,2026-05-06,4.56,4.6,4.52,4.57,4.54,10633150.0,48484676.0,1.1271,0.6608,0,87.310057,0.963261,1.257713,-54.031742,1
sz.000852,石化机械,2026-05-06,7.24,7.29,7.14,7.24,7.27,12796462.0,92019446.37,1.3529,-0.4127,0,-4993.383058,2.21346,0.990098,-154.927482,1
sz.000856,冀东装备,2026-05-06,10.33,10.42,10.03,10.14,10.3,10580581.0,107727325.39,4.661,-1.5534,0,188.191164,5.502218,0.855322,-722.368605,1
sz.000858,五粮液,2026-05-06,90.78,94.5,90.1,92.26,97.08,87159923.0,7989429629.23,2.2455,-4.965,0,28.420397,2.797863,7.737926,-24.861526,1
sz.000859,国风新材,2026-05-06,9.06,9.31,9.05,9.23,9.04,33602579.0,309531716.77,3.7506,2.1018,0,-118.270467,3.065876,3.733373,-285.789745,1
sz.000860,顺鑫农业,2026-05-06,12.6,12.76,12.55,12.59,12.7,6757367.0,85554701.85,0.911,-0.8661,0,-29.277031,1.360158,1.464548,-88.481921,1
sz.000862,银星能源,2026-05-06,6.72,6.92,6.69,6.79,6.47,51791349.0,350731451.22,8.2475,4.9459,0,227.692672,1.43419,4.757478,-184.00007,1
sz.000863,三湘印象,2026-05-06,4.85,5.34,4.74,5.34,4.85,49019101.0,249988096.14,4.2141,10.1031,0,-40.824012,1.448583,8.684464,142.287324,1
sz.000868,安凯客车,2026-05-06,4.47,4.52,4.44,4.47,4.46,7248541.0,32388369.27,0.9884,0.2242,0,-72.7067,5.231253,1.21623,-65.385909,1
sz.000869,张裕A,2026-05-06,19.37,19.39,19.24,19.31,19.35,1163416.0,22479339.43,0.2556,-0.2067,0,209.699683,1.210075,4.15309,81.95706,1
sz.000875,电投绿能,2026-05-06,6.54,6.65,6.53,6.62,6.53,59462715.0,392012765.19,1.7791,1.3783,0,144.769485,1.366248,1.865852,-19.730451,1
sz.000876,新希望,2026-05-06,8.73,8.76,8.65,8.73,8.73,30284830.0,263446802.98,0.673,0.0,0,-12.571925,2.086803,0.358231,-69.97279,1
sz.000877,天山股份,2026-05-06,4.64,4.65,4.59,4.61,4.64,11469973.0,52896313.07,0.1613,-0.6466,0,-4.496671,0.443507,0.456006,23.850629,1
sz.000878,云南铜业,2026-05-06,19.4,20.1,19.23,19.99,19.1,73399234.0,1446426899.64,3.6633,4.6597,0,35.881578,2.63073,0.245957,11.560172,1
sz.000880,潍柴重机,2026-05-06,30.9,31.99,30.89,31.46,30.9,27829109.0,874924108.53,12.2581,1.8123,0,55.335688,6.761768,2.061181,-47.825243,1
sz.000881,中广核技,2026-05-06,7.84,7.87,7.78,7.82,7.8,9714307.0,75791416.7,1.0749,0.2564,0,-26.31651,1.485548,1.326677,-9.091743,1
sz.000882,华联股份,2026-05-06,1.66,1.66,1.62,1.65,1.65,60714801.0,99276804.63,2.2197,0.0,0,-13.498826,0.69015,3.949295,-285.278875,1
sz.000883,湖北能源,2026-05-06,4.86,4.96,4.85,4.96,4.86,51613191.0,253730627.45,0.7966,2.0576,0,17.051916,0.929381,1.986545,49.293391,1
sz.000885,城发环境,2026-05-06,14.12,14.17,14.03,14.14,14.11,6838646.0,96482467.62,1.0651,0.2126,0,7.10775,0.927096,1.364594,-617.647455,1
sz.000886,海南高速,2026-05-06,5.53,5.55,5.43,5.46,5.53,22668357.0,123821507.79,2.3182,-1.2658,0,37.297194,1.699337,7.246899,-51.504552,1
sz.000887,中鼎股份,2026-05-06,17.7,17.99,17.64,17.76,17.4,25323504.0,450828964.37,1.9267,2.069,0,15.495624,1.595572,1.209869,14.898807,1
sz.000888,峨眉山A,2026-05-06,11.8,11.84,11.38,11.46,11.85,19279528.0,221170281.5,3.659,-3.2911,0,27.405319,2.216066,6.507053,42.920001,1
sz.000889,中嘉博创,2026-05-06,4.5,4.86,4.5,4.86,4.42,115562589.0,552776245.14,13.2854,9.9548,0,-180.418097,65.518482,2.866214,86.885426,1
sz.000890,法尔胜,2026-05-06,15.58,16.9,15.3,15.7,15.66,83584273.0,1341718481.05,19.9252,0.2554,0,-86.537285,336.923325,21.326216,84.294822,1
sz.000892,欢瑞世纪,2026-05-06,4.96,5.07,4.94,5.0,4.96,30678956.0,153977943.0,4.3159,0.8065,0,-17.023435,8.118283,9.408772,-66.840088,1
sz.000893,亚钾国际,2026-05-06,54.05,56.31,52.92,55.57,54.05,17553989.0,965293885.69,2.1623,2.8122,0,28.203804,3.69574,9.169021,79.333926,1
sz.000895,双汇发展,2026-05-06,27.81,27.84,27.0,27.71,27.73,15099207.0,414574999.16,0.4359,-0.0721,0,18.254972,4.237259,1.606445,-27.150636,1
sz.000897,津滨发展,2026-05-06,2.18,2.19,2.14,2.17,2.18,44943890.0,97150734.6,2.779,-0.4587,0,-60.177191,1.166129,10.938952,-6.185967,1
sz.000898,鞍钢股份,2026-05-06,2.29,2.32,2.28,2.32,2.29,41482240.0,95399604.44,0.5213,1.31,0,-4.37268,0.512076,0.233742,24.672637,1
sz.000899,赣能股份,2026-05-06,12.59,13.09,12.58,13.07,12.48,26115866.0,335983573.29,2.6767,4.7276,0,12.555459,1.91627,1.561051,-84.20229,1
sz.000900,现代投资,2026-05-06,4.23,4.26,4.19,4.25,4.22,13943867.0,58951906.87,0.9187,0.7109,0,16.354749,0.576673,0.902463,7.095646,1
sz.000901,航天科技,2026-05-06,24.08,24.46,23.78,24.2,24.0,60510503.0,1461066045.67,7.5809,0.8333,0,217.223444,4.547701,3.92155,-390.62205,1
sz.000902,新洋丰,2026-05-06,15.35,15.47,15.06,15.44,15.24,17273276.0,264307773.45,1.5115,1.3123,0,12.136331,1.575178,1.026112,63.986422,1
sz.000903,ST云动,2026-05-06,2.16,2.21,2.15,2.19,2.19,44200769.0,96376435.73,2.3018,0.0,1,-4.220997,6.888325,0.958861,-32.662501,1
sz.000905,厦门港务,2026-05-06,11.0,11.14,10.93,11.05,10.91,12941595.0,142962870.83,1.7446,1.2832,0,83.056772,1.85855,0.739798,-233.279433,1
sz.000906,浙商中拓,2026-05-06,6.37,6.76,6.36,6.62,6.34,44945029.0,297021887.54,6.4094,4.4164,0,21.620824,0.948878,0.019505,8.074377,1
sz.000908,ST景峰,2026-05-06,7.06,7.14,7.0,7.05,7.12,13719721.0,96904874.13,1.5595,-0.9831,1,-189.908221,5.943148,32.174838,7.930739,1
sz.000909,*ST数源,2026-05-06,4.43,4.85,4.43,4.7,4.66,34854546.0,159391538.28,7.9629,0.8584,1,-4.747742,3.358072,7.854417,-22.029904,1
sz.000910,大亚圣象,2026-05-06,6.77,6.87,6.77,6.83,6.79,4142700.0,28310751.0,0.7571,0.5891,0,-269.050454,0.570231,0.820925,-6.29529,1
sz.000911,*ST广糖,2026-05-06,5.52,5.6,5.44,5.44,5.73,29826333.0,163219067.51,7.4506,-5.0611,1,-14.00754,-23.652413,0.869198,-8.869272,1
sz.000912,泸天化,2026-05-06,4.85,4.88,4.67,4.77,4.87,75603736.0,357861637.5,4.8217,-2.0534,0,-3672.814935,1.179011,1.860476,-29.355648,1
sz.000913,钱江摩托,2026-05-06,13.58,13.64,13.4,13.45,13.5,6773600.0,91341153.0,1.3024,-0.3704,0,8.3148,1.328629,1.387421,-4.565462,1
sz.000915,华特达因,2026-05-06,28.97,29.02,28.3,28.78,28.96,5090099.0,145660347.48,2.1736,-0.6215,0,14.55618,2.269595,3.331447,76.71898,1
sz.000917,电广传媒,2026-05-06,8.8,8.93,8.77,8.81,8.74,39368542.0,348727747.82,2.7774,0.8009,0,297.234742,1.213498,2.780916,-29.021556,1
sz.000919,金陵药业,2026-05-06,7.35,7.36,7.25,7.33,7.39,23294431.0,169932908.61,3.7465,-0.8119,0,77.350438,1.197838,1.444465,-89.255947,1
sz.000920,沃顿科技,2026-05-06,11.62,11.8,11.53,11.76,11.52,5921133.0,69030551.49,1.2529,2.0833,0,25.24072,2.763448,2.769143,33.11138,1
sz.000921,海信家电,2026-05-06,24.03,24.31,23.83,24.26,24.03,13087909.0,315383722.77,1.4255,0.9571,0,10.859108,1.81607,0.389979,19.890371,1
sz.000922,佳电股份,2026-05-06,14.85,15.36,14.75,15.25,14.78,16862507.0,253924524.93,2.8706,3.18,0,37.92902,2.259432,2.126361,-84.291839,1
sz.000923,河钢资源,2026-05-06,16.97,17.61,16.72,17.39,16.8,26660660.0,459263531.27,4.246,3.5119,0,24.462569,1.130231,2.059885,-51.939841,1
sz.000925,众合科技,2026-05-06,9.48,10.08,9.23,10.0,9.19,215113247.0,2072522274.06,31.9517,8.8139,0,-148.696675,2.100478,2.799233,-59.619123,1
sz.000926,福星股份,2026-05-06,2.15,2.2,2.1,2.19,2.13,44881784.0,97068084.02,2.8529,2.8169,0,-0.837646,0.666503,0.896387,-5.760701,1
sz.000927,中国铁物,2026-05-06,2.81,2.84,2.8,2.81,2.81,66826544.0,188126699.54,1.1045,0.0,0,33.969416,1.726127,0.50693,-241.947169,1
sz.000928,中钢国际,2026-05-06,6.51,6.69,6.51,6.62,6.5,33171644.0,218843805.66,2.3122,1.8462,0,20.976208,1.103054,0.715428,5.41781,1
sz.000929,*ST兰黄,2026-05-06,10.33,10.33,10.12,10.15,10.33,3286600.0,33502375.0,1.7693,-1.7425,1,-16.417688,5.406022,4.840384,14.718404,1
sz.000930,中粮科技,2026-05-06,6.05,6.07,5.93,5.97,6.08,27904611.0,167030296.67,1.5032,-1.8092,0,-89.663573,1.065145,0.651736,159.567993,1
sz.000931,中关村,2026-05-06,4.77,4.78,4.7,4.73,4.75,12571026.0,59536345.92,1.6738,-0.4211,0,224.403067,2.200022,1.549447,94.163357,1
sz.000932,华菱钢铁,2026-05-06,4.62,4.63,4.5,4.58,4.64,132351670.0,604905976.97,1.9314,-1.2931,0,13.971894,0.56205,0.259545,23.059767,1
sz.000933,神火股份,2026-05-06,32.55,32.85,32.03,32.69,32.13,47084781.0,1528689898.36,2.0951,1.7429,0,13.159607,2.733612,1.670248,36.58702,1
sz.000935,四川双马,2026-05-06,26.88,27.79,26.41,27.25,26.72,9068553.0,247620698.51,1.1879,1.9835,0,86.493673,2.656475,18.122117,263.551753,1
sz.000936,华西股份,2026-05-06,7.21,7.69,7.18,7.4,7.18,50706686.0,373586520.21,5.7238,3.0641,0,369.074484,1.284244,1.82682,36.016761,1
sz.000937,冀中能源,2026-05-06,5.62,5.7,5.57,5.69,5.62,27303254.0,153986646.96,0.7952,1.2456,0,49.630133,1.041416,1.370604,-52.927949,1
sz.000938,紫光股份,2026-05-06,32.47,33.06,31.8,31.85,31.99,244376509.0,7906131025.3,8.5444,-0.4376,0,42.869882,5.866696,0.876376,76.794005,1
sz.000948,南天信息,2026-05-06,14.5,15.7,14.5,15.17,14.49,10962527.0,166663501.66,2.817,4.6929,0,137.950166,2.183286,0.613261,92.311925,1
sz.000949,新乡化纤,2026-05-06,8.15,8.37,8.05,8.29,8.08,63699147.0,525694835.13,3.8455,2.599,0,47.968296,2.017335,1.676514,-75.708886,1
sz.000950,重药控股,2026-05-06,5.81,5.89,5.81,5.87,5.8,29060182.0,170083688.21,1.6815,1.2069,0,23.471111,0.866518,0.12331,8.700743,1
sz.000951,中国重汽,2026-05-06,22.07,22.85,22.05,22.7,21.85,26899713.0,606202503.45,2.3011,3.8902,0,14.659999,1.595871,0.411486,-3.926612,1
sz.000952,广济药业,2026-05-06,7.5,7.5,7.38,7.46,7.39,12310520.0,91617126.8,3.5787,0.9472,0,-6.468966,4.148261,4.050791,-24.20814,1
sz.000953,河化股份,2026-05-06,7.01,7.04,6.92,6.95,6.99,9066900.0,63219388.0,2.4765,-0.5722,0,416.002966,16.484429,14.451545,128.71542,1
sz.000955,欣龙控股,2026-05-06,5.22,5.26,5.14,5.18,5.2,11792127.0,61235416.59,2.1906,-0.3846,0,3114.72871,4.30351,5.528087,-18.307191,1
sz.000957,中通客车,2026-05-06,12.01,12.11,11.93,12.03,11.93,17554660.0,210758908.74,2.9608,0.8382,0,18.640908,2.209786,0.961591,7.443619,1
sz.000958,电投产融,2026-05-06,5.92,5.99,5.86,5.95,5.92,49718845.0,294783719.16,0.9236,0.5068,0,31.358107,2.28042,8.690367,-46.634194,1
sz.000959,首钢股份,2026-05-06,4.56,4.6,4.52,4.57,4.56,35129518.0,160446013.13,0.4714,0.2193,0,42.17841,0.704964,0.349453,17.760626,1
sz.000960,锡业股份,2026-05-06,36.01,38.68,35.82,38.46,35.25,101102356.0,3781036163.94,6.1444,9.1064,0,27.109928,3.054267,1.282131,21.773818,1
sz.000962,东方钽业,2026-05-06,44.5,46.93,44.05,46.33,43.87,19585500.0,894183199.17,3.9041,5.6075,0,95.420649,6.103259,14.529368,28.537177,1
sz.000963,华东医药,2026-05-06,33.2,33.35,33.11,33.3,33.35,14322389.0,475579948.58,0.817,-0.1499,0,16.6769,2.269431,1.325462,574.857127,1
sz.000965,天保基建,2026-05-06,3.75,3.76,3.68,3.74,3.73,28903922.0,107726455.5,2.6044,0.2681,0,-241.174767,0.753362,1.006846,-26.89022,1
sz.000966,长源电力,2026-05-06,4.58,4.71,4.58,4.66,4.56,81522993.0,378900976.89,2.4995,2.193,0,144.760551,1.205642,1.165476,-75.22053,1
sz.000967,盈峰环境,2026-05-06,14.3,14.93,13.85,14.93,13.57,291087808.0,4273252926.37,9.0414,10.0221,0,82.427918,2.796592,3.297674,31.382269,1
sz.000968,蓝焰控股,2026-05-06,8.86,8.95,8.67,8.83,9.15,44626067.0,391595828.54,4.6125,-3.4973,0,28.672945,1.336023,4.214993,-7.889849,1
sz.000969,安泰科技,2026-05-06,21.56,22.11,21.53,21.94,21.37,30519647.0,668067239.25,2.9523,2.6673,0,60.407987,3.917125,2.695027,-45.364748,1
sz.000970,中科三环,2026-05-06,12.08,12.38,12.08,12.31,12.08,26820830.0,329377416.85,2.2062,1.904,0,158.829162,2.290075,2.182643,-18.547544,1
sz.000972,*ST中基,2026-05-06,3.86,3.98,3.86,3.9,3.86,12000100.0,47117497.0,1.5559,1.0363,1,-51.326237,463.284713,6.424013,16.370216,1
sz.000973,佛塑科技,2026-05-06,21.06,21.46,20.66,21.25,20.99,92668157.0,1955937498.01,9.5789,1.2387,0,81.037992,5.708393,17.110887,116.770305,1
sz.000975,山金国际,2026-05-06,26.25,27.7,26.25,27.58,26.05,54370185.0,1466413690.06,2.1512,5.8733,0,20.857609,4.716057,4.091969,20.531738,1
sz.000977,浪潮信息,2026-05-06,71.0,74.78,71.0,73.22,69.75,100776559.0,7379135088.37,6.8704,4.9749,0,42.081674,4.821041,0.700952,-15.566178,1
sz.000978,桂林旅游,2026-05-06,6.66,6.66,6.46,6.53,6.67,25169900.0,163959364.0,5.3768,-2.099,0,248.900358,2.853715,6.747063,35.311243,1
sz.000980,众泰汽车,2026-05-06,2.55,2.71,2.49,2.52,2.52,436702708.0,1115859533.57,8.6604,0.0,0,-36.705505,388.602806,25.570338,144.092718,1
sz.000981,山子高科,2026-05-06,3.8,3.92,3.77,3.9,3.84,333914337.0,1295839599.38,3.51,1.5625,0,32.61276,12.580445,13.326486,-585.918153,1
sz.000983,山西焦煤,2026-05-06,7.03,7.33,7.0,7.31,7.02,148243897.0,1065289491.28,2.6113,4.1311,0,31.25876,1.121129,1.121901,-33.480018,1
sz.000985,大庆华科,2026-05-06,20.31,20.31,19.71,19.88,20.23,2274700.0,45251469.0,1.7546,-1.7301,0,432.774648,4.212131,1.444116,-13.737064,1
sz.000987,越秀资本,2026-05-06,9.0,9.06,8.88,8.94,9.0,57726890.0,517658705.28,1.1515,-0.6667,0,10.781564,1.347141,5.95719,12.629111,1
sz.000988,华工科技,2026-05-06,123.01,129.44,121.66,125.19,119.53,108885994.0,13650478456.39,10.8346,4.7352,0,74.074632,10.7704,8.246164,-135.537135,1
sz.000989,九芝堂,2026-05-06,9.6,9.64,9.46,9.57,9.65,16389835.0,156435247.65,2.3611,-0.829,0,30.22574,2.118836,3.417598,25.623713,1
sz.000990,诚志股份,2026-05-06,12.45,12.69,12.29,12.61,12.6,65036808.0,815302676.61,5.3518,0.0794,0,216.61449,0.853907,1.410348,-19.894268,1
sz.000993,闽东电力,2026-05-06,12.38,12.63,12.3,12.59,12.24,18693344.0,233256039.03,4.2509,2.8595,0,281.908242,2.263424,10.546868,36.048303,1
sz.000995,皇台酒业,2026-05-06,13.31,13.67,13.27,13.66,13.48,9212501.0,124581017.6,5.1928,1.3353,0,413.418796,14.660761,14.865255,-438.579459,1
sz.000997,新大陆,2026-05-06,20.09,20.66,20.09,20.44,19.89,21510900.0,439950279.37,2.1352,2.7652,0,21.109077,2.747206,2.202768,-17.103942,1
sz.000998,隆平高科,2026-05-06,9.17,9.17,9.09,9.15,9.14,18414277.0,168054735.99,1.401,0.1094,0,362.523709,1.984584,1.685654,57.607646,1
sz.000999,华润三九,2026-05-06,25.9,25.91,25.66,25.76,25.91,14362773.0,369544691.2,0.8638,-0.5789,0,13.285746,1.844221,1.303889,-14.730601,1
sz.001201,东瑞股份,2026-05-06,13.3,13.66,13.19,13.41,13.23,5169420.0,69436092.0,2.5662,1.3605,0,-10.063387,1.138367,1.527543,21.428692,1
sz.001202,炬申股份,2026-05-06,17.22,17.24,16.93,17.06,16.97,2747470.0,46971325.1,2.3518,0.5303,0,38.719045,3.312442,1.376193,-244.761221,1
sz.001203,大中矿业,2026-05-06,52.4,53.5,51.15,53.3,52.31,34629450.0,1811310442.84,2.6516,1.8926,0,122.171976,11.132882,20.541285,341.759257,1
sz.001205,盛航股份,2026-05-06,15.17,15.23,15.05,15.21,15.12,3053100.0,46187503.8,1.8339,0.5952,0,25.989032,1.320078,1.938936,67.025927,1
sz.001206,依依股份,2026-05-06,18.94,19.17,18.94,19.02,18.94,2267464.0,43221263.96,2.1218,0.4224,0,22.454681,1.886035,2.20487,-39.972105,1
sz.001207,联科科技,2026-05-06,18.37,18.46,18.1,18.41,18.37,6199960.0,113435866.4,2.1188,0.2177,0,20.306344,2.305528,2.411454,-11.809123,1
sz.001208,华菱线缆,2026-05-06,19.35,19.76,19.31,19.53,19.16,20700495.0,404542771.4,6.4946,1.9311,0,114.926531,4.239029,2.644051,54.31647,1
sz.001209,洪兴股份,2026-05-06,22.39,22.45,21.77,22.0,22.02,6858020.0,151036360.4,7.1367,-0.0908,0,126.409091,2.206837,1.55084,-223.614573,1
sz.001210,金房能源,2026-05-06,21.32,21.64,20.7,21.54,21.35,4611585.0,98244868.5,4.8391,0.8899,0,24.631613,2.291055,2.8088,11.529495,1
sz.001211,双枪科技,2026-05-06,41.77,43.7,40.98,42.99,41.73,5850003.0,250328685.85,8.7318,3.0194,0,-2195.133471,3.585256,1.844916,-50.67903,1
sz.001212,中旗新材,2026-05-06,56.66,56.68,54.8,55.45,55.77,6634293.0,369335627.49,3.8161,-0.5738,0,-466.498535,5.803203,26.29947,-91.921451,1
sz.001213,中铁特货,2026-05-06,3.99,3.99,3.97,3.98,3.98,12985857.0,51714554.66,0.2922,0.0,0,47.216107,0.918617,1.511543,-5.961819,1
sz.001215,千味央厨,2026-05-06,47.01,49.42,46.3,48.36,46.86,9586433.0,463569051.32,9.893,3.201,0,72.589942,2.527773,2.336366,603.531427,1
sz.001216,华瓷股份,2026-05-06,18.27,18.3,17.82,17.95,18.27,4332967.0,77870580.92,1.7646,-1.7515,0,21.140822,2.398795,3.177669,73.393437,1
sz.001217,华尔泰,2026-05-06,12.03,12.13,11.77,11.9,12.02,6545000.0,77800411.0,1.9944,-0.9983,0,-64.673503,1.810495,1.862858,-72.639224,1
sz.001218,丽臣实业,2026-05-06,29.0,29.29,27.63,28.34,27.63,11980218.0,342085987.51,10.1475,2.5697,0,17.484064,1.523393,0.691037,-25.299894,1
sz.001219,青岛食品,2026-05-06,15.72,15.89,15.59,15.67,15.79,6225517.0,97557283.03,3.2745,-0.76,0,27.125098,2.797862,5.431577,67.18267,1
sz.001220,世盟股份,2026-05-06,39.86,39.99,38.66,39.17,39.87,2302939.0,90659334.71,10.1861,-1.7557,0,29.288732,2.315005,4.552478,5.349184,1
sz.001221,悍高集团,2026-05-06,57.06,57.55,55.88,56.57,57.02,2018507.0,114474938.76,5.6056,-0.7892,0,31.584569,7.684297,6.160526,34.554639,1
sz.001222,源飞宠物,2026-05-06,18.84,19.07,18.55,18.75,18.84,2080300.0,39018167.0,1.841,-0.4777,0,31.615987,2.513614,1.935977,488.38523,1
sz.001223,欧克科技,2026-05-06,56.34,56.9,54.44,55.0,55.72,1347630.0,74381405.0,2.7016,-1.2922,0,165.120108,2.66368,5.071999,-33.412876,1
sz.001225,和泰机电,2026-05-06,50.7,51.5,50.01,50.63,50.54,1126115.0,57042507.85,5.3526,0.1781,0,110.207656,2.390593,13.801874,40.903188,1
sz.001226,拓山重工,2026-05-06,47.83,48.49,47.02,48.22,47.84,2187250.0,104400087.5,6.447,0.7943,0,157.134532,4.844249,5.095629,21.645943,1
sz.001227,兰州银行,2026-05-06,2.23,2.24,2.22,2.23,2.23,45333457.0,101216583.11,1.0749,0.0,0,6.910284,0.412651,1.630309,2.621807,1
sz.001228,永泰运,2026-05-06,30.5,30.62,29.65,29.79,30.27,2362333.0,70838113.35,2.9579,-1.5857,0,29.762301,1.792522,0.543539,5.153864,1
sz.001229,魅视科技,2026-05-06,37.19,37.65,36.82,37.06,37.01,1916300.0,71314064.0,3.6377,0.1351,0,64.425413,3.749683,16.227103,52.91365,1
sz.001230,劲旅环境,2026-05-06,26.9,28.45,26.89,27.63,26.9,3201519.0,89075615.2,4.0754,2.7138,0,21.440403,1.835146,2.097595,-22.579277,1
sz.001231,农心科技,2026-05-06,25.49,25.85,25.04,25.39,25.49,2887616.0,73346187.42,5.6796,-0.3923,0,37.549958,2.479794,3.285514,-52.782752,1
sz.001233,海安集团,2026-05-06,60.43,61.0,58.84,59.8,60.63,2944359.0,175615611.35,8.3207,-1.369,0,23.651831,2.357695,4.968629,14.426799,1
sz.001234,泰慕士,2026-05-06,31.5,31.5,30.79,31.2,31.2,10249423.0,319423058.2,11.2033,0.0,0,85.124172,3.615236,3.966055,-44.588064,1
sz.001236,弘业期货,2026-05-06,9.52,9.69,9.41,9.62,9.55,14942160.0,143013436.01,1.9711,0.733,0,633.706542,5.175905,31.982252,-7.162277,1
sz.001238,浙江正特,2026-05-06,49.11,49.46,47.69,48.1,48.9,571600.0,27713291.0,0.5514,-1.636,0,139.512266,4.569801,2.956943,-319.180997,1
sz.001239,永达股份,2026-05-06,15.29,15.3,15.16,15.25,15.19,1998500.0,30436276.0,1.7531,0.395,0,114.908623,2.69684,1.800038,-27.527957,1
sz.001255,博菲电气,2026-05-06,35.28,35.28,34.63,34.97,34.82,1623238.0,56806941.28,2.2844,0.4308,0,279.14462,3.375043,6.324442,65.54521,1
sz.001256,炜冈科技,2026-05-06,25.51,25.67,25.0,25.32,25.11,3978000.0,100528400.0,3.7208,0.8363,0,24.996148,2.753084,6.479342,-62.97916,1
sz.001257,盛龙股份,2026-05-06,22.59,24.77,22.52,24.71,22.52,40374167.0,962917266.96,29.4814,9.7247,0,50.530355,5.935174,13.031818,26.438452,1
sz.001258,立新能源,2026-05-06,9.05,9.46,9.05,9.44,9.01,43231200.0,401920382.0,4.632,4.7725,0,87.422269,2.887303,7.951529,12.548276,1
sz.001259,利仁科技,2026-05-06,34.5,36.87,34.31,36.3,34.34,3634500.0,130633983.0,7.6444,5.7076,0,214.561871,3.676129,5.660933,-20.35248,1
sz.001260,坤泰股份,2026-05-06,21.92,22.18,21.8,21.97,21.84,1911000.0,42065669.0,1.6617,0.5952,0,68.041693,3.038426,4.418955,123.39569,1
sz.001266,宏英智能,2026-05-06,41.36,42.76,40.67,42.22,40.59,12803755.0,533968832.73,22.0228,4.0158,0,89.253047,4.436152,4.916223,19.825398,1
sz.001267,汇绿生态,2026-05-06,54.64,55.5,51.76,52.56,53.96,57086596.0,3038345814.1,9.4103,-2.5945,0,496.505239,25.138355,25.01911,253.513079,1
sz.001268,联合精密,2026-05-06,38.37,39.55,36.78,38.42,38.41,6827900.0,264007957.0,10.1254,0.026,0,129.69654,4.072197,5.618348,123.604013,1
sz.001269,欧晶科技,2026-05-06,21.57,22.37,21.42,22.02,21.56,3543398.0,77715116.41,1.8416,2.1336,0,-14.762263,6.286795,9.288171,-41.212477,1
sz.001270,*ST铖昌,2026-05-06,145.0,147.37,143.12,145.6,140.35,8346231.0,1222272262.21,4.1014,3.7406,1,227.319788,19.23284,72.051575,-436.243296,1
sz.001277,速达股份,2026-05-06,37.22,37.4,36.53,36.88,37.22,1947482.0,71919132.42,4.2755,-0.9135,0,31.170686,1.783732,2.465064,61.213196,1
sz.001278,一彬科技,2026-05-06,22.33,22.54,21.64,21.85,22.0,3810853.0,83958145.2,4.467,-0.6818,0,-24.676318,2.28888,1.232008,-142.454978,1
sz.001279,强邦新材,2026-05-06,30.51,30.98,30.5,30.72,30.46,716564.0,22013058.8,1.7914,0.8536,0,124.941007,4.826493,3.198809,99.299969,1
sz.001280,中国铀业,2026-05-06,82.0,83.78,81.1,83.5,81.84,12776120.0,1058696094.69,8.0817,2.0283,0,100.441689,10.141968,8.558963,44.446643,1
sz.001282,三联锻造,2026-05-06,20.88,21.17,20.6,20.8,20.88,3557449.0,74091532.0,4.5512,-0.3831,0,43.127645,2.795795,2.804528,344.238729,1
sz.001283,豪鹏科技,2026-05-06,74.97,76.2,73.81,75.9,74.88,6441587.0,484782420.36,8.0784,1.3622,0,35.895324,2.130338,1.265402,-20.257191,1
sz.001285,瑞立科密,2026-05-06,52.48,53.78,52.47,53.59,52.06,2081710.0,111150918.68,5.0166,2.9389,0,27.568984,2.494242,3.930638,71.263601,1
sz.001286,陕西能源,2026-05-06,11.81,11.92,11.51,11.91,11.8,28954788.0,339662600.19,2.1448,0.9322,0,13.981577,1.624614,1.897668,65.844362,1
sz.001287,中电港,2026-05-06,26.95,29.11,26.86,29.11,26.46,87100615.0,2495860166.36,11.4621,10.0151,0,61.773281,3.994674,0.265982,16.152817,1
sz.001288,运机集团,2026-05-06,28.11,28.39,27.78,28.09,28.11,3392920.0,95201376.0,2.2334,-0.0711,0,31.676502,2.824153,3.747864,19.906923,1
sz.001289,龙源电力,2026-05-06,16.95,17.35,16.95,17.28,16.8,13286438.0,228754056.98,0.2635,2.8571,0,34.033235,1.883497,4.822219,-171.803833,1
sz.001296,长江材料,2026-05-06,23.0,23.21,22.88,22.98,22.95,2732425.0,62866401.05,3.5442,0.1307,0,30.53579,1.892285,2.995604,-360.899893,1
sz.001298,好上好,2026-05-06,23.7,24.21,23.4,23.86,23.16,40151568.0,956543425.44,16.8227,3.0225,0,87.7286,6.125651,1.058203,29.016122,1
sz.001299,美能能源,2026-05-06,10.85,11.16,10.63,11.11,10.94,10888875.0,118636132.1,3.8494,1.5539,0,33.672158,2.811083,4.979054,-165.824895,1
sz.001300,三柏硕,2026-05-06,18.0,18.0,17.57,17.92,18.05,4595000.0,81736219.0,1.8849,-0.7202,0,-52.976432,4.538503,9.218394,77.992567,1
sz.001301,尚太科技,2026-05-06,85.68,87.49,84.01,86.9,85.65,6572658.0,563085914.46,3.5386,1.4594,0,25.539622,3.154647,2.663072,13.102774,1
sz.001306,夏厦精密,2026-05-06,70.0,72.44,69.6,71.45,69.63,1139314.0,80829983.7,7.3505,2.6138,0,-86.958877,3.497029,5.793257,-257.500277,1
sz.001308,康冠科技,2026-05-06,20.51,20.74,20.39,20.46,20.34,2848736.0,58644103.28,0.5847,0.59,0,32.291114,1.785563,0.971855,-9.965814,1
sz.001309,德明利,2026-05-06,570.0,577.29,560.38,577.29,524.81,7883004.0,4518856918.68,4.8864,9.9998,0,31.912385,19.771763,7.669257,108.255173,1
sz.001311,多利科技,2026-05-06,30.3,31.19,30.22,30.6,30.26,5171989.0,158623050.1,3.7958,1.1236,0,45.867173,2.022266,2.144806,-37.351061,1
sz.001312,福恩股份,2026-05-06,23.65,24.08,23.5,23.88,23.46,8681478.0,206839510.91,15.188,1.7903,0,24.049654,4.12006,3.296315,74.703232,1
sz.001313,粤海饲料,2026-05-06,8.46,8.7,8.31,8.7,8.47,17147600.0,146561686.07,2.4526,2.7155,0,113.362262,2.376197,0.859235,30.564551,1
sz.001314,亿道信息,2026-05-06,50.76,52.9,50.76,52.14,50.72,5741978.0,298942822.92,4.6161,2.7997,0,67.702834,3.52237,1.438715,-27.456452,1
sz.001316,润贝航科,2026-05-06,54.5,57.09,54.0,57.09,51.9,4726418.0,265350395.26,4.2469,10.0,0,31.229195,4.818055,5.146852,96.670806,1
sz.001317,三羊马,2026-05-06,52.88,54.85,51.6,54.35,52.83,4606075.0,245907099.59,5.3884,2.8772,0,-647.936085,4.57966,4.025513,336.348567,1
sz.001318,阳光乳业,2026-05-06,13.37,13.48,13.25,13.39,13.35,2422600.0,32404574.0,0.8571,0.2996,0,37.292766,2.560558,8.057147,-17.792571,1
sz.001319,铭科精技,2026-05-06,23.99,24.32,23.9,23.97,23.88,2458400.0,59250903.0,2.998,0.3769,0,24.317513,2.404896,2.613317,87.998761,1
sz.001322,箭牌家居,2026-05-06,7.2,7.28,7.13,7.16,7.19,4449847.0,32022687.87,0.5664,-0.4172,0,126.699939,1.481877,1.081624,-123.320731,1
sz.001323,慕思股份,2026-05-06,23.84,24.07,23.74,24.03,23.84,597911.0,14311479.77,0.1921,0.797,0,20.667654,2.270711,1.975376,-15.105751,1
sz.001324,长青科技,2026-05-06,20.76,21.85,20.68,21.25,20.68,6012179.0,128086600.53,7.363,2.7563,0,69.867524,2.544802,5.728638,-59.406544,1
sz.001325,元创股份,2026-05-06,54.38,54.63,49.25,52.56,54.65,4646512.0,240688612.15,23.7067,-3.8243,0,26.06106,2.257527,2.820228,31.372438,1
sz.001326,联域股份,2026-05-06,56.75,57.27,53.88,54.34,56.19,1962121.0,107851761.49,8.1405,-3.2924,0,138.907182,3.218037,2.535275,-23.475011,1
sz.001328,登康口腔,2026-05-06,31.96,32.2,31.8,31.84,31.8,1425067.0,45490721.61,0.8812,0.1258,0,28.896084,3.484215,3.078419,-32.998251,1
sz.001330,博纳影业,2026-05-06,8.35,9.1,8.35,8.67,8.27,204425048.0,1799429501.97,17.5797,4.8368,0,-21.527306,3.135389,11.861032,-53.79087,1
sz.001331,胜通能源,2026-05-06,46.77,46.81,45.49,46.74,46.65,3733424.0,171820130.68,1.8939,0.1929,0,-676.356965,8.970144,2.563549,-80.77861,1
sz.001332,锡装股份,2026-05-06,63.19,64.31,62.8,64.1,62.8,2821918.0,180202883.95,5.8786,2.0701,0,26.017993,2.663778,5.278182,-21.872314,1
sz.001333,光华股份,2026-05-06,23.99,24.08,23.25,23.45,23.84,2221102.0,52555700.42,5.048,-1.6359,0,26.130049,1.690893,1.835357,349.206827,1
sz.001335,信凯科技,2026-05-06,48.35,49.55,46.01,46.9,47.9,2348780.0,110218200.66,9.195,-2.0877,0,55.978285,4.432284,3.27096,39.91181,1
sz.001336,楚环科技,2026-05-06,29.4,30.58,29.0,29.67,28.92,5961786.0,176560201.58,12.0872,2.5934,0,52.721452,2.911069,5.062549,-29.452595,1
sz.001337,四川黄金,2026-05-06,53.89,58.98,53.89,58.2,53.73,20916368.0,1189140118.79,4.9801,8.3194,0,38.46704,11.6264,18.823306,52.2131,1
sz.001338,永顺泰,2026-05-06,13.32,13.72,13.25,13.45,13.27,13014700.0,175096875.0,2.594,1.3564,0,33.928587,1.8048,1.753151,77.413893,1
sz.001339,智微智能,2026-05-06,91.22,95.81,90.8,94.2,89.85,14474814.0,1354313396.81,11.6233,4.8414,0,99.870693,10.060989,5.237157,64.458488,1
sz.001356,富岭股份,2026-05-06,10.9,11.02,10.9,11.0,10.9,2725331.0,29941451.13,1.3583,0.9174,0,90.9161,3.183228,3.082274,-38.708907,1
sz.001358,兴欣新材,2026-05-06,28.99,29.5,28.7,29.32,28.71,3837832.0,112030951.82,7.7225,2.1247,0,69.020988,2.480133,7.428211,14.304883,1
sz.001359,平安电工,2026-05-06,87.77,90.88,85.24,90.54,87.75,2703024.0,240611246.3,5.8284,3.1795,0,68.688502,8.124858,13.51349,-58.845325,1
sz.001360,南矿集团,2026-05-06,21.66,21.72,21.14,21.34,21.5,2994400.0,63967622.0,2.3863,-0.7442,0,98.173869,3.042372,5.042472,48.590041,1
sz.001366,播恩集团,2026-05-06,15.6,15.74,15.22,15.43,15.5,6486100.0,100274329.0,4.0367,-0.4516,0,-450.217832,3.080861,1.74699,458.554593,1
sz.001367,海森药业,2026-05-06,23.7,23.79,23.14,23.66,23.7,4462282.0,104682090.42,3.6685,-0.1688,0,26.985621,2.362368,6.919022,-60.785808,1
sz.001368,通达创智,2026-05-06,30.89,30.95,30.15,30.36,30.57,2513400.0,76507681.0,2.3227,-0.6869,0,33.762615,2.439742,3.150561,-943.526052,1
sz.001369,双欣材料,2026-05-06,15.3,15.73,15.24,15.64,15.21,13531551.0,210735574.76,6.7311,2.8271,0,33.298808,2.54053,4.858887,12.915353,1
sz.001373,翔腾新材,2026-05-06,37.51,39.2,36.9,38.08,37.51,2690199.0,102701733.0,8.1197,1.5196,0,-62.414872,3.100154,4.428618,-10.360655,1
sz.001376,百通能源,2026-05-06,15.2,15.32,15.05,15.19,15.17,11008304.0,167054585.88,5.15,0.1318,0,36.430146,5.474461,6.454483,288.926746,1
sz.001378,德冠新材,2026-05-06,26.79,27.07,26.53,26.95,26.79,3036219.0,81615631.29,4.6799,0.5972,0,40.533232,1.890478,2.334866,374.006056,1
sz.001379,腾达科技,2026-05-06,21.9,23.09,21.89,22.45,21.97,4552200.0,102080057.0,6.7643,2.1848,0,61.395973,2.97508,2.151611,23.490277,1
sz.001380,华纬科技,2026-05-06,18.94,19.34,18.94,19.1,18.92,1794832.0,34411087.79,2.0395,0.9514,0,20.45276,2.631166,2.632444,43.279157,1
sz.001382,新亚电缆,2026-05-06,20.08,20.46,20.08,20.39,20.06,4180229.0,84859492.36,6.6353,1.6451,0,87.640115,5.121873,2.721922,-108.33762,1
sz.001386,马可波罗,2026-05-06,18.69,19.1,18.62,18.99,18.63,4250588.0,80486459.14,3.9525,1.9324,0,19.357926,1.85597,3.645451,-36.388364,1
sz.001387,雪祺电气,2026-05-06,14.22,14.37,14.16,14.28,14.2,4276711.0,61074476.83,3.7545,0.5634,0,28.986766,1.978955,1.176824,17.955951,1
sz.001388,信通电子,2026-05-06,37.8,38.0,37.43,37.7,37.52,1333283.0,50170758.82,4.2733,0.4797,0,50.196366,4.061147,5.855342,617.785033,1
sz.001389,广合科技,2026-05-06,169.51,179.58,169.51,179.58,163.25,11006642.0,1963023727.7,7.2419,10.0031,0,72.647595,11.77053,13.506112,33.128878,1
sz.001390,古麒绒材,2026-05-06,21.43,21.49,21.01,21.06,21.33,2254966.0,47795756.12,4.5099,-1.2658,0,23.378283,2.527069,3.865646,12.769518,1
sz.001391,国货航,2026-05-06,5.22,5.22,5.2,5.21,5.2,13716199.0,71449804.8,0.9028,0.1923,0,25.66997,2.329036,2.775704,-68.87548,1
sz.001395,亚联机械,2026-05-06,40.1,40.39,39.57,39.99,40.1,983200.0,39312512.6,2.0968,-0.2743,0,19.770928,2.80022,4.456661,289.871053,1
sz.001396,誉帆科技,2026-05-06,47.42,48.72,47.42,48.23,46.85,2825929.0,136352959.94,12.7253,2.9456,0,40.153882,3.60361,6.523877,12.470287,1
sz.001400,江顺科技,2026-05-06,205.31,210.98,200.0,203.5,204.67,2106172.0,430713979.01,6.378,-0.5717,0,143.255433,9.515735,12.822705,54.528029,1
sz.001696,宗申动力,2026-05-06,17.49,17.66,17.41,17.5,17.36,25117789.0,440013915.01,2.8178,0.8065,0,32.804602,3.605323,1.639581,187.408027,1
sz.001872,招商港口,2026-05-06,22.15,22.58,21.65,22.55,22.15,4449622.0,99479296.06,0.1933,1.8059,0,12.02923,0.85308,3.209176,550.389029,1
sz.001896,豫能控股,2026-05-06,15.02,16.66,15.02,16.4,15.24,167337240.0,2657996306.84,10.9673,7.6115,0,66.665447,7.022539,2.322385,17.438167,1
sz.001914,招商积余,2026-05-06,10.31,10.64,10.18,10.58,10.25,12451267.0,130028452.45,1.1817,3.2195,0,16.679243,1.017444,0.569437,31.465502,1
sz.001965,招商公路,2026-05-06,9.36,9.52,9.26,9.51,9.4,14044602.0,131748083.84,0.2067,1.1702,0,13.956936,0.921856,4.578431,73.133128,1
sz.001979,招商蛇口,2026-05-06,8.87,9.14,8.81,9.05,8.7,107709055.0,970408038.26,1.2802,4.023,0,132.145631,0.836249,0.516597,-27.149181,1
sz.002001,新和成,2026-05-06,34.7,34.7,33.06,33.98,34.8,66394507.0,2227623408.11,2.1863,-2.3563,0,15.560547,2.97266,4.519731,24.06071,1
sz.002003,伟星股份,2026-05-06,10.0,10.04,9.58,9.72,10.0,19905552.0,193214577.7,1.9475,-2.8,0,18.131594,2.472393,2.377164,90.937905,1
sz.002004,华邦健康,2026-05-06,4.89,4.93,4.81,4.89,4.97,46379803.0,226854581.08,2.4627,-1.6097,0,14.161301,0.931336,0.841159,31.563774,1
sz.002005,ST德豪,2026-05-06,2.9,2.93,2.87,2.88,2.89,12731200.0,36747489.0,0.7267,-0.346,1,118.592792,15.176934,7.782441,528.957273,1
sz.002006,精工科技,2026-05-06,17.96,18.25,17.96,18.09,17.81,11846531.0,214840174.47,2.2791,1.5722,0,49.006783,3.761073,5.288766,-40.662866,1
sz.002007,华兰生物,2026-05-06,14.41,14.57,14.41,14.46,14.42,9337260.0,135094720.87,0.5935,0.2774,0,30.812268,2.254632,5.88594,-124.12199,1
sz.002008,大族激光,2026-05-06,101.1,103.95,98.89,102.19,100.72,54167251.0,5516307986.14,5.6617,1.4595,0,76.227331,5.090654,5.022161,42.317246,1
sz.002009,天奇股份,2026-05-06,23.43,23.87,23.3,23.71,23.22,16372079.0,387478769.76,4.6243,2.1102,0,257.828699,4.644559,3.327915,-176.718243,1
sz.002010,传化智联,2026-05-06,5.8,5.89,5.79,5.83,5.83,26532302.0,154832657.64,0.9622,0.0,0,24.453684,0.887389,0.70001,-8.642466,1
sz.002011,盾安环境,2026-05-06,11.79,11.97,11.75,11.87,11.68,13610646.0,161711940.02,1.2846,1.6267,0,12.074352,1.869137,0.976012,24.186651,1
sz.002012,凯恩股份,2026-05-06,6.66,6.81,6.66,6.73,6.69,11260100.0,75764323.0,2.4079,0.5979,0,102.275683,2.016225,4.912188,-70.655527,1
sz.002014,永新股份,2026-05-06,11.14,11.33,11.03,11.32,11.19,4240154.0,47295007.2,0.7035,1.1618,0,15.759089,2.700704,1.817395,-18.980495,1
sz.002015,协鑫能科,2026-05-06,18.17,19.53,18.17,19.53,17.75,163127167.0,3147197733.46,10.049,10.0282,0,72.311649,2.622766,3.268838,18.633933,1
sz.002016,世荣兆业,2026-05-06,5.4,5.42,5.31,5.36,5.38,14141000.0,75631795.0,1.7478,-0.3717,0,28.550088,0.878997,2.79095,8.032218,1
sz.002017,东信和平,2026-05-06,18.94,19.86,18.94,19.68,18.93,22037348.0,432223229.73,3.799,3.962,0,68.972511,6.112181,8.600578,83.275122,1
sz.002019,亿帆医药,2026-05-06,11.19,11.28,11.18,11.23,11.18,10657186.0,119822164.33,1.266,0.4472,0,38.404745,1.535588,2.698635,-358.457547,1
sz.002020,京新药业,2026-05-06,14.76,15.03,14.76,14.88,14.78,10193591.0,151872482.67,1.408,0.6766,0,16.860484,2.102451,3.174201,1407.482876,1
sz.002021,中捷资源,2026-05-06,3.21,3.38,3.18,3.26,3.18,66272722.0,218383195.69,5.5438,2.5157,0,-184.517634,6.359607,4.739725,49.38881,1
sz.002022,科华生物,2026-05-06,5.97,6.01,5.93,5.97,5.97,6285081.0,37449877.57,1.2221,0.0,0,-4.221829,1.211503,1.861354,240.316183,1
sz.002023,海特高新,2026-05-06,12.81,13.1,12.7,12.85,12.6,40469802.0,520814216.3,5.4625,1.9841,0,-18.036472,2.557733,5.907497,29.952967,1
sz.002024,ST易购,2026-05-06,1.34,1.35,1.31,1.32,1.34,40380155.0,53442742.6,0.4364,-1.4925,1,177.020963,0.992013,0.270311,-36.096178,1
sz.002025,航天电器,2026-05-06,75.0,77.59,74.0,76.4,73.19,37008035.0,2829797230.75,8.1539,4.3858,0,184.543152,5.226534,5.829635,-22.631339,1
sz.002026,山东威达,2026-05-06,12.89,13.08,12.89,12.98,12.85,5513247.0,71594681.59,1.2516,1.0117,0,22.246907,1.480036,2.945516,28.165274,1
sz.002027,分众传媒,2026-05-06,6.29,6.38,6.22,6.35,6.29,145652325.0,919976402.52,1.0085,0.9539,0,25.469377,5.937527,7.155675,-232.173454,1
sz.002028,思源电气,2026-05-06,198.9,211.16,198.1,206.0,195.0,15504911.0,3201123613.77,2.5389,5.641,0,49.540552,10.000565,7.044446,259.693409,1
sz.002029,七匹狼,2026-05-06,11.22,11.35,11.05,11.29,11.12,15412102.0,173497237.37,2.3162,1.5288,0,34.166354,1.171819,2.614145,150.273879,1
sz.002030,达安基因,2026-05-06,5.9,6.22,5.84,6.1,5.78,35261584.0,211324299.47,2.5125,5.5363,0,-9.560494,1.216112,11.600857,-25.470899,1
sz.002031,巨轮智能,2026-05-06,5.75,5.88,5.73,5.84,5.71,52168548.0,304244867.32,2.7262,2.2767,0,-54.098667,6.618148,18.011982,-32.668507,1
sz.002032,苏泊尔,2026-05-06,47.11,47.8,46.7,47.21,47.09,2182700.0,103042082.64,0.2724,0.2548,0,17.975475,5.574968,1.654733,899.099965,1
sz.002033,丽江股份,2026-05-06,9.43,9.43,9.12,9.24,9.47,42902432.0,395815434.55,7.8078,-2.4287,0,20.669043,1.933688,5.649962,-14.45184,1
sz.002034,旺能环境,2026-05-06,17.49,18.26,17.3,18.05,17.49,22120042.0,392202814.61,4.5314,3.2018,0,12.26275,1.214133,2.760822,-117.94106,1
sz.002035,华帝股份,2026-05-06,5.92,5.94,5.87,5.94,5.89,13946052.0,82393915.32,1.7833,0.8489,0,17.021657,1.308103,0.903279,-20.882895,1
sz.002036,联创电子,2026-05-06,7.78,7.98,7.7,7.9,7.68,38750038.0,306398995.25,3.6714,2.8646,0,-7.517582,8.655607,1.080384,-44.839195,1
sz.002037,保利联合,2026-05-06,8.51,8.59,8.44,8.54,8.55,10004800.0,85116081.0,2.0676,-0.117,0,-4.739093,4.023272,0.64119,-29.369435,1
sz.002038,双鹭药业,2026-05-06,6.49,6.51,6.36,6.47,6.49,39907585.0,257954011.67,4.6845,-0.3082,0,-13.868606,1.304531,11.235772,15.715163,1
sz.002039,黔源电力,2026-05-06,20.38,20.63,20.21,20.55,20.28,12897824.0,262634209.66,3.0166,1.3314,0,13.78234,1.937012,2.620803,50.461889,1
sz.002040,南京港,2026-05-06,10.0,10.06,9.94,10.05,9.95,8381340.0,83843249.9,1.7243,1.005,0,25.02694,1.413018,4.635495,-107.294612,1
sz.002041,登海种业,2026-05-06,10.19,10.25,10.04,10.2,10.24,14901238.0,150966152.28,1.6933,-0.3906,0,89.053619,2.429533,7.456409,973.137261,1
sz.002042,华孚时尚,2026-05-06,4.97,5.11,4.92,5.09,4.93,82171782.0,413782601.7,4.8317,3.2454,0,117.440392,1.464961,1.096002,-13.125878,1
sz.002043,兔宝宝,2026-05-06,14.82,15.63,14.48,15.49,14.83,19583541.0,293793716.13,2.4251,4.4504,0,17.156072,3.727453,1.382361,30.046812,1
sz.002044,美年健康,2026-05-06,5.8,5.97,5.8,5.97,5.43,126582248.0,750018242.86,3.2673,9.9448,0,76.459801,2.960755,2.293409,113.874386,1
sz.002045,国光电器,2026-05-06,11.25,11.5,11.19,11.2,11.28,16639313.0,187798765.67,2.9622,-0.7092,0,-36.839763,1.487338,0.817578,124.910851,1
sz.002046,国机精工,2026-05-06,52.73,57.43,52.4,55.89,52.21,24762223.0,1386755755.34,4.6827,7.0485,0,184.099578,6.870544,10.132291,-56.653292,1
sz.002047,*ST宝鹰,2026-05-06,5.15,5.17,5.02,5.13,5.25,23802319.0,121403116.48,1.5699,-2.2857,1,117.471426,191.096998,11.719002,148.648105,1
sz.002048,宁波华翔,2026-05-06,26.2,27.27,26.1,26.95,26.03,16118250.0,431202992.9,2.2708,3.5344,0,50.402159,1.828889,0.874011,164.525884,1
sz.002049,紫光国微,2026-05-06,78.91,81.76,78.9,79.05,77.32,51569453.0,4132220642.35,6.0705,2.2375,0,40.652006,4.823473,10.147186,-1163.049627,1
sz.002050,三花智控,2026-05-06,46.92,48.6,46.6,48.16,46.92,159011152.0,7628197752.18,4.316,2.6428,0,49.584815,6.21119,6.513014,24.211927,1
sz.002051,中工国际,2026-05-06,10.37,11.04,10.25,10.62,10.12,81062760.0,860891392.98,6.5514,4.9407,0,50.318117,1.130198,1.121077,-80.641762,1
sz.002052,同洲电子,2026-05-06,10.01,11.1,10.01,11.1,10.09,58463101.0,633216980.1,8.4804,10.0099,0,136.90974,29.984067,19.37626,42.139594,1
sz.002053,云南能投,2026-05-06,11.66,12.47,11.6,12.26,11.57,24857002.0,302566374.96,2.6997,5.9637,0,51.016034,1.480257,5.159807,-66.02592,1
sz.002054,德美化工,2026-05-06,8.68,8.83,8.61,8.78,8.63,24028135.0,210077388.39,6.2571,1.7381,0,31.68366,1.617413,1.338532,226.896263,1
sz.002055,ST得润,2026-05-06,6.04,6.11,6.03,6.1,5.93,22778543.0,138332954.05,3.8348,2.8668,1,-90.707497,2.720119,0.808508,37.177645,1
sz.002056,横店东磁,2026-05-06,19.18,19.75,19.1,19.6,18.94,32300385.0,628970464.53,1.9877,3.4847,0,17.92207,2.893396,1.395755,-42.675363,1
sz.002057,中钢天源,2026-05-06,9.68,9.79,9.66,9.76,9.65,10616606.0,103255983.73,1.4093,1.1399,0,41.011908,2.254746,2.302016,-16.453571,1
sz.002058,*ST威尔,2026-05-06,24.86,25.72,23.97,25.02,25.1,3234371.0,79889220.07,2.2601,-0.3187,1,16.919848,56.651801,4.394496,-63.051367,1
sz.002059,云南旅游,2026-05-06,4.9,4.9,4.78,4.79,4.9,13339302.0,64048955.58,1.3569,-2.2449,0,-15.391167,4.58433,13.370582,-70.037975,1
sz.002060,广东建工,2026-05-06,3.75,3.78,3.73,3.75,3.76,37700290.0,141421991.64,2.4123,-0.266,0,13.07155,0.971763,0.205658,-4.744604,1
sz.002061,浙江交科,2026-05-06,3.89,3.93,3.89,3.91,3.89,19876280.0,77793274.8,0.7647,0.5141,0,10.876484,0.652171,0.2253,9.454462,1
sz.002062,宏润建设,2026-05-06,8.96,9.54,8.85,9.45,8.85,43895565.0,408034499.03,3.9029,6.7797,0,44.658251,2.353287,2.082527,1024.047875,1
sz.002063,远光软件,2026-05-06,6.3,6.51,6.3,6.45,6.28,65520843.0,421726719.14,3.7043,2.707,0,40.970299,3.09496,4.762389,54.44889,1
sz.002064,华峰化学,2026-05-06,11.89,12.11,11.46,11.73,11.76,55391709.0,646658771.24,1.1186,-0.2551,0,28.790649,2.082364,2.361381,-204.143755,1
sz.002065,东华软件,2026-05-06,8.28,8.6,8.28,8.51,8.23,69336840.0,590129042.83,2.3844,3.4022,0,56.359453,2.202988,2.148317,41.381232,1
sz.002066,瑞泰科技,2026-05-06,23.33,23.5,22.56,22.56,23.33,5220500.0,119098773.0,2.26,-3.3005,0,-68.423413,8.517596,1.425422,103.25394,1
sz.002067,景兴纸业,2026-05-06,4.87,4.93,4.87,4.93,4.89,35092758.0,172386985.24,2.6236,0.818,0,72.644217,1.087471,1.16292,-93.170442,1
sz.002068,黑猫股份,2026-05-06,9.6,9.64,9.39,9.57,9.51,24229008.0,231202626.24,3.2966,0.6309,0,-13.458103,3.017539,0.837482,36.285652,1
sz.002069,獐子岛,2026-05-06,3.88,3.92,3.83,3.88,3.89,10845950.0,42027834.0,1.5271,-0.2571,0,-415.741788,100.500287,2.32803,-46.336263,1
sz.002072,凯瑞德,2026-05-06,7.35,7.39,7.21,7.31,7.28,11217342.0,81726547.1,3.0521,0.4121,0,-111.413543,11.630923,5.718456,-2625.996377,1
sz.002073,软控股份,2026-05-06,6.77,6.82,6.76,6.77,6.77,21009390.0,142631117.34,2.0722,0.0,0,19.397136,1.088326,0.846515,-23.431702,1
sz.002074,国轩高科,2026-05-06,37.23,39.39,36.98,38.56,36.74,65577837.0,2492619418.62,3.777,4.9537,0,30.36653,2.418061,1.465874,-59.229698,1
sz.002075,沙钢股份,2026-05-06,4.46,4.51,4.46,4.46,4.44,25483840.0,114087456.23,1.1616,0.4505,0,39.117411,1.477948,0.762688,47.349171,1
sz.002076,*ST星光,2026-05-06,2.19,2.22,2.17,2.19,2.19,38018570.0,83270845.3,3.6477,0.0,1,-251.398558,7.978459,5.486468,-126.859495,1
sz.002077,大港股份,2026-05-06,16.82,17.21,16.8,17.04,16.51,43605797.0,743093110.51,7.5137,3.2102,0,130.278206,2.922094,25.065737,732.242378,1
sz.002078,太阳纸业,2026-05-06,14.65,14.95,14.6,14.79,14.71,21087041.0,311660231.99,0.7592,0.5438,0,12.63595,1.323424,1.049634,-52.828545,1
sz.002079,苏州固锝,2026-05-06,11.82,12.08,11.75,11.94,11.7,79574070.0,951210719.24,9.8169,2.0513,0,88.784243,3.389333,2.500628,-48.793314,1
sz.002080,中材科技,2026-05-06,56.21,60.69,56.21,60.69,55.17,45471881.0,2737944824.72,2.7097,10.0054,0,51.8785,4.980474,3.228651,-773.883817,1
sz.002081,金螳螂,2026-05-06,6.28,6.49,6.15,6.49,5.9,270207241.0,1721003232.58,10.2187,10.0,0,42.47665,1.236872,1.036143,-65.401256,1
sz.002082,ST万邦,2026-05-06,27.07,27.07,27.07,27.07,28.49,177300.0,4799511.0,0.032,-4.9842,1,-208.312662,6.339964,14.075187,31.966776,1
sz.002083,孚日股份,2026-05-06,11.31,11.47,11.16,11.42,11.3,39803980.0,450580402.88,4.2048,1.0619,0,22.458752,2.213193,2.057117,47.60669,1
sz.002084,海鸥住工,2026-05-06,3.9,3.91,3.81,3.84,3.86,14237242.0,54818494.34,2.2089,-0.5181,0,-18.439453,1.915255,0.983404,-27.221142,1
sz.002085,万丰奥威,2026-05-06,13.7,13.94,13.7,13.87,13.63,28363886.0,393671405.9,1.3358,1.7608,0,30.831409,3.855776,1.854706,-202.145546,1
sz.002086,东方海洋,2026-05-06,2.04,2.05,2.01,2.04,2.05,48024667.0,97422547.01,3.0371,-0.4878,0,-28.172493,3.151358,11.125895,-5522.497465,1
sz.002088,鲁阳节能,2026-05-06,9.95,10.16,9.87,10.06,9.87,4580893.0,45997355.5,0.9058,1.925,0,-362.961174,2.038712,2.180741,-28.363009,1
sz.002090,金智科技,2026-05-06,11.23,11.33,11.21,11.26,11.23,8439416.0,95127756.16,2.1364,0.2671,0,62.137789,2.879003,2.859473,36.198515,1
sz.002091,江苏国泰,2026-05-06,8.97,9.17,8.79,9.16,8.95,50667033.0,455326700.97,3.1703,2.3464,0,11.802265,0.931468,0.370619,-38.543057,1
sz.002092,中泰化学,2026-05-06,6.9,6.91,6.55,6.71,6.92,58478906.0,389627217.87,2.2705,-3.0347,0,-50.87981,0.812607,0.595033,8.892941,1
sz.002093,国脉科技,2026-05-06,8.36,8.5,8.35,8.45,8.32,15630101.0,132089565.56,1.5514,1.5625,0,127.886953,2.215978,14.393552,33.551758,1
sz.002094,青岛金王,2026-05-06,6.01,6.06,5.96,6.04,5.96,14835809.0,89449248.67,2.1487,1.3423,0,206.184839,2.827025,2.460408,102.260596,1
sz.002095,生意宝,2026-05-06,16.24,16.7,16.24,16.52,16.17,4209320.0,69665491.22,1.6723,2.1645,0,-308.159613,4.763881,7.960766,33.456158,1
sz.002096,易普力,2026-05-06,10.88,10.99,10.81,10.87,10.86,9832902.0,106938501.73,0.7927,0.0921,0,18.346927,1.659576,1.394959,40.782486,1
sz.002097,山河智能,2026-05-06,10.0,10.08,9.96,10.02,9.92,18021234.0,180776366.41,1.6801,1.0081,0,154.124063,2.298918,1.466389,-36.557108,1
sz.002098,浔兴股份,2026-05-06,8.62,8.71,8.5,8.58,8.62,3637600.0,31218644.0,1.0161,-0.464,0,16.686002,2.01926,1.11762,136.427274,1
sz.002099,海翔药业,2026-05-06,6.33,6.45,6.25,6.25,6.34,35339734.0,223437698.72,2.1877,-1.4196,0,-136.976665,2.047559,5.437017,-12.496353,1
sz.002100,天康生物,2026-05-06,7.87,8.01,7.78,7.97,7.95,41499667.0,328395025.96,3.0397,0.2516,0,-107.957733,1.586398,0.650872,-17.383738,1
sz.002101,广东鸿图,2026-05-06,10.02,10.08,10.0,10.04,10.01,6299682.0,63239005.28,0.9513,0.2997,0,21.45915,0.835722,0.734532,-53.336507,1
sz.002102,ST能特,2026-05-06,2.52,2.52,2.52,2.52,2.65,7084500.0,17852940.0,0.3261,-4.9057,1,129.744138,2.012436,0.963712,31.507447,1
sz.002103,广博股份,2026-05-06,7.99,8.06,7.99,8.04,7.99,6642500.0,53324386.0,1.7114,0.6258,0,27.715878,3.41868,1.525366,-15.377893,1
sz.002104,恒宝股份,2026-05-06,14.4,15.65,14.38,15.2,14.23,89082930.0,1363189356.55,14.8545,6.8166,0,772.474229,5.04495,14.449302,-55.342292,1
sz.002105,信隆健康,2026-05-06,6.85,6.86,6.65,6.73,6.79,8672900.0,58674862.0,2.3796,-0.8837,0,-38.565956,3.086149,1.985525,-46.729463,1
sz.002106,莱宝高科,2026-05-06,10.56,10.77,10.56,10.65,10.48,11191461.0,119458632.67,1.5877,1.6221,0,36.672845,1.338282,1.260151,-4.728937,1
sz.002107,沃华医药,2026-05-06,7.3,7.44,7.28,7.4,7.31,17174154.0,126857453.87,3.0057,1.2312,0,39.00627,6.316748,5.220673,-149.075807,1
sz.002108,沧州明珠,2026-05-06,5.7,5.76,5.6,5.75,5.62,101139517.0,574360658.59,6.139,2.3132,0,63.407885,1.881007,3.19183,-35.491587,1
sz.002109,ST兴化,2026-05-06,3.84,3.84,3.84,3.84,4.04,406700.0,1561728.0,0.0319,-4.9505,1,-12.074442,1.25032,1.296443,175.740725,1
sz.002110,三钢闽光,2026-05-06,3.44,3.47,3.42,3.43,3.42,22416494.0,77072981.09,0.9228,0.2924,0,-57.664883,0.430117,0.191303,-109.018267,1
sz.002111,威海广泰,2026-05-06,11.25,11.51,11.12,11.44,11.02,39047225.0,442280929.2,7.9892,3.8113,0,37.029452,1.970533,1.724349,31.276408,1
sz.002112,三变科技,2026-05-06,20.54,20.95,20.4,20.91,20.14,21708660.0,450815695.34,8.2832,3.8232,0,378.720146,7.107833,2.90299,4838.228816,1
sz.002114,罗平锌电,2026-05-06,9.1,9.27,9.01,9.24,9.0,13197701.0,120633150.22,4.081,2.6667,0,-17.326156,4.134816,1.926946,-149.40385,1
sz.002115,三维通信,2026-05-06,14.53,15.05,14.43,14.93,14.41,142516720.0,2107828928.5,18.9468,3.6086,0,1703.810037,5.861404,0.836088,462.404893,1
sz.002116,中国海诚,2026-05-06,9.72,9.81,9.72,9.81,9.73,4347445.0,42541625.28,0.9451,0.8222,0,13.594214,1.622903,0.665488,-11.510936,1
sz.002117,东港股份,2026-05-06,10.2,10.35,10.2,10.28,10.2,8618800.0,88632416.0,1.6462,0.7843,0,35.691734,3.633926,4.609634,-389.231953,1
sz.002119,康强电子,2026-05-06,21.49,22.0,21.4,22.0,21.01,36871672.0,805749425.45,9.825,4.712,0,71.162713,5.869096,3.4172,1131.128552,1
sz.002120,韵达股份,2026-05-06,7.86,7.95,7.78,7.93,7.86,61342768.0,482959629.68,2.179,0.8906,0,17.19117,1.080416,0.443306,-14.543077,1
sz.002121,科陆电子,2026-05-06,6.95,7.08,6.95,7.03,6.95,29480965.0,207043318.23,2.1059,1.1511,0,-44.218032,32.911713,1.822586,49.325951,1
sz.002122,ST汇洲,2026-05-06,2.98,2.99,2.96,2.98,2.98,15265579.0,45401736.63,0.768,0.0,1,157.816188,2.732998,5.384101,-89.987131,1
sz.002123,梦网科技,2026-05-06,9.51,9.81,9.51,9.7,9.48,17075361.0,166021258.04,2.3698,2.3207,0,-29.552065,5.134112,3.188913,87.715655,1
sz.002124,天邦食品,2026-05-06,2.66,2.72,2.61,2.67,2.61,149456614.0,397575638.32,7.5783,2.2989,0,-2.767446,3.576571,0.731016,-39.673213,1
sz.002125,湘潭电化,2026-05-06,15.32,15.65,15.2,15.6,15.27,38631519.0,596195995.75,6.1367,2.1611,0,36.716016,2.885687,5.107639,52.541168,1
sz.002126,银轮股份,2026-05-06,47.48,49.8,47.48,48.37,46.02,27648459.0,1354949820.72,3.4812,5.1065,0,42.714389,5.475435,2.481409,-664.593962,1
sz.002127,南极电商,2026-05-06,3.04,3.07,3.01,3.06,3.03,54463091.0,165720874.15,2.7303,0.9901,0,-31.928256,1.928966,3.167651,-134.930939,1
sz.002128,电投能源,2026-05-06,32.42,33.49,32.11,33.32,32.36,19296822.0,636669783.96,0.8609,2.9666,0,12.743103,1.881162,2.410047,177.257279,1
sz.002129,TCL中环,2026-05-06,8.76,8.95,8.68,8.9,8.66,93170188.0,822739049.14,2.3063,2.7714,0,-3.996353,1.798554,1.21986,-19.443601,1
sz.002130,沃尔核材,2026-05-06,22.78,23.55,22.78,23.37,22.74,56131625.0,1304801047.59,4.894,2.7704,0,29.086378,3.575219,3.750183,15.00188,1
sz.002131,利欧股份,2026-05-06,6.54,6.85,6.54,6.82,6.45,534026313.0,3600480252.57,9.1212,5.7364,0,-1073.492977,3.579703,2.264784,-355.004508,1
sz.002132,恒星科技,2026-05-06,4.9,5.03,4.85,5.03,4.83,102608985.0,507564235.38,7.3335,4.1408,0,101.066786,1.994445,1.341919,129.276753,1
sz.002133,广宇集团,2026-05-06,3.49,3.5,3.31,3.34,3.47,33051700.0,111269132.0,4.2932,-3.7464,0,35.78064,0.892385,0.733374,-5.927694,1
sz.002134,天津普林,2026-05-06,25.21,26.89,25.21,26.76,25.32,20460294.0,535450949.2,8.3007,5.6872,0,416.444847,12.878081,4.386093,-23356.472314,1
sz.002135,东南网架,2026-05-06,8.65,9.36,8.6,9.08,8.51,115266979.0,1058599077.11,11.0423,6.698,0,584.104349,1.633324,1.146251,-43.451081,1
sz.002136,安纳达,2026-05-06,15.23,15.66,15.01,15.56,15.09,16518901.0,254793132.47,7.7027,3.1146,0,-44.662301,3.072012,1.945866,-26.827118,1
sz.002137,实益达,2026-05-06,8.32,8.48,8.3,8.37,8.26,10199413.0,85361478.55,2.5726,1.3317,0,111.836436,3.144316,6.754532,-208.618526,1
sz.002138,顺络电子,2026-05-06,34.37,34.8,33.9,34.61,33.95,37633704.0,1294079270.88,4.9747,1.944,0,28.896459,4.392258,4.004185,-2488.329212,1
sz.002139,拓邦股份,2026-05-06,10.78,10.97,10.78,10.88,10.71,19458881.0,211910050.33,1.8167,1.5873,0,61.978077,1.938067,1.227072,-29.841501,1
sz.002140,东华科技,2026-05-06,12.52,12.72,12.46,12.69,12.51,11567633.0,146176321.13,1.6362,1.4388,0,16.202249,1.841552,0.908075,-73.006667,1
sz.002141,贤丰控股,2026-05-06,3.66,3.73,3.62,3.7,3.64,25333800.0,92850255.0,2.4526,1.6484,0,334.319599,4.735785,3.593946,-175.905972,1
sz.002142,宁波银行,2026-05-06,33.1,33.16,32.44,32.77,33.2,31515842.0,1031257683.44,0.4776,-1.2952,0,7.190074,0.930779,2.929942,-9.122704,1
sz.002144,宏达高科,2026-05-06,14.34,14.34,13.8,14.04,14.25,5913100.0,83206824.0,4.2957,-1.4737,0,65.753635,1.157211,5.336186,-14.127979,1
sz.002145,钛能化学,2026-05-06,4.59,4.71,4.58,4.67,4.58,63981703.0,298335045.07,1.6809,1.9651,0,54.429351,1.466104,2.242848,-92.432733,1
sz.002146,荣盛发展,2026-05-06,1.37,1.39,1.34,1.39,1.35,138118598.0,189546594.36,3.5311,2.963,0,-0.657597,1.191869,0.264773,-7.082442,1
sz.002148,北纬科技,2026-05-06,7.95,8.15,7.94,8.08,7.89,14040299.0,113632931.88,3.1248,2.4081,0,1027.033811,3.702526,11.710942,356.612551,1
sz.002149,西部材料,2026-05-06,65.42,69.86,65.02,69.86,63.51,68366024.0,4709790134.54,14.0054,9.9984,0,424.174336,9.159757,11.075713,-308.131827,1
sz.002150,正泰电源,2026-05-06,28.91,29.24,28.51,29.15,29.06,13351116.0,387706849.95,3.7237,0.3097,0,37.82791,4.862574,2.580592,128.83285,1
sz.002151,北斗星通,2026-05-06,40.9,43.19,40.9,42.0,40.9,32889705.0,1389159419.45,7.4274,2.6895,0,-106.564718,4.715333,9.086514,-134.76597,1
sz.002152,广电运通,2026-05-06,11.78,12.17,11.76,12.0,11.66,30802591.0,369940473.05,1.241,2.916,0,35.204428,2.343947,2.459335,-42.635915,1
sz.002153,石基信息,2026-05-06,10.12,10.35,10.11,10.21,10.08,38207037.0,391413226.91,2.3883,1.2897,0,-170.349223,4.162991,9.93747,27.205138,1
sz.002154,报喜鸟,2026-05-06,4.15,4.38,4.12,4.32,4.16,89418279.0,383578486.21,7.5793,3.8462,0,15.442153,1.292862,1.188224,18.867377,1
sz.002155,湖南黄金,2026-05-06,29.06,30.46,28.94,30.26,29.07,63625191.0,1893220093.61,4.072,4.0936,0,27.001728,5.427566,0.846056,58.92963,1
sz.002156,通富微电,2026-05-06,56.95,56.95,56.94,56.95,51.77,44978515.0,2561526193.25,2.9641,10.0058,0,59.754259,5.519518,2.948659,142.938274,1
sz.002157,正邦科技,2026-05-06,3.49,3.56,3.45,3.54,3.47,444796830.0,1561834188.46,5.7117,2.0173,0,-28.942867,3.134794,2.105134,-39.694762,1
sz.002158,汉钟精机,2026-05-06,27.91,30.37,27.91,30.37,27.61,28854865.0,853450948.85,5.4079,9.9964,0,34.360548,3.64038,5.397062,-188.413259,1
sz.002159,三特索道,2026-05-06,16.28,16.28,15.88,16.03,16.34,6461200.0,103718071.0,4.6661,-1.8972,0,21.23274,1.920043,4.42191,33.746895,1
sz.002160,常铝股份,2026-05-06,4.89,4.99,4.88,4.97,4.88,20508700.0,101227043.0,1.9897,1.8443,0,75.941915,1.361335,0.606375,83.433119,1
sz.002161,远望谷,2026-05-06,6.82,6.92,6.73,6.86,6.74,32084513.0,218927269.61,4.338,1.7804,0,3887.497967,3.33651,8.214681,62.360352,1
sz.002162,悦心健康,2026-05-06,4.47,4.49,4.42,4.43,4.47,14491240.0,64506908.2,1.5777,-0.8949,0,348.57603,4.987928,3.783933,730.533028,1
sz.002163,海南发展,2026-05-06,12.43,12.58,12.35,12.47,12.46,23226445.0,289849399.21,2.8905,0.0803,0,-22.830246,17.724395,3.018508,-722.491623,1
sz.002164,宁波东力,2026-05-06,12.56,12.78,12.51,12.7,12.56,9712111.0,123015028.71,2.0243,1.1146,0,33.486004,4.250882,4.590622,74.151445,1
sz.002165,红宝丽,2026-05-06,8.65,8.71,8.6,8.68,8.58,35061460.0,303968723.59,4.8189,1.1655,0,-222.561887,3.191989,2.21916,136.358033,1
sz.002166,莱茵生物,2026-05-06,8.83,9.05,8.74,8.91,8.78,13872176.0,123682490.41,1.8782,1.4806,0,42.672906,2.072491,3.228934,75.857089,1
sz.002167,东方锆业,2026-05-06,12.96,13.35,12.9,13.35,12.91,31046543.0,408580623.86,4.092,3.4082,0,190.880814,5.812077,8.193885,80.523342,1
sz.002168,*ST惠程,2026-05-06,4.21,4.27,4.13,4.18,4.27,9688120.0,40464886.2,1.2355,-2.1077,1,-48.947918,292.411383,8.570567,47.361902,1
sz.002169,智光电气,2026-05-06,13.05,13.24,12.96,13.15,13.1,25616918.0,335575869.13,3.3765,0.3817,0,52.68798,3.681204,2.447405,-115.327652,1
sz.002170,芭田股份,2026-05-06,13.84,13.95,13.82,13.89,13.9,28364200.0,393556507.0,3.6035,-0.0719,0,13.287112,3.328709,2.55636,160.531557,1
sz.002171,楚江新材,2026-05-06,11.35,11.7,11.35,11.63,11.31,37851509.0,438019120.94,2.3456,2.8294,0,48.197219,2.119194,0.288966,133.279666,1
sz.002172,澳洋健康,2026-05-06,3.85,3.86,3.75,3.76,3.81,22611300.0,85609015.0,2.9552,-1.3123,0,102.723397,15.892276,1.634572,-25.611868,1
sz.002173,创新医疗,2026-05-06,23.39,24.17,23.39,23.9,23.26,22594333.0,537976420.27,5.3685,2.7515,0,-228.943803,6.114942,13.976913,352.275194,1
sz.002174,游族网络,2026-05-06,10.32,10.55,10.2,10.48,10.24,44186088.0,459099128.77,4.5122,2.3438,0,-38.270659,2.262759,7.353759,-139.811015,1
sz.002175,*ST东智,2026-05-06,2.61,2.61,2.61,2.61,2.75,2654000.0,6926940.0,0.2079,-5.0909,1,-93.412697,4.305825,10.245644,40.486189,1
sz.002176,江特电机,2026-05-06,16.2,16.23,15.5,15.7,16.05,254432094.0,3999840268.63,14.9365,-2.1807,0,-52.953562,9.06217,14.19186,-1058.108017,1
sz.002177,御银股份,2026-05-06,7.5,7.73,7.48,7.68,7.47,54699662.0,417758407.06,8.1046,2.8112,0,357.560262,3.407514,102.102653,3073.650592,1
sz.002178,延华智能,2026-05-06,5.84,5.93,5.83,5.89,5.83,11940980.0,70327161.4,1.6776,1.0292,0,504.327042,9.706785,10.697001,1136.541036,1
sz.002179,中航光电,2026-05-06,36.8,37.5,36.57,37.16,36.56,48562868.0,1801036612.95,2.3164,1.6411,0,40.982233,3.189032,3.673434,-30.372238,1
sz.002180,奔图科技,2026-05-06,19.12,19.29,18.76,18.9,19.16,18226375.0,346311322.41,1.3399,-1.357,0,-36.411624,2.945087,2.086784,-64.307263,1
sz.002181,粤传媒,2026-05-06,16.49,18.14,15.7,18.14,16.49,159880837.0,2760006975.05,14.0922,10.0061,0,288.423148,4.952987,35.221991,949.530601,1
sz.002182,宝武镁业,2026-05-06,15.8,16.3,15.74,16.25,15.69,26615228.0,426240253.56,3.0751,3.5692,0,-387.014095,3.051596,1.609979,-405.083187,1
sz.002183,怡亚通,2026-05-06,5.65,5.98,5.65,5.91,5.59,131519182.0,769540762.82,5.0643,5.7245,0,-47.316871,1.693533,0.235492,-21.53981,1
sz.002184,海得控制,2026-05-06,11.73,11.95,11.73,11.93,11.69,8056200.0,95651106.58,3.3516,2.053,0,-57.829214,3.301954,1.832383,-30.665605,1
sz.002185,华天科技,2026-05-06,13.68,14.06,13.58,13.62,13.11,280884709.0,3882958146.57,8.5998,3.8902,0,54.541089,2.483404,2.412398,-86.897814,1
sz.002186,全聚德,2026-05-06,10.69,10.69,10.49,10.52,10.69,4697203.0,49554610.55,1.531,-1.5903,0,312.926814,3.783716,2.571373,-110.736758,1
sz.002187,广百股份,2026-05-06,6.21,6.22,6.15,6.17,6.19,9201300.0,56866507.0,1.3128,-0.3231,0,-45.809828,1.080515,1.793679,-19.740162,1
sz.002188,中天服务,2026-05-06,7.21,7.34,7.06,7.16,7.22,23440644.0,168952434.49,9.108,-0.831,0,81.16195,6.494363,5.699055,-65.372627,1
sz.002189,中光学,2026-05-06,21.1,21.45,21.1,21.32,21.1,3214001.0,68644291.2,1.2307,1.0427,0,-25.321132,13.328289,3.683253,-206.949377,1
sz.002190,成飞集成,2026-05-06,29.6,30.06,29.6,29.91,29.52,3700400.0,110718695.89,1.0315,1.3211,0,-165.125376,2.467716,4.558383,-168.50779,1
sz.002191,劲嘉股份,2026-05-06,3.79,3.93,3.78,3.89,3.79,30532800.0,118399202.61,2.1196,2.6385,0,-15.018747,0.907208,1.682306,17.404773,1
sz.002192,融捷股份,2026-05-06,115.0,115.0,107.31,111.18,109.22,47572814.0,5265031318.99,18.3595,1.7945,0,53.775923,7.44992,25.738224,-466.826706,1
sz.002193,ST如意,2026-05-06,6.52,6.52,6.52,6.52,6.86,699900.0,4563348.0,0.2674,-4.9563,1,-4.560856,6.336847,4.718381,-273.617372,1
sz.002194,武汉凡谷,2026-05-06,11.19,11.49,11.18,11.36,11.03,26919094.0,305972814.06,5.2692,2.9918,0,-373.538434,3.133538,5.859953,87.563691,1
sz.002195,岩山科技,2026-05-06,8.62,8.94,8.62,8.87,8.61,202112886.0,1784966630.73,3.5964,3.0197,0,615.176459,5.076965,77.181966,-190.840464,1
sz.002196,方正电机,2026-05-06,13.98,14.24,13.98,14.19,13.97,22810440.0,322915399.2,4.6703,1.5748,0,147.592369,4.934539,2.199686,245.210085,1
sz.002197,证通电子,2026-05-06,8.06,8.45,8.06,8.37,8.05,24847060.0,206785697.0,4.653,3.9752,0,-13.895851,2.918913,4.964922,-15.693356,1
sz.002198,ST嘉应,2026-05-06,5.55,5.55,5.55,5.55,5.84,1053900.0,5849145.0,0.2077,-4.9658,1,102.311454,3.856402,7.31538,-23.610816,1
sz.002199,*ST东晶,2026-05-06,10.71,11.09,10.33,11.09,10.56,12346478.0,132858114.96,5.3464,5.0189,1,-72.782199,14.906658,5.920155,138.014247,1
sz.002200,*ST交投,2026-05-06,7.58,7.58,7.44,7.48,7.58,1457700.0,10904199.0,0.7448,-1.3193,1,-358.318374,2.594621,5.883328,5.327776,1
sz.002201,九鼎新材,2026-05-06,13.5,14.12,13.4,13.83,13.39,69967734.0,967635340.35,11.6221,3.286,0,100.378986,7.605425,4.986118,99.024199,1
sz.002202,金风科技,2026-05-06,28.0,28.35,27.7,27.94,27.55,305049439.0,8560143217.49,9.0694,1.4156,0,37.905943,2.967735,1.493145,-31.283956,1
sz.002203,海亮股份,2026-05-06,17.99,19.79,17.64,19.79,17.99,92836810.0,1770000721.7,4.1967,10.0056,0,43.851387,2.658693,0.522452,-61.51703,1
sz.002204,大连重工,2026-05-06,6.88,6.89,6.79,6.8,6.85,43423133.0,296419979.88,2.2483,-0.7299,0,21.456359,1.632925,0.817887,11.151288,1
sz.002205,国统股份,2026-05-06,13.52,13.58,13.3,13.43,13.38,3400302.0,45735459.74,1.8297,0.3737,0,-26.85422,9.727921,3.317942,-100.838385,1
sz.002206,海利得,2026-05-06,6.19,6.22,6.1,6.18,6.18,17014891.0,104607195.93,1.61,0.0,0,14.428092,1.741511,1.262053,30.633477,1
sz.002207,*ST准油,2026-05-06,7.21,7.21,6.75,7.21,6.87,45815324.0,323872359.0,17.5664,4.9491,1,-46.704186,161.341924,5.880669,-92.272396,1
sz.002208,合肥城建,2026-05-06,13.74,14.2,13.5,13.92,13.74,55011504.0,767687512.02,6.8501,1.31,0,-20.158985,1.887971,1.033857,34.497257,1
sz.002209,达意隆,2026-05-06,14.8,14.98,13.78,14.13,15.06,28615411.0,403860167.09,18.3065,-6.1753,0,25.47298,3.272807,1.610365,9.403581,1
sz.002210,飞马国际,2026-05-06,3.01,3.28,3.01,3.28,2.98,400980065.0,1258060673.04,15.1013,10.0671,0,314.131036,9.312794,31.444905,206.169461,1
sz.002211,ST宏达,2026-05-06,3.67,3.67,3.53,3.58,3.66,16348900.0,58712439.0,3.7803,-2.1858,1,-161.574181,32.07278,3.018803,-670.686568,1
sz.002212,天融信,2026-05-06,7.34,7.59,7.34,7.54,7.28,44224439.0,331734105.1,3.7901,3.5714,0,212.406334,0.933155,3.612936,127.28973,1
sz.002213,大为股份,2026-05-06,38.93,40.88,38.0,39.1,37.3,45777720.0,1798006734.4,22.1623,4.8257,0,4902.618623,16.829299,7.198886,-72.72233,1
sz.002214,*ST大立,2026-05-06,18.58,18.68,17.99,18.1,18.57,8971690.0,163144931.4,1.8753,-2.531,1,-47.729916,8.615953,31.123781,-274.358274,1
sz.002215,诺普信,2026-05-06,10.9,10.98,10.71,10.85,10.92,21886817.0,236930509.97,2.7257,-0.641,0,14.045931,2.233418,1.726918,46.43344,1
sz.002216,三全食品,2026-05-06,14.4,14.57,14.12,14.43,14.38,13967849.0,201290314.99,2.2154,0.3477,0,20.95165,2.601674,1.8724,13.791408,1
sz.002217,合力泰,2026-05-06,3.03,3.18,3.02,3.18,2.89,565084353.0,1781837994.04,7.7629,10.0346,0,1221.837346,12.709056,13.863623,-52.379441,1
sz.002218,拓日新能,2026-05-06,5.55,5.68,5.49,5.67,5.46,110244995.0,619191040.46,7.9446,3.8462,0,-40.226989,2.031813,7.949901,-245.760202,1
sz.002219,新里程,2026-05-06,2.33,2.37,2.31,2.36,2.31,104849699.0,246373160.95,3.2046,2.1645,0,316.295104,4.129996,2.73689,-52.546804,1
sz.002221,东华能源,2026-05-06,8.01,8.03,7.89,8.02,8.05,19160078.0,152689323.76,1.3115,-0.3727,0,-15.559797,1.266687,0.491881,-14.157316,1
sz.002222,福晶科技,2026-05-06,89.01,95.45,86.57,92.66,86.82,48658213.0,4438795479.94,10.3937,6.7266,0,148.259009,23.834613,35.055079,154581.120884,1
sz.002223,鱼跃医疗,2026-05-06,29.36,29.75,29.36,29.62,29.28,9595242.0,284095576.38,1.0183,1.1612,0,23.101122,2.175337,3.763649,-4.854589,1
sz.002224,三力士,2026-05-06,4.37,4.39,4.31,4.34,4.37,17488706.0,76072038.1,2.1688,-0.6865,0,-269.04146,1.217196,3.591789,31.812744,1
sz.002225,濮耐股份,2026-05-06,4.56,4.61,4.4,4.58,4.5,81550494.0,366685969.42,8.5967,1.7778,0,104.879923,1.28563,0.974471,-80.305524,1
sz.002226,江南化工,2026-05-06,5.38,5.45,5.38,5.42,5.37,15367883.0,83312387.03,0.5802,0.9311,0,19.515304,1.480076,1.430437,-93.265971,1
sz.002227,*ST特迅,2026-05-06,8.76,8.96,8.53,8.61,8.78,9817484.0,85437521.78,3.9919,-1.9362,1,-32.753408,2.316064,7.316192,37.671434,1
sz.002228,合兴包装,2026-05-06,3.93,3.93,3.88,3.93,3.9,22244201.0,86988359.52,1.8394,0.7692,0,50.505621,1.584392,0.45985,-29.792542,1
sz.002229,鸿博股份,2026-05-06,16.81,18.03,16.78,18.03,16.39,72578672.0,1264001972.1,14.7172,10.0061,0,-34.135536,8.355698,21.068415,-37.503897,1
sz.002230,科大讯飞,2026-05-06,48.35,50.19,48.34,49.48,47.79,70810376.0,3509881052.9,3.2344,3.5363,0,137.736048,6.304326,4.287422,2967.808036,1
sz.002232,启明信息,2026-05-06,17.9,18.18,17.78,18.1,17.68,4748152.0,85740557.97,1.1622,2.3756,0,155.14718,5.230141,8.922984,783.548967,1
sz.002233,塔牌集团,2026-05-06,8.57,8.86,8.53,8.79,8.56,20584790.0,179980743.78,1.7545,2.6869,0,16.753422,0.846164,2.568863,-78.575493,1
sz.002234,民和股份,2026-05-06,8.75,8.77,8.61,8.71,8.65,5738169.0,49852145.21,1.9038,0.6936,0,-11.470168,1.785532,1.405008,-248.792417,1
sz.002235,安妮股份,2026-05-06,10.97,12.02,10.93,11.92,11.2,112558457.0,1311405889.42,20.3329,6.4286,0,-356.817902,9.470506,16.845808,16.375152,1
sz.002236,大华股份,2026-05-06,18.61,18.66,18.26,18.32,18.49,67620283.0,1245933816.84,2.828,-0.9194,0,15.347707,1.558653,1.793737,-30.100894,1
sz.002237,恒邦股份,2026-05-06,16.8,17.12,16.67,17.05,16.61,29957685.0,506812198.2,2.5125,2.649,0,36.894285,1.809432,0.193034,7.210283,1
sz.002238,天威视讯,2026-05-06,7.31,7.38,7.23,7.25,7.31,6092548.0,44432077.92,0.7591,-0.8208,0,-29.201784,2.982841,4.633836,17.727612,1
sz.002239,奥特佳,2026-05-06,2.89,2.93,2.88,2.89,2.89,72171061.0,209542739.9,2.6906,0.0,0,53.552149,1.759313,1.2785,112.412572,1
sz.002240,盛新锂能,2026-05-06,60.76,63.13,58.9,62.14,60.09,80101938.0,4906771057.17,8.7744,3.4115,0,-211.195306,5.299058,7.423022,218.894527,1
sz.002241,歌尔股份,2026-05-06,24.66,25.18,24.65,25.0,24.5,106269730.0,2656671408.13,3.3816,2.0408,0,22.328648,2.374369,0.897278,-34.869101,1
sz.002242,九阳股份,2026-05-06,10.88,11.13,10.81,11.04,10.88,24762703.0,272178532.17,3.251,1.4706,0,85.083116,2.418127,1.050134,-24.991878,1
sz.002243,力合科创,2026-05-06,8.57,8.75,8.46,8.48,8.53,17087548.0,146875479.68,1.4191,-0.5862,0,58.307744,1.407575,4.194264,132.726341,1
sz.002244,滨江集团,2026-05-06,9.59,10.17,9.57,10.03,9.55,55625475.0,553223523.45,2.0172,5.0262,0,15.994083,1.030532,0.428265,-7.23691,1
sz.002245,蔚蓝锂芯,2026-05-06,20.98,22.73,20.97,22.73,20.66,115630263.0,2550564240.06,10.6519,10.0194,0,34.297292,3.347284,3.071558,-96.541942,1
sz.002246,北化股份,2026-05-06,24.46,25.36,24.09,24.61,24.36,29194178.0,720757868.67,5.3174,1.0263,0,44.179758,4.319084,4.78009,31.501906,1
sz.002247,聚力文化,2026-05-06,2.91,2.95,2.88,2.91,2.88,26406500.0,77122570.0,4.1033,1.0417,0,55.50264,3.682319,3.088298,-299.172743,1
sz.002248,华东数控,2026-05-06,13.0,13.2,12.92,13.17,13.06,18665901.0,244433633.15,6.0703,0.8423,0,119.404628,35.301241,12.083985,-139.572006,1
sz.002249,大洋电机,2026-05-06,9.4,9.51,9.37,9.48,9.38,50605082.0,478025112.35,2.7182,1.0661,0,21.302006,2.30348,1.931984,-19.349143,1
sz.002250,联化科技,2026-05-06,16.78,17.2,16.45,16.68,16.55,23272830.0,389579552.4,2.6004,0.7855,0,36.244302,2.196107,2.18075,-47.222276,1
sz.002251,步步高,2026-05-06,4.15,4.2,4.14,4.16,4.15,45771734.0,190760137.44,2.1265,0.241,0,101.478436,1.316532,2.556584,-60.815615,1
sz.002252,上海莱士,2026-05-06,5.57,5.61,5.54,5.57,5.56,27068166.0,150646710.93,0.408,0.1799,0,27.867471,1.136803,5.396163,-70.609232,1
sz.002253,*ST智胜,2026-05-06,10.99,11.25,10.98,11.15,10.91,5961350.0,66226016.0,2.8394,2.1998,1,-10.125745,2.966281,7.728834,-54.718791,1
sz.002254,泰和新材,2026-05-06,11.36,11.75,11.3,11.57,11.34,32161452.0,372128446.93,3.7812,2.0282,0,211.95049,1.401544,2.763129,27.590958,1
sz.002255,海陆重工,2026-05-06,11.22,11.4,11.22,11.38,11.28,27206104.0,308883518.16,4.2645,0.8865,0,21.172072,2.046486,4.017016,25.655203,1
sz.002256,兆新股份,2026-05-06,4.62,4.75,4.57,4.67,4.59,187957641.0,874070427.44,9.6291,1.7429,0,182.808994,7.709937,18.185134,491.659266,1
sz.002258,利尔化学,2026-05-06,12.95,13.01,12.47,12.64,12.9,22407051.0,283561498.81,2.8039,-2.0155,0,22.953483,1.263658,1.095666,-24.049932,1
sz.002259,升达林业,2026-05-06,5.41,5.42,5.13,5.17,5.42,53686200.0,278382999.0,7.136,-4.6125,0,19.704768,8.489026,3.970214,-38.688623,1
sz.002261,拓维信息,2026-05-06,36.16,38.38,36.15,37.6,35.44,165439060.0,6244983186.12,14.4349,6.0948,0,791.573466,18.193394,15.079966,-163.685657,1
sz.002262,恩华药业,2026-05-06,22.51,22.61,22.2,22.29,22.42,15163823.0,338428097.12,1.7155,-0.5798,0,21.080992,2.703654,3.767022,-37.29159,1
sz.002263,大东南,2026-05-06,4.09,4.24,4.05,4.22,4.03,191523103.0,795637354.72,10.1964,4.7146,0,437.350675,2.85354,6.465541,195.283684,1
sz.002264,新华都,2026-05-06,8.4,8.52,8.37,8.47,8.35,21717201.0,183842673.47,3.3167,1.4371,0,38.076635,2.92607,1.677877,-93.74721,1
sz.002265,建设工业,2026-05-06,22.28,23.06,22.28,22.82,22.51,10367593.0,236600487.96,1.0036,1.3772,0,101.272383,6.045322,4.846509,559.144117,1
sz.002266,浙富控股,2026-05-06,5.29,5.56,5.29,5.51,5.28,227511046.0,1246114961.19,4.6981,4.3561,0,19.843574,2.273819,1.17579,28.480636,1
sz.002267,陕天然气,2026-05-06,7.91,8.15,7.8,8.09,7.93,22754333.0,182521948.14,2.0461,2.0177,0,18.128918,1.281674,1.096518,-14.264385,1
sz.002268,电科网安,2026-05-06,15.79,16.19,15.79,16.1,15.68,10601522.0,170484104.54,1.2542,2.6786,0,372.892139,2.476593,6.146498,-99.240927,1
sz.002269,美邦服饰,2026-05-06,1.69,1.72,1.66,1.71,1.7,84706508.0,143568958.56,3.6142,0.5882,0,-16.898403,20.0708,9.687397,191.431688,1
sz.002270,华明装备,2026-05-06,24.51,24.94,24.43,24.67,24.49,24900600.0,614808235.73,2.7784,0.735,0,31.521469,7.083278,9.033523,-120.913769,1
sz.002271,东方雨虹,2026-05-06,15.07,16.28,15.05,16.06,14.96,96364376.0,1525456091.97,5.0334,7.3529,0,118.866469,1.870035,1.331395,-11.641448,1
sz.002272,川润股份,2026-05-06,17.99,19.03,17.9,19.03,17.3,50472831.0,937859167.96,12.3668,10.0,0,-331.831401,6.323806,5.223007,-113.562536,1
sz.002273,水晶光电,2026-05-06,33.37,34.1,33.08,33.19,33.0,62695631.0,2101234055.21,4.6029,0.5758,0,38.519071,4.526581,6.440135,-176.830058,1
sz.002274,华昌化工,2026-05-06,6.69,6.7,6.46,6.67,6.75,29204200.0,192490570.88,3.114,-1.1852,0,-34.43595,1.203621,0.967875,-72.570846,1
sz.002275,桂林三金,2026-05-06,14.35,14.69,14.31,14.6,14.31,4862500.0,71044191.0,0.8728,2.0266,0,18.950713,2.580859,4.076691,-25.836758,1
sz.002276,万马股份,2026-05-06,13.07,13.33,13.01,13.24,12.9,24548260.0,323927008.38,2.4375,2.6357,0,40.748407,2.185738,0.672884,19.357012,1
sz.002277,友阿股份,2026-05-06,6.15,6.29,6.11,6.22,6.17,27964690.0,173493625.4,2.0058,0.8104,0,-26.373975,1.356383,9.416672,-112.308063,1
sz.002278,神开股份,2026-05-06,10.35,10.54,10.35,10.47,10.39,10040061.0,105114011.75,3.0173,0.77,0,115.333025,2.879212,5.022812,20.077494,1
sz.002279,久其软件,2026-05-06,7.55,7.71,7.55,7.66,7.52,32045225.0,245388298.5,4.0586,1.8617,0,88.072725,4.729654,2.61072,-97.312038,1
sz.002281,光迅科技,2026-05-06,147.16,158.3,147.16,150.82,144.28,69466756.0,10596209904.52,8.9117,4.5329,0,117.427688,11.765789,9.748842,90.146162,1
sz.002282,博深股份,2026-05-06,6.95,7.0,6.9,6.96,6.95,5487100.0,38185777.0,1.0865,0.1439,0,27.731306,1.007774,2.220173,18.608941,1
sz.002283,天润工业,2026-05-06,11.63,12.35,11.5,12.35,11.23,59660257.0,724185803.66,5.9492,9.9733,0,33.926857,2.253559,3.245967,1466.393695,1
sz.002284,亚太股份,2026-05-06,13.42,13.45,12.92,13.07,13.29,33423423.0,438152191.07,4.5649,-1.6554,0,18.156611,2.755504,1.692776,63.533452,1
sz.002285,世联行,2026-05-06,3.12,3.24,3.11,3.19,3.12,92307852.0,294261722.64,4.6733,2.2436,0,-9.882589,2.902882,3.442231,-17.615569,1
sz.002286,保龄宝,2026-05-06,10.33,10.38,10.15,10.21,10.28,10107800.0,103482876.5,2.7341,-0.6809,0,25.165057,1.687395,1.380772,-317.468748,1
sz.002287,奇正藏药,2026-05-06,22.7,22.98,22.7,22.83,22.74,1721033.0,39294700.78,0.3014,0.3958,0,19.555286,2.590722,5.401204,-35.556363,1
sz.002289,*ST宇顺,2026-05-06,38.39,38.39,38.39,38.39,36.56,251900.0,9670441.0,0.0918,5.0055,1,320.945413,40.550273,19.664705,1447.805943,1
sz.002290,禾盛新材,2026-05-06,89.41,89.41,88.36,89.41,81.28,6744940.0,603009435.4,2.7286,10.0025,0,142.636802,21.939689,8.890821,97.270504,1
sz.002291,遥望科技,2026-05-06,6.76,6.8,6.66,6.76,6.7,43989103.0,296830551.72,5.0613,0.8955,0,-19.150447,2.124771,2.134216,-103.500043,1
sz.002292,奥飞娱乐,2026-05-06,8.32,8.39,8.28,8.32,8.32,32142402.0,268352086.59,3.1578,0.0,0,158.763632,4.137769,4.982441,-78.646137,1
sz.002293,罗莱生活,2026-05-06,11.15,11.23,10.7,11.0,11.26,16580207.0,181490508.81,2.0059,-2.3091,0,16.54519,2.113017,1.870801,-11.416333,1
sz.002294,信立泰,2026-05-06,51.0,52.02,50.5,50.64,51.29,13567146.0,692655125.18,1.2173,-1.2673,0,83.457051,6.171035,12.492946,-167.090264,1
sz.002295,精艺股份,2026-05-06,11.23,11.29,11.1,11.19,11.23,5202399.0,58144549.9,2.0774,-0.3562,0,-53.330135,2.158954,0.572212,26.643533,1
sz.002296,辉煌科技,2026-05-06,11.35,11.95,11.35,11.74,11.3,21004100.0,246048630.0,6.0474,3.8938,0,25.931586,1.821717,5.16617,-30.547742,1
sz.002297,博云新材,2026-05-06,24.5,26.0,24.0,24.01,24.5,211196665.0,5238040282.94,36.8513,-2.0,0,71.230979,6.089558,12.260259,155.357136,1
sz.002298,中电鑫龙,2026-05-06,9.95,10.18,9.91,10.1,9.8,33735278.0,340597100.63,5.1055,3.0612,0,-17.693875,4.006167,4.316602,-75.076724,1
sz.002299,圣农发展,2026-05-06,18.9,19.18,18.67,19.04,18.6,15657312.0,296136882.11,1.2845,2.3656,0,15.934077,2.062965,1.119504,38.966226,1
sz.002300,太阳电缆,2026-05-06,9.5,9.62,9.43,9.6,9.37,33111277.0,316776369.45,4.5842,2.4546,0,88.555804,3.642823,0.550194,79.303524,1
sz.002301,齐心集团,2026-05-06,7.12,7.24,7.07,7.12,6.9,27916364.0,199678962.54,3.8881,3.1884,0,68.928439,1.645506,0.433685,13.961364,1
sz.002302,西部建设,2026-05-06,5.58,5.62,5.55,5.56,5.55,8097800.0,45199216.0,0.6415,0.1802,0,-10.007205,0.905427,0.399925,22.356805,1
sz.002303,美盈森,2026-05-06,3.41,3.42,3.37,3.41,3.4,18677557.0,63369788.66,1.9317,0.2941,0,21.582856,1.162502,1.336711,-14.451673,1
sz.002304,洋河股份,2026-05-06,48.74,48.86,48.48,48.68,49.23,6467548.0,314915838.39,0.4293,-1.1172,0,72.213679,1.489276,4.490575,-13.315716,1
sz.002305,*ST南置,2026-05-06,2.23,2.24,2.19,2.22,2.23,20803902.0,45935561.42,1.1997,-0.4484,1,-2.903757,15.379894,3.603235,-7.481816,1
sz.002306,*ST云网,2026-05-06,2.4,2.42,2.32,2.34,2.39,13204300.0,31011810.0,1.6222,-2.0921,1,-36.181462,29.346254,6.138947,28.366963,1
sz.002307,北新路桥,2026-05-06,4.35,4.38,4.34,4.36,4.32,17058085.0,74395232.0,1.345,0.9259,0,-75.952814,1.665825,0.626973,-6.790658,1
sz.002309,中利集团,2026-05-06,4.37,4.68,4.33,4.6,4.29,498155789.0,2265039698.48,20.7036,7.2261,0,387.998514,7.380803,5.158956,-23.47748,1
sz.002310,东方新能,2026-05-06,3.12,3.21,3.05,3.15,3.06,314451585.0,983370350.38,7.3145,2.9412,0,-222.784457,7.888019,51.512792,20.176989,1
sz.002311,海大集团,2026-05-06,49.49,49.52,47.81,48.27,49.98,17034101.0,822550105.38,1.036,-3.4214,0,20.442858,3.123132,0.602376,375.534864,1
sz.002312,川发龙蟒,2026-05-06,11.01,11.06,10.87,10.93,10.95,35583936.0,388866448.45,1.8889,-0.1826,0,51.403879,2.127283,1.921186,-22.726081,1
sz.002313,日海智能,2026-05-06,9.7,10.54,9.7,10.09,9.61,40136586.0,406143380.86,10.721,4.9948,0,-20.089208,49.259816,1.343454,20.116681,1
sz.002314,南山控股,2026-05-06,2.52,2.56,2.48,2.55,2.52,37769963.0,95328396.02,2.8222,1.1905,0,-2.928211,1.024969,0.665883,-26.354798,1
sz.002315,焦点科技,2026-05-06,30.57,31.97,30.57,31.53,30.44,10872038.0,341203169.2,4.1352,3.5808,0,26.562005,4.519506,6.533122,20.760664,1
sz.002316,亚联发展,2026-05-06,5.57,5.7,5.52,5.61,5.54,25024200.0,140424362.0,7.3431,1.2635,0,527.681798,28.165464,3.916301,60.937484,1
sz.002317,众生药业,2026-05-06,18.32,18.78,18.23,18.63,18.39,24778081.0,461401689.05,3.2534,1.3051,0,54.047913,3.80611,6.301631,-71.408838,1
sz.002318,久立特材,2026-05-06,30.29,30.47,29.6,29.9,30.12,12693741.0,379752523.86,1.3296,-0.7304,0,19.286455,3.204423,2.608736,41.422661,1
sz.002319,乐通股份,2026-05-06,11.75,12.31,11.66,11.88,11.74,10552101.0,126453936.64,5.2761,1.1925,0,-645.906713,13.924767,5.867423,-662.946414,1
sz.002320,海峡股份,2026-05-06,8.46,8.54,8.38,8.52,8.5,19898960.0,168429515.28,0.89,0.2353,0,105.009975,4.622948,3.670668,-9.871482,1
sz.002321,华英农业,2026-05-06,2.13,2.15,2.12,2.15,2.13,28972101.0,61923349.13,1.3641,0.939,0,-72.704464,4.974199,0.82725,161.357257,1
sz.002322,理工能科,2026-05-06,12.11,12.19,11.99,12.04,12.09,9097900.0,110084273.0,2.589,-0.4136,0,21.426862,1.54983,4.100343,81.469143,1
sz.002323,*ST雅博,2026-05-06,1.59,1.59,1.59,1.59,1.67,1832100.0,2913039.0,0.0864,-4.7904,1,-19.811755,17.596919,12.474146,109.032029,1
sz.002324,普利特,2026-05-06,14.86,15.35,14.77,15.17,14.63,39538118.0,598407903.5,5.0933,3.691,0,55.14056,3.597953,1.606156,289.742634,1
sz.002326,永太科技,2026-05-06,24.57,25.67,24.57,25.4,24.46,72130591.0,1803493924.91,8.9253,3.843,0,489.688566,8.452378,4.019289,1111.58273,1
sz.002327,富安娜,2026-05-06,7.37,7.42,7.25,7.41,7.37,9516124.0,69616381.64,1.9382,0.5427,0,18.007372,1.647765,2.333687,1362.651649,1
sz.002328,新朋股份,2026-05-06,10.5,10.68,10.39,10.61,10.35,53047872.0,560685714.25,9.2937,2.5121,0,39.913264,2.39699,2.269492,-38.527673,1
sz.002329,皇氏集团,2026-05-06,4.45,4.53,4.3,4.34,4.4,58240106.0,254950130.58,8.9381,-1.3636,0,-8.025458,7.250822,2.045579,-49.184966,1
sz.002330,得利斯,2026-05-06,4.77,4.79,4.72,4.77,4.75,11821963.0,56221681.61,1.8613,0.4211,0,763.586292,1.318094,0.952401,-16.174307,1
sz.002331,皖通科技,2026-05-06,9.41,9.46,9.16,9.35,9.27,19631697.0,182918658.62,4.9594,0.863,0,-11.811535,2.775229,2.856092,-529.555535,1
sz.002332,仙琚制药,2026-05-06,8.78,8.82,8.77,8.78,8.77,8379641.0,73697972.98,0.8511,0.114,0,21.737899,1.428747,2.367112,-61.974961,1
sz.002333,罗普斯金,2026-05-06,5.52,5.58,5.5,5.56,5.5,11525500.0,63764439.0,1.7292,1.0909,0,75.285736,1.942052,2.628991,45.844788,1
sz.002334,英威腾,2026-05-06,7.86,7.98,7.85,7.91,7.8,17666500.0,139737877.0,2.4036,1.4103,0,45.446828,2.128618,1.437788,-42.35105,1
sz.002335,科华数据,2026-05-06,61.61,63.33,61.17,62.87,60.89,28619751.0,1793582276.49,6.2946,3.2518,0,75.878448,4.994055,3.869605,489.35592,1
sz.002337,赛象科技,2026-05-06,6.23,6.45,6.21,6.32,6.24,9637600.0,61046762.0,1.6391,1.2821,0,74.059793,2.788344,5.073404,27.327535,1
sz.002338,奥普光电,2026-05-06,61.42,63.0,60.88,61.82,61.06,8354390.0,518715598.05,3.481,1.2447,0,151.692612,10.264846,17.249602,378.110632,1
sz.002339,积成电子,2026-05-06,10.18,10.29,10.11,10.22,9.89,19211143.0,196068683.05,4.013,3.3367,0,632.561885,2.949633,1.630456,-25.682767,1
sz.002340,格林美,2026-05-06,9.06,9.38,8.96,9.35,9.14,367976261.0,3367531225.04,7.2499,2.2976,0,29.981955,2.186823,1.268733,-438.645933,1
sz.002342,巨力索具,2026-05-06,19.65,20.6,19.4,20.11,19.81,210136599.0,4240656224.56,22.011,1.5144,0,1273.303573,7.893388,7.307376,-118.724254,1
sz.002343,慈文传媒,2026-05-06,6.22,6.29,6.18,6.22,6.2,13187100.0,82311973.0,2.784,0.3226,0,-88.643907,3.083224,13.921199,607.020877,1
sz.002344,海宁皮城,2026-05-06,4.49,4.51,4.42,4.45,4.48,14145000.0,63018754.0,1.104,-0.6696,0,118.610933,0.674851,5.49958,-5.739705,1
sz.002345,潮宏基,2026-05-06,10.64,10.69,10.38,10.46,10.57,28077125.0,295117996.5,3.2376,-1.0407,0,16.257262,2.310203,0.971745,29.94244,1
sz.002346,柘中股份,2026-05-06,17.92,18.47,17.92,18.06,17.74,3892900.0,70504858.0,0.9928,1.8038,0,28.594262,2.75605,9.127335,-151.548279,1
sz.002347,泰尔股份,2026-05-06,8.14,8.24,8.13,8.23,8.13,15331600.0,125468117.0,3.1074,1.23,0,-44.503969,3.762198,3.986441,137.807491,1
sz.002348,高乐股份,2026-05-06,11.13,12.24,10.96,11.85,11.13,48724832.0,577451161.8,5.3927,6.469,0,-264.755991,28.213253,33.582809,-781.436839,1
sz.002349,精华制药,2026-05-06,7.48,7.57,7.46,7.52,7.52,14044000.0,105400158.0,1.7249,0.0,0,27.986106,2.20899,4.226539,-44.215541,1
sz.002350,北京科锐,2026-05-06,14.18,14.59,14.12,14.5,14.1,24512628.0,352666296.14,4.6202,2.8369,0,391.795643,4.389617,3.518048,13.584584,1
sz.002351,漫步者,2026-05-06,11.14,11.3,11.11,11.22,11.11,6753600.0,75857497.0,1.2961,0.9901,0,23.143222,3.244317,3.671268,-57.552452,1
sz.002352,顺丰控股,2026-05-06,37.0,37.4,36.6,37.28,37.1,32166873.0,1190924958.57,0.6744,0.4852,0,16.467187,1.871771,0.601148,-18.840453,1
sz.002353,杰瑞股份,2026-05-06,144.1,150.7,143.85,150.04,137.0,24731316.0,3687322453.93,3.5789,9.5182,0,54.80435,6.539208,9.129359,116.630337,1
sz.002354,天娱数科,2026-05-06,6.22,6.39,6.2,6.37,6.2,173506119.0,1096162040.16,10.6727,2.7419,0,-441.88502,7.664037,4.927201,37.186769,1
sz.002355,兴民智通,2026-05-06,6.15,6.6,6.15,6.6,6.0,51600376.0,331010555.79,8.3473,10.0,0,-7.036216,5.390807,4.733498,100.737705,1
sz.002356,赫美集团,2026-05-06,3.32,3.34,3.26,3.33,3.3,38043829.0,125171679.41,2.9013,0.9091,0,119.569257,7.284988,8.397128,70.326804,1
sz.002357,富临运业,2026-05-06,11.74,11.93,11.46,11.79,11.72,14912543.0,174433897.85,4.7571,0.5973,0,21.648177,2.08835,4.551096,-81.225054,1
sz.002358,森源电气,2026-05-06,7.48,7.62,7.44,7.59,7.41,31354315.0,236675383.15,3.3723,2.4291,0,71.642812,2.104307,2.414036,1729.273686,1
sz.002360,ST同德,2026-05-06,6.29,6.45,6.0,6.16,6.22,25289831.0,157520335.68,7.7691,-0.9646,1,-2.22003,2.692713,5.537224,1474.121331,1
sz.002361,神剑股份,2026-05-06,20.7,21.69,20.7,21.21,20.55,233637606.0,4975164745.9,28.8791,3.2117,0,-5256.839267,9.205489,8.43963,-415.052498,1
sz.002362,汉王科技,2026-05-06,18.56,18.9,18.56,18.75,18.52,3553902.0,66763970.36,1.7119,1.2419,0,-20.423015,5.050456,2.396252,-19.639798,1
sz.002363,隆基机械,2026-05-06,8.48,8.51,8.35,8.46,8.4,9113800.0,77097288.0,2.1921,0.7143,0,53.671992,1.616281,1.803185,122.390198,1
sz.002364,中恒电气,2026-05-06,41.23,44.87,40.71,44.87,40.79,72686885.0,3122489297.49,13.0239,10.0025,0,193.003707,10.111452,11.666698,-436.17439,1
sz.002365,永安药业,2026-05-06,13.84,13.95,13.68,13.86,13.7,8705202.0,120490408.62,3.549,1.1679,0,118.052499,2.046727,4.816898,98.269555,1
sz.002366,融发核电,2026-05-06,7.48,7.68,7.46,7.64,7.49,74011604.0,560414935.02,3.9999,2.0027,0,-214.387255,3.424465,16.47939,64.929561,1
sz.002367,康力电梯,2026-05-06,6.2,6.21,6.13,6.17,6.16,12198394.0,75148656.26,1.5352,0.1623,0,16.525134,1.347248,1.09075,-6.560488,1
sz.002368,太极股份,2026-05-06,17.01,17.55,16.69,17.24,17.24,24542365.0,418814649.43,3.9571,0.0,0,-12.137823,2.700373,1.441685,33.493344,1
sz.002369,卓翼科技,2026-05-06,7.38,7.5,7.34,7.45,7.34,16064916.0,119353922.86,2.8373,1.4986,0,-17.106207,22.583655,2.56593,-526.769451,1
sz.002370,亚太药业,2026-05-06,6.73,6.78,6.62,6.73,6.73,20278821.0,136118870.94,2.7196,0.0,0,49.430348,4.489875,15.772878,-26.581412,1
sz.002371,北方华创,2026-05-06,555.0,567.0,545.0,545.35,536.99,16027771.0,8898490130.65,2.213,1.5568,0,70.890551,10.059646,9.531902,57.320693,1
sz.002372,伟星新材,2026-05-06,11.07,11.16,10.85,11.08,11.07,10669562.0,117496694.72,0.7254,0.0903,0,23.628281,3.528176,3.328482,-480.735319,1
sz.002373,千方科技,2026-05-06,9.06,9.26,9.0,9.09,8.95,29919954.0,273891336.06,2.1719,1.5642,0,280.573003,1.247257,1.813315,-93.171519,1
sz.002374,中锐股份,2026-05-06,3.22,3.28,3.17,3.21,3.22,19431552.0,62535768.4,1.7906,-0.3106,0,-10.749276,6.510136,6.298316,-554.072427,1
sz.002375,亚厦股份,2026-05-06,4.22,4.31,4.17,4.28,4.18,22820581.0,97111796.44,1.7145,2.3923,0,17.437899,0.689,0.639484,13.087423,1
sz.002376,新北洋,2026-05-06,7.37,7.44,7.36,7.39,7.36,14956820.0,110692659.37,1.9002,0.4076,0,75.074643,1.571198,2.046195,84.813018,1
sz.002377,国创高新,2026-05-06,3.61,3.62,3.5,3.6,3.59,48440223.0,173391501.88,5.5524,0.2786,0,145.85011,8.298492,1.289676,115.775645,1
sz.002378,章源钨业,2026-05-06,33.8,34.88,32.69,34.61,33.86,118812285.0,4015966832.54,9.9414,2.215,0,66.088683,15.286763,6.256301,98.452645,1
sz.002379,宏桥控股,2026-05-06,24.9,25.17,24.25,24.73,24.9,34759051.0,852886515.52,3.0588,-0.6827,0,16.351128,6.164586,2.03972,-43.45897,1
sz.002380,科远智慧,2026-05-06,35.0,35.75,34.86,35.42,34.74,7784825.0,275580906.29,5.4744,1.9574,0,55.112171,3.493132,4.495758,179.008949,1
sz.002381,双箭股份,2026-05-06,6.72,6.84,6.66,6.72,6.72,10542175.0,70815405.75,3.2904,0.0,0,48.80135,1.280937,1.064498,23.634613,1
sz.002382,蓝帆医疗,2026-05-06,7.52,7.63,7.31,7.33,7.43,28046130.0,207520148.44,2.812,-1.3459,0,-8.775541,1.069037,1.264924,-10.826102,1
sz.002383,合众思壮,2026-05-06,9.35,9.55,9.34,9.5,9.31,15239723.0,144474018.79,2.0584,2.0408,0,-43.826623,4.685105,5.217448,40.669869,1
sz.002384,东山精密,2026-05-06,191.8,199.07,187.0,191.88,186.73,101992627.0,19749116106.88,7.3571,2.758,0,172.270639,15.524937,7.869388,356.248582,1
sz.002385,大北农,2026-05-06,3.89,3.92,3.88,3.89,3.89,51673334.0,201202889.92,1.4665,0.0,0,-17.593666,2.255054,0.568093,-18.773283,1
sz.002386,天原股份,2026-05-06,7.0,7.04,6.83,6.87,6.99,72422304.0,497909051.41,5.5649,-1.7167,0,58.453353,1.16845,0.756963,-20.912287,1
sz.002387,维信诺,2026-05-06,8.07,8.2,8.05,8.12,8.08,12092378.0,98388731.48,0.8669,0.495,0,-4.564651,4.350014,1.382914,37.797076,1
sz.002388,新亚制程,2026-05-06,5.5,5.63,5.48,5.58,5.42,26187662.0,146039504.42,5.1741,2.952,0,-91.642638,2.970969,1.425711,-157.06912,1
sz.002389,航天彩虹,2026-05-06,22.03,22.44,22.03,22.36,21.97,29233227.0,651673634.13,2.9686,1.7751,0,138.586592,2.714658,7.368688,92.159051,1
sz.002390,信邦制药,2026-05-06,3.36,3.44,3.33,3.37,3.37,42265300.0,142220987.0,2.1924,0.0,0,51.298985,0.957924,1.203809,35.633678,1
sz.002391,长青股份,2026-05-06,6.65,6.67,6.48,6.58,6.64,11201485.0,73374610.04,2.4136,-0.9036,0,78.319667,0.998331,1.136054,-171.239655,1
sz.002392,北京利尔,2026-05-06,9.22,10.13,9.22,9.92,9.21,90861580.0,907509929.62,7.8495,7.709,0,29.166429,1.982993,1.645662,42.418901,1
sz.002393,力生制药,2026-05-06,16.7,16.84,16.64,16.72,16.7,3029944.0,50714033.27,1.0092,0.1198,0,12.511491,1.121614,3.813989,-31.94363,1
sz.002394,联发股份,2026-05-06,14.1,14.18,13.77,14.0,14.11,12800000.0,178756314.0,3.9614,-0.7796,0,18.727286,1.04451,1.187831,-26.886419,1
sz.002395,双象股份,2026-05-06,19.97,20.15,19.45,19.73,20.17,11808673.0,233145495.95,4.4032,-2.1815,0,32.220202,3.40844,2.031392,24.141127,1
sz.002396,星网锐捷,2026-05-06,26.86,27.72,26.8,26.91,26.5,27285695.0,744291705.3,4.678,1.5472,0,39.015645,2.245335,0.805125,-1196.550751,1
sz.002397,梦洁股份,2026-05-06,4.89,5.08,4.66,5.05,4.83,46049295.0,226203258.42,7.108,4.5549,0,67.548336,3.082023,2.213882,-584.001699,1
sz.002398,垒知集团,2026-05-06,5.06,5.12,5.04,5.06,5.06,11798901.0,59883452.08,1.9358,0.0,0,78.027286,0.973781,1.54059,-253.095041,1
sz.002399,海普瑞,2026-05-06,10.87,11.07,10.85,10.95,10.87,6497703.0,71213394.89,0.521,0.736,0,42.229374,1.319148,2.966794,-124.094655,1
sz.002400,省广集团,2026-05-06,9.36,9.86,9.36,9.64,8.96,269679728.0,2591357011.19,15.6231,7.5893,0,211.158404,3.353346,0.758149,24.784456,1
sz.002401,中远海科,2026-05-06,14.19,14.42,14.19,14.25,14.19,5809220.0,83089703.8,1.5644,0.4228,0,149.878649,3.188199,3.065944,-6.253531,1
sz.002402,和而泰,2026-05-06,31.9,32.95,31.9,32.31,31.66,48519304.0,1576988918.32,5.9634,2.0531,0,44.991808,4.331225,2.727848,14158.309599,1
sz.002403,爱仕达,2026-05-06,11.11,11.4,11.0,11.22,11.04,7902400.0,88581458.0,2.6593,1.6304,0,-16.379149,2.763241,1.402186,-149.399198,1
sz.002404,嘉欣丝绸,2026-05-06,7.04,7.16,7.01,7.15,7.04,13507411.0,96019833.84,2.9651,1.5625,0,21.586218,1.93285,0.826083,17.934065,1
sz.002405,四维图新,2026-05-06,9.09,9.58,9.08,9.4,9.03,93598321.0,877654942.81,3.9735,4.0975,0,199.763196,2.528645,5.273628,-32.296097,1
sz.002406,远东传动,2026-05-06,8.02,8.1,7.99,8.09,7.96,45400774.0,365687432.02,7.539,1.6332,0,34.17871,1.434592,3.613633,-55.775141,1
sz.002407,多氟多,2026-05-06,35.95,39.0,35.38,38.12,36.31,185805366.0,6901473553.36,17.2239,4.9849,0,86.670641,5.174145,4.300669,53.394441,1
sz.002408,齐翔腾达,2026-05-06,6.52,6.63,6.47,6.53,6.58,42134815.0,274796820.85,1.5316,-0.7599,0,-27.642906,1.693859,0.772032,19.958081,1
sz.002409,雅克科技,2026-05-06,87.55,92.99,87.55,90.21,84.71,21731326.0,1969548537.87,6.8225,6.4927,0,42.64622,5.299638,5.071045,45.502334,1
sz.002410,广联达,2026-05-06,11.05,11.28,11.04,11.2,10.98,40384784.0,452083148.29,2.5721,2.0036,0,45.184016,3.044471,3.069085,20.436473,1
sz.002412,汉森制药,2026-05-06,7.05,7.1,6.98,7.1,6.99,25515800.0,180044834.21,5.1252,1.5737,0,15.859744,1.474547,3.459596,48.218669,1
sz.002413,雷科防务,2026-05-06,13.14,13.55,13.14,13.31,13.14,94176333.0,1260527639.61,7.2699,1.2938,0,-266.490235,5.33968,11.603413,-1470.70128,1
sz.002414,高德红外,2026-05-06,15.05,15.52,15.05,15.15,14.83,149795429.0,2282071702.45,4.4075,2.1578,0,66.802721,8.734858,12.481002,-384.440115,1
sz.002415,海康威视,2026-05-06,36.68,37.09,35.79,36.04,36.29,93010573.0,3381203623.04,1.0281,-0.6889,0,22.111733,3.83782,3.488195,37.137742,1
sz.002416,爱施德,2026-05-06,13.8,14.14,13.71,14.02,13.77,34423505.0,479918717.12,2.8126,1.8155,0,46.181396,2.903608,0.299772,14.041169,1
sz.002418,康盛股份,2026-05-06,5.67,6.2,5.67,6.2,5.64,77924602.0,476772823.9,6.8572,9.9291,0,405.727458,4.83856,2.570816,155.028173,1
sz.002419,天虹股份,2026-05-06,5.51,5.52,5.44,5.46,5.51,24404257.0,133646583.65,2.0882,-0.9074,0,79.515024,1.541094,0.556721,11.378581,1
sz.002420,毅昌科技,2026-05-06,7.35,7.44,7.32,7.33,7.32,12204306.0,90032407.92,3.0544,0.1366,0,16.023121,3.797011,1.060762,22.444377,1
sz.002421,达实智能,2026-05-06,2.91,2.99,2.91,2.97,2.9,101020672.0,299057995.12,5.0425,2.4138,0,-10.029462,2.319252,2.994531,107.688084,1
sz.002422,科伦药业,2026-05-06,34.11,34.44,33.5,34.01,34.57,16220480.0,549585064.81,1.2491,-1.6199,0,34.429608,2.195881,2.943188,22.902338,1
sz.002423,中粮资本,2026-05-06,10.25,10.3,10.21,10.28,10.24,15179092.0,155752183.02,0.6588,0.3906,0,23.425582,0.992964,2.434337,3.749342,1
sz.002424,ST百灵,2026-05-06,5.05,5.13,5.04,5.13,5.03,12347500.0,62769817.0,1.0178,1.9881,1,-71.449464,2.251983,2.445184,-38.444044,1
sz.002425,凯撒文化,2026-05-06,3.55,3.62,3.55,3.56,3.56,29188400.0,104543647.0,3.172,0.0,0,-6.195997,1.373501,6.038243,-64.919421,1
sz.002426,胜利精密,2026-05-06,3.76,3.88,3.75,3.82,3.72,151135211.0,578703508.29,4.4418,2.6882,0,-17.03249,7.917407,3.67408,-123.638171,1
sz.002427,尤夫股份,2026-05-06,5.76,5.8,5.65,5.69,5.79,25381266.0,144648890.19,2.578,-1.7271,0,441.273352,5.923379,2.625444,170.35341,1
sz.002428,云南锗业,2026-05-06,75.0,77.01,73.43,77.01,70.01,120624672.0,9100956833.99,18.4714,9.9986,0,2639.735129,34.234242,45.123421,-250.909205,1
sz.002429,兆驰股份,2026-05-06,11.25,11.76,11.18,11.46,11.05,142702716.0,1631658450.76,3.1541,3.7104,0,44.026452,3.067073,2.840461,-59.989263,1
sz.002430,杭氧股份,2026-05-06,31.55,31.9,31.3,31.69,31.43,23061045.0,729632205.03,2.3581,0.8272,0,31.38444,3.078902,1.998431,92.22813,1
sz.002431,ST棕榈,2026-05-06,1.98,1.98,1.98,1.98,2.08,3612300.0,7152354.0,0.2004,-4.8077,1,-3.088451,12.01246,2.328406,-51.443972,1
sz.002432,九安医疗,2026-05-06,71.91,73.78,68.62,72.5,73.5,35063015.0,2495485501.65,7.5487,-1.3605,0,14.699479,1.559877,29.067649,-154.750982,1
sz.002434,万里扬,2026-05-06,7.13,7.28,7.11,7.22,7.1,16180074.0,116933380.51,1.2339,1.6901,0,46.404089,1.600134,1.879923,-81.537192,1
sz.002436,兴森科技,2026-05-06,29.65,30.48,29.36,29.47,27.71,210739449.0,6320633608.1,13.8833,6.3515,0,347.075787,9.384818,6.738613,2074.684185,1
sz.002437,誉衡药业,2026-05-06,3.52,3.53,3.39,3.41,3.52,116930300.0,399863826.0,5.6053,-3.125,0,18.474827,3.184201,3.581145,37.959283,1
sz.002438,江苏神通,2026-05-06,16.04,16.58,16.04,16.53,16.12,9107601.0,149508010.48,1.9424,2.5434,0,29.814176,2.204242,4.047129,68.129424,1
sz.002439,启明星辰,2026-05-06,15.87,16.36,15.7,16.36,15.62,78495707.0,1268414310.91,10.7735,4.7375,0,-37.73485,1.819748,8.382918,-30.804646,1
sz.002440,闰土股份,2026-05-06,10.88,10.91,10.53,10.88,10.86,59097677.0,635615102.54,6.2447,0.1842,0,15.185955,1.207906,1.993688,36963.712399,1
sz.002441,众业达,2026-05-06,10.18,10.48,10.1,10.35,10.15,12928843.0,133376170.46,3.2439,1.9704,0,30.490709,1.24063,0.518266,-23.124054,1
sz.002442,龙星科技,2026-05-06,6.3,6.53,6.16,6.47,6.24,28739952.0,182994427.2,5.8336,3.6859,0,164.3054,1.771447,0.762583,-25.530538,1
sz.002443,金洲管道,2026-05-06,11.85,11.95,11.07,11.38,11.84,49389070.0,562752394.44,9.5151,-3.8851,0,39.126764,1.690624,1.372715,102.247891,1
sz.002444,巨星科技,2026-05-06,34.41,34.96,34.0,34.62,34.19,13639158.0,470937111.67,1.1894,1.2577,0,16.125776,2.162441,2.797398,-50.689952,1
sz.002445,中南文化,2026-05-06,3.65,3.75,3.63,3.71,3.64,136521019.0,505178464.48,5.7694,1.9231,0,168.134462,3.859203,7.768874,-446.377598,1
sz.002446,盛路通信,2026-05-06,10.07,10.43,10.06,10.29,10.0,38273461.0,394365588.01,4.5146,2.9,0,135.415666,3.700774,7.869261,-81.774653,1
sz.002448,中原内配,2026-05-06,15.35,15.94,15.3,15.65,15.11,33839696.0,531504205.16,5.8293,3.5738,0,18.541767,2.340559,2.211779,163.319543,1
sz.002449,国星光电,2026-05-06,8.02,8.09,7.91,8.02,7.93,14056901.0,112730926.96,2.2728,1.1349,0,-78.403544,1.320228,1.584398,-27.915528,1
sz.002451,摩恩电气,2026-05-06,9.6,9.87,9.58,9.85,9.53,16345979.0,159960440.68,3.7222,3.3578,0,325.324393,5.624359,2.82079,816.737506,1
sz.002452,长高电新,2026-05-06,11.1,11.36,11.02,11.21,10.96,28322500.0,317985330.73,5.4969,2.281,0,19.010038,2.506957,4.287859,7.657303,1
sz.002453,华软科技,2026-05-06,6.09,6.17,5.66,6.17,5.61,71250818.0,418830059.21,11.8229,9.9822,0,-18.322048,6.717714,14.008333,-114.075375,1
sz.002454,松芝股份,2026-05-06,9.91,10.0,9.61,9.66,9.91,23889433.0,232173826.0,3.8104,-2.5227,0,26.916049,1.488152,1.082368,-620.808605,1
sz.002455,百川股份,2026-05-06,10.46,10.64,10.43,10.58,10.36,56169502.0,591717152.01,8.5001,2.1236,0,-58.145512,2.78749,1.324432,-34.843235,1
sz.002456,欧菲光,2026-05-06,8.78,8.93,8.78,8.78,8.71,61517568.0,545065271.74,1.8544,0.8037,0,-200.761901,7.824557,1.404136,-71.4017,1
sz.002457,青龙管业,2026-05-06,11.75,11.94,11.66,11.78,11.54,20890215.0,246053278.57,6.2682,2.0797,0,30.535246,1.547302,1.512563,22.567884,1
sz.002458,益生股份,2026-05-06,11.32,11.92,11.23,11.89,11.21,29262110.0,339782044.71,4.062,6.066,0,46.676223,2.966866,4.225722,305.850494,1
sz.002459,晶澳科技,2026-05-06,10.89,11.03,10.82,10.91,10.87,59589670.0,649328856.14,1.8026,0.368,0,-8.945373,1.737873,0.757442,-17.935751,1
sz.002460,赣锋锂业,2026-05-06,90.35,91.67,87.5,91.45,88.68,90340746.0,8135707078.75,7.4587,3.1236,0,50.377929,4.12717,6.726377,53.187369,1
sz.002461,珠江啤酒,2026-05-06,10.31,10.58,10.18,10.44,10.38,20728276.0,216050163.92,0.9365,0.578,0,24.956449,2.060212,3.8839,-1064.910193,1
sz.002462,嘉事堂,2026-05-06,13.76,13.89,13.68,13.75,13.8,3103150.0,42724525.56,1.0647,-0.3623,0,38.823784,0.913685,0.21313,27.992378,1
sz.002463,沪电股份,2026-05-06,104.9,107.5,103.9,104.79,102.57,66111485.0,6966071746.73,3.4383,2.1644,0,46.875337,12.01046,9.547223,173.338387,1
sz.002465,海格通信,2026-05-06,16.13,16.7,16.13,16.45,16.1,81950996.0,1351367580.84,3.3073,2.1739,0,-49.41865,3.574014,9.2637,-81.227072,1
sz.002466,天齐锂业,2026-05-06,80.03,82.49,78.4,81.71,80.03,120811667.0,9730600298.67,8.1873,2.0992,0,62.396436,3.0078,10.81575,-36.048032,1
sz.002467,二六三,2026-05-06,6.91,7.03,6.9,6.95,6.82,91267959.0,634912870.67,6.6774,1.9062,0,-30.567874,6.114576,11.693642,-50.136036,1
sz.002468,申通快递,2026-05-06,16.35,16.45,16.01,16.4,16.35,25724543.0,419002490.15,1.757,0.3058,0,15.777647,2.203251,0.423544,34372.406157,1
sz.002469,三维化学,2026-05-06,7.24,7.25,6.95,7.0,7.19,24260717.0,170996364.56,3.8607,-2.6426,0,33.902697,1.713386,1.80773,-23.025598,1
sz.002470,金正大,2026-05-06,2.86,2.95,2.78,2.91,2.83,247101804.0,709399870.6,7.5204,2.8269,0,256.821647,4.485108,0.908631,112.552884,1
sz.002471,中超控股,2026-05-06,8.52,8.67,8.52,8.61,8.46,105576064.0,909029756.35,7.8647,1.773,0,-1649.178425,6.530779,2.181028,-960.446412,1
sz.002472,双环传动,2026-05-06,39.7,40.08,39.5,39.81,39.27,21877253.0,870074611.21,2.9227,1.3751,0,26.650793,3.283364,3.700786,-180.197152,1
sz.002474,榕基软件,2026-05-06,7.42,7.58,7.42,7.51,7.37,18313300.0,137946607.26,3.463,1.8996,0,-71.578207,3.542916,10.039018,-1116.582113,1
sz.002475,立讯精密,2026-05-06,68.27,71.0,66.87,67.08,67.0,213054399.0,14608440724.32,2.9309,0.1194,0,28.389199,5.532502,1.378898,28.622137,1
sz.002476,宝莫股份,2026-05-06,5.84,5.92,5.77,5.8,5.84,11316344.0,65981150.88,1.8491,-0.6849,0,118.134266,3.683566,5.050014,-85.273171,1
sz.002478,常宝股份,2026-05-06,9.04,9.44,8.97,9.25,8.95,37645752.0,348287876.98,5.2089,3.352,0,19.025457,1.372429,1.385894,-15.622531,1
sz.002479,富春环保,2026-05-06,5.52,5.62,5.51,5.59,5.52,17574800.0,97753567.0,2.0363,1.2681,0,22.923178,1.130375,0.859572,-44.882882,1
sz.002480,新筑股份,2026-05-06,6.6,6.68,6.55,6.62,6.6,16228100.0,107336204.0,2.1141,0.303,0,-27.035885,6.312385,3.429256,-10.008047,1
sz.002481,双塔食品,2026-05-06,4.58,4.59,4.53,4.57,4.56,11374305.0,51880638.75,1.0172,0.2193,0,145.672425,2.32016,2.595822,-29.609209,1
sz.002482,广田集团,2026-05-06,1.72,1.73,1.7,1.72,1.71,52041334.0,89296809.83,1.3901,0.5848,0,-54.905843,14.498893,3.585727,205.849493,1
sz.002483,润邦股份,2026-05-06,6.56,6.61,6.52,6.56,6.54,11713939.0,76834699.85,1.3232,0.3058,0,16.209328,1.262515,0.91109,13.991822,1
sz.002484,江海股份,2026-05-06,39.67,41.67,38.64,40.43,38.35,58320945.0,2343756986.02,7.1082,5.4237,0,50.230206,5.351499,6.02183,-188.0854,1
sz.002485,ST雪发,2026-05-06,4.92,5.0,4.84,4.9,4.91,5287404.0,25891435.48,0.9719,-0.2037,1,-13.444028,2.626208,5.157318,-45.818317,1
sz.002486,嘉麟杰,2026-05-06,2.93,2.96,2.86,2.89,2.91,53151700.0,154794099.0,6.4785,-0.6873,0,62.130166,2.213875,1.882987,-87.45485,1
sz.002487,大金重工,2026-05-06,84.75,86.68,82.55,86.15,84.0,20058842.0,1710082025.35,3.1793,2.5595,0,42.037403,6.310613,7.916969,-35.90418,1
sz.002488,金固股份,2026-05-06,12.77,12.88,12.45,12.51,12.45,29959463.0,378123346.5,3.2562,0.4819,0,218.353813,3.589759,3.187443,-31.120942,1
sz.002489,浙江永强,2026-05-06,3.27,3.47,3.26,3.41,3.25,51585292.0,171789079.77,2.6965,4.9231,0,29.758085,1.609552,1.324289,-15.455824,1
sz.002490,山东墨龙,2026-05-06,9.5,10.22,9.36,10.01,10.06,71711423.0,706737125.55,13.2377,-0.497,0,1502.24429,15.85459,3.73873,-58.044055,1
sz.002491,通鼎互联,2026-05-06,16.03,17.36,15.88,17.07,15.8,150571590.0,2512256393.06,12.7986,8.038,0,-133.934249,8.330689,5.501341,179.777889,1
sz.002492,恒基达鑫,2026-05-06,8.05,8.11,7.92,8.01,8.04,8667746.0,69300482.12,2.1787,-0.3731,0,-49.502319,1.998706,9.766794,-28.461072,1
sz.002493,荣盛石化,2026-05-06,13.99,14.11,13.51,13.7,13.95,76030866.0,1040537065.81,0.8142,-1.7921,0,44.5029,2.950814,0.465057,-26.592624,1
sz.002494,华斯股份,2026-05-06,6.2,6.39,6.03,6.28,6.21,28885231.0,180560098.31,10.0726,1.1272,0,85.747652,1.882995,4.636522,1651.467184,1
sz.002495,佳隆股份,2026-05-06,2.74,2.76,2.71,2.73,2.72,30970020.0,84605777.2,4.4631,0.3676,0,129.743486,2.306854,10.118846,289.396681,1
sz.002496,*ST辉丰,2026-05-06,2.11,2.14,2.11,2.13,2.12,18777266.0,39830072.66,1.5896,0.4717,1,-13.991529,2.881482,8.865091,-355.587941,1
sz.002497,雅化集团,2026-05-06,31.5,32.0,30.7,31.08,30.67,72266391.0,2252329428.34,6.8202,1.3368,0,40.30623,3.246826,3.641677,159.770351,1
sz.002498,汉缆股份,2026-05-06,8.85,9.09,8.82,9.02,8.72,186033234.0,1674125242.31,5.592,3.4404,0,52.566055,3.404969,2.696602,74.977695,1
sz.002500,山西证券,2026-05-06,5.66,5.74,5.64,5.71,5.65,28605450.0,163244442.0,0.7969,1.0619,0,22.042674,1.09312,6.063416,2.846712,1
sz.002501,*ST利源,2026-05-06,1.41,1.41,1.41,1.41,1.48,13048100.0,18397821.0,0.3679,-4.7297,1,-29.383992,31.203128,21.597322,-268.172139,1
sz.002506,协鑫集成,2026-05-06,4.3,4.41,4.26,4.39,4.23,360723745.0,1568970612.81,6.1721,3.7825,0,-22.236242,27.278464,1.818807,-24.933845,1
sz.002507,涪陵榨菜,2026-05-06,12.53,12.63,12.48,12.54,12.58,13436275.0,168517069.57,1.1676,-0.318,0,18.835625,1.603757,5.852266,84.216124,1
sz.002508,老板电器,2026-05-06,17.94,18.7,17.94,18.6,17.93,13691923.0,251614345.11,1.4666,3.7368,0,14.376988,1.48866,1.757092,246.77025,1
sz.002510,天汽模,2026-05-06,6.79,6.85,6.76,6.8,6.79,18459200.0,125532362.0,1.837,0.1473,0,115.371269,2.722868,2.856316,-51.727511,1
sz.002511,中顺洁柔,2026-05-06,8.55,8.58,8.34,8.42,8.53,23217909.0,195243778.69,1.8354,-1.2896,0,30.553605,1.948399,1.215642,59.897749,1
sz.002512,ST达华,2026-05-06,4.36,4.52,4.3,4.41,4.31,74605575.0,329850058.25,6.8167,2.3202,1,-38.712367,15.080379,2.433908,-1130.571994,1
sz.002513,蓝丰生化,2026-05-06,6.68,6.69,6.47,6.53,6.51,9861700.0,64229071.0,3.4119,0.3072,0,-13.386819,61.178961,1.000952,-340.467169,1
sz.002514,*ST宝馨,2026-05-06,3.23,3.23,3.23,3.23,3.4,10681400.0,34500922.0,1.9279,-5.0,1,-11.441267,-44.05123,10.19391,-189.591591,1
sz.002515,金字火腿,2026-05-06,6.49,7.16,6.48,7.1,6.52,146860212.0,1017692358.77,13.3285,8.8957,0,619.834215,3.272082,27.806674,88.311446,1
sz.002516,旷达科技,2026-05-06,6.12,6.24,6.12,6.17,6.06,22051308.0,136465139.92,1.513,1.8152,0,46.561322,2.368084,3.847275,936.635144,1
sz.002517,恺英网络,2026-05-06,18.09,18.44,18.04,18.25,17.98,67365720.0,1228869307.95,3.566,1.5017,0,18.000504,3.765619,6.295429,712.073199,1
sz.002518,科士达,2026-05-06,46.77,47.65,46.76,47.17,46.55,14642115.0,691775891.64,2.5909,1.3319,0,43.01412,5.519527,4.933169,-193.274193,1
sz.002519,银河电子,2026-05-06,8.19,8.39,8.16,8.29,8.13,72178177.0,598607504.01,6.4583,1.968,0,-141.946173,4.210586,13.645745,-87.383195,1
sz.002520,日发精机,2026-05-06,5.93,6.0,5.9,5.99,5.93,52515054.0,312146722.1,7.3198,1.0118,0,-35.468445,15.181021,4.779191,62.018016,1
sz.002521,齐峰新材,2026-05-06,8.32,8.38,8.22,8.34,8.35,7312913.0,60582872.99,1.7446,-0.1198,0,26.388123,1.17146,1.405716,-54.417758,1
sz.002522,浙江众成,2026-05-06,6.38,6.48,6.33,6.48,6.35,51124658.0,328738186.78,5.649,2.0472,0,99.550538,2.518578,3.558526,-152.399002,1
sz.002523,天桥起重,2026-05-06,3.88,3.91,3.84,3.87,3.88,21242521.0,82248582.06,1.5049,-0.2577,0,47.79061,2.218083,2.645983,142.313776,1
sz.002524,光正眼科,2026-05-06,4.44,4.48,4.35,4.43,4.41,20323504.0,90186289.6,3.9792,0.4535,0,-95.493934,24.798903,2.642096,-61.886325,1
sz.002526,山东矿机,2026-05-06,3.32,3.34,3.32,3.33,3.31,21476051.0,71485595.03,1.2126,0.6042,0,74.602976,1.828679,2.883984,371.71637,1
sz.002527,新时达,2026-05-06,12.94,13.27,12.94,13.17,12.92,9917658.0,130433796.0,1.8752,1.935,0,1425.268176,7.020543,2.415981,-131.467847,1
sz.002528,*ST英飞,2026-05-06,4.76,4.96,4.71,4.76,4.81,28328465.0,137025573.45,2.6974,-1.0395,1,-18.127358,-43.539936,11.856426,-79.729235,1
sz.002529,*ST海源,2026-05-06,7.68,7.88,7.68,7.8,7.74,5042802.0,39204050.58,1.9395,0.7752,1,-11.106557,25.449914,5.069013,-183.757819,1
sz.002530,金财互联,2026-05-06,9.11,9.19,9.07,9.12,9.1,18452118.0,168588418.0,2.6545,0.2198,0,105.546993,5.270723,6.472731,-274.359791,1
sz.002531,天顺风能,2026-05-06,12.02,12.19,11.62,11.66,12.02,56232194.0,659782956.92,3.1471,-2.995,0,-91.185493,2.41682,4.092862,-72.055064,1
sz.002532,天山铝业,2026-05-06,16.92,17.25,16.52,17.1,16.64,71515061.0,1209681842.14,1.7414,2.7644,0,13.239258,2.527095,2.636486,74.529218,1
sz.002533,金杯电工,2026-05-06,13.35,13.59,13.35,13.53,13.3,12135179.0,163934213.48,1.9031,1.7293,0,16.686219,2.197985,0.467875,98.35211,1
sz.002534,西子洁能,2026-05-06,17.79,18.1,17.45,17.93,17.6,12957036.0,230800097.96,1.5699,1.875,0,33.826367,2.644671,2.447381,-77.243412,1
sz.002535,林州重机,2026-05-06,3.56,3.6,3.53,3.55,3.53,12198887.0,43419491.99,1.6346,0.5666,0,-43.550647,4.782119,2.856888,-149.642824,1
sz.002536,飞龙股份,2026-05-06,36.0,37.17,35.82,36.51,35.88,33122935.0,1208770878.85,6.0843,1.7559,0,83.236306,5.975334,4.655535,-163.859176,1
sz.002537,海联金汇,2026-05-06,7.32,7.46,7.32,7.42,7.28,29755218.0,220444421.04,2.5449,1.9231,0,28.867118,1.984458,1.329834,-28.109459,1
sz.002538,ST司特,2026-05-06,7.3,7.33,7.23,7.26,7.33,13283573.0,96592256.96,1.5573,-0.955,1,31.603618,1.169706,1.250726,48.893129,1
sz.002539,云图控股,2026-05-06,15.3,15.63,15.13,15.52,15.39,27975141.0,429735674.42,3.144,0.8447,0,21.375754,1.929413,0.860207,-34.270676,1
sz.002540,亚太科技,2026-05-06,6.02,6.05,5.93,6.01,6.04,19959187.0,119314966.74,2.3257,-0.4967,0,20.24086,1.345781,0.869851,-96.642984,1
sz.002541,鸿路钢构,2026-05-06,19.55,19.77,19.39,19.44,19.41,6268615.0,122598531.35,1.2634,0.1546,0,20.887499,1.361043,0.596301,113.126705,1
sz.002542,*ST中岩,2026-05-06,1.75,1.81,1.75,1.77,1.75,60940680.0,108113566.7,3.465,1.1429,1,-3.394478,-19.772376,3.405806,66.581183,1
sz.002543,万和电气,2026-05-06,8.28,8.4,8.24,8.38,8.25,5421479.0,45266988.38,0.8194,1.5758,0,53.728,1.289799,0.87705,-13.33208,1
sz.002544,普天科技,2026-05-06,25.75,26.78,25.51,26.13,25.52,14179761.0,372654806.73,2.0838,2.3903,0,712.963595,4.773282,3.659955,-52.637122,1
sz.002545,东方铁塔,2026-05-06,24.07,24.69,23.0,24.17,23.99,28530542.0,684915732.36,2.5245,0.7503,0,21.443346,2.943376,5.627926,58.262521,1
sz.002546,新联电子,2026-05-06,8.28,8.37,8.22,8.34,8.22,15418800.0,128161703.0,1.9244,1.4599,0,12.373586,1.790353,9.82762,35.862968,1
sz.002547,*ST春兴,2026-05-06,2.87,2.87,2.87,2.87,3.02,6433100.0,18462997.0,0.5823,-4.9669,1,-7.335828,-7.408374,1.453365,-115.27183,1
sz.002548,金新农,2026-05-06,5.33,5.37,5.2,5.27,5.39,48509160.0,255014819.6,6.0299,-2.2263,0,-9.666063,4.169029,0.892097,-48.946907,1
sz.002549,凯美特气,2026-05-06,20.2,20.58,19.89,20.39,19.81,51823976.0,1052918035.44,7.4851,2.9278,0,298.254157,6.833103,22.956137,-95.589441,1
sz.002550,千红制药,2026-05-06,7.01,7.36,7.01,7.19,7.0,23279900.0,168352536.0,2.4733,2.7143,0,28.498821,3.223837,6.223822,236.241066,1
sz.002551,尚荣医疗,2026-05-06,3.59,3.62,3.54,3.57,3.58,14295554.0,51057789.3,2.339,-0.2793,0,-19.429511,1.218746,2.861203,-4.628441,1
sz.002552,宝鼎科技,2026-05-06,22.42,23.13,22.3,22.85,22.07,14552000.0,331246036.0,3.9489,3.5342,0,51.447941,5.661377,2.582067,-105.234191,1
sz.002553,南方精工,2026-05-06,22.05,22.28,22.01,22.03,22.01,8970533.0,198127191.8,3.5768,0.0909,0,30.608873,4.954124,8.991218,62.640595,1
sz.002554,惠博普,2026-05-06,3.46,3.48,3.42,3.45,3.49,29146811.0,100159026.52,2.1858,-1.1461,0,-10.74458,2.409687,1.931032,-26.837574,1
sz.002555,三七互娱,2026-05-06,21.5,21.86,21.3,21.7,21.43,41653418.0,901072914.26,2.6241,1.2599,0,14.888422,3.311576,3.108603,27.049654,1
sz.002556,辉隆股份,2026-05-06,6.33,6.36,6.09,6.14,6.33,31794705.0,195825109.15,3.3623,-3.0016,0,35.138997,1.589291,0.378824,36.817245,1
sz.002557,洽洽食品,2026-05-06,23.1,23.47,22.98,23.16,23.27,13177834.0,304799264.13,2.6106,-0.4727,0,28.612391,2.148006,1.621528,-9.033439,1
sz.002558,巨人网络,2026-05-06,32.93,33.0,31.84,32.42,32.82,78974440.0,2556737960.81,4.1553,-1.2188,0,24.774857,3.776482,9.26269,15.795667,1
sz.002559,亚威股份,2026-05-06,10.55,10.85,10.47,10.58,10.32,21479350.0,227380970.5,4.2617,2.5194,0,57.087481,3.275208,2.558024,-213.842735,1
sz.002560,通达股份,2026-05-06,15.21,15.52,14.99,15.12,14.67,100247941.0,1527735200.98,22.1329,3.0675,0,45.592485,2.889944,0.977519,97.392773,1
sz.002561,徐家汇,2026-05-06,8.16,8.19,8.06,8.12,8.14,4670047.0,37911410.64,1.1268,-0.2457,0,-148.475367,1.556974,9.538912,-14.471062,1
sz.002562,兄弟科技,2026-05-06,5.9,5.97,5.88,5.97,5.87,27308331.0,161978962.37,3.3568,1.7036,0,62.351674,1.853693,1.854091,53.078286,1
sz.002563,森马服饰,2026-05-06,6.09,6.18,5.95,6.12,6.06,44452941.0,270891444.09,2.0141,0.9901,0,16.664328,1.40877,1.06647,-45.662419,1
sz.002564,天沃科技,2026-05-06,6.18,6.36,6.15,6.22,6.17,16757131.0,104646996.77,1.951,0.8104,0,167.778983,28.130623,2.110058,61.162488,1
sz.002565,顺灏股份,2026-05-06,18.89,19.79,18.89,19.2,19.02,168717202.0,3270399177.56,15.9174,0.9464,0,310.263882,11.075078,17.636415,995.820998,1
sz.002566,益盛药业,2026-05-06,8.33,8.39,8.21,8.32,8.33,10035200.0,83483639.0,4.3294,-0.12,0,82.732919,1.225062,4.174174,22.202055,1
sz.002567,唐人神,2026-05-06,4.18,4.22,4.14,4.2,4.16,19496600.0,81340981.0,1.3618,0.9615,0,-3.468329,1.448246,0.254817,56.686303,1
sz.002568,百润股份,2026-05-06,19.02,19.23,18.53,18.65,19.06,19799708.0,372437386.01,2.5947,-2.1511,0,28.886885,3.853889,6.461133,-64.518063,1
sz.002569,*ST步森,2026-05-06,14.41,14.7,14.04,14.24,14.41,4646000.0,66875519.0,3.3183,-1.1797,1,236.598898,51.637808,13.925732,81.313422,1
sz.002570,贝因美,2026-05-06,5.04,5.04,4.97,5.01,5.03,19611946.0,98138686.45,1.8159,-0.3976,0,36.017514,3.321499,2.000486,-21.638036,1
sz.002571,德力股份,2026-05-06,11.5,11.74,11.3,11.39,11.42,7510400.0,86645789.0,2.5177,-0.2627,0,-17.864618,5.610552,2.804246,-140.37525,1
sz.002572,索菲亚,2026-05-06,11.94,11.99,11.58,11.67,11.99,13976264.0,163397170.64,2.1454,-2.6689,0,13.210414,1.526174,1.270191,-24.917095,1
sz.002573,清新环境,2026-05-06,3.72,3.8,3.7,3.72,3.74,15460300.0,57710011.0,1.0941,-0.5348,0,-12.873768,0.958308,0.592397,14.25151,1
sz.002574,明牌珠宝,2026-05-06,5.71,5.73,5.65,5.69,5.71,9251100.0,52614504.0,1.7521,-0.3503,0,-9.717245,1.105477,0.920672,-6.995347,1
sz.002575,群兴玩具,2026-05-06,6.92,7.06,6.86,7.01,6.81,63019871.0,438809381.42,10.7851,2.9369,0,-352.942546,5.124778,9.353579,-465.315382,1
sz.002576,通达动力,2026-05-06,18.73,18.95,18.67,18.85,18.53,6445850.0,121408848.5,3.9782,1.7269,0,36.484049,2.363071,1.756083,-207.966992,1
sz.002577,雷柏科技,2026-05-06,17.5,17.84,17.03,17.59,17.19,5861986.0,102839983.77,2.0885,2.3269,0,-625.628785,4.244868,10.601798,-83.906919,1
sz.002578,闽发铝业,2026-05-06,4.19,4.23,4.14,4.23,4.16,30971600.0,129678010.0,3.5965,1.6827,0,-186.964435,2.633766,2.028391,-68.129319,1
sz.002579,中京电子,2026-05-06,12.12,13.0,12.1,12.69,11.85,62374287.0,784175715.49,10.6913,7.0886,0,296.403883,3.235498,2.510232,26.480543,1
sz.002580,圣阳股份,2026-05-06,27.95,29.83,27.5,29.78,27.48,115778516.0,3341574777.37,25.5955,8.3697,0,72.601114,5.603105,3.792815,91.744996,1
sz.002581,*ST未名,2026-05-06,6.41,6.41,6.41,6.41,6.75,833700.0,5344017.0,0.208,-5.037,1,-31.639545,2.344346,14.92511,-14.170194,1
sz.002582,好想你,2026-05-06,12.7,12.84,12.58,12.75,12.55,40413632.0,513754774.11,11.74,1.5936,0,2.946309,1.116313,4.011478,-37.102491,1
sz.002583,海能达,2026-05-06,10.0,10.22,10.0,10.04,9.94,26708029.0,270026530.5,2.0821,1.006,0,-57.780036,8.96663,3.039223,214.04711,1
sz.002584,西陇科学,2026-05-06,8.12,8.15,8.02,8.12,8.05,19109100.0,154629171.0,4.0794,0.8696,0,-65.864025,2.171888,0.639591,44.568596,1
sz.002585,双星新材,2026-05-06,7.8,8.23,7.79,8.16,7.75,58671628.0,472406545.43,6.6164,5.2903,0,-19.378484,1.118782,1.856376,10.011535,1
sz.002586,ST围海,2026-05-06,4.7,4.75,4.68,4.72,4.71,6702200.0,31560242.0,0.6163,0.2123,1,20.30715,1.684701,2.55324,-10.931148,1
sz.002587,奥拓电子,2026-05-06,7.07,7.12,6.99,7.06,7.0,30309615.0,214182906.05,5.6898,0.8571,0,367.173263,3.434901,5.601649,77.42401,1
sz.002588,史丹利,2026-05-06,11.01,11.04,10.78,10.92,10.94,24218600.0,263120162.9,2.8206,-0.1828,0,11.576278,1.591956,0.972223,45.923358,1
sz.002589,瑞康医药,2026-05-06,3.18,3.2,3.16,3.19,3.18,39715540.0,126554033.98,2.9083,0.3145,0,334.3864,0.902894,0.662375,-88.610732,1
sz.002590,万安科技,2026-05-06,11.95,12.26,11.95,12.19,11.89,8874134.0,107828569.51,1.7929,2.5231,0,29.587108,2.052276,1.275218,-51.788825,1
sz.002591,恒大高新,2026-05-06,8.27,8.27,7.83,7.96,8.36,67693900.0,541276236.0,30.2864,-4.7847,0,-109.813976,3.735568,5.010183,46.089604,1
sz.002592,ST八菱,2026-05-06,7.98,8.0,7.88,7.92,7.94,3144300.0,24933064.0,1.1969,-0.2519,1,23.826091,2.316249,2.945508,-932.773121,1
sz.002593,日上集团,2026-05-06,5.43,5.43,5.32,5.36,5.38,14216600.0,76314080.0,2.5364,-0.3717,0,33.652671,1.742576,1.16763,36.011238,1
sz.002594,比亚迪,2026-05-06,101.7,101.89,100.2,100.75,102.98,67048711.0,6746578445.37,1.923,-2.1655,0,33.343185,3.960792,1.171884,-21.456553,1
sz.002595,豪迈科技,2026-05-06,87.53,91.21,87.4,89.95,87.45,5683604.0,509536569.92,0.7154,2.8588,0,30.12147,5.741377,6.275168,180.726876,1
sz.002596,海南瑞泽,2026-05-06,3.75,3.85,3.69,3.83,3.76,44583436.0,169218175.62,3.8886,1.8617,0,-21.855149,8.269488,3.995264,668.03931,1
sz.002597,金禾实业,2026-05-06,23.27,23.33,22.91,23.18,23.33,8124484.0,187962678.55,1.4323,-0.6429,0,65.52235,1.666228,2.570454,-25.724974,1
sz.002598,ST章鼓,2026-05-06,8.09,8.11,8.04,8.07,8.09,5150167.0,41567466.4,1.7974,-0.2472,1,42.337897,2.01055,1.338553,52.970101,1
sz.002599,盛通股份,2026-05-06,6.9,6.95,6.81,6.85,6.85,10441510.0,71773320.7,2.6237,0.0,0,375.893414,2.955555,1.815506,-603.915451,1
sz.002600,领益智造,2026-05-06,14.07,14.29,14.07,14.12,14.06,109402497.0,1550739399.17,1.5196,0.4267,0,48.808112,4.230186,1.96261,-161.009691,1
sz.002601,龙佰集团,2026-05-06,16.86,16.98,16.55,16.96,16.91,25959422.0,435367427.12,1.3061,0.2957,0,54.244912,1.770075,1.550137,21.274592,1
sz.002602,世纪华通,2026-05-06,16.14,16.2,15.77,16.0,16.01,146385293.0,2339200634.85,2.1537,-0.0625,0,18.771167,3.651536,2.893011,22.372576,1
sz.002603,以岭药业,2026-05-06,17.04,17.34,17.0,17.08,17.04,23636988.0,405269610.82,1.7171,0.2347,0,20.838467,2.503493,3.606497,-141.086478,1
sz.002605,姚记科技,2026-05-06,20.49,20.77,20.3,20.7,20.49,8850600.0,182374342.0,2.6243,1.0249,0,18.544044,2.220234,3.203099,36.580323,1
sz.002606,大连电瓷,2026-05-06,14.67,15.29,14.67,15.03,14.49,59273686.0,884460758.93,14.0745,3.7267,0,26.277244,3.350637,3.339967,20.322556,1
sz.002607,中公教育,2026-05-06,2.65,2.68,2.62,2.66,2.65,154404945.0,409047103.17,2.7854,0.3774,0,291.788708,20.390304,7.253401,-1447.876019,1
sz.002608,江苏国信,2026-05-06,7.7,7.87,7.67,7.78,7.62,26472800.0,205984479.88,0.7007,2.0997,0,8.69366,0.820072,0.803875,-5.911529,1
sz.002609,捷顺科技,2026-05-06,8.74,8.79,8.59,8.66,8.6,12621998.0,109375118.7,2.7507,0.6977,0,87.281359,2.321876,3.090971,25.912874,1
sz.002611,东方精工,2026-05-06,17.22,17.65,17.2,17.54,17.2,29979698.0,525773808.61,2.9923,1.9767,0,48.509213,3.740915,4.038261,-2705.538795,1
sz.002612,朗姿股份,2026-05-06,16.24,16.27,16.07,16.17,16.09,6937857.0,112156168.56,2.7265,0.4972,0,7.522091,2.140468,1.158627,28.415377,1
sz.002613,北玻股份,2026-05-06,4.0,4.09,3.97,4.08,3.99,35872706.0,145226283.26,4.6367,2.2556,0,425.031308,2.034152,3.024043,82.108924,1
sz.002614,奥佳华,2026-05-06,5.76,5.78,5.69,5.73,5.76,13556300.0,77583776.0,3.0721,-0.5208,0,-63.982175,0.828175,0.68534,96.955331,1
sz.002615,哈尔斯,2026-05-06,8.19,8.24,8.03,8.13,8.16,12234625.0,99404734.5,4.0019,-0.3676,0,151.85311,1.909229,1.368258,6.3576,1
sz.002616,长青集团,2026-05-06,6.14,6.2,6.07,6.19,6.09,20576426.0,126388324.12,3.5025,1.642,0,17.812084,1.429135,1.475825,24.831826,1
sz.002617,露笑科技,2026-05-06,7.84,8.07,7.84,8.0,7.69,87679001.0,700121502.47,4.6697,4.0312,0,82.611013,2.371295,4.051947,-369.9256,1
sz.002620,*ST瑞和,2026-05-06,10.15,10.22,9.48,9.48,9.98,17824956.0,171020286.38,5.6395,-5.01,1,-39.262921,-48.559568,10.507993,147.965924,1
sz.002622,皓宸医疗,2026-05-06,2.81,2.86,2.77,2.83,2.8,34733000.0,97827828.0,4.135,1.0714,0,-20.573205,8.888666,3.421591,218.731808,1
sz.002623,亚玛顿,2026-05-06,21.21,21.57,21.12,21.4,21.19,4983641.0,106242843.99,2.5089,0.991,0,-28.122555,1.556531,2.30908,-1318.828294,1
sz.002624,完美世界,2026-05-06,15.84,16.65,15.82,16.28,15.21,114971239.0,1859579168.2,6.2904,7.0348,0,59.438663,4.381417,5.4381,270.667251,1
sz.002625,光启技术,2026-05-06,39.34,40.39,39.24,40.07,39.18,38498191.0,1535874718.21,1.7868,2.2716,0,121.157963,8.830055,39.31964,-70.676687,1
sz.002626,金达威,2026-05-06,15.26,15.34,15.14,15.26,15.21,5949837.0,90614625.95,0.9756,0.3287,0,32.799068,2.113919,2.777154,23.710892,1
sz.002627,三峡旅游,2026-05-06,7.48,7.5,7.22,7.32,7.49,21011421.0,153300378.52,2.9301,-2.2697,0,86.293523,1.715177,6.917253,-11.70726,1
sz.002628,成都路桥,2026-05-06,5.52,5.61,5.39,5.61,5.51,36120609.0,199445622.11,4.7919,1.8149,0,-61.317611,1.504983,4.898911,75.824165,1
sz.002629,仁智股份,2026-05-06,6.47,6.47,6.25,6.31,6.47,21852800.0,138209681.0,6.0325,-2.473,0,323.838661,42.634404,9.186328,382.304726,1
sz.002630,*ST华西,2026-05-06,1.89,2.09,1.89,2.04,1.99,81300508.0,163127931.9,7.552,2.5126,1,-7.473382,-31.636784,2.014729,116.588378,1
sz.002631,德尔未来,2026-05-06,7.8,8.68,7.72,8.59,7.89,68819917.0,587607889.45,8.6722,8.872,0,-33.828161,3.385156,6.120779,32.883195,1
sz.002632,道明光学,2026-05-06,11.09,11.4,11.09,11.27,11.04,10633869.0,119485608.04,1.8512,2.0833,0,33.33147,3.161131,4.85558,-82.224911,1
sz.002633,申科股份,2026-05-06,19.7,19.9,18.99,19.89,19.73,6119068.0,119776778.08,4.0952,0.8109,0,313.976192,6.937364,9.412505,87.568311,1
sz.002634,*ST棒杰,2026-05-06,5.58,5.58,5.5,5.58,5.31,9819083.0,54750634.14,2.2203,5.0847,1,-2.572727,-3.294199,4.582979,-54.086548,1
sz.002635,安洁科技,2026-05-06,16.64,16.82,16.43,16.55,16.5,17830259.0,296012651.16,4.5079,0.303,0,95.024314,1.870011,2.266135,-30.524441,1
sz.002636,金安国纪,2026-05-06,45.58,47.75,43.5,46.56,44.9,62866346.0,2883989778.25,8.6794,3.6971,0,70.730046,8.88718,7.08969,-216.788594,1
sz.002637,赞宇科技,2026-05-06,12.99,13.0,12.53,12.69,12.78,26245589.0,333752908.8,5.6395,-0.7042,0,29.720827,1.581612,0.463615,70.701514,1
sz.002638,勤上股份,2026-05-06,4.74,4.81,4.61,4.72,4.68,47789750.0,224631762.0,3.533,0.8547,0,-19.742851,3.587082,19.381032,62.124615,1
sz.002639,雪人集团,2026-05-06,17.97,18.22,17.8,18.11,17.72,44248148.0,799571768.49,6.7732,2.2009,0,463.950606,5.456868,5.19784,-329.558607,1
sz.002640,跨境通,2026-05-06,3.95,4.02,3.82,4.02,3.65,177396900.0,704066909.0,11.4578,10.137,0,-24.431249,9.725906,1.144238,-32.357688,1
sz.002641,公元股份,2026-05-06,4.27,4.34,4.27,4.31,4.26,15335430.0,66088453.9,1.3523,1.1737,0,76.857993,0.974078,0.828975,-28.30082,1
sz.002642,荣联科技,2026-05-06,7.86,8.05,7.83,8.02,7.81,17668577.0,141265019.0,2.6707,2.6889,0,266.019913,4.465325,2.641465,236.279884,1
sz.002643,万润股份,2026-05-06,16.67,17.02,16.67,16.79,16.56,15193269.0,256310242.35,1.6708,1.3889,0,52.99166,2.167006,4.00357,76.041229,1
sz.002644,佛慈制药,2026-05-06,8.45,8.5,8.29,8.34,8.39,4462500.0,37213209.0,0.8739,-0.5959,0,81.14196,2.30793,4.675034,23.411103,1
sz.002645,华宏科技,2026-05-06,26.0,26.8,25.5,25.85,25.77,76772605.0,1993478713.86,13.7357,0.3104,0,41.63959,3.801784,1.820568,194.015359,1
sz.002646,天佑德酒,2026-05-06,8.1,8.12,8.02,8.11,8.09,4842441.0,39097508.34,1.0177,0.2472,0,-263.8585,1.347926,3.611402,-26.198031,1
sz.002647,仁东控股,2026-05-06,12.56,12.89,12.11,12.5,12.41,52955900.0,662378552.0,5.2158,0.7252,0,-180.409506,22.701851,16.859777,-37314.487788,1
sz.002648,卫星化学,2026-05-06,29.08,29.6,28.23,29.48,29.6,53072107.0,1534859448.79,1.5765,-0.4054,0,16.948953,2.801113,2.139523,-122.400557,1
sz.002649,博彦科技,2026-05-06,10.54,10.74,10.5,10.63,10.47,14490516.0,154326111.1,2.7017,1.5282,0,141.188564,1.495399,0.947962,-35.346693,1
sz.002650,ST加加,2026-05-06,7.93,8.04,7.8,7.98,7.86,7099750.0,56256336.5,0.6413,1.5267,1,-68.625736,5.075791,7.177837,-62.052441,1
sz.002651,利君股份,2026-05-06,9.55,9.71,9.53,9.61,9.58,8109300.0,78228005.0,1.4341,0.3132,0,241.298482,3.54291,13.271565,44.037163,1
sz.002652,扬子新材,2026-05-06,6.06,6.32,5.93,6.09,5.93,98435124.0,602079469.91,19.2232,2.6981,0,-115.962695,13.280297,8.991057,308.965481,1
sz.002653,海思科,2026-05-06,58.53,60.72,57.41,59.39,58.53,8079826.0,479079848.98,1.5052,1.4693,0,86.651665,13.729636,13.145276,129.76537,1
sz.002654,万润科技,2026-05-06,14.9,15.38,14.8,15.07,14.52,73667748.0,1112301048.12,8.7156,3.7879,0,445.686144,8.144936,2.272896,-1920.156144,1
sz.002655,共达电声,2026-05-06,31.65,33.27,31.31,32.55,31.52,49773426.0,1619052838.7,13.7084,3.2678,0,201.565951,14.210617,8.24528,182.956866,1
sz.002656,*ST摩登,2026-05-06,3.25,3.27,3.14,3.14,3.22,12762700.0,40492306.0,1.8863,-2.4845,1,-44.947794,5.422823,3.50188,-11.694172,1
sz.002657,中科金财,2026-05-06,20.88,21.49,20.81,21.33,20.75,11196050.0,237888042.69,3.3309,2.7952,0,-68.887766,4.259504,8.813431,63.582315,1
sz.002658,雪迪龙,2026-05-06,8.52,9.05,8.52,8.96,8.51,21370970.0,190316077.38,5.9602,5.2879,0,36.722883,2.11842,4.167969,-67.917751,1
sz.002659,凯文教育,2026-05-06,5.37,5.4,5.29,5.39,5.34,16387957.0,87656821.09,2.7392,0.9363,0,-186.244385,1.50294,9.14587,-77.7909,1
sz.002660,茂硕电源,2026-05-06,9.03,9.1,8.82,8.9,8.94,6427900.0,57429022.0,1.8741,-0.4474,0,-12.023156,3.182567,2.617272,-52.54141,1
sz.002661,克明食品,2026-05-06,8.92,9.0,8.85,8.93,8.92,5668500.0,50599563.0,1.7842,0.1121,0,73.580479,1.300063,0.678364,9.012598,1
sz.002662,峰璟股份,2026-05-06,3.94,3.95,3.84,3.88,3.93,34308472.0,133209923.64,2.2873,-1.2723,0,25.663969,1.302228,2.009561,26.459755,1
sz.002663,普邦股份,2026-05-06,2.2,2.38,2.2,2.36,2.21,93557974.0,217253784.42,5.4805,6.7873,0,-8.671803,2.105776,2.293644,69.644359,1
sz.002664,信质集团,2026-05-06,20.25,20.54,20.2,20.35,20.12,7068531.0,143901651.52,1.7558,1.1431,0,53.312803,2.330245,1.332063,-44.418438,1
sz.002666,德联集团,2026-05-06,5.21,5.27,5.17,5.21,5.19,11861445.0,61857819.9,2.3691,0.3854,0,83.821576,1.162613,0.710717,-19.557427,1
sz.002667,*ST威领,2026-05-06,32.3,32.3,32.3,32.3,34.0,653900.0,21120970.0,0.2764,-5.0,1,-22.57503,-423.202643,20.855949,42.016578,1
sz.002668,TCL智家,2026-05-06,9.59,9.81,9.51,9.8,9.55,16730890.0,161644521.3,1.5433,2.6178,0,9.417442,2.760801,0.564602,77.713163,1
sz.002669,康达新材,2026-05-06,13.62,13.62,13.45,13.54,13.47,10113955.0,136815887.92,3.3411,0.5197,0,32.620964,1.480696,0.744807,12.040196,1
sz.002670,国盛证券,2026-05-06,12.65,12.93,12.64,12.85,12.64,17899534.0,229901437.55,1.1026,1.6614,0,121.869493,2.193463,14.911435,4.557143,1
sz.002671,龙泉股份,2026-05-06,4.97,5.0,4.85,4.9,4.95,16619600.0,81543253.0,3.0169,-1.0101,0,50.356532,1.682803,1.859217,95.956167,1
sz.002672,东江环保,2026-05-06,4.42,4.47,4.39,4.45,4.42,8025700.0,35539654.0,0.8867,0.6787,0,-3.981124,2.207229,1.462167,98.598186,1
sz.002673,西部证券,2026-05-06,7.18,7.31,7.18,7.27,7.18,32270939.0,234531171.92,0.722,1.2535,0,18.598757,1.064484,5.24707,1.947873,1
sz.002674,兴业科技,2026-05-06,13.51,13.6,13.13,13.37,13.48,5471200.0,72796175.0,1.8701,-0.816,0,37.610126,1.61237,1.340082,-25.019978,1
sz.002675,东诚药业,2026-05-06,12.99,13.24,12.91,13.02,12.99,10957775.0,143298178.12,1.474,0.2309,0,52.542896,2.504755,4.005291,89.38015,1
sz.002676,顺威股份,2026-05-06,7.1,7.47,7.06,7.47,7.12,32634544.0,237325625.95,4.5327,4.9157,0,64.932275,3.99721,1.881851,41.181139,1
sz.002677,浙江美大,2026-05-06,7.99,8.04,7.85,7.93,7.99,7107339.0,56418997.31,1.2887,-0.7509,0,769.438256,3.47781,11.942983,-21.203357,1
sz.002678,珠江钢琴,2026-05-06,5.98,6.11,5.95,6.07,5.99,19924557.0,120049457.68,1.4677,1.3356,0,-22.421084,2.707981,14.017365,-19.304527,1
sz.002679,福建金森,2026-05-06,10.89,11.03,10.85,10.94,10.9,4393650.0,48031397.5,1.8636,0.367,0,297.872591,3.462998,16.982558,-32.658004,1
sz.002681,奋达科技,2026-05-06,5.25,5.38,5.24,5.32,5.22,40313003.0,214764444.54,2.5689,1.9157,0,-68.461942,4.480222,3.799152,-37.152334,1
sz.002682,龙洲股份,2026-05-06,6.03,6.05,5.95,6.02,6.01,19840800.0,118973807.0,3.5281,0.1664,0,-5.747119,6.424888,1.593638,-45.060246,1
sz.002683,广东宏大,2026-05-06,36.56,37.35,36.3,36.72,36.32,13125851.0,480930904.16,1.9692,1.1013,0,28.850644,3.970924,1.325074,-50.876439,1
sz.002685,华东重机,2026-05-06,8.98,9.25,8.83,9.2,9.15,165886826.0,1507075266.11,16.4643,0.5464,0,107.185562,5.620633,8.122885,18.472296,1
sz.002686,亿利达,2026-05-06,7.39,7.68,7.25,7.67,7.42,23715400.0,180207008.0,4.5368,3.3693,0,231.109189,2.691768,2.82702,165.95186,1
sz.002687,乔治白,2026-05-06,5.06,5.12,4.89,4.95,5.04,17361977.0,86000208.88,4.1999,-1.7857,0,30.847848,1.597072,1.99897,-17.349388,1
sz.002688,金河生物,2026-05-06,6.03,6.05,5.97,6.02,6.02,9243318.0,55503495.36,1.2366,0.0,0,119.585555,2.027252,1.546805,18.393203,1
sz.002689,ST远智,2026-05-06,3.55,3.6,3.55,3.58,3.58,8039220.0,28740813.2,0.7708,0.0,1,36.058395,2.997098,2.556625,29.726241,1
sz.002690,美亚光电,2026-05-06,17.53,17.67,17.36,17.47,17.52,7033865.0,122652392.16,1.6217,-0.2854,0,21.210929,5.093402,6.377615,90.273318,1
sz.002691,*ST冀凯,2026-05-06,5.53,5.6,5.19,5.19,5.46,32279260.0,170940490.65,9.6075,-4.9451,1,-27.41825,2.167241,6.248872,-382.91431,1
sz.002692,远程股份,2026-05-06,5.64,5.72,5.56,5.7,5.61,25426244.0,143616305.8,3.5426,1.6043,0,-72.245763,3.582858,0.888947,46.823256,1
sz.002693,*ST双成,2026-05-06,8.55,8.88,8.55,8.71,8.58,10618113.0,92591680.97,2.5836,1.5152,1,111.027969,8.684567,12.518654,57.986947,1
sz.002694,*ST顾地,2026-05-06,2.89,2.92,2.78,2.8,2.88,32026543.0,90521366.0,4.4556,-2.7778,1,-4.342415,-28.396402,2.32186,97.728571,1
sz.002695,煌上煌,2026-05-06,12.75,13.1,12.7,13.09,12.49,17442344.0,226215544.45,3.4103,4.8038,0,88.427894,2.605541,4.176773,-114.240575,1
sz.002696,百洋股份,2026-05-06,6.87,6.93,6.8,6.85,6.82,12665720.0,86904729.3,3.7892,0.4399,0,140.458126,1.741357,0.560477,-17.83139,1
sz.002697,红旗连锁,2026-05-06,5.2,5.23,5.18,5.19,5.2,17655410.0,91834407.3,1.5415,-0.1923,0,15.128716,1.431776,0.740633,16.80238,1
sz.002698,博实股份,2026-05-06,12.91,13.96,12.91,13.78,12.78,23075692.0,311361164.8,2.7463,7.8247,0,28.633826,3.334892,5.210776,-18.122112,1
sz.002700,万憬能源,2026-05-06,6.94,7.06,6.9,7.05,6.94,8032540.0,55998892.8,3.7398,1.585,0,37.822433,2.085454,4.358299,146.690022,1
sz.002701,奥瑞金,2026-05-06,5.51,5.55,5.46,5.54,5.5,42688953.0,234890376.56,1.6692,0.7273,0,16.504203,1.383814,0.552811,14.22095,1
sz.002702,海欣食品,2026-05-06,6.0,6.06,5.94,6.05,6.01,23177356.0,139482704.0,5.0524,0.6656,0,-87.612788,3.243274,2.018455,57.899873,1
sz.002703,浙江世宝,2026-05-06,17.05,17.79,17.05,17.63,17.03,36173593.0,634855119.87,6.1725,3.5232,0,83.518679,6.853628,4.046607,117.121528,1
sz.002705,新宝股份,2026-05-06,15.0,15.12,14.43,14.59,15.13,35909834.0,525061980.01,4.4463,-3.5691,0,14.249244,1.365051,0.749932,-20.659469,1
sz.002706,良信股份,2026-05-06,11.75,11.99,11.58,11.74,11.57,72279588.0,848395328.71,7.9048,1.4693,0,60.326556,3.0477,2.908732,74.435986,1
sz.002707,众信旅游,2026-05-06,6.29,6.3,6.14,6.17,6.29,21796730.0,134639099.82,2.5199,-1.9078,0,-3019.456123,6.735127,0.875901,40.887382,1
sz.002708,光洋股份,2026-05-06,13.34,13.64,13.3,13.51,13.34,15625900.0,210342247.0,3.0244,1.2744,0,70.580471,4.293119,2.704408,29.83969,1
sz.002709,天赐材料,2026-05-06,60.58,64.98,59.13,64.0,60.51,173841368.0,10742790229.86,11.5202,5.7676,0,45.511478,6.837414,6.577758,373.200978,1
sz.002712,思美传媒,2026-05-06,5.62,5.74,5.6,5.7,5.58,19296100.0,109828395.0,3.5674,2.1505,0,-62.432959,2.242597,0.385117,85.848579,1
sz.002713,*ST东易,2026-05-06,12.94,13.29,12.33,12.5,12.78,23407437.0,297321865.75,4.4458,-2.1909,1,310.393454,13.693993,18.692608,-222.979813,1
sz.002714,牧原股份,2026-05-06,44.39,44.75,44.0,44.64,44.7,48114282.0,2138951833.7,1.2661,-0.1342,0,26.347784,2.987472,1.867744,-34.595611,1
sz.002715,登云股份,2026-05-06,17.24,17.7,17.16,17.58,17.5,12828477.0,223938302.47,9.296,0.4571,0,-257.44276,5.213271,4.522117,-190.068542,1
sz.002716,湖南白银,2026-05-06,11.75,12.36,11.74,12.27,11.56,192664256.0,2325644149.34,8.2872,6.1419,0,74.058572,8.531894,2.518823,94.870207,1
sz.002717,*ST岭南,2026-05-06,1.36,1.43,1.3,1.39,1.37,134243126.0,179234075.31,7.8114,1.4599,1,-1.052987,-1.706276,30.052245,-152.762281,1
sz.002718,友邦吊顶,2026-05-06,72.99,75.18,70.48,70.9,72.38,2359500.0,171037970.0,2.5106,-2.0448,0,825.711971,9.971992,19.288755,7974.095911,1
sz.002719,ST麦趣,2026-05-06,7.9,7.9,7.43,7.59,7.66,35994476.0,276074249.66,22.2363,-0.9138,1,-11.332789,12.119399,2.276726,-258.523843,1
sz.002721,金一文化,2026-05-06,3.06,3.13,3.01,3.08,3.07,64905603.0,199395606.27,2.4406,0.3257,0,98.035656,3.806017,8.567189,61.757289,1
sz.002722,物产金轮,2026-05-06,15.71,15.89,15.59,15.67,15.7,4231649.0,66640149.68,1.9031,-0.1911,0,21.584481,1.166067,1.392419,36.133274,1
sz.002723,小崧股份,2026-05-06,11.0,11.0,10.08,10.17,11.17,39426680.0,408858593.2,12.4355,-8.9526,0,-12.372647,4.60666,3.930638,-300.128833,1
sz.002724,海洋王,2026-05-06,6.35,6.4,6.25,6.34,6.34,12958525.0,82017457.5,2.2823,0.0,0,65.094625,1.778004,2.900171,-746.144645,1
sz.002725,跃岭股份,2026-05-06,17.13,17.6,16.95,17.2,16.9,15926540.0,274087044.2,7.4298,1.7751,0,1989.558001,4.511054,6.795536,24.500186,1
sz.002726,ST龙大,2026-05-06,2.72,2.72,2.72,2.72,2.86,430600.0,1171232.0,0.0399,-4.8951,1,-4.796417,5.617427,0.308077,-6.05769,1
sz.002727,一心堂,2026-05-06,12.7,12.89,12.63,12.86,12.68,8630744.0,110289298.49,2.1966,1.4196,0,26.975903,1.006887,0.44291,22.412839,1
sz.002728,特一药业,2026-05-06,9.93,10.0,9.9,10.0,9.93,10113173.0,100747429.61,3.0468,0.7049,0,67.658648,2.778728,6.116161,-128.803813,1
sz.002729,好利科技,2026-05-06,18.65,19.18,18.29,18.39,18.42,10498062.0,196055771.2,5.9831,-0.1629,0,83.061459,5.938297,7.995518,72.612734,1
sz.002730,电光科技,2026-05-06,33.46,33.99,31.71,32.49,33.66,37501586.0,1224537147.28,10.8377,-3.4759,0,172.244041,7.130686,10.285917,964.228257,1
sz.002731,ST萃华,2026-05-06,4.35,4.35,4.35,4.35,4.35,,,,,1,4.069052,0.595724,0.247854,15.162215,0
sz.002732,燕塘乳业,2026-05-06,16.45,16.58,16.21,16.29,16.42,2202100.0,36033985.0,1.4065,-0.7917,0,52.336275,1.698817,1.618099,106.518951,1
sz.002733,雄韬股份,2026-05-06,27.66,30.14,27.22,29.63,27.66,49384434.0,1416457994.37,13.3883,7.1222,0,142.542182,4.188713,3.161883,-56.314935,1
sz.002734,利民股份,2026-05-06,18.0,18.24,17.66,18.12,18.03,26047140.0,468733637.91,5.9969,0.4992,0,17.114526,2.104821,1.856715,43.180056,1
sz.002735,王子新材,2026-05-06,14.58,14.8,14.47,14.69,14.45,9126400.0,133924587.0,3.2016,1.6609,0,-35.186007,3.527403,2.543114,-72.681624,1
sz.002736,国信证券,2026-05-06,10.73,10.84,10.68,10.81,10.72,47541899.0,511872139.26,0.4946,0.8396,0,10.205365,1.103908,4.630588,1.793103,1
sz.002737,葵花药业,2026-05-06,13.77,13.85,13.47,13.6,13.88,13827699.0,188229116.39,2.3678,-2.0173,0,-38.809003,2.011446,3.179017,14.973004,1
sz.002738,中矿资源,2026-05-06,91.25,94.39,90.35,93.66,90.79,28078102.0,2600424724.2,3.9478,3.1611,0,81.361834,5.297043,10.583755,67.820821,1
sz.002739,儒意电影,2026-05-06,9.8,9.84,9.7,9.74,10.11,61484966.0,600315892.26,2.928,-3.6597,0,-89.768314,2.700488,1.880809,-15.429925,1
sz.002741,光华科技,2026-05-06,22.13,22.65,21.85,22.42,21.7,34266321.0,762900904.73,8.037,3.318,0,86.99943,5.260969,3.115966,-182.690443,1
sz.002742,三圣股份,2026-05-06,4.74,4.79,4.58,4.72,4.67,24580560.0,115728800.84,4.6913,1.0707,0,-9.349056,20.142328,4.002119,-208.618109,1
sz.002743,富煌钢构,2026-05-06,5.22,5.38,5.19,5.29,5.13,17633714.0,93668070.76,4.0577,3.1189,0,-2.420073,0.992354,2.079633,-185.100334,1
sz.002745,木林森,2026-05-06,9.52,9.65,9.48,9.61,9.49,50317872.0,481907023.32,4.7287,1.2645,0,-11.872911,1.202501,0.780571,-86.410061,1
sz.002746,仙坛股份,2026-05-06,6.4,6.47,6.35,6.47,6.4,16051390.0,102599670.72,2.2618,1.0938,0,21.309333,1.191685,0.931672,25.688608,1
sz.002747,埃斯顿,2026-05-06,22.31,23.3,22.28,22.83,21.87,37996591.0,869547616.92,4.8564,4.3896,0,169.726702,6.824054,4.545856,43.145138,1
sz.002748,世龙实业,2026-05-06,12.94,12.97,12.68,12.92,12.83,6801437.0,87442479.82,2.8339,0.7015,0,43.113297,2.169993,1.51831,38.227834,1
sz.002749,国光股份,2026-05-06,12.68,12.71,12.55,12.65,12.74,2041700.0,25750635.0,0.4501,-0.7064,0,20.083874,3.159705,2.874463,25.441745,1
sz.002752,昇兴股份,2026-05-06,7.34,7.55,7.32,7.55,7.4,39973355.0,299384759.05,4.0976,2.027,0,20.164218,2.002334,0.990788,-67.420578,1
sz.002753,永东股份,2026-05-06,7.42,7.48,7.3,7.36,7.41,8092237.0,59568652.32,3.3327,-0.6748,0,297.414364,1.188684,0.796869,14.666478,1
sz.002755,奥赛康,2026-05-06,16.83,16.94,16.58,16.72,16.95,18041622.0,301597695.62,1.9438,-1.3569,0,58.267285,4.70138,8.856515,98.195131,1
sz.002756,永兴材料,2026-05-06,87.48,89.88,85.0,88.39,87.24,26805282.0,2344062992.75,6.925,1.3182,0,49.683845,3.611772,5.909339,-11.987651,1
sz.002757,南兴股份,2026-05-06,23.62,25.48,23.62,25.31,23.16,67382810.0,1673691622.26,23.8901,9.2832,0,62.188783,3.632447,2.198586,57.095182,1
sz.002758,浙农股份,2026-05-06,9.18,9.24,9.05,9.12,9.16,11426753.0,104402783.34,2.2051,-0.4367,0,8.747261,0.910516,0.094851,-10.825956,1
sz.002759,天际股份,2026-05-06,38.61,41.9,38.5,41.31,38.09,106484383.0,4264584900.02,21.2568,8.4537,0,68.741589,5.941166,6.028962,199.879532,1
sz.002760,凤形股份,2026-05-06,22.75,23.44,22.68,23.03,22.75,5692700.0,131284509.0,5.2716,1.2308,0,104.559142,2.970419,3.957539,-29.638221,1
sz.002761,浙江建投,2026-05-06,8.36,8.72,8.36,8.63,8.37,22008758.0,188309316.22,2.0345,3.1063,0,40.843413,1.318426,0.143126,17.706897,1
sz.002762,*ST金比,2026-05-06,8.7,8.81,8.44,8.63,8.71,5611900.0,48244832.0,2.6549,-0.9185,1,-16.544601,4.570293,7.675269,66.158207,1
sz.002763,汇洁股份,2026-05-06,9.65,9.7,9.16,9.33,9.41,36282340.0,339297761.6,11.9501,-0.8502,0,55.030637,2.023876,1.281726,31.956023,1
sz.002765,蓝黛科技,2026-05-06,9.43,9.5,9.37,9.46,9.42,13797160.0,130077679.21,2.3155,0.4246,0,40.669423,2.318084,1.633833,259.730911,1
sz.002766,索菱股份,2026-05-06,4.75,4.78,4.69,4.77,4.69,13600921.0,64705777.96,1.5875,1.7058,0,-55.461206,3.863716,6.670873,-33.857747,1
sz.002767,先锋电子,2026-05-06,20.56,21.33,20.44,20.57,20.72,3579400.0,74096384.0,2.7489,-0.7239,0,122.173568,3.580522,4.200152,-57.808025,1
sz.002768,国恩股份,2026-05-06,52.99,55.18,52.95,54.81,52.8,4871824.0,265015076.59,2.7564,3.8068,0,16.731392,2.39421,0.743231,16.872026,1
sz.002769,普路通,2026-05-06,9.93,10.13,9.92,9.96,9.88,7341800.0,73513112.0,1.9683,0.8097,0,651.385296,3.162166,47.905225,-141.320136,1
sz.002771,真视通,2026-05-06,15.0,15.45,14.94,15.28,14.76,14169913.0,216111476.42,8.1196,3.523,0,-52.551302,5.412752,9.083733,51.60232,1
sz.002772,众兴菌业,2026-05-06,17.27,17.27,16.49,16.56,17.24,17703307.0,295681557.93,4.7636,-3.9443,0,13.807017,1.70695,2.785717,15.227762,1
sz.002773,康弘药业,2026-05-06,24.62,24.71,24.45,24.56,24.63,6810475.0,167143338.5,0.9917,-0.2842,0,21.138808,2.355409,5.104514,7.947662,1
sz.002774,快意电梯,2026-05-06,12.01,12.63,11.76,12.43,12.16,12196300.0,148917876.0,4.3285,2.2204,0,71.560483,3.446853,2.882974,573.645469,1
sz.002775,文科股份,2026-05-06,4.02,4.05,3.97,4.01,4.0,12228052.0,48933466.64,2.1386,0.25,0,-8.349269,-51.358506,4.981502,-12.712643,1
sz.002777,久远银海,2026-05-06,15.77,16.17,15.77,15.9,15.73,8174265.0,130736806.69,2.0208,1.0807,0,88.071331,3.818316,5.310482,10646.369245,1
sz.002778,中晟高科,2026-05-06,20.3,20.39,19.5,19.6,20.25,4764633.0,94420924.95,3.8602,-3.2099,0,167.837413,7.619554,12.365642,-16.797975,1
sz.002779,中坚科技,2026-05-06,80.83,81.04,76.12,76.75,80.05,7500923.0,588829775.36,4.5239,-4.1224,0,89.198956,15.079038,12.15557,964.293061,1
sz.002780,三夫户外,2026-05-06,16.66,16.76,16.28,16.47,16.77,13822069.0,227193907.13,10.5793,-1.7889,0,38.176139,3.318506,2.655921,63.758148,1
sz.002782,可立克,2026-05-06,19.5,19.87,19.5,19.63,19.31,8656725.0,170410448.4,1.7794,1.6572,0,38.167227,4.344818,1.728629,59.130341,1
sz.002783,凯龙股份,2026-05-06,8.92,9.06,8.8,8.91,8.92,14081454.0,125318183.08,3.0533,-0.1121,0,38.333204,1.671402,1.27287,-40.362912,1
sz.002785,万里石,2026-05-06,51.3,53.88,51.2,52.59,51.16,20622600.0,1088851139.0,10.6579,2.7952,0,-142.658901,14.985923,11.04266,163.88813,1
sz.002786,银宝山新,2026-05-06,7.82,8.05,7.76,8.05,7.84,28675804.0,228311666.88,5.8035,2.6786,0,-122.416756,20.024224,1.707167,176.242194,1
sz.002787,华源控股,2026-05-06,20.01,21.34,20.0,21.34,19.4,20597520.0,427431340.08,8.2108,10.0,0,61.158962,3.870346,3.063168,-48.204062,1
sz.002788,鹭燕医药,2026-05-06,13.76,14.04,13.65,14.02,13.66,24114243.0,335750514.15,6.3155,2.6354,0,19.629086,1.614167,0.254247,99.845989,1
sz.002789,*ST建艺,2026-05-06,12.89,13.21,12.62,12.83,12.89,3697151.0,47667839.49,2.3628,-0.4655,1,-2.646061,13.468219,0.616275,-4.44337,1
sz.002790,瑞尔特,2026-05-06,7.59,7.66,7.44,7.46,7.57,5633800.0,42329044.24,2.161,-1.4531,0,-1364.13254,1.508529,1.795866,-26.055028,1
sz.002791,坚朗五金,2026-05-06,18.45,18.6,18.4,18.48,18.36,3961526.0,73262888.57,1.8197,0.6536,0,-60.54311,1.223384,1.202644,-148.947488,1
sz.002792,通宇通讯,2026-05-06,44.13,48.03,44.01,48.03,43.66,43765366.0,2047341084.98,12.9551,10.0092,0,1478.461089,8.919565,22.083241,-68.56048,1
sz.002793,罗欣药业,2026-05-06,5.59,5.6,5.48,5.58,5.53,43928763.0,243231141.5,4.0453,0.9042,0,-22.470065,5.518027,2.556921,19.655513,1
sz.002795,永和智控,2026-05-06,9.32,9.77,9.11,9.68,9.19,45431940.0,432428985.08,10.4579,5.3319,0,-82.328073,9.586499,6.27065,-87.034789,1
sz.002796,世嘉科技,2026-05-06,55.76,57.28,53.72,54.08,55.07,16734025.0,925631894.29,7.3489,-1.7977,0,-222.846207,16.200312,14.231334,-252.056455,1
sz.002797,第一创业,2026-05-06,7.64,7.79,7.62,7.67,7.63,170936520.0,1317651287.77,4.0676,0.5242,0,35.011188,1.823458,8.323685,5.836695,1
sz.002798,帝欧水华,2026-05-06,7.93,8.2,7.85,8.15,7.93,20637484.0,166493886.19,4.2607,2.7743,0,-9.031566,2.613497,2.089984,182.448658,1
sz.002799,环球印务,2026-05-06,8.71,8.74,8.61,8.69,8.64,5231788.0,45303175.28,1.6348,0.5787,0,-173.999379,2.188687,3.76939,-34.48225,1
sz.002800,天顺股份,2026-05-06,17.93,17.93,17.01,17.17,17.65,6201280.0,107309222.6,4.1945,-2.7195,0,-108.921149,5.291217,2.32586,-28.682992,1
sz.002801,微光股份,2026-05-06,32.51,32.88,32.21,32.72,32.47,2814080.0,91764036.0,2.4301,0.7699,0,18.078248,3.679619,5.123349,46.318795,1
sz.002802,洪汇新材,2026-05-06,13.97,14.2,13.92,14.2,13.9,8852800.0,125018196.84,5.9144,2.1583,0,60.416296,3.939876,6.546355,28.830032,1
sz.002803,吉宏股份,2026-05-06,19.92,20.49,19.78,19.83,19.92,21493032.0,431076954.42,7.4452,-0.4518,0,30.794721,3.225467,1.267166,18.093183,1
sz.002805,丰元股份,2026-05-06,23.34,25.14,22.78,25.14,22.85,69347368.0,1658739453.0,24.8722,10.0219,0,-22.114342,7.529156,2.106654,-94.864146,1
sz.002806,华锋股份,2026-05-06,14.08,14.34,13.94,14.31,14.08,7765998.0,110149432.74,4.4605,1.6335,0,-70.958514,2.725639,2.63935,-122.129046,1
sz.002807,江阴银行,2026-05-06,4.6,4.6,4.51,4.53,4.58,54855562.0,248647814.4,2.2322,-1.0917,0,5.416876,0.558681,2.644064,-593.785778,1
sz.002808,*ST恒久,2026-05-06,2.83,2.83,2.83,2.83,2.83,,,,,1,-16.80993,3.177967,2.364134,-179.201597,0
sz.002809,红墙股份,2026-05-06,10.69,10.8,10.58,10.69,10.66,7109658.0,76203366.84,4.1829,0.2814,0,-49.108471,1.554252,3.161939,-6.504863,1
sz.002810,山东赫达,2026-05-06,26.73,27.78,25.75,27.78,26.74,20980012.0,558317717.9,6.4806,3.8893,0,48.706419,4.359368,4.753499,36.411386,1
sz.002811,郑中设计,2026-05-06,13.89,14.25,13.78,14.0,13.88,7839053.0,109280869.76,2.774,0.8646,0,26.111909,2.969739,2.901041,-19.849599,1
sz.002812,恩捷股份,2026-05-06,83.78,87.71,82.91,87.55,82.95,50366548.0,4323213100.33,6.1224,5.5455,0,228.157019,3.361331,5.805216,284.60751,1
sz.002813,路畅科技,2026-05-06,26.72,27.38,26.2,26.84,26.46,3367004.0,90157295.17,2.8092,1.4361,0,-34.915042,15.599231,8.99875,-124.521712,1
sz.002815,崇达技术,2026-05-06,14.16,14.88,14.1,14.44,13.9,47731848.0,688701701.63,6.142,3.8849,0,73.899822,2.003724,2.265147,-39.804184,1
sz.002816,*ST和科,2026-05-06,23.2,23.2,22.67,22.71,23.3,3936000.0,90051073.0,3.936,-2.5322,1,219.856596,9.532445,8.07207,-232.782826,1
sz.002817,黄山胶囊,2026-05-06,8.3,8.37,8.11,8.17,8.27,8747530.0,71984444.31,3.016,-1.2092,0,38.475674,2.50018,5.589617,-161.146097,1
sz.002818,富森美,2026-05-06,12.21,12.27,11.93,12.01,12.15,12385220.0,149030739.2,4.1514,-1.1523,0,11.30677,1.504025,7.973101,-211.828597,1
sz.002819,东方中科,2026-05-06,26.36,27.58,26.36,27.02,26.37,3357030.0,90911292.9,1.4189,2.4649,0,-54.981665,2.065005,2.50194,-79.002347,1
sz.002820,桂发祥,2026-05-06,11.51,11.88,11.49,11.62,11.49,11323120.0,132040005.4,5.6371,1.1314,0,-97.860928,2.671249,4.942401,-10.14831,1
sz.002821,凯莱英,2026-05-06,123.2,125.48,120.8,124.68,125.56,8353365.0,1031776122.26,2.6348,-0.7009,0,40.524697,2.50625,6.491863,-105.555113,1
sz.002822,ST中装,2026-05-06,3.23,3.23,3.17,3.18,3.2,9278515.0,29565045.55,0.868,-0.625,1,-2.004423,5.735763,8.594684,15.162093,1
sz.002823,凯中精密,2026-05-06,16.24,16.32,16.15,16.24,16.24,7229480.0,117165721.91,3.3028,0.0,0,22.516792,2.529678,1.858899,82.692094,1
sz.002824,和胜股份,2026-05-06,25.59,25.59,24.95,25.21,25.09,13550274.0,341860575.52,5.991,0.4783,0,46.85052,3.360861,1.8312,106.806026,1
sz.002825,纳尔股份,2026-05-06,10.08,10.08,9.98,10.06,9.99,5358570.0,53663076.4,2.0881,0.7007,0,38.397437,2.067509,1.676689,-44.524227,1
sz.002826,易明医药,2026-05-06,19.5,20.31,19.48,19.76,19.5,7577700.0,150307450.0,4.1413,1.3333,0,40.325162,4.496064,5.620905,26.715745,1
sz.002827,高争民爆,2026-05-06,30.41,30.82,29.8,30.37,30.2,4003390.0,121210607.2,1.4505,0.5629,0,44.316978,7.792972,4.602268,-33.886687,1
sz.002828,贝肯能源,2026-05-06,11.46,11.46,11.19,11.38,11.57,16928660.0,192050761.1,8.4227,-1.6422,0,-40.723689,3.49661,2.401996,-11.106028,1
sz.002829,星网宇达,2026-05-06,22.34,23.79,22.16,23.21,21.89,10203960.0,235926814.62,6.9865,6.0302,0,-38.887172,3.115153,14.047209,-22.654846,1
sz.002830,名雕股份,2026-05-06,22.46,23.05,22.28,22.8,22.27,4558700.0,103863047.0,6.819,2.3799,0,70.240579,4.447361,4.309594,-34.192183,1
sz.002831,裕同科技,2026-05-06,37.8,38.15,36.25,37.55,37.84,16256382.0,605371509.24,3.1814,-0.7664,0,21.643233,2.802327,1.994262,-21.233006,1
sz.002832,比音勒芬,2026-05-06,20.24,20.33,19.55,19.96,20.24,22631187.0,449349234.75,5.8115,-1.3834,0,18.812918,1.988535,2.503554,52.452395,1
sz.002833,弘亚数控,2026-05-06,20.42,21.24,20.31,20.85,20.41,10538339.0,219752273.36,3.6562,2.1558,0,19.940621,2.960649,3.459564,11.654355,1
sz.002835,同为股份,2026-05-06,15.6,15.71,15.41,15.49,15.49,2669400.0,41518275.0,2.0971,0.0,0,29.552677,2.663713,3.024655,30.58264,1
sz.002836,新宏泽,2026-05-06,13.63,13.63,13.24,13.34,13.45,3762476.0,50329840.92,1.633,-0.8178,0,71.801141,7.737807,6.696712,-63.849714,1
sz.002837,英维克,2026-05-06,96.03,100.4,95.8,97.77,94.6,50908974.0,5003722385.11,5.8735,3.351,0,198.035455,27.605555,15.143701,522.334873,1
sz.002838,道恩股份,2026-05-06,30.34,32.98,30.0,32.52,30.04,11845999.0,378762571.11,2.8162,8.2557,0,58.995109,4.139813,2.398665,55.104909,1
sz.002839,张家港行,2026-05-06,4.57,4.58,4.51,4.53,4.56,37416088.0,169628550.44,1.5322,-0.6579,0,5.555735,0.579223,2.361891,3.751217,1
sz.002840,华统股份,2026-05-06,13.0,13.0,12.48,12.85,12.72,27740346.0,352745070.05,3.4822,1.022,0,-25.092028,2.866274,1.311825,21.810158,1
sz.002841,视源股份,2026-05-06,37.27,37.57,37.01,37.11,36.91,6462965.0,240754452.86,1.2443,0.5419,0,23.515388,1.901465,1.01083,-187.566862,1
sz.002842,翔鹭钨业,2026-05-06,39.03,39.65,37.75,39.37,38.49,94354389.0,3649169674.01,35.1462,2.2863,0,33.377431,8.823534,4.188111,556.234307,1
sz.002843,泰嘉股份,2026-05-06,27.87,28.6,27.01,27.79,26.58,31972624.0,890702829.48,12.779,4.5523,0,-252.023883,5.203009,4.413315,-42.11694,1
sz.002845,同兴达,2026-05-06,13.96,14.85,13.81,14.53,13.67,15769018.0,228005233.36,6.3017,6.2911,0,117.899574,1.946485,0.473072,-22.042109,1
sz.002846,英联股份,2026-05-06,15.44,15.96,15.44,15.95,15.4,17600781.0,277222347.31,6.7655,3.5714,0,182.168111,4.699898,2.842691,57.536341,1
sz.002847,盐津铺子,2026-05-06,58.69,58.83,57.21,57.5,58.72,5716160.0,329305631.33,2.3442,-2.0777,0,19.577673,7.225942,2.700139,1276.750588,1
sz.002848,*ST高斯,2026-05-06,15.25,15.26,14.86,15.16,15.37,5732100.0,86270015.0,3.4756,-1.3663,1,-42.951155,30.330059,5.363443,254.259119,1
sz.002849,威星智能,2026-05-06,17.3,17.55,17.12,17.2,17.3,7640200.0,131831796.0,3.4911,-0.578,0,72.544017,2.755898,2.209437,38.582312,1
sz.002850,科达利,2026-05-06,192.41,197.42,190.06,192.63,190.45,6563919.0,1272166338.16,3.2971,1.1447,0,28.902032,3.885247,3.252052,-196.142937,1
sz.002851,麦格米特,2026-05-06,122.5,123.0,119.39,120.33,120.21,30717959.0,3707024082.89,6.7056,0.0998,0,456.883089,7.801965,7.087846,754.869839,1
sz.002852,道道全,2026-05-06,9.1,9.2,8.95,9.07,9.09,7669657.0,69339345.07,2.6836,-0.22,0,21.523856,1.381631,0.496068,23.496634,1
sz.002853,皮阿诺,2026-05-06,27.04,28.55,26.71,27.72,26.87,3587350.0,99240393.0,2.7873,3.1634,0,-110.548192,5.699959,9.693379,59.594756,1
sz.002855,捷荣技术,2026-05-06,12.59,12.65,12.24,12.46,12.58,5836700.0,72666336.0,2.3705,-0.9539,0,-7.286925,14.823409,1.910049,-41.078565,1
sz.002856,*ST美芝,2026-05-06,14.47,14.47,14.47,14.47,13.78,9818034.0,142066951.98,7.9239,5.0073,1,-10.047151,-38.474673,5.658335,-640.973067,1
sz.002857,三晖电气,2026-05-06,22.14,22.14,21.3,21.84,22.0,4570100.0,98925590.0,3.5704,-0.7273,0,-54.648357,6.11699,8.993717,-14.529852,1
sz.002858,力盛体育,2026-05-06,16.93,17.15,16.64,16.79,17.1,10844100.0,182968164.0,7.3563,-1.8129,0,-389.948307,5.277286,5.574412,-41.015093,1
sz.002859,洁美科技,2026-05-06,50.21,51.79,49.5,49.93,51.0,13896183.0,699878277.56,3.4236,-2.098,0,92.073757,7.00281,9.815046,166.858123,1
sz.002860,星帅尔,2026-05-06,12.81,13.22,12.74,13.09,12.81,9794612.0,127974632.16,2.7862,2.1858,0,24.472375,2.005156,2.17953,61.444284,1
sz.002861,瀛通通讯,2026-05-06,16.5,16.93,16.31,16.45,16.34,5149310.0,85265853.3,3.429,0.6732,0,-38.34338,2.966422,3.461163,48.934691,1
sz.002862,实丰文化,2026-05-06,18.85,18.98,18.57,18.78,18.53,4417320.0,83085047.8,3.4989,1.3492,0,-18.525866,10.835387,7.195277,305.788476,1
sz.002863,今飞凯达,2026-05-06,5.62,5.68,5.59,5.64,5.58,13333703.0,75038923.41,2.2242,1.0753,0,52.840444,1.197207,0.606492,-186.589013,1
sz.002864,盘龙药业,2026-05-06,30.38,30.43,30.1,30.3,30.24,1836000.0,55570092.0,2.4917,0.1984,0,37.104195,1.884772,2.892847,49.989272,1
sz.002865,钧达股份,2026-05-06,81.0,82.66,78.89,81.87,80.65,16104965.0,1309008168.85,7.2049,1.5127,0,-19.667097,6.325364,3.422074,7290.122326,1
sz.002866,传艺科技,2026-05-06,25.83,26.15,25.0,25.36,25.86,30358899.0,767636317.81,16.7532,-1.9335,0,118.248131,3.481462,3.308239,94.462042,1
sz.002867,周大生,2026-05-06,13.53,13.54,12.99,13.03,13.26,27574091.0,361762250.44,2.5553,-1.7345,0,12.35779,2.08763,1.747003,-18.465498,1
sz.002868,*ST绿康,2026-05-06,39.6,39.6,38.21,38.8,38.82,1135505.0,43903437.2,1.0612,-0.0515,1,-58.123878,86.744323,11.989604,72.082157,1
sz.002869,金溢科技,2026-05-06,21.1,21.33,21.1,21.19,21.09,2090550.0,44357479.0,1.3272,0.4742,0,-25.361443,1.85949,7.7634,-27.061559,1
sz.002870,香山股份,2026-05-06,39.8,40.6,39.17,40.12,39.58,9539909.0,379400164.36,7.3975,1.3643,0,85.712044,3.238334,0.917116,-20.117144,1
sz.002871,伟隆股份,2026-05-06,18.6,20.28,18.31,20.28,18.44,9643177.0,188838735.67,6.4604,9.9783,0,38.909917,4.359728,7.37927,386.55916,1
sz.002872,ST天圣,2026-05-06,5.44,5.44,5.32,5.35,5.42,4924332.0,26445686.38,2.2913,-1.2915,1,-32.226625,0.876355,3.206869,-60.333973,1
sz.002873,新天药业,2026-05-06,10.1,10.14,9.93,10.0,10.1,11430644.0,114441420.16,4.7689,-0.9901,0,289.937246,1.937732,3.320332,36.234827,1
sz.002875,安奈儿,2026-05-06,25.56,25.63,24.42,24.83,25.32,12953532.0,320786560.74,7.1002,-1.9352,0,-67.828613,8.562246,9.428131,36.72156,1
sz.002876,三利谱,2026-05-06,30.93,31.99,30.55,30.82,30.91,6858493.0,211814945.57,4.6048,-0.2912,0,105.554431,2.215598,1.401525,67.809595,1
sz.002877,智能自控,2026-05-06,9.14,9.21,9.09,9.15,9.13,8274260.0,75725821.99,3.4402,0.2191,0,136.254953,2.683488,3.085067,81.807745,1
sz.002878,元隆雅图,2026-05-06,19.22,19.47,19.0,19.26,19.55,19319260.0,372115406.42,8.1897,-1.4834,0,-135.995731,4.037559,1.709167,-24.433309,1
sz.002879,长缆科技,2026-05-06,18.19,18.39,17.59,17.78,17.98,10690447.0,190551732.84,7.7541,-1.1123,0,25.881183,1.928345,2.374659,14.84386,1
sz.002880,卫光生物,2026-05-06,25.69,25.75,25.44,25.6,25.71,1632959.0,41809627.45,0.72,-0.4278,0,24.861654,2.37626,4.595122,-25.324817,1
sz.002881,美格智能,2026-05-06,39.33,40.15,39.33,39.81,39.07,5085187.0,202831981.61,2.7952,1.894,0,84.034422,4.410219,3.269164,13.994079,1
sz.002882,金龙羽,2026-05-06,27.0,27.5,26.98,27.35,26.94,3889896.0,106173977.05,1.5762,1.5219,0,152.846948,5.57682,2.560112,36.391988,1
sz.002883,*ST中设,2026-05-06,10.1,10.2,9.6,9.6,10.1,19685004.0,191976951.82,12.8395,-4.9505,1,-76.027208,3.200772,3.938374,-545.167322,1
sz.002884,凌霄泵业,2026-05-06,18.84,19.13,18.72,18.97,18.82,6235702.0,118411461.55,2.2835,0.797,0,15.128055,2.699287,3.795016,-1660.402274,1
sz.002885,京泉华,2026-05-06,31.16,33.93,31.16,33.53,31.26,31534212.0,1031549409.12,13.2912,7.2617,0,93.839331,5.888017,2.675245,-625.320854,1
sz.002886,沃特股份,2026-05-06,22.6,23.46,22.55,23.21,22.53,10225520.0,236849361.45,4.8908,3.0182,0,85.689441,3.298013,2.884709,-1603.086268,1
sz.002887,绿茵生态,2026-05-06,13.08,13.25,12.5,12.9,13.3,11109476.0,141886462.88,5.1141,-3.0075,0,29.243657,1.657311,8.28757,-50.041342,1
sz.002888,惠威科技,2026-05-06,19.09,19.69,19.09,19.58,19.08,3332740.0,65046590.2,4.4482,2.6205,0,156.63402,7.594303,10.85657,41.079449,1
sz.002889,东方嘉盛,2026-05-06,13.19,13.32,13.15,13.3,13.13,1693259.0,22456037.78,0.6739,1.2947,0,51.269646,2.001919,1.480027,-77.046639,1
sz.002890,弘宇股份,2026-05-06,16.93,17.16,16.71,16.92,17.0,3633434.0,61355656.22,2.2501,-0.4706,0,268.900196,4.746072,9.532703,-286.532448,1
sz.002891,中宠股份,2026-05-06,33.6,33.84,32.76,33.54,33.65,9793615.0,326492407.48,3.0425,-0.3269,0,31.1068,3.200206,1.909715,17.708529,1
sz.002892,科力尔,2026-05-06,10.43,10.55,10.38,10.45,10.39,8841925.0,92609709.16,1.7648,0.5775,0,403.90782,6.115509,4.176769,209.414572,1
sz.002893,京能热力,2026-05-06,11.0,11.08,10.83,11.05,10.98,14228845.0,156306917.8,7.0169,0.6375,0,44.828426,2.070357,2.11128,-12.597466,1
sz.002895,川恒股份,2026-05-06,36.3,36.52,35.63,36.33,36.48,12215402.0,439227705.1,2.0531,-0.4112,0,17.654431,2.77896,2.542265,-156.032287,1
sz.002896,中大力德,2026-05-06,70.3,71.5,70.2,70.9,70.28,4545833.0,322525037.41,2.3131,0.8822,0,247.179472,11.564811,13.2361,2701528.476894,1
sz.002897,意华股份,2026-05-06,59.01,60.94,59.01,59.54,57.43,15257410.0,911339885.33,8.3637,3.674,0,39.272134,4.060893,1.824304,35.345433,1
sz.002898,*ST赛隆,2026-05-06,8.3,8.3,8.3,8.3,8.3,,,,,1,-11.313204,3.932295,2.363098,-265.891358,0
sz.002899,英派斯,2026-05-06,34.0,34.2,33.25,33.4,33.78,4200300.0,141653722.0,2.8419,-1.1249,0,77.369004,2.790872,4.179921,-18.61673,1
sz.002900,哈三联,2026-05-06,11.55,11.56,11.4,11.45,11.56,4727250.0,54190025.0,2.9339,-0.9516,0,-11.396591,2.0514,4.454163,-12.356903,1
sz.002901,大博医疗,2026-05-06,43.53,43.79,42.6,42.85,43.4,2439091.0,104969660.16,0.8456,-1.2673,0,27.58646,4.763369,6.590119,-590.06073,1
sz.002902,铭普光磁,2026-05-06,30.87,32.2,30.6,31.79,30.39,39255768.0,1238717185.63,22.0995,4.6068,0,-33.399632,12.31126,4.352059,-1448.837825,1
sz.002903,宇环数控,2026-05-06,38.69,41.11,38.3,41.11,37.37,5060887.0,204370138.74,4.7446,10.008,0,-203.757241,8.272748,16.608806,-429.20159,1
sz.002905,金逸影视,2026-05-06,9.52,9.61,9.08,9.1,9.53,12887183.0,118301748.27,3.688,-4.5121,0,-34.743436,52.500624,3.849896,-169.034045,1
sz.002906,华阳集团,2026-05-06,30.28,30.78,30.16,30.48,30.1,7725036.0,235150031.42,1.4725,1.2625,0,20.204405,2.235576,1.171719,338.560309,1
sz.002907,华森制药,2026-05-06,13.96,13.97,13.63,13.69,13.95,3851900.0,52843981.0,1.147,-1.8638,0,99.385584,3.315335,7.145694,-5950.525263,1
sz.002908,德生科技,2026-05-06,8.5,8.62,8.47,8.57,8.43,5686402.0,48753237.34,1.7669,1.6607,0,-512.192892,3.369083,7.094374,73.044778,1
sz.002909,集泰股份,2026-05-06,6.72,6.82,6.7,6.77,6.69,8302840.0,56165133.2,2.1827,1.1958,0,-75.318686,3.104393,2.516395,-33.768905,1
sz.002910,庄园牧场,2026-05-06,11.35,11.49,11.31,11.41,11.31,7412900.0,84570792.0,4.3335,0.8842,0,-27.907544,2.251545,2.334299,110.724533,1
sz.002911,佛燃能源,2026-05-06,12.16,12.19,11.86,12.1,12.22,10599258.0,127580250.9,0.8365,-0.982,0,15.220929,3.716374,0.478933,-29.981408,1
sz.002912,中新赛克,2026-05-06,24.42,24.95,24.42,24.72,24.3,3573021.0,88350599.46,2.2026,1.7284,0,156.547537,2.582593,5.488633,-29.748371,1
sz.002913,奥士康,2026-05-06,53.0,54.96,52.37,53.35,52.25,8029703.0,432065281.66,2.6616,2.1053,0,79.458658,3.821924,2.981426,55.751785,1
sz.002915,中欣氟材,2026-05-06,18.52,18.94,18.52,18.82,18.47,7256834.0,136257073.92,2.5191,1.895,0,588.848187,4.243769,4.134453,42.940927,1
sz.002916,深南电路,2026-05-06,325.41,337.77,318.49,318.75,312.5,11953673.0,3897876160.21,1.7981,2.0,0,59.738784,12.00202,8.528071,-389.251772,1
sz.002917,金奥博,2026-05-06,13.13,13.75,13.08,13.46,12.98,8946780.0,119684275.0,3.4339,3.698,0,26.401963,2.676033,2.644143,-263.613422,1
sz.002918,蒙娜丽莎,2026-05-06,10.9,11.11,10.56,10.61,10.84,10421850.0,113090590.5,4.8657,-2.1218,0,46.347907,1.342597,1.120504,58.977111,1
sz.002919,名臣健康,2026-05-06,24.28,25.0,24.05,24.23,23.98,7149201.0,174428284.67,2.7019,1.0425,0,260.748451,7.909156,4.111923,92.859836,1
sz.002920,德赛西威,2026-05-06,103.0,104.98,102.63,104.47,103.07,8326079.0,863893824.03,1.3955,1.3583,0,26.726689,4.112951,1.932669,72.47365,1
sz.002921,联诚精密,2026-05-06,29.98,30.72,29.25,30.46,29.74,8018075.0,241641939.56,6.2425,2.421,0,-593.67683,3.460119,3.726962,41.302373,1
sz.002922,伊戈尔,2026-05-06,40.27,41.38,39.98,41.32,39.54,22357256.0,912991168.38,5.954,4.5018,0,77.156355,4.619731,3.209235,27.077491,1
sz.002923,润都股份,2026-05-06,13.34,13.45,13.21,13.45,13.22,13114820.0,175150286.6,5.0816,1.7398,0,-90.563703,4.273536,3.54568,136.196376,1
sz.002925,盈趣科技,2026-05-06,19.38,21.05,19.31,20.39,19.21,24386369.0,499030534.21,3.3358,6.1426,0,26.50298,3.045199,3.568904,163.591856,1
sz.002926,华西证券,2026-05-06,8.69,8.85,8.69,8.77,8.72,24232500.0,212579427.0,0.9231,0.5734,0,14.729569,0.912469,4.902392,1.469887,1
sz.002927,泰永长征,2026-05-06,18.35,18.51,18.14,18.3,18.24,7749173.0,141836823.97,3.511,0.3289,0,-496.539497,4.05601,4.835905,-1091.050413,1
sz.002928,华夏航空,2026-05-06,7.98,8.15,7.83,7.94,7.92,34725818.0,277000460.36,2.7167,0.2525,0,14.969945,2.550125,1.352176,-2039.785531,1
sz.002929,润建股份,2026-05-06,64.3,65.44,62.21,64.65,59.68,28681780.0,1832417724.81,13.5331,8.3277,0,-976.398344,2.897076,1.875973,9.087699,1
sz.002930,宏川智慧,2026-05-06,12.88,13.73,12.75,13.25,12.99,38389383.0,507099287.96,8.859,2.0015,0,-14.024998,3.097004,4.984632,-707.603308,1
sz.002931,锋龙股份,2026-05-06,58.0,58.97,58.0,58.38,57.38,9585613.0,560560929.43,4.763,1.7428,0,711.492357,13.365719,25.233476,262.921701,1
sz.002932,*ST明德,2026-05-06,16.93,16.93,16.77,16.8,16.97,4054454.0,68253718.03,2.5974,-1.0018,1,-296.494756,0.706725,14.69741,7.784229,1
sz.002933,新兴装备,2026-05-06,30.71,31.3,30.55,30.8,30.72,1920600.0,59419252.0,1.6451,0.2604,0,135.575293,2.349545,9.274697,-16.658761,1
sz.002935,天奥电子,2026-05-06,23.3,23.5,22.8,23.29,22.78,19974353.0,461858433.07,4.812,2.2388,0,149.403614,6.114173,9.989615,-758.847531,1
sz.002936,郑州银行,2026-05-06,1.84,1.85,1.83,1.83,1.83,60104626.0,110521160.27,0.8551,0.0,0,8.534714,0.360104,1.283184,4.754194,1
sz.002937,兴瑞科技,2026-05-06,33.55,34.45,32.8,34.23,33.55,11370737.0,382894038.45,3.8291,2.0268,0,72.49142,6.842824,5.621525,-44.539966,1
sz.002938,鹏鼎控股,2026-05-06,73.0,75.45,71.68,75.13,72.05,53097469.0,3915390231.35,2.2992,4.2748,0,46.911415,5.026144,4.460253,-156.751363,1
sz.002939,长城证券,2026-05-06,8.8,9.02,8.7,8.99,8.89,35404629.0,315199565.89,0.9827,1.1249,0,15.322318,1.111749,6.980314,3.308662,1
sz.002940,昂利康,2026-05-06,33.19,33.58,32.66,33.15,33.08,12044110.0,399575289.4,6.5007,0.2116,0,52.577151,4.062608,4.711232,-75.143938,1
sz.002941,新疆交建,2026-05-06,13.93,14.22,13.93,14.14,13.9,12210184.0,172407657.24,1.6732,1.7266,0,22.24044,2.201339,1.084261,-24.422936,1
sz.002942,新农股份,2026-05-06,20.16,20.28,19.7,19.91,20.14,2410000.0,48132037.65,1.7451,-1.142,0,31.094565,2.432548,2.703198,17.35437,1
sz.002943,宇晶股份,2026-05-06,69.75,72.35,66.65,68.0,68.81,18654709.0,1294810611.56,12.8017,-1.1772,0,420.880831,16.156198,17.849209,-240.009945,1
sz.002945,华林证券,2026-05-06,15.6,16.39,15.59,16.0,15.52,24117350.0,385675102.21,0.8932,3.0928,0,86.928467,5.875573,24.726398,11.958787,1
sz.002946,新乳业,2026-05-06,19.89,19.9,19.01,19.45,19.91,10202488.0,196772136.34,1.1993,-2.3104,0,21.344086,4.378666,1.461837,-13972.69868,1
sz.002947,恒铭达,2026-05-06,82.0,85.0,81.0,82.32,81.27,16220486.0,1343056323.5,8.4204,1.292,0,36.673854,6.521851,7.215958,72.318478,1
sz.002948,青岛银行,2026-05-06,5.95,5.96,5.82,5.85,6.08,74085510.0,434507937.96,2.3803,-3.7829,0,6.243077,0.800252,2.290072,-2.116833,1
sz.002949,华阳国际,2026-05-06,14.47,14.55,14.05,14.39,14.39,5832200.0,83048006.0,3.8399,0.0,0,30.471664,1.92179,2.479649,-10.601634,1
sz.002950,奥美医疗,2026-05-06,13.77,14.66,13.68,14.46,13.77,27427944.0,395601636.02,6.3842,5.0109,0,33.748342,2.47653,2.404043,-24.795461,1
sz.002951,金时科技,2026-05-06,14.99,15.43,14.95,15.17,14.94,4206500.0,63903861.0,1.0487,1.5395,0,-27.413449,4.046818,14.433631,-168.843642,1
sz.002952,亚世光电,2026-05-06,27.8,29.5,27.34,28.72,27.6,12036500.0,341161295.99,9.1431,4.058,0,311.44235,5.358413,4.882967,31.115871,1
sz.002953,日丰股份,2026-05-06,11.9,12.06,11.89,11.96,11.84,6154305.0,73673441.55,2.2684,1.0135,0,37.516008,2.634327,1.245588,19.968641,1
sz.002955,鸿合科技,2026-05-06,26.0,26.26,25.68,25.78,25.83,2887210.0,74980043.5,1.4757,-0.1936,0,647.903177,1.898209,1.824361,-57.242851,1
sz.002956,西麦食品,2026-05-06,33.14,33.15,31.7,32.72,33.15,9056942.0,293464409.4,4.0573,-1.2971,0,33.42597,4.253118,3.033852,-126.628207,1
sz.002957,科瑞技术,2026-05-06,44.6,45.08,43.56,44.09,43.62,28575913.0,1265948808.72,6.8253,1.0775,0,62.085387,5.594025,6.820017,515.540919,1
sz.002958,青农商行,2026-05-06,3.04,3.05,3.01,3.03,3.04,55357225.0,167772383.75,1.0177,-0.3289,0,5.26967,0.444728,1.724484,-1.148321,1
sz.002959,小熊电器,2026-05-06,41.0,41.28,40.85,40.94,41.28,1638509.0,67100030.31,1.0886,-0.8236,0,18.634297,2.076685,1.239042,23.759072,1
sz.002960,青鸟智控,2026-05-06,12.29,12.59,12.18,12.34,12.1,22493302.0,277818220.8,2.7819,1.9835,0,34.424402,1.727243,2.315631,50.800426,1
sz.002961,瑞达期货,2026-05-06,24.77,25.25,24.51,25.17,24.76,9644311.0,241371240.76,2.0222,1.6559,0,17.930402,2.92168,8.371407,-17.418609,1
sz.002962,五方光电,2026-05-06,16.81,17.19,16.68,17.03,16.47,23565391.0,398811051.86,11.2654,3.4001,0,165.086593,2.799252,4.074536,-2149.317389,1
sz.002963,豪尔赛,2026-05-06,17.33,17.73,16.8,17.65,17.1,6459616.0,111501203.37,5.252,3.2164,0,-24.176952,2.2379,7.631438,345.796872,1
sz.002965,祥鑫科技,2026-05-06,29.72,31.6,29.55,30.82,29.43,9113982.0,279101570.19,4.7864,4.7231,0,157.237094,1.928485,0.996528,-182.656287,1
sz.002966,苏州银行,2026-05-06,8.5,8.61,8.46,8.56,8.52,30457542.0,260362658.62,0.6929,0.4695,0,6.98824,0.738639,3.010662,10.922257,1
sz.002967,广电计量,2026-05-06,21.37,21.6,21.31,21.42,21.37,12529040.0,268451947.8,2.2896,0.234,0,31.262353,2.774028,3.69082,229.681532,1
sz.002968,新大正,2026-05-06,12.31,12.38,11.92,12.19,12.32,5808575.0,71052411.43,2.7269,-1.0552,0,28.992824,2.213825,0.903017,-33.022606,1
sz.002969,嘉美包装,2026-05-06,22.67,23.73,22.5,23.1,22.6,65187623.0,1508458477.94,5.968,2.2124,0,180.008599,7.792247,8.266411,-288.259387,1
sz.002970,锐明技术,2026-05-06,70.0,72.31,66.1,70.53,69.78,13126872.0,910206144.86,10.4872,1.0748,0,39.602176,6.030785,5.114018,-591.122384,1
sz.002971,和远气体,2026-05-06,31.67,32.19,31.4,32.0,31.74,7890150.0,252051904.0,5.0448,0.8192,0,127.424786,3.7491,3.982643,-62.110481,1
sz.002972,科安达,2026-05-06,13.45,13.65,13.39,13.55,13.43,8297825.0,112215805.65,6.1627,0.8935,0,35.957542,2.636916,8.527865,-64.104088,1
sz.002973,侨银股份,2026-05-06,12.72,12.96,12.63,12.68,12.59,4099400.0,52207264.0,1.2905,0.7149,0,34.276446,2.002769,1.470458,46.152349,1
sz.002975,博杰股份,2026-05-06,115.0,121.42,113.97,120.46,110.38,11875240.0,1406150640.22,11.218,9.1321,0,82.919283,8.205082,9.205461,-2468.204112,1
sz.002976,瑞玛精密,2026-05-06,30.13,30.52,29.65,30.2,30.12,2823660.0,85078363.8,4.235,0.2656,0,-240.121037,3.140718,2.233202,24.781658,1
sz.002977,*ST天箭,2026-05-06,27.59,28.22,26.98,27.08,27.11,4849776.0,132989867.8,7.2768,-0.1107,1,-13.640989,3.824525,-15.468417,73.877306,1
sz.002978,安宁股份,2026-05-06,31.29,31.75,31.17,31.73,31.11,4556894.0,143345590.48,1.234,1.9929,0,23.305693,1.706588,7.640146,-8.397454,1
sz.002979,雷赛智能,2026-05-06,44.0,45.0,43.76,44.39,43.88,9798664.0,434743915.36,4.4348,1.1623,0,57.881123,7.467018,6.963707,-118.697713,1
sz.002980,华盛昌,2026-05-06,80.35,80.4,74.77,75.82,79.94,17827915.0,1359050972.9,17.6014,-5.1539,0,184.925191,12.719405,18.472147,-228.64781,1
sz.002981,朝阳科技,2026-05-06,24.73,25.28,24.55,24.7,24.58,2957120.0,73539137.6,2.4763,0.4882,0,68.634031,3.193831,1.896429,-47.805335,1
sz.002982,湘佳股份,2026-05-06,14.6,14.71,14.47,14.62,14.5,5654616.0,82435738.12,4.3467,0.8276,0,211.275005,1.82908,0.655719,88.677864,1
sz.002983,芯瑞达,2026-05-06,23.46,23.58,22.85,22.97,23.3,4518456.0,104808851.59,3.5257,-1.4163,0,46.755452,3.700271,5.37132,-109.777703,1
sz.002984,森麒麟,2026-05-06,17.17,17.23,16.82,16.92,17.18,16444715.0,279108868.77,2.3034,-1.5134,0,18.015039,1.295875,2.029832,10.560837,1
sz.002985,北摩高科,2026-05-06,35.8,36.37,35.7,36.06,35.63,9065888.0,327044468.97,2.7394,1.2068,0,56.056862,4.339349,13.003661,-158.968655,1
sz.002986,宇新股份,2026-05-06,14.38,14.62,14.01,14.5,14.39,12188802.0,174291049.92,4.0382,0.7644,0,-41.158433,1.451538,0.647524,93.675033,1
sz.002987,京北方,2026-05-06,14.99,15.38,14.98,15.25,14.98,10668492.0,162936479.68,1.2648,1.8024,0,43.257157,4.402533,2.739654,48.672189,1
sz.002988,豪美新材,2026-05-06,34.72,34.77,33.6,34.18,34.65,4441300.0,151105146.0,1.7781,-1.3564,0,73.104783,3.174191,1.068045,-221.650091,1
sz.002989,中天精装,2026-05-06,30.6,32.13,30.09,32.13,29.21,10524366.0,334711973.44,5.7405,9.9966,0,-36.269528,4.648103,18.758452,45.306314,1
sz.002990,盛视科技,2026-05-06,58.03,58.96,54.12,58.41,53.83,25542318.0,1455940268.4,18.5064,8.5083,0,259.814034,6.129137,11.180652,59.583745,1
sz.002991,甘源食品,2026-05-06,51.43,52.11,51.18,51.92,51.43,1207982.0,62500821.5,2.4192,0.9528,0,21.800053,2.719989,2.190588,-299.109683,1
sz.002992,宝明科技,2026-05-06,52.45,54.27,52.05,52.5,52.44,3080240.0,162848126.0,1.9715,0.1144,0,612.030055,12.900205,7.571178,265.359727,1
sz.002993,奥海科技,2026-05-06,47.95,51.66,47.6,50.94,47.49,10250864.0,518686684.96,4.299,7.2647,0,40.84143,2.899596,1.955992,-160.257893,1
sz.002995,天地在线,2026-05-06,22.5,22.8,22.45,22.65,22.4,7542500.0,170740987.26,6.7094,1.1161,0,-36.205095,5.009618,3.906318,42.562809,1
sz.002996,顺博合金,2026-05-06,7.53,7.6,7.41,7.59,7.53,18022220.0,135232973.2,4.3291,0.7968,0,21.994707,1.535465,0.311258,14.022944,1
sz.002997,瑞鹄模具,2026-05-06,30.0,30.47,29.78,30.16,29.98,4360997.0,131139842.0,2.0834,0.6004,0,15.738341,2.449389,1.777624,23.40719,1
sz.002998,优彩资源,2026-05-06,9.57,10.21,9.43,10.08,9.52,22917808.0,227256418.91,8.4727,5.8824,0,52.158909,2.035222,1.312641,23.02465,1
sz.002999,天禾股份,2026-05-06,7.26,7.32,7.11,7.25,7.27,25737749.0,186252674.29,7.4918,-0.2751,0,46.67924,2.046211,0.185113,-22.942523,1
sz.003000,劲仔食品,2026-05-06,11.24,11.32,11.15,11.28,11.27,4981099.0,55871817.82,1.6169,0.0887,0,20.638645,3.453189,1.966283,-22.747567,1
sz.003001,中岩大地,2026-05-06,17.27,17.27,16.96,17.02,17.05,2829298.0,48329777.43,2.6317,-0.176,0,294.721812,2.481752,5.179345,-39.954455,1
sz.003002,壶化股份,2026-05-06,27.6,27.78,26.39,26.79,27.61,5571500.0,148993835.0,3.0471,-2.9699,0,32.550503,3.452186,4.091349,487.72798,1
sz.003003,天元股份,2026-05-06,13.9,14.2,13.72,13.88,13.86,6362300.0,88326664.0,5.4011,0.1443,0,41.160287,1.862704,2.389425,3933.267184,1
sz.003004,*ST声迅,2026-05-06,33.39,34.76,33.39,34.76,33.1,1006612.0,34679329.12,1.4643,5.0151,1,-3131.087775,4.508427,7.1071,-73.610613,1
sz.003005,竞业达,2026-05-06,18.12,18.38,18.01,18.29,17.94,2237060.0,40859521.8,1.7618,1.9509,0,-483.451132,2.350021,8.662767,-29.535002,1
sz.003006,百亚股份,2026-05-06,18.43,18.54,18.13,18.3,18.51,6781030.0,123956160.4,1.5822,-1.1345,0,35.565904,4.989836,2.213373,-72.250125,1
sz.003007,直真科技,2026-05-06,46.08,49.19,45.86,49.19,44.72,10115844.0,484533383.04,13.936,9.9955,0,212.835853,5.74078,9.8813,-264.53982,1
sz.003008,开普检测,2026-05-06,23.5,24.0,23.14,23.45,23.5,2886464.0,67834266.74,3.7138,-0.2128,0,30.899363,2.281846,10.923966,-16.000392,1
sz.003009,中天火箭,2026-05-06,60.08,62.07,60.07,61.29,60.06,4988325.0,306397898.44,3.029,2.048,0,-126.779933,5.010981,11.892049,-61.688715,1
sz.003010,若羽臣,2026-05-06,30.89,31.13,30.13,30.16,31.02,10762003.0,327387257.0,4.759,-2.7724,0,39.202011,11.853014,2.435132,155.876517,1
sz.003011,海象新材,2026-05-06,24.07,24.25,23.5,23.86,23.8,3967758.0,94410358.22,5.1633,0.2521,0,28.449254,1.764541,2.033443,-12.913781,1
sz.003012,东鹏控股,2026-05-06,5.87,5.92,5.65,5.71,5.88,26819714.0,153154612.74,2.364,-2.8912,0,19.874177,0.873469,1.124157,-8.748955,1
sz.003013,地铁设计,2026-05-06,13.72,14.0,13.7,14.0,13.75,2949900.0,40938175.0,0.7376,1.8182,0,13.420852,1.915305,2.532792,121.858563,1
sz.003015,日久光电,2026-05-06,15.19,15.32,15.02,15.16,15.15,7524199.0,114082170.74,3.0422,0.066,0,49.057927,3.679154,6.488759,799.350916,1
sz.003016,欣贺股份,2026-05-06,8.55,8.64,8.47,8.54,8.55,7125727.0,60916046.57,1.7342,-0.117,0,120.506761,1.332656,2.385734,110.382083,1
sz.003017,大洋生物,2026-05-06,32.16,32.45,31.52,31.81,32.12,3836004.0,122617144.68,5.5363,-0.9651,0,26.356163,2.28954,2.48655,26.131888,1
sz.003018,金富科技,2026-05-06,53.55,53.78,49.65,49.82,53.2,16280700.0,831557979.0,6.8583,-6.3534,0,134.997327,7.98908,16.53953,92.933209,1
sz.003019,宸展光电,2026-05-06,35.61,36.31,34.89,35.85,35.18,6351551.0,227213943.05,3.7153,1.9045,0,36.820367,3.68005,2.553673,91.661768,1
sz.003020,立方制药,2026-05-06,22.74,23.15,22.74,23.03,22.73,1579620.0,36246494.6,1.15,1.3198,0,26.997136,2.374698,2.82452,-33.89361,1
sz.003021,兆威机电,2026-05-06,97.1,98.47,96.1,97.53,96.59,3860998.0,376993031.37,1.8625,0.9732,0,108.456952,5.079969,15.296323,44.133677,1
sz.003022,联泓新科,2026-05-06,24.38,25.29,24.01,25.29,24.09,35470538.0,873540497.76,2.6581,4.9813,0,89.114277,4.45057,4.794824,-40.755487,1
sz.003023,彩虹集团,2026-05-06,30.25,31.17,29.22,29.49,30.3,5470600.0,163303493.0,5.2041,-2.6733,0,60.199538,1.957433,2.668944,-113.415794,1
sz.003025,思进智能,2026-05-06,13.6,13.88,13.6,13.73,13.59,6345943.0,87384650.07,2.8028,1.0302,0,25.422133,2.997855,5.238997,52.111835,1
sz.003026,中晶科技,2026-05-06,50.03,54.06,48.8,52.29,49.99,24882449.0,1278684142.24,25.7076,4.6009,0,135.945626,9.949147,15.148954,-113.573049,1
sz.003027,同兴科技,2026-05-06,23.64,24.19,23.41,24.11,23.72,9165826.0,218787746.56,8.7409,1.6442,0,44.55854,1.815529,4.904177,-19.688075,1
sz.003028,振邦智能,2026-05-06,27.89,28.35,27.67,28.05,27.68,1527710.0,42959463.7,2.1658,1.3367,0,82.37561,2.319092,2.907384,-5.109197,1
sz.003029,吉大正元,2026-05-06,21.05,21.5,21.05,21.41,21.01,3061500.0,65445949.0,1.7385,1.9039,0,-42.69615,4.046958,10.171841,-128.957385,1
sz.003030,祖名股份,2026-05-06,22.16,22.45,21.8,22.17,22.16,2919700.0,64535493.0,3.6064,0.0451,0,99.278462,2.753197,1.320511,28.840208,1
sz.003031,中瓷电子,2026-05-06,125.86,129.99,123.5,128.3,123.52,14174951.0,1805349874.92,4.1672,3.8698,0,91.40692,8.756423,17.206402,73.169525,1
sz.003032,*ST传智,2026-05-06,6.54,6.65,6.52,6.64,6.54,3717220.0,24547456.4,1.3067,1.5291,1,-31.954284,2.283577,6.501217,49.004519,1
sz.003033,征和工业,2026-05-06,57.98,58.39,56.47,56.5,56.3,1605746.0,92165084.52,1.9887,0.3552,0,29.950838,3.23123,2.360612,156.288313,1
sz.003035,南网能源,2026-05-06,7.5,7.66,7.45,7.62,7.4,72846364.0,552000160.05,1.9231,2.973,0,84.711983,4.101376,7.660307,-355.296189,1
sz.003036,泰坦股份,2026-05-06,33.71,35.84,33.4,35.4,32.75,21832938.0,757687590.27,10.0948,8.0916,0,156.640478,5.391561,4.797379,152.217037,1
sz.003037,三和管桩,2026-05-06,7.16,7.26,7.15,7.25,7.2,5112500.0,36912762.0,0.8534,0.6944,0,125.185406,1.555218,0.71933,58.474486,1
sz.003038,鑫铂股份,2026-05-06,14.74,14.79,14.42,14.59,14.6,5711391.0,83161791.27,3.4991,-0.0685,0,-15.129195,1.262812,0.428784,109.555003,1
sz.003039,顺控发展,2026-05-06,14.29,14.47,14.29,14.34,14.3,4719002.0,67893295.72,0.7642,0.2797,0,27.978508,2.978532,3.907127,255.926986,1
sz.003040,楚天龙,2026-05-06,14.87,15.25,14.87,15.09,14.79,6997710.0,105785261.02,1.5317,2.0284,0,-296.129491,4.833663,7.701832,-117.192515,1
sz.003041,真爱美家,2026-05-06,52.48,57.64,52.42,57.64,52.4,7436080.0,414896833.2,5.4348,10.0,0,270.340388,5.639955,8.274676,24.155916,1
sz.003042,中农联合,2026-05-06,17.23,17.32,17.01,17.15,17.09,5294583.0,90839546.64,4.294,0.3511,0,-17.621574,1.997044,1.231594,-63.726002,1
sz.003043,华亚智能,2026-05-06,58.32,58.8,56.75,57.64,57.84,4500676.0,258244488.96,5.3688,-0.3458,0,102.568795,4.367972,8.158929,292.846709,1
sz.003816,中国广核,2026-05-06,4.57,4.6,4.5,4.59,4.58,168084332.0,764565216.16,0.4273,0.2183,0,24.441564,1.841543,3.166351,39.40661,1
